Number of partitions: 384
==================================================================
ElmerGrid mesh conversion and manipulation utility, Welcome!
Version: 26.2 (Rev: NA, Compiled: NA)
This program is free software licensed under GPL
==================================================================
Elmergrid reading in-line arguments
Using dual (elemental) graph in partitioning.
The mesh will be partitioned with Metis to 384 partitions.
Output will be saved to file winkel.

Elmergrid loading data:
-----------------------
Loading the geometry from file 'winkel.grd'.
Loading ElmerGrid file version: 210903
Defining the coordinate system (3-DIM).
Loading 2 subcell sizes in X-direction
Loading 3 subcell sizes in Y-direction
Loading 2 subcell sizes in Z-direction
Loading material structure
LoadElmergrid: materials interval is [0,3]
Loading boundary conditions
Found 4 boundaries
Reached the end of command file
Found 1 divisions for grid

Loading ElmerGrid commands from file 'winkel.grd'.
Reached the end of command file
Read commands from a file

Elmergrid creating and manipulating meshes:
-------------------------------------------
3 cells were created.
Numbered 1281 knots in 1200 4-node elements.
Numbering order was <x><y> and max levelwidth 43.
80 element sides between materials 0 and 1 were located to type 1.
20 element sides between materials 2 and 1 were located to type 2.
20 element sides between materials 3 and 1 were located to type 3.
60 element sides between materials 0 and 2 were located to type 4.
Created 40 extruded divisions.
Maximum elementtype 404 extruded to type 808.
Allocated for 7 new BC lists
Extruded mesh has 32000 elements in 40 levels.
Simple extrusion would have 48000 elements
Extruded BCs list 0 of types [1,1] has 1600 elements.
Extruded BCs list 1 of types [2,2] has 400 elements.
Extruded BCs list 2 of types [3,3] has 400 elements.
Extruded BCs list 3 of types [4,4] has 2400 elements.
Layer BCs list 4 of types [5,5] has 1200 elements.
Layer BCs list 5 of types [6,6] has 800 elements.
Layer BCs list 6 of types [7,7] has 400 elements.
52521 original nodes moved to 35721 new ones.
Created 32000 elements and 35721 nodes by extruding the 2D geometry

Elmergrid partitioning meshes:
------------------------------
Making a Metis partitioning for 35721 nodes in 3-dimensions.
Setting default Metis options!
Setting user defined Metis options!
Creating a dual graph of the finite element mesh
Creating an inverse topology of the finite element mesh
There are from 1 to 8 connections in the inverse topology.
Each node is in average in 7.167 elements
Removing connected nodes from the dual graph
List of unconnected elements created
Allocating for the dual graph for 32000 with 768866 connections
There are at maximum 26 connections in dual graph (in element 1242).
There are at all in all 768866 connections in dual graph.
Average connection per active element in dual graph is 24.027
There are 768866 connections altogether in the graph.
Starting graph partitioning METIS_PartGraphKway.
 Runtime parameters:
   Objective type: METIS_OBJTYPE_CUT
   Coarsening type: METIS_CTYPE_SHEM
   Initial partitioning type: METIS_IPTYPE_METISRB
   Refinement type: METIS_RTYPE_GREEDY
   Perform a 2-hop matching: No
   Number of balancing constraints: 1
   Number of refinement iterations: 10
   Random number seed: -1
   Number of partitions: 384
   Number of cuts: 1
   User-supplied ufactor: 30
   Minimize connectivity: No
   Create contigous partitions: No
   Target partition weights: 
        0=[2.60e-03]   1=[2.60e-03]   2=[2.60e-03]   3=[2.60e-03]   4=[2.60e-03]
        5=[2.60e-03]   6=[2.60e-03]   7=[2.60e-03]   8=[2.60e-03]   9=[2.60e-03]
       10=[2.60e-03]  11=[2.60e-03]  12=[2.60e-03]  13=[2.60e-03]  14=[2.60e-03]
       15=[2.60e-03]  16=[2.60e-03]  17=[2.60e-03]  18=[2.60e-03]  19=[2.60e-03]
       20=[2.60e-03]  21=[2.60e-03]  22=[2.60e-03]  23=[2.60e-03]  24=[2.60e-03]
       25=[2.60e-03]  26=[2.60e-03]  27=[2.60e-03]  28=[2.60e-03]  29=[2.60e-03]
       30=[2.60e-03]  31=[2.60e-03]  32=[2.60e-03]  33=[2.60e-03]  34=[2.60e-03]
       35=[2.60e-03]  36=[2.60e-03]  37=[2.60e-03]  38=[2.60e-03]  39=[2.60e-03]
       40=[2.60e-03]  41=[2.60e-03]  42=[2.60e-03]  43=[2.60e-03]  44=[2.60e-03]
       45=[2.60e-03]  46=[2.60e-03]  47=[2.60e-03]  48=[2.60e-03]  49=[2.60e-03]
       50=[2.60e-03]  51=[2.60e-03]  52=[2.60e-03]  53=[2.60e-03]  54=[2.60e-03]
       55=[2.60e-03]  56=[2.60e-03]  57=[2.60e-03]  58=[2.60e-03]  59=[2.60e-03]
       60=[2.60e-03]  61=[2.60e-03]  62=[2.60e-03]  63=[2.60e-03]  64=[2.60e-03]
       65=[2.60e-03]  66=[2.60e-03]  67=[2.60e-03]  68=[2.60e-03]  69=[2.60e-03]
       70=[2.60e-03]  71=[2.60e-03]  72=[2.60e-03]  73=[2.60e-03]  74=[2.60e-03]
       75=[2.60e-03]  76=[2.60e-03]  77=[2.60e-03]  78=[2.60e-03]  79=[2.60e-03]
       80=[2.60e-03]  81=[2.60e-03]  82=[2.60e-03]  83=[2.60e-03]  84=[2.60e-03]
       85=[2.60e-03]  86=[2.60e-03]  87=[2.60e-03]  88=[2.60e-03]  89=[2.60e-03]
       90=[2.60e-03]  91=[2.60e-03]  92=[2.60e-03]  93=[2.60e-03]  94=[2.60e-03]
       95=[2.60e-03]  96=[2.60e-03]  97=[2.60e-03]  98=[2.60e-03]  99=[2.60e-03]
      100=[2.60e-03] 101=[2.60e-03] 102=[2.60e-03] 103=[2.60e-03] 104=[2.60e-03]
      105=[2.60e-03] 106=[2.60e-03] 107=[2.60e-03] 108=[2.60e-03] 109=[2.60e-03]
      110=[2.60e-03] 111=[2.60e-03] 112=[2.60e-03] 113=[2.60e-03] 114=[2.60e-03]
      115=[2.60e-03] 116=[2.60e-03] 117=[2.60e-03] 118=[2.60e-03] 119=[2.60e-03]
      120=[2.60e-03] 121=[2.60e-03] 122=[2.60e-03] 123=[2.60e-03] 124=[2.60e-03]
      125=[2.60e-03] 126=[2.60e-03] 127=[2.60e-03] 128=[2.60e-03] 129=[2.60e-03]
      130=[2.60e-03] 131=[2.60e-03] 132=[2.60e-03] 133=[2.60e-03] 134=[2.60e-03]
      135=[2.60e-03] 136=[2.60e-03] 137=[2.60e-03] 138=[2.60e-03] 139=[2.60e-03]
      140=[2.60e-03] 141=[2.60e-03] 142=[2.60e-03] 143=[2.60e-03] 144=[2.60e-03]
      145=[2.60e-03] 146=[2.60e-03] 147=[2.60e-03] 148=[2.60e-03] 149=[2.60e-03]
      150=[2.60e-03] 151=[2.60e-03] 152=[2.60e-03] 153=[2.60e-03] 154=[2.60e-03]
      155=[2.60e-03] 156=[2.60e-03] 157=[2.60e-03] 158=[2.60e-03] 159=[2.60e-03]
      160=[2.60e-03] 161=[2.60e-03] 162=[2.60e-03] 163=[2.60e-03] 164=[2.60e-03]
      165=[2.60e-03] 166=[2.60e-03] 167=[2.60e-03] 168=[2.60e-03] 169=[2.60e-03]
      170=[2.60e-03] 171=[2.60e-03] 172=[2.60e-03] 173=[2.60e-03] 174=[2.60e-03]
      175=[2.60e-03] 176=[2.60e-03] 177=[2.60e-03] 178=[2.60e-03] 179=[2.60e-03]
      180=[2.60e-03] 181=[2.60e-03] 182=[2.60e-03] 183=[2.60e-03] 184=[2.60e-03]
      185=[2.60e-03] 186=[2.60e-03] 187=[2.60e-03] 188=[2.60e-03] 189=[2.60e-03]
      190=[2.60e-03] 191=[2.60e-03] 192=[2.60e-03] 193=[2.60e-03] 194=[2.60e-03]
      195=[2.60e-03] 196=[2.60e-03] 197=[2.60e-03] 198=[2.60e-03] 199=[2.60e-03]
      200=[2.60e-03] 201=[2.60e-03] 202=[2.60e-03] 203=[2.60e-03] 204=[2.60e-03]
      205=[2.60e-03] 206=[2.60e-03] 207=[2.60e-03] 208=[2.60e-03] 209=[2.60e-03]
      210=[2.60e-03] 211=[2.60e-03] 212=[2.60e-03] 213=[2.60e-03] 214=[2.60e-03]
      215=[2.60e-03] 216=[2.60e-03] 217=[2.60e-03] 218=[2.60e-03] 219=[2.60e-03]
      220=[2.60e-03] 221=[2.60e-03] 222=[2.60e-03] 223=[2.60e-03] 224=[2.60e-03]
      225=[2.60e-03] 226=[2.60e-03] 227=[2.60e-03] 228=[2.60e-03] 229=[2.60e-03]
      230=[2.60e-03] 231=[2.60e-03] 232=[2.60e-03] 233=[2.60e-03] 234=[2.60e-03]
      235=[2.60e-03] 236=[2.60e-03] 237=[2.60e-03] 238=[2.60e-03] 239=[2.60e-03]
      240=[2.60e-03] 241=[2.60e-03] 242=[2.60e-03] 243=[2.60e-03] 244=[2.60e-03]
      245=[2.60e-03] 246=[2.60e-03] 247=[2.60e-03] 248=[2.60e-03] 249=[2.60e-03]
      250=[2.60e-03] 251=[2.60e-03] 252=[2.60e-03] 253=[2.60e-03] 254=[2.60e-03]
      255=[2.60e-03] 256=[2.60e-03] 257=[2.60e-03] 258=[2.60e-03] 259=[2.60e-03]
      260=[2.60e-03] 261=[2.60e-03] 262=[2.60e-03] 263=[2.60e-03] 264=[2.60e-03]
      265=[2.60e-03] 266=[2.60e-03] 267=[2.60e-03] 268=[2.60e-03] 269=[2.60e-03]
      270=[2.60e-03] 271=[2.60e-03] 272=[2.60e-03] 273=[2.60e-03] 274=[2.60e-03]
      275=[2.60e-03] 276=[2.60e-03] 277=[2.60e-03] 278=[2.60e-03] 279=[2.60e-03]
      280=[2.60e-03] 281=[2.60e-03] 282=[2.60e-03] 283=[2.60e-03] 284=[2.60e-03]
      285=[2.60e-03] 286=[2.60e-03] 287=[2.60e-03] 288=[2.60e-03] 289=[2.60e-03]
      290=[2.60e-03] 291=[2.60e-03] 292=[2.60e-03] 293=[2.60e-03] 294=[2.60e-03]
      295=[2.60e-03] 296=[2.60e-03] 297=[2.60e-03] 298=[2.60e-03] 299=[2.60e-03]
      300=[2.60e-03] 301=[2.60e-03] 302=[2.60e-03] 303=[2.60e-03] 304=[2.60e-03]
      305=[2.60e-03] 306=[2.60e-03] 307=[2.60e-03] 308=[2.60e-03] 309=[2.60e-03]
      310=[2.60e-03] 311=[2.60e-03] 312=[2.60e-03] 313=[2.60e-03] 314=[2.60e-03]
      315=[2.60e-03] 316=[2.60e-03] 317=[2.60e-03] 318=[2.60e-03] 319=[2.60e-03]
      320=[2.60e-03] 321=[2.60e-03] 322=[2.60e-03] 323=[2.60e-03] 324=[2.60e-03]
      325=[2.60e-03] 326=[2.60e-03] 327=[2.60e-03] 328=[2.60e-03] 329=[2.60e-03]
      330=[2.60e-03] 331=[2.60e-03] 332=[2.60e-03] 333=[2.60e-03] 334=[2.60e-03]
      335=[2.60e-03] 336=[2.60e-03] 337=[2.60e-03] 338=[2.60e-03] 339=[2.60e-03]
      340=[2.60e-03] 341=[2.60e-03] 342=[2.60e-03] 343=[2.60e-03] 344=[2.60e-03]
      345=[2.60e-03] 346=[2.60e-03] 347=[2.60e-03] 348=[2.60e-03] 349=[2.60e-03]
      350=[2.60e-03] 351=[2.60e-03] 352=[2.60e-03] 353=[2.60e-03] 354=[2.60e-03]
      355=[2.60e-03] 356=[2.60e-03] 357=[2.60e-03] 358=[2.60e-03] 359=[2.60e-03]
      360=[2.60e-03] 361=[2.60e-03] 362=[2.60e-03] 363=[2.60e-03] 364=[2.60e-03]
      365=[2.60e-03] 366=[2.60e-03] 367=[2.60e-03] 368=[2.60e-03] 369=[2.60e-03]
      370=[2.60e-03] 371=[2.60e-03] 372=[2.60e-03] 373=[2.60e-03] 374=[2.60e-03]
      375=[2.60e-03] 376=[2.60e-03] 377=[2.60e-03] 378=[2.60e-03] 379=[2.60e-03]
      380=[2.60e-03] 381=[2.60e-03] 382=[2.60e-03] 383=[2.60e-03]
   Allowed maximum load imbalance: 1.030 


 gk_mcore statistics
           coresize:       527416         nmops:         2048  cmop:      0
        num_callocs:            9   num_hallocs:            0
       size_callocs:       531824  size_hallocs:            0
        cur_callocs:            0   cur_hallocs:            0
        max_callocs:       267552   max_hallocs:            0
 nbrpool statistics
        nbrpoolsize:            0   nbrpoolcpos:            0
    nbrpoolreallocs:            0


Timing Information -------------------------------------------------
 Multilevel: 		   0.317
     Coarsening: 		   0.008
            Matching: 			   0.002
            Contract: 			   0.006
     Initial Partition: 	   0.250
     Uncoarsening: 		   0.059
          Refinement: 			   0.033
          Projection: 			   0.006
     Splitting: 		   0.000
********************************************************************

 gk_mcore statistics
           coresize:       527416         nmops:         2048  cmop:      0
        num_callocs:           58   num_hallocs:            0
       size_callocs:      2744736  size_hallocs:            0
        cur_callocs:            0   cur_hallocs:            0
        max_callocs:       518144   max_hallocs:            0
 nbrpool statistics
        nbrpoolsize:       902979   nbrpoolcpos:       777566
    nbrpoolreallocs:            2

Finished Metis graph partitioning call.
Number of nodal partitions: 384
Set the node partitions by the dominating element partition.
There are from 96 to 203 nodes in the 384 partitions.
Successfully made a Metis partition using the dual graph.
Optimizing the partitioning at boundaries.
Ownership of 0 parents was changed at BCs
Optimizing for 384 partitions
Creating a table showing all parenting partitions of nodes.
Nodes belong to 6 partitions in maximum
There are 20835 shared nodes which is 58.33 % of all nodes.
The initial owner was not any of the elements for 0 nodes
Checking partitioning before optimization
Checking for partitioning
Information on partition bandwidth
Average 83 elements with range 5 in partition
Average 93 nodes with range 45 in partition
Average 79 shared nodes with range 61 in partition
Average number of elements in partition 9.302e+01
Maximum deviation in ownership 45
Average deviation in ownership 8.753e+00
Average relative deviation 9.41 %
Checking for problematic sharings
Optimizing sharing for 384 partitions
Partitions 269 and 267 in element 7765 (6 owners) oddly related 2 times
Partitions 121 and 115 in element 13512 (5 owners) oddly related 2 times
Partitions 40 and 50 in element 25814 (5 owners) oddly related 2 times
Partitions 95 and 14 in element 29869 (6 owners) oddly related 2 times
Changed the ownership of 71 nodes
Partitions 269 and 267 in element 7805 (5 owners) oddly related 1 times
Partitions 70 and 46 in element 25813 (5 owners) oddly related 1 times
Partitions 42 and 48 in element 25814 (4 owners) oddly related 1 times
Partitions 43 and 2 in element 28354 (4 owners) oddly related 1 times
Partitions 9 and 4 in element 28735 (5 owners) oddly related 1 times
Partitions 6 and 19 in element 29869 (5 owners) oddly related 1 times
Partitions 93 and 90 in element 30116 (5 owners) oddly related 1 times
Partitions 88 and 89 in element 30497 (4 owners) oddly related 1 times
Changed the ownership of 8 nodes
Partitions 43 and 2 in element 28354 (4 owners) oddly related 1 times
Partitions 9 and 4 in element 28735 (5 owners) oddly related 1 times
Partitions 93 and 90 in element 30116 (5 owners) oddly related 1 times
Partitions 88 and 89 in element 30497 (4 owners) oddly related 1 times
Changed the ownership of 4 nodes
4 problematic sharings may still exist
The partitioning was optimized: 83
Checking partitioning after optimization
Checking for partitioning
Information on partition bandwidth
Average 83 elements with range 5 in partition
Average 93 nodes with range 46 in partition
Average 79 shared nodes with range 61 in partition
Partitioning routines finished!
Bounding box of all nodes in mesh:
X:[0,2] Y:[0,2] Z:[0,2]
Calculate Mesh Pieces in mesh:
There is a single piece in the mesh, so the mesh is conforming.

Elmergrid saving data with method 2:
-------------------------------------
Saving Elmer mesh in partitioned format
Number of boundary nodes at the boundary: 7202
Number of additional interface nodes: 0
Reusing existing subdirectory: partitioning.384
Saving mesh in parallel ElmerSolver format to directory winkel/partitioning.384.
Nodes belong to 6 partitions in maximum
Saving mesh for 384 partitions
   part  elements   nodes      shared   bc elems
   1     84         92         80       17      
   2     85         89         96       9       
   3     85         105        68       44      
   4     85         99         78       24      
   5     85         83         104      0       
   6     80         80         89       0       
   7     85         103        62       36      
   8     85         104        65       39      
   9     84         92         76       13      
   10    83         116        46       58      
   11    84         91         78       18      
   12    83         104        61       36      
   13    85         91         78       16      
   14    85         92         84       10      
   15    85         104        63       39      
   16    85         105        69       38      
   17    85         121        52       64      
   18    85         104        67       35      
   19    85         94         78       21      
   20    85         104        68       36      
   21    85         100        81       24      
   22    85         90         82       0       
   23    85         93         82       20      
   24    85         87         97       6       
   25    85         91         94       14      
   26    85         92         85       15      
   27    80         89         79       22      
   28    85         95         79       20      
   29    85         83         95       0       
   30    85         85         98       0       
   31    85         99         72       26      
   32    80         96         59       32      
   33    85         84         100      0       
   34    80         91         74       22      
   35    83         108        55       49      
   36    85         89         85       22      
   37    80         85         81       11      
   38    82         98         65       34      
   39    80         95         70       34      
   40    85         84         96       0       
   41    85         89         85       14      
   42    80         91         75       18      
   43    85         98         70       26      
   44    84         93         75       20      
   45    85         93         86       11      
   46    85         86         98       0       
   47    85         86         95       0       
   48    84         88         87       0       
   49    85         89         96       11      
   50    85         84         99       0       
   51    80         89         76       20      
   52    85         87         90       0       
   53    85         94         83       13      
   54    80         90         75       24      
   55    85         103        65       33      
   56    80         100        66       42      
   57    85         94         83       14      
   58    85         106        61       40      
   59    85         85         95       0       
   60    84         92         79       19      
   61    85         90         92       9       
   62    85         109        61       49      
   63    85         94         78       21      
   64    85         93         81       22      
   65    83         84         93       0       
   66    82         83         91       0       
   67    83         96         72       27      
   68    80         92         69       18      
   69    85         96         81       16      
   70    80         79         89       0       
   71    84         84         92       0       
   72    80         80         86       0       
   73    80         106        56       46      
   74    85         93         77       18      
   75    85         96         76       20      
   76    80         93         78       29      
   77    85         81         100      0       
   78    80         83         88       0       
   79    85         91         85       16      
   80    84         107        66       42      
   81    84         119        47       62      
   82    85         91         85       10      
   83    82         104        58       47      
   84    85         94         73       21      
   85    85         104        63       32      
   86    85         106        62       38      
   87    80         87         82       13      
   88    85         94         83       18      
   89    80         113        46       60      
   90    80         100        59       39      
   91    85         108        65       39      
   92    80         94         79       31      
   93    84         87         88       0       
   94    83         84         97       0       
   95    80         82         89       0       
   96    83         100        71       29      
   97    85         93         82       18      
   98    81         93         76       25      
   99    85         98         85       27      
   100   84         84         98       0       
   101   85         88         95       0       
   102   85         84         97       0       
   103   83         92         82       21      
   104   80         80         91       0       
   105   81         80         95       0       
   106   85         88         92       0       
   107   80         90         74       25      
   108   85         84         98       0       
   109   82         103        57       40      
   110   80         98         61       44      
   111   85         96         79       19      
   112   85         91         79       19      
   113   81         91         71       20      
   114   85         95         76       17      
   115   85         83         91       0       
   116   85         86         89       0       
   117   85         85         102      0       
   118   85         94         83       8       
   119   85         99         74       22      
   120   82         92         79       23      
   121   85         81         96       0       
   122   83         97         75       22      
   123   85         90         99       9       
   124   85         97         78       28      
   125   85         84         92       0       
   126   83         95         75       29      
   127   80         90         74       21      
   128   84         100        71       31      
   129   85         86         92       0       
   130   81         100        61       41      
   131   80         113        48       57      
   132   85         107        57       40      
   133   85         109        62       50      
   134   80         89         78       28      
   135   85         95         79       14      
   136   80         88         77       24      
   137   80         82         91       0       
   138   80         81         86       0       
   139   85         94         86       15      
   140   80         78         98       0       
   141   85         89         82       0       
   142   81         106        57       42      
   143   85         97         69       20      
   144   84         100        67       21      
   145   80         77         98       0       
   146   85         86         90       0       
   147   80         93         74       26      
   148   85         92         80       20      
   149   85         84         94       0       
   150   80         89         79       17      
   151   85         84         95       0       
   152   82         83         94       0       
   153   85         82         93       0       
   154   85         89         89       0       
   155   85         91         88       8       
   156   85         87         91       8       
   157   85         87         92       0       
   158   84         82         96       0       
   159   85         84         94       0       
   160   84         93         76       19      
   161   84         96         70       22      
   162   80         89         78       19      
   163   85         84         96       0       
   164   80         92         77       23      
   165   85         98         74       29      
   166   84         100        68       20      
   167   84         103        63       36      
   168   80         97         68       33      
   169   85         91         84       8       
   170   80         92         77       28      
   171   85         91         89       14      
   172   85         105        63       39      
   173   80         101        61       46      
   174   81         91         78       15      
   175   85         85         93       0       
   176   85         88         87       0       
   177   85         82         104      0       
   178   85         95         76       22      
   179   80         91         77       17      
   180   80         85         83       18      
   181   85         107        64       47      
   182   81         89         83       22      
   183   85         89         93       10      
   184   83         83         93       0       
   185   80         87         77       20      
   186   85         92         82       12      
   187   85         96         79       14      
   188   80         99         57       41      
   189   83         92         82       14      
   190   80         101        62       39      
   191   84         107        59       38      
   192   85         121        47       57      
   193   85         110        61       50      
   194   85         84         88       0       
   195   85         94         80       21      
   196   85         99         75       22      
   197   82         90         86       10      
   198   85         90         83       14      
   199   80         91         70       24      
   200   85         90         86       9       
   201   85         85         94       0       
   202   85         108        64       45      
   203   81         89         81       18      
   204   83         95         73       25      
   205   84         85         90       0       
   206   85         90         93       13      
   207   82         93         76       19      
   208   85         85         93       0       
   209   85         83         92       0       
   210   85         85         101      0       
   211   85         80         98       0       
   212   84         88         82       11      
   213   85         98         74       27      
   214   85         90         85       0       
   215   82         93         77       22      
   216   85         92         80       17      
   217   85         120        44       61      
   218   84         101        65       36      
   219   85         105        70       39      
   220   84         95         78       20      
   221   81         103        59       46      
   222   85         92         80       18      
   223   80         89         73       20      
   224   85         100        82       29      
   225   85         88         91       0       
   226   80         80         91       0       
   227   83         83         96       0       
   228   80         103        61       44      
   229   85         92         81       19      
   230   85         98         71       26      
   231   84         103        67       25      
   232   80         77         89       0       
   233   80         75         105      0       
   234   80         79         92       0       
   235   85         93         81       18      
   236   85         107        60       42      
   237   85         100        76       26      
   238   85         103        66       21      
   239   85         100        72       26      
   240   85         85         94       0       
   241   85         84         89       0       
   242   82         84         96       5       
   243   84         87         84       9       
   244   84         85         90       0       
   245   85         84         93       0       
   246   85         91         90       8       
   247   80         87         79       20      
   248   80         83         86       9       
   249   80         93         79       30      
   250   85         91         87       12      
   251   85         94         87       14      
   252   80         90         87       22      
   253   85         98         82       28      
   254   85         84         91       0       
   255   85         88         91       0       
   256   85         105        71       35      
   257   85         92         81       15      
   258   85         110        56       44      
   259   83         81         92       0       
   260   80         85         88       0       
   261   82         81         95       0       
   262   83         85         92       0       
   263   85         97         78       19      
   264   81         97         71       25      
   265   85         98         77       20      
   266   85         97         77       24      
   267   85         93         79       15      
   268   85         97         70       22      
   269   82         86         79       13      
   270   85         115        58       53      
   271   83         82         95       0       
   272   80         91         68       21      
   273   82         89         79       16      
   274   85         85         94       0       
   275   85         88         89       0       
   276   85         86         100      0       
   277   82         80         95       0       
   278   80         89         76       17      
   279   85         109        61       46      
   280   85         87         91       0       
   281   85         86         92       0       
   282   80         92         68       20      
   283   82         112        48       60      
   284   80         100        67       34      
   285   85         92         85       17      
   286   85         107        64       36      
   287   81         93         78       28      
   288   85         83         98       0       
   289   85         95         80       23      
   290   85         82         97       0       
   291   85         86         99       0       
   292   85         103        66       32      
   293   80         99         66       37      
   294   81         87         82       13      
   295   81         100        65       39      
   296   85         88         98       12      
   297   80         92         73       27      
   298   85         83         98       0       
   299   82         84         89       0       
   300   83         94         85       18      
   301   84         95         72       21      
   302   80         77         104      0       
   303   85         89         90       0       
   304   81         88         83       18      
   305   80         87         81       16      
   306   81         101        61       39      
   307   85         112        54       50      
   308   85         92         78       20      
   309   84         96         71       19      
   310   85         85         93       0       
   311   85         98         70       22      
   312   84         91         73       22      
   313   80         100        62       33      
   314   80         97         62       30      
   315   80         112        44       60      
   316   81         100        62       42      
   317   81         85         83       13      
   318   85         93         79       12      
   319   85         88         86       14      
   320   85         106        61       39      
   321   80         96         66       30      
   322   85         84         91       0       
   323   85         93         82       15      
   324   85         97         75       13      
   325   80         100        65       37      
   326   85         96         76       21      
   327   84         96         78       17      
   328   81         81         90       0       
   329   81         91         83       21      
   330   85         92         91       15      
   331   85         121        54       60      
   332   84         89         92       18      
   333   80         101        63       43      
   334   85         84         93       0       
   335   85         111        61       46      
   336   80         88         83       8       
   337   85         95         80       24      
   338   82         93         72       22      
   339   80         83         88       9       
   340   80         87         75       13      
   341   80         90         76       17      
   342   80         102        63       47      
   343   85         86         87       0       
   344   85         85         97       0       
   345   81         80         97       0       
   346   81         95         68       25      
   347   85         95         81       24      
   348   84         95         82       15      
   349   80         80         90       0       
   350   80         102        65       40      
   351   81         98         60       31      
   352   85         95         80       18      
   353   85         104        64       41      
   354   85         102        73       26      
   355   85         81         101      0       
   356   85         86         101      0       
   357   85         90         89       0       
   358   80         91         73       21      
   359   85         85         95       0       
   360   82         88         76       22      
   361   85         96         76       22      
   362   85         104        65       34      
   363   80         102        61       43      
   364   85         93         85       13      
   365   81         100        61       41      
   366   85         116        54       51      
   367   85         89         95       0       
   368   85         83         99       0       
   369   84         85         95       0       
   370   85         91         91       0       
   371   85         98         86       30      
   372   82         85         92       8       
   373   85         85         92       0       
   374   83         89         90       16      
   375   80         90         84       21      
   376   85         110        59       45      
   377   85         104        58       37      
   378   85         92         79       18      
   379   80         95         78       24      
   380   85         97         80       23      
   381   80         102        63       43      
   382   80         112        48       57      
   383   80         105        80       50      
   384   85         96         82       12      
----------------------------------------------------------------------------------------------
   ave   83.3       93.0       79.3     18.8    
Writing of partitioned mesh finished

Thank you for using Elmergrid!
Send bug reports and feature wishes to elmeradm@csc.fi
Running ElmerSolver...

Solver linsys/BPC_BiCGStab2_ILU0.sif not recommended for given problem. Ignoring it


Solver linsys/BPC_BiCGStab2_ILU1.sif not recommended for given problem. Ignoring it


Solver linsys/BPC_BiCGStab2_none.sif not recommended for given problem. Ignoring it


Solver linsys/BPC_BiCGStab4_ILU0.sif not recommended for given problem. Ignoring it


Solver linsys/BPC_BiCGStab4_ILU1.sif not recommended for given problem. Ignoring it


Solver linsys/BPC_BiCGStab4_none.sif not recommended for given problem. Ignoring it


Solver linsys/BPC_BiCGStab_BoomerAMG.sif not recommended for given problem. Ignoring it


Solver linsys/BPC_BiCGStab_BoomerAMG_wos.sif not recommended for given problem. Ignoring it


Solver linsys/BPC_CG_ILU0.sif not recommended for given problem. Ignoring it


Solver linsys/BPC_CG_ILU1.sif not recommended for given problem. Ignoring it


Solver linsys/BPC_CG_none.sif not recommended for given problem. Ignoring it


Solver linsys/BPC_GCR_Z_Quadratic_Hcurl_GCR_mumps.sif not recommended for given problem. Ignoring it


Solver linsys/BPC_GCR_Z_Quadratic_Hcurl_GCR_umfpack.sif not recommended for given problem. Ignoring it


Solver linsys/BPC_Gmres_ILU0.sif not recommended for given problem. Ignoring it


Solver linsys/BPC_idrs5_ILU0.sif not recommended for given problem. Ignoring it


Solver linsys/BPC_idrs5_vanka.sif not recommended for given problem. Ignoring it


Solver linsys/direct_MUMPS.sif not recommended for given problem. Ignoring it


Solver linsys/direct_umfpack.sif not recommended for given problem. Ignoring it


Solver linsys/elmer_BPC.sif not recommended for given problem. Ignoring it


Solver linsys/elmer_feti_mumps_10.sif not recommended for given problem. Ignoring it


Solver linsys/elmer_feti_mumps.sif not recommended for given problem. Ignoring it


Solver linsys/elmer_GCR_GMG_jacobi_BiCGStab_none.sif not recommended for given problem. Ignoring it


Solver linsys/elmer_GCR_GMG_wjacobi_CG.sif not recommended for given problem. Ignoring it


Solver linsys/elmer_GMG_sgs_BiCGStab_none.sif not recommended for given problem. Ignoring it


Solver linsys/elmer_iter_BiCGStab2_BILU0.sif not recommended for given problem. Ignoring it


Solver linsys/elmer_iter_BiCGStab2_BILU1.sif not recommended for given problem. Ignoring it


Solver linsys/elmer_iter_BiCGStab2_ILU0.sif not recommended for given problem. Ignoring it


Solver linsys/elmer_iter_BiCGStab2_ILU1.sif not recommended for given problem. Ignoring it


Solver linsys/elmer_iter_BiCGStab2_ILUT_1.sif not recommended for given problem. Ignoring it


Solver linsys/elmer_iter_BiCGStab2_ILUT_2.sif not recommended for given problem. Ignoring it


Solver linsys/elmer_iter_BiCGStab2_ILUT_3.sif not recommended for given problem. Ignoring it


Solver linsys/elmer_iter_BiCGStab2_ILUT_4.sif not recommended for given problem. Ignoring it


Solver linsys/elmer_iter_BiCGStab2_ILUT_5.sif not recommended for given problem. Ignoring it


Solver linsys/elmer_iter_BiCGStab2_ILUT_6.sif not recommended for given problem. Ignoring it


Solver linsys/elmer_iter_BiCGStab2_ILUT_7.sif not recommended for given problem. Ignoring it


Solver linsys/elmer_iter_BiCGStab2_none.sif not recommended for given problem. Ignoring it


Solver linsys/elmer_iter_BiCGStab2_vanka1.sif not recommended for given problem. Ignoring it


Solver linsys/elmer_iter_BiCGStab2_vanka2.sif not recommended for given problem. Ignoring it


Solver linsys/elmer_iter_BiCGStab2_vanka.sif not recommended for given problem. Ignoring it


Solver linsys/elmer_iter_BiCGStab4_ILU0.sif not recommended for given problem. Ignoring it


Solver linsys/elmer_iter_BiCGStab4_ILU1.sif not recommended for given problem. Ignoring it


Solver linsys/elmer_iter_BiCGStab4_none.sif not recommended for given problem. Ignoring it


Solver linsys/elmer_iter_BiCGStab_ILU0.sif not recommended for given problem. Ignoring it


Solver linsys/elmer_iter_BiCGStab_ILU1.sif not recommended for given problem. Ignoring it


Solver linsys/elmer_iter_BiCGStab_none.sif not recommended for given problem. Ignoring it



-----------------------------------
Starting linsys/elmer_iter_CG_ILU0.sif with mesh level 3

ELMER SOLVER (v 26.2) STARTED AT: 2026/07/28 13:55:34
ELMER SOLVER (v 26.2) STARTED AT: 2026/07/28 13:55:34
ELMER SOLVER (v 26.2) STARTED AT: 2026/07/28 13:55:34
ELMER SOLVER (v 26.2) STARTED AT: 2026/07/28 13:55:34
ELMER SOLVER (v 26.2) STARTED AT: 2026/07/28 13:55:34
ELMER SOLVER (v 26.2) STARTED AT: 2026/07/28 13:55:34
ELMER SOLVER (v 26.2) STARTED AT: 2026/07/28 13:55:34
ELMER SOLVER (v 26.2) STARTED AT: 2026/07/28 13:55:34
ELMER SOLVER (v 26.2) STARTED AT: 2026/07/28 13:55:34
ELMER SOLVER (v 26.2) STARTED AT: 2026/07/28 13:55:34
ELMER SOLVER (v 26.2) STARTED AT: 2026/07/28 13:55:34
ELMER SOLVER (v 26.2) STARTED AT: 2026/07/28 13:55:34
ELMER SOLVER (v 26.2) STARTED AT: 2026/07/28 13:55:34
ELMER SOLVER (v 26.2) STARTED AT: 2026/07/28 13:55:34
ELMER SOLVER (v 26.2) STARTED AT: 2026/07/28 13:55:34
ELMER SOLVER (v 26.2) STARTED AT: 2026/07/28 13:55:34
ELMER SOLVER (v 26.2) STARTED AT: 2026/07/28 13:55:34
ELMER SOLVER (v 26.2) STARTED AT: 2026/07/28 13:55:34
ELMER SOLVER (v 26.2) STARTED AT: 2026/07/28 13:55:34
ELMER SOLVER (v 26.2) STARTED AT: 2026/07/28 13:55:34
ELMER SOLVER (v 26.2) STARTED AT: 2026/07/28 13:55:34
ELMER SOLVER (v 26.2) STARTED AT: 2026/07/28 13:55:34
ELMER SOLVER (v 26.2) STARTED AT: 2026/07/28 13:55:34
ELMER SOLVER (v 26.2) STARTED AT: 2026/07/28 13:55:34
ELMER SOLVER (v 26.2) STARTED AT: 2026/07/28 13:55:34
ELMER SOLVER (v 26.2) STARTED AT: 2026/07/28 13:55:34
ELMER SOLVER (v 26.2) STARTED AT: 2026/07/28 13:55:34
ELMER SOLVER (v 26.2) STARTED AT: 2026/07/28 13:55:34
ELMER SOLVER (v 26.2) STARTED AT: 2026/07/28 13:55:34
ELMER SOLVER (v 26.2) STARTED AT: 2026/07/28 13:55:34
ELMER SOLVER (v 26.2) STARTED AT: 2026/07/28 13:55:34
ELMER SOLVER (v 26.2) STARTED AT: 2026/07/28 13:55:34
ELMER SOLVER (v 26.2) STARTED AT: 2026/07/28 13:55:34
ELMER SOLVER (v 26.2) STARTED AT: 2026/07/28 13:55:34
ELMER SOLVER (v 26.2) STARTED AT: 2026/07/28 13:55:34
ELMER SOLVER (v 26.2) STARTED AT: 2026/07/28 13:55:34
ELMER SOLVER (v 26.2) STARTED AT: 2026/07/28 13:55:34
ELMER SOLVER (v 26.2) STARTED AT: 2026/07/28 13:55:34
ELMER SOLVER (v 26.2) STARTED AT: 2026/07/28 13:55:34
ELMER SOLVER (v 26.2) STARTED AT: 2026/07/28 13:55:34
ELMER SOLVER (v 26.2) STARTED AT: 2026/07/28 13:55:34
ELMER SOLVER (v 26.2) STARTED AT: 2026/07/28 13:55:34
ELMER SOLVER (v 26.2) STARTED AT: 2026/07/28 13:55:34
ELMER SOLVER (v 26.2) STARTED AT: 2026/07/28 13:55:34
ELMER SOLVER (v 26.2) STARTED AT: 2026/07/28 13:55:34
ELMER SOLVER (v 26.2) STARTED AT: 2026/07/28 13:55:34
ELMER SOLVER (v 26.2) STARTED AT: 2026/07/28 13:55:34
ELMER SOLVER (v 26.2) STARTED AT: 2026/07/28 13:55:34
ELMER SOLVER (v 26.2) STARTED AT: 2026/07/28 13:55:34
ELMER SOLVER (v 26.2) STARTED AT: 2026/07/28 13:55:34
ELMER SOLVER (v 26.2) STARTED AT: 2026/07/28 13:55:34
ELMER SOLVER (v 26.2) STARTED AT: 2026/07/28 13:55:34
ELMER SOLVER (v 26.2) STARTED AT: 2026/07/28 13:55:34
ELMER SOLVER (v 26.2) STARTED AT: 2026/07/28 13:55:34
ELMER SOLVER (v 26.2) STARTED AT: 2026/07/28 13:55:34
ELMER SOLVER (v 26.2) STARTED AT: 2026/07/28 13:55:34
ELMER SOLVER (v 26.2) STARTED AT: 2026/07/28 13:55:34
ELMER SOLVER (v 26.2) STARTED AT: 2026/07/28 13:55:34
ELMER SOLVER (v 26.2) STARTED AT: 2026/07/28 13:55:34
ELMER SOLVER (v 26.2) STARTED AT: 2026/07/28 13:55:34
ELMER SOLVER (v 26.2) STARTED AT: 2026/07/28 13:55:34
ELMER SOLVER (v 26.2) STARTED AT: 2026/07/28 13:55:34
ELMER SOLVER (v 26.2) STARTED AT: 2026/07/28 13:55:34
ELMER SOLVER (v 26.2) STARTED AT: 2026/07/28 13:55:34
ELMER SOLVER (v 26.2) STARTED AT: 2026/07/28 13:55:34
ELMER SOLVER (v 26.2) STARTED AT: 2026/07/28 13:55:34
ELMER SOLVER (v 26.2) STARTED AT: 2026/07/28 13:55:34
ELMER SOLVER (v 26.2) STARTED AT: 2026/07/28 13:55:34
ELMER SOLVER (v 26.2) STARTED AT: 2026/07/28 13:55:34
ELMER SOLVER (v 26.2) STARTED AT: 2026/07/28 13:55:34
ELMER SOLVER (v 26.2) STARTED AT: 2026/07/28 13:55:34
ELMER SOLVER (v 26.2) STARTED AT: 2026/07/28 13:55:34
ELMER SOLVER (v 26.2) STARTED AT: 2026/07/28 13:55:34
ELMER SOLVER (v 26.2) STARTED AT: 2026/07/28 13:55:34
ELMER SOLVER (v 26.2) STARTED AT: 2026/07/28 13:55:34
ELMER SOLVER (v 26.2) STARTED AT: 2026/07/28 13:55:34
ELMER SOLVER (v 26.2) STARTED AT: 2026/07/28 13:55:34
ELMER SOLVER (v 26.2) STARTED AT: 2026/07/28 13:55:34
ELMER SOLVER (v 26.2) STARTED AT: 2026/07/28 13:55:34
ELMER SOLVER (v 26.2) STARTED AT: 2026/07/28 13:55:34
ELMER SOLVER (v 26.2) STARTED AT: 2026/07/28 13:55:34
ELMER SOLVER (v 26.2) STARTED AT: 2026/07/28 13:55:34
ELMER SOLVER (v 26.2) STARTED AT: 2026/07/28 13:55:34
ELMER SOLVER (v 26.2) STARTED AT: 2026/07/28 13:55:34
ELMER SOLVER (v 26.2) STARTED AT: 2026/07/28 13:55:34
ELMER SOLVER (v 26.2) STARTED AT: 2026/07/28 13:55:34
ELMER SOLVER (v 26.2) STARTED AT: 2026/07/28 13:55:34
ELMER SOLVER (v 26.2) STARTED AT: 2026/07/28 13:55:34
ELMER SOLVER (v 26.2) STARTED AT: 2026/07/28 13:55:34
ELMER SOLVER (v 26.2) STARTED AT: 2026/07/28 13:55:34
ELMER SOLVER (v 26.2) STARTED AT: 2026/07/28 13:55:34
ELMER SOLVER (v 26.2) STARTED AT: 2026/07/28 13:55:34
ELMER SOLVER (v 26.2) STARTED AT: 2026/07/28 13:55:34
ELMER SOLVER (v 26.2) STARTED AT: 2026/07/28 13:55:34
ELMER SOLVER (v 26.2) STARTED AT: 2026/07/28 13:55:34
ELMER SOLVER (v 26.2) STARTED AT: 2026/07/28 13:55:34
ELMER SOLVER (v 26.2) STARTED AT: 2026/07/28 13:55:34
ELMER SOLVER (v 26.2) STARTED AT: 2026/07/28 13:55:34
ELMER SOLVER (v 26.2) STARTED AT: 2026/07/28 13:55:34
ELMER SOLVER (v 26.2) STARTED AT: 2026/07/28 13:55:34
ELMER SOLVER (v 26.2) STARTED AT: 2026/07/28 13:55:34
ELMER SOLVER (v 26.2) STARTED AT: 2026/07/28 13:55:34
ELMER SOLVER (v 26.2) STARTED AT: 2026/07/28 13:55:34
ELMER SOLVER (v 26.2) STARTED AT: 2026/07/28 13:55:34
ELMER SOLVER (v 26.2) STARTED AT: 2026/07/28 13:55:34
ELMER SOLVER (v 26.2) STARTED AT: 2026/07/28 13:55:34
ELMER SOLVER (v 26.2) STARTED AT: 2026/07/28 13:55:34
ELMER SOLVER (v 26.2) STARTED AT: 2026/07/28 13:55:34
ELMER SOLVER (v 26.2) STARTED AT: 2026/07/28 13:55:34
ELMER SOLVER (v 26.2) STARTED AT: 2026/07/28 13:55:34
ELMER SOLVER (v 26.2) STARTED AT: 2026/07/28 13:55:34
ELMER SOLVER (v 26.2) STARTED AT: 2026/07/28 13:55:34
ELMER SOLVER (v 26.2) STARTED AT: 2026/07/28 13:55:34
ELMER SOLVER (v 26.2) STARTED AT: 2026/07/28 13:55:34
ELMER SOLVER (v 26.2) STARTED AT: 2026/07/28 13:55:34
ELMER SOLVER (v 26.2) STARTED AT: 2026/07/28 13:55:34
ELMER SOLVER (v 26.2) STARTED AT: 2026/07/28 13:55:34
ELMER SOLVER (v 26.2) STARTED AT: 2026/07/28 13:55:34
ELMER SOLVER (v 26.2) STARTED AT: 2026/07/28 13:55:34
ELMER SOLVER (v 26.2) STARTED AT: 2026/07/28 13:55:34
ELMER SOLVER (v 26.2) STARTED AT: 2026/07/28 13:55:34
ELMER SOLVER (v 26.2) STARTED AT: 2026/07/28 13:55:34
ELMER SOLVER (v 26.2) STARTED AT: 2026/07/28 13:55:34
ELMER SOLVER (v 26.2) STARTED AT: 2026/07/28 13:55:34
ELMER SOLVER (v 26.2) STARTED AT: 2026/07/28 13:55:34
ELMER SOLVER (v 26.2) STARTED AT: 2026/07/28 13:55:34
ELMER SOLVER (v 26.2) STARTED AT: 2026/07/28 13:55:34
ELMER SOLVER (v 26.2) STARTED AT: 2026/07/28 13:55:34
ELMER SOLVER (v 26.2) STARTED AT: 2026/07/28 13:55:34
ELMER SOLVER (v 26.2) STARTED AT: 2026/07/28 13:55:34
ELMER SOLVER (v 26.2) STARTED AT: 2026/07/28 13:55:34
ELMER SOLVER (v 26.2) STARTED AT: 2026/07/28 13:55:34
ELMER SOLVER (v 26.2) STARTED AT: 2026/07/28 13:55:34
ELMER SOLVER (v 26.2) STARTED AT: 2026/07/28 13:55:34
ELMER SOLVER (v 26.2) STARTED AT: 2026/07/28 13:55:34
ELMER SOLVER (v 26.2) STARTED AT: 2026/07/28 13:55:34
ELMER SOLVER (v 26.2) STARTED AT: 2026/07/28 13:55:34
ELMER SOLVER (v 26.2) STARTED AT: 2026/07/28 13:55:34
ELMER SOLVER (v 26.2) STARTED AT: 2026/07/28 13:55:34
ELMER SOLVER (v 26.2) STARTED AT: 2026/07/28 13:55:34
ELMER SOLVER (v 26.2) STARTED AT: 2026/07/28 13:55:34
ELMER SOLVER (v 26.2) STARTED AT: 2026/07/28 13:55:34
ELMER SOLVER (v 26.2) STARTED AT: 2026/07/28 13:55:34
ELMER SOLVER (v 26.2) STARTED AT: 2026/07/28 13:55:34
ELMER SOLVER (v 26.2) STARTED AT: 2026/07/28 13:55:34
ELMER SOLVER (v 26.2) STARTED AT: 2026/07/28 13:55:34
ELMER SOLVER (v 26.2) STARTED AT: 2026/07/28 13:55:34
ELMER SOLVER (v 26.2) STARTED AT: 2026/07/28 13:55:34
ELMER SOLVER (v 26.2) STARTED AT: 2026/07/28 13:55:34
ELMER SOLVER (v 26.2) STARTED AT: 2026/07/28 13:55:34
ELMER SOLVER (v 26.2) STARTED AT: 2026/07/28 13:55:34
ELMER SOLVER (v 26.2) STARTED AT: 2026/07/28 13:55:34
ELMER SOLVER (v 26.2) STARTED AT: 2026/07/28 13:55:34
ELMER SOLVER (v 26.2) STARTED AT: 2026/07/28 13:55:34
ELMER SOLVER (v 26.2) STARTED AT: 2026/07/28 13:55:34
ELMER SOLVER (v 26.2) STARTED AT: 2026/07/28 13:55:34
ELMER SOLVER (v 26.2) STARTED AT: 2026/07/28 13:55:34
ELMER SOLVER (v 26.2) STARTED AT: 2026/07/28 13:55:34
ELMER SOLVER (v 26.2) STARTED AT: 2026/07/28 13:55:34
ELMER SOLVER (v 26.2) STARTED AT: 2026/07/28 13:55:34
ELMER SOLVER (v 26.2) STARTED AT: 2026/07/28 13:55:34
ELMER SOLVER (v 26.2) STARTED AT: 2026/07/28 13:55:34
ELMER SOLVER (v 26.2) STARTED AT: 2026/07/28 13:55:34
ELMER SOLVER (v 26.2) STARTED AT: 2026/07/28 13:55:34
ELMER SOLVER (v 26.2) STARTED AT: 2026/07/28 13:55:34
ELMER SOLVER (v 26.2) STARTED AT: 2026/07/28 13:55:34
ELMER SOLVER (v 26.2) STARTED AT: 2026/07/28 13:55:34
ELMER SOLVER (v 26.2) STARTED AT: 2026/07/28 13:55:34
ELMER SOLVER (v 26.2) STARTED AT: 2026/07/28 13:55:34
ELMER SOLVER (v 26.2) STARTED AT: 2026/07/28 13:55:34
ELMER SOLVER (v 26.2) STARTED AT: 2026/07/28 13:55:34
ELMER SOLVER (v 26.2) STARTED AT: 2026/07/28 13:55:34
ELMER SOLVER (v 26.2) STARTED AT: 2026/07/28 13:55:34
ELMER SOLVER (v 26.2) STARTED AT: 2026/07/28 13:55:34
ELMER SOLVER (v 26.2) STARTED AT: 2026/07/28 13:55:34
ELMER SOLVER (v 26.2) STARTED AT: 2026/07/28 13:55:34
ELMER SOLVER (v 26.2) STARTED AT: 2026/07/28 13:55:34
ELMER SOLVER (v 26.2) STARTED AT: 2026/07/28 13:55:34
ELMER SOLVER (v 26.2) STARTED AT: 2026/07/28 13:55:34
ELMER SOLVER (v 26.2) STARTED AT: 2026/07/28 13:55:34
ELMER SOLVER (v 26.2) STARTED AT: 2026/07/28 13:55:34
ELMER SOLVER (v 26.2) STARTED AT: 2026/07/28 13:55:34
ELMER SOLVER (v 26.2) STARTED AT: 2026/07/28 13:55:34
ELMER SOLVER (v 26.2) STARTED AT: 2026/07/28 13:55:34
ELMER SOLVER (v 26.2) STARTED AT: 2026/07/28 13:55:34
ELMER SOLVER (v 26.2) STARTED AT: 2026/07/28 13:55:34
ELMER SOLVER (v 26.2) STARTED AT: 2026/07/28 13:55:34
ELMER SOLVER (v 26.2) STARTED AT: 2026/07/28 13:55:34
ELMER SOLVER (v 26.2) STARTED AT: 2026/07/28 13:55:34
ELMER SOLVER (v 26.2) STARTED AT: 2026/07/28 13:55:34
ELMER SOLVER (v 26.2) STARTED AT: 2026/07/28 13:55:34
ELMER SOLVER (v 26.2) STARTED AT: 2026/07/28 13:55:34
ELMER SOLVER (v 26.2) STARTED AT: 2026/07/28 13:55:34
ELMER SOLVER (v 26.2) STARTED AT: 2026/07/28 13:55:34
ELMER SOLVER (v 26.2) STARTED AT: 2026/07/28 13:55:34
ELMER SOLVER (v 26.2) STARTED AT: 2026/07/28 13:55:34
ELMER SOLVER (v 26.2) STARTED AT: 2026/07/28 13:55:34
ELMER SOLVER (v 26.2) STARTED AT: 2026/07/28 13:55:34
ELMER SOLVER (v 26.2) STARTED AT: 2026/07/28 13:55:34
ELMER SOLVER (v 26.2) STARTED AT: 2026/07/28 13:55:34
ELMER SOLVER (v 26.2) STARTED AT: 2026/07/28 13:55:34
ELMER SOLVER (v 26.2) STARTED AT: 2026/07/28 13:55:34
ELMER SOLVER (v 26.2) STARTED AT: 2026/07/28 13:55:34
ELMER SOLVER (v 26.2) STARTED AT: 2026/07/28 13:55:34
ELMER SOLVER (v 26.2) STARTED AT: 2026/07/28 13:55:34
ELMER SOLVER (v 26.2) STARTED AT: 2026/07/28 13:55:34
ELMER SOLVER (v 26.2) STARTED AT: 2026/07/28 13:55:34
ELMER SOLVER (v 26.2) STARTED AT: 2026/07/28 13:55:34
ELMER SOLVER (v 26.2) STARTED AT: 2026/07/28 13:55:34
ELMER SOLVER (v 26.2) STARTED AT: 2026/07/28 13:55:34
ELMER SOLVER (v 26.2) STARTED AT: 2026/07/28 13:55:34
ELMER SOLVER (v 26.2) STARTED AT: 2026/07/28 13:55:34
ELMER SOLVER (v 26.2) STARTED AT: 2026/07/28 13:55:34
ELMER SOLVER (v 26.2) STARTED AT: 2026/07/28 13:55:34
ELMER SOLVER (v 26.2) STARTED AT: 2026/07/28 13:55:34
ELMER SOLVER (v 26.2) STARTED AT: 2026/07/28 13:55:34
ELMER SOLVER (v 26.2) STARTED AT: 2026/07/28 13:55:34
ELMER SOLVER (v 26.2) STARTED AT: 2026/07/28 13:55:34
ELMER SOLVER (v 26.2) STARTED AT: 2026/07/28 13:55:34
ELMER SOLVER (v 26.2) STARTED AT: 2026/07/28 13:55:34
ELMER SOLVER (v 26.2) STARTED AT: 2026/07/28 13:55:34
ELMER SOLVER (v 26.2) STARTED AT: 2026/07/28 13:55:34
ELMER SOLVER (v 26.2) STARTED AT: 2026/07/28 13:55:34
ELMER SOLVER (v 26.2) STARTED AT: 2026/07/28 13:55:34
ELMER SOLVER (v 26.2) STARTED AT: 2026/07/28 13:55:34
ELMER SOLVER (v 26.2) STARTED AT: 2026/07/28 13:55:34
ELMER SOLVER (v 26.2) STARTED AT: 2026/07/28 13:55:34
ELMER SOLVER (v 26.2) STARTED AT: 2026/07/28 13:55:34
ELMER SOLVER (v 26.2) STARTED AT: 2026/07/28 13:55:34
ELMER SOLVER (v 26.2) STARTED AT: 2026/07/28 13:55:34
ELMER SOLVER (v 26.2) STARTED AT: 2026/07/28 13:55:34
ELMER SOLVER (v 26.2) STARTED AT: 2026/07/28 13:55:35
ELMER SOLVER (v 26.2) STARTED AT: 2026/07/28 13:55:35
ELMER SOLVER (v 26.2) STARTED AT: 2026/07/28 13:55:35
ELMER SOLVER (v 26.2) STARTED AT: 2026/07/28 13:55:35
ELMER SOLVER (v 26.2) STARTED AT: 2026/07/28 13:55:35
ELMER SOLVER (v 26.2) STARTED AT: 2026/07/28 13:55:35
ELMER SOLVER (v 26.2) STARTED AT: 2026/07/28 13:55:35
ELMER SOLVER (v 26.2) STARTED AT: 2026/07/28 13:55:35
ELMER SOLVER (v 26.2) STARTED AT: 2026/07/28 13:55:35
ELMER SOLVER (v 26.2) STARTED AT: 2026/07/28 13:55:35
ELMER SOLVER (v 26.2) STARTED AT: 2026/07/28 13:55:35
ELMER SOLVER (v 26.2) STARTED AT: 2026/07/28 13:55:35
ELMER SOLVER (v 26.2) STARTED AT: 2026/07/28 13:55:35
ELMER SOLVER (v 26.2) STARTED AT: 2026/07/28 13:55:35
ELMER SOLVER (v 26.2) STARTED AT: 2026/07/28 13:55:35
ELMER SOLVER (v 26.2) STARTED AT: 2026/07/28 13:55:35
ELMER SOLVER (v 26.2) STARTED AT: 2026/07/28 13:55:35
ELMER SOLVER (v 26.2) STARTED AT: 2026/07/28 13:55:35
ELMER SOLVER (v 26.2) STARTED AT: 2026/07/28 13:55:35
ELMER SOLVER (v 26.2) STARTED AT: 2026/07/28 13:55:35
ELMER SOLVER (v 26.2) STARTED AT: 2026/07/28 13:55:35
ELMER SOLVER (v 26.2) STARTED AT: 2026/07/28 13:55:35
ELMER SOLVER (v 26.2) STARTED AT: 2026/07/28 13:55:35
ELMER SOLVER (v 26.2) STARTED AT: 2026/07/28 13:55:35
ELMER SOLVER (v 26.2) STARTED AT: 2026/07/28 13:55:35
ELMER SOLVER (v 26.2) STARTED AT: 2026/07/28 13:55:35
ELMER SOLVER (v 26.2) STARTED AT: 2026/07/28 13:55:35
ELMER SOLVER (v 26.2) STARTED AT: 2026/07/28 13:55:35
ELMER SOLVER (v 26.2) STARTED AT: 2026/07/28 13:55:35
ELMER SOLVER (v 26.2) STARTED AT: 2026/07/28 13:55:35
ELMER SOLVER (v 26.2) STARTED AT: 2026/07/28 13:55:35
ELMER SOLVER (v 26.2) STARTED AT: 2026/07/28 13:55:35
ELMER SOLVER (v 26.2) STARTED AT: 2026/07/28 13:55:35
ELMER SOLVER (v 26.2) STARTED AT: 2026/07/28 13:55:35
ELMER SOLVER (v 26.2) STARTED AT: 2026/07/28 13:55:35
ELMER SOLVER (v 26.2) STARTED AT: 2026/07/28 13:55:35
ELMER SOLVER (v 26.2) STARTED AT: 2026/07/28 13:55:35
ELMER SOLVER (v 26.2) STARTED AT: 2026/07/28 13:55:35
ELMER SOLVER (v 26.2) STARTED AT: 2026/07/28 13:55:35
ELMER SOLVER (v 26.2) STARTED AT: 2026/07/28 13:55:35
ELMER SOLVER (v 26.2) STARTED AT: 2026/07/28 13:55:35
ELMER SOLVER (v 26.2) STARTED AT: 2026/07/28 13:55:35
ELMER SOLVER (v 26.2) STARTED AT: 2026/07/28 13:55:35
ELMER SOLVER (v 26.2) STARTED AT: 2026/07/28 13:55:35
ELMER SOLVER (v 26.2) STARTED AT: 2026/07/28 13:55:35
ELMER SOLVER (v 26.2) STARTED AT: 2026/07/28 13:55:35
ELMER SOLVER (v 26.2) STARTED AT: 2026/07/28 13:55:35
ELMER SOLVER (v 26.2) STARTED AT: 2026/07/28 13:55:35
ELMER SOLVER (v 26.2) STARTED AT: 2026/07/28 13:55:35
ELMER SOLVER (v 26.2) STARTED AT: 2026/07/28 13:55:35
ELMER SOLVER (v 26.2) STARTED AT: 2026/07/28 13:55:35
ELMER SOLVER (v 26.2) STARTED AT: 2026/07/28 13:55:35
ELMER SOLVER (v 26.2) STARTED AT: 2026/07/28 13:55:35
ELMER SOLVER (v 26.2) STARTED AT: 2026/07/28 13:55:35
ELMER SOLVER (v 26.2) STARTED AT: 2026/07/28 13:55:35
ELMER SOLVER (v 26.2) STARTED AT: 2026/07/28 13:55:35
ELMER SOLVER (v 26.2) STARTED AT: 2026/07/28 13:55:35
ELMER SOLVER (v 26.2) STARTED AT: 2026/07/28 13:55:35
ELMER SOLVER (v 26.2) STARTED AT: 2026/07/28 13:55:35
ELMER SOLVER (v 26.2) STARTED AT: 2026/07/28 13:55:35
ELMER SOLVER (v 26.2) STARTED AT: 2026/07/28 13:55:35
ELMER SOLVER (v 26.2) STARTED AT: 2026/07/28 13:55:35
ELMER SOLVER (v 26.2) STARTED AT: 2026/07/28 13:55:35
ELMER SOLVER (v 26.2) STARTED AT: 2026/07/28 13:55:35
ELMER SOLVER (v 26.2) STARTED AT: 2026/07/28 13:55:35
ELMER SOLVER (v 26.2) STARTED AT: 2026/07/28 13:55:35
ELMER SOLVER (v 26.2) STARTED AT: 2026/07/28 13:55:35
ELMER SOLVER (v 26.2) STARTED AT: 2026/07/28 13:55:35
ELMER SOLVER (v 26.2) STARTED AT: 2026/07/28 13:55:35
ELMER SOLVER (v 26.2) STARTED AT: 2026/07/28 13:55:35
ELMER SOLVER (v 26.2) STARTED AT: 2026/07/28 13:55:35
ELMER SOLVER (v 26.2) STARTED AT: 2026/07/28 13:55:35
ELMER SOLVER (v 26.2) STARTED AT: 2026/07/28 13:55:35
ELMER SOLVER (v 26.2) STARTED AT: 2026/07/28 13:55:35
ELMER SOLVER (v 26.2) STARTED AT: 2026/07/28 13:55:35
ELMER SOLVER (v 26.2) STARTED AT: 2026/07/28 13:55:35
ELMER SOLVER (v 26.2) STARTED AT: 2026/07/28 13:55:35
ELMER SOLVER (v 26.2) STARTED AT: 2026/07/28 13:55:35
ELMER SOLVER (v 26.2) STARTED AT: 2026/07/28 13:55:35
ELMER SOLVER (v 26.2) STARTED AT: 2026/07/28 13:55:35
ELMER SOLVER (v 26.2) STARTED AT: 2026/07/28 13:55:35
ELMER SOLVER (v 26.2) STARTED AT: 2026/07/28 13:55:35
ELMER SOLVER (v 26.2) STARTED AT: 2026/07/28 13:55:35
ELMER SOLVER (v 26.2) STARTED AT: 2026/07/28 13:55:35
ELMER SOLVER (v 26.2) STARTED AT: 2026/07/28 13:55:35
ELMER SOLVER (v 26.2) STARTED AT: 2026/07/28 13:55:35
ELMER SOLVER (v 26.2) STARTED AT: 2026/07/28 13:55:35
ELMER SOLVER (v 26.2) STARTED AT: 2026/07/28 13:55:35
ELMER SOLVER (v 26.2) STARTED AT: 2026/07/28 13:55:35
ELMER SOLVER (v 26.2) STARTED AT: 2026/07/28 13:55:35
ELMER SOLVER (v 26.2) STARTED AT: 2026/07/28 13:55:35
ELMER SOLVER (v 26.2) STARTED AT: 2026/07/28 13:55:35
ELMER SOLVER (v 26.2) STARTED AT: 2026/07/28 13:55:35
ELMER SOLVER (v 26.2) STARTED AT: 2026/07/28 13:55:35
ELMER SOLVER (v 26.2) STARTED AT: 2026/07/28 13:55:35
ELMER SOLVER (v 26.2) STARTED AT: 2026/07/28 13:55:35
ELMER SOLVER (v 26.2) STARTED AT: 2026/07/28 13:55:35
ELMER SOLVER (v 26.2) STARTED AT: 2026/07/28 13:55:35
ELMER SOLVER (v 26.2) STARTED AT: 2026/07/28 13:55:35
ELMER SOLVER (v 26.2) STARTED AT: 2026/07/28 13:55:35
ELMER SOLVER (v 26.2) STARTED AT: 2026/07/28 13:55:35
ELMER SOLVER (v 26.2) STARTED AT: 2026/07/28 13:55:35
ELMER SOLVER (v 26.2) STARTED AT: 2026/07/28 13:55:35
ELMER SOLVER (v 26.2) STARTED AT: 2026/07/28 13:55:35
ELMER SOLVER (v 26.2) STARTED AT: 2026/07/28 13:55:35
ELMER SOLVER (v 26.2) STARTED AT: 2026/07/28 13:55:35
ELMER SOLVER (v 26.2) STARTED AT: 2026/07/28 13:55:35
ELMER SOLVER (v 26.2) STARTED AT: 2026/07/28 13:55:35
ELMER SOLVER (v 26.2) STARTED AT: 2026/07/28 13:55:35
ELMER SOLVER (v 26.2) STARTED AT: 2026/07/28 13:55:35
ELMER SOLVER (v 26.2) STARTED AT: 2026/07/28 13:55:35
ELMER SOLVER (v 26.2) STARTED AT: 2026/07/28 13:55:35
ELMER SOLVER (v 26.2) STARTED AT: 2026/07/28 13:55:35
ELMER SOLVER (v 26.2) STARTED AT: 2026/07/28 13:55:35
ELMER SOLVER (v 26.2) STARTED AT: 2026/07/28 13:55:35
ELMER SOLVER (v 26.2) STARTED AT: 2026/07/28 13:55:35
ELMER SOLVER (v 26.2) STARTED AT: 2026/07/28 13:55:35
ELMER SOLVER (v 26.2) STARTED AT: 2026/07/28 13:55:35
ELMER SOLVER (v 26.2) STARTED AT: 2026/07/28 13:55:35
ELMER SOLVER (v 26.2) STARTED AT: 2026/07/28 13:55:35
ELMER SOLVER (v 26.2) STARTED AT: 2026/07/28 13:55:35
ELMER SOLVER (v 26.2) STARTED AT: 2026/07/28 13:55:35
ELMER SOLVER (v 26.2) STARTED AT: 2026/07/28 13:55:35
ELMER SOLVER (v 26.2) STARTED AT: 2026/07/28 13:55:35
ELMER SOLVER (v 26.2) STARTED AT: 2026/07/28 13:55:35
ELMER SOLVER (v 26.2) STARTED AT: 2026/07/28 13:55:35
ELMER SOLVER (v 26.2) STARTED AT: 2026/07/28 13:55:35
ELMER SOLVER (v 26.2) STARTED AT: 2026/07/28 13:55:35
ELMER SOLVER (v 26.2) STARTED AT: 2026/07/28 13:55:35
ELMER SOLVER (v 26.2) STARTED AT: 2026/07/28 13:55:35
ELMER SOLVER (v 26.2) STARTED AT: 2026/07/28 13:55:35
ELMER SOLVER (v 26.2) STARTED AT: 2026/07/28 13:55:35
ELMER SOLVER (v 26.2) STARTED AT: 2026/07/28 13:55:35
ELMER SOLVER (v 26.2) STARTED AT: 2026/07/28 13:55:35
ELMER SOLVER (v 26.2) STARTED AT: 2026/07/28 13:55:35
ELMER SOLVER (v 26.2) STARTED AT: 2026/07/28 13:55:35
ELMER SOLVER (v 26.2) STARTED AT: 2026/07/28 13:55:35
ELMER SOLVER (v 26.2) STARTED AT: 2026/07/28 13:55:35
ELMER SOLVER (v 26.2) STARTED AT: 2026/07/28 13:55:35
ELMER SOLVER (v 26.2) STARTED AT: 2026/07/28 13:55:35
ELMER SOLVER (v 26.2) STARTED AT: 2026/07/28 13:55:35
ELMER SOLVER (v 26.2) STARTED AT: 2026/07/28 13:55:35
ELMER SOLVER (v 26.2) STARTED AT: 2026/07/28 13:55:35
ELMER SOLVER (v 26.2) STARTED AT: 2026/07/28 13:55:35
ELMER SOLVER (v 26.2) STARTED AT: 2026/07/28 13:55:35
ELMER SOLVER (v 26.2) STARTED AT: 2026/07/28 13:55:35
ELMER SOLVER (v 26.2) STARTED AT: 2026/07/28 13:55:35
ELMER SOLVER (v 26.2) STARTED AT: 2026/07/28 13:55:35
ELMER SOLVER (v 26.2) STARTED AT: 2026/07/28 13:55:35
ELMER SOLVER (v 26.2) STARTED AT: 2026/07/28 13:55:35
ELMER SOLVER (v 26.2) STARTED AT: 2026/07/28 13:55:35
ELMER SOLVER (v 26.2) STARTED AT: 2026/07/28 13:55:35
ELMER SOLVER (v 26.2) STARTED AT: 2026/07/28 13:55:35
 2
 2
 2
 2
 2
 2
 2
 2
 2
 2
 2
 2
 2
 2
 2
 2
 2
 2
 2
 2
 2
 2
 2
 2
 2
 2
 2
 2
 2
 2
 2
 2
 2
 2
 2
 2
 2
 2
 2
 2
 2
 2
 2
 2
 2
 2
 2
 2
 2
 2
 2
 2
 2
 2
 2
 2
 2
 2
 2
 2
 2
 2
 2
 2
 2
 2
 2
 2
 2
 2
 2
 2
 2
 2
 2
ParCommInit: Initialize #PEs: 384
 2
 2
 2
 2
 2
 2
 2
 2
 2
ParCommInit: Initialize #PEs: 384
 2
 2
 2
 2
 2
 2
 2
 2
 2
 2
 2
 2
 2
 2
 2
 2
 2
 2
 2
 2
 2
 2
 2
 2
 2
 2
 2
 2
 2
 2
 2
 2
 2
 2
 2
 2
 2
 2
 2
 2
 2
 2
 2
 2
 2
 2
 2
 2
 2
 2
 2
 2
 2
 2
 2
 2
 2
 2
 2
 2
 2
 2
 2
 2
 2
 2
 2
 2
 2
 2
 2
 2
 2
 2
 2
 2
 2
 2
 2
 2
 2
 2
 2
 2
 2
 2
 2
 2
 2
 2
 2
 2
 2
 2
 2
 2
 2
 2
 2
 2
 2
 2
 2
 2
 2
 2
 2
 2
 2
 2
 2
 2
 2
 2
 2
 2
 2
 2
 2
 2
 2
 2
 2
 2
 2
 2
ParCommInit: Initialize #PEs: 384
 2
 2
 2
 2
 2
 2
 2
 2
 2
 2
 2
 2
 2
 2
 2
 2
 2
 2
 2
 2
 2
 2
 2
 2
 2
 2
 2
 2
 2
 2
 2
 2
 2
 2
 2
 2
 2
 2
 2
 2
 2
 2
 2
 2
ParCommInit: Initialize #PEs: 384
 2
 2
 2
 2
 2
 2
 2
 2
 2
 2
 2
 2
 2
 2
 2
 2
MAIN: Read 2 integer parameters from command line!
 2
 2
 2
 2
 2
 2
 2
 2
 2
 2
 2
 2
 2
 2
 2
 2
 2
 2
 2
 2
 2
 2
 2
 2
 2
 2
 2
 2
 2
 2
 2
 2
 2
MAIN: 
MAIN: =============================================================
 2
 2
 2
 2
MAIN: ElmerSolver finite element software, Welcome!
MAIN: This program is free software licensed under (L)GPL
MAIN: Copyright 1st April 1995 - , CSC - IT Center for Science Ltd.
MAIN: Webpage http://www.csc.fi/elmer, Email elmeradm@csc.fi
 2
 2
 2
 2
MAIN: Version: 26.2-unknown (Rev: a19504ac5, Compiled: 2026-06-16)
MAIN:  Running in parallel using 384 tasks.
 2
 2
MAIN:  Running with just one thread per task.
MAIN:  HYPRE library linked in.
MAIN:  MUMPS library linked in.
MAIN:  Lua interpreter linked in.
MAIN:  Zoltan library linked in.
MAIN:  ADIOS2 library linked in.
MAIN: =============================================================
 2
 2
 2
 2
 2
 2
 2
 2
 2
 2
 2
 2
 2
 2
 2
 2
 2
 2
 2
 2
 2
 2
 2
 2
 2
 2
 2
 2
 2
 2
 2
 2
 2
 2
 2
 2
 2
 2
 2
 2
 2
 2
 2
 2
 2
 2
 2
 2
 2
 2
 2
 2
 2
 2
 2
 2
 2
 2
 2
 2
 2
 2
 2
 2
 2
 2
 2
 2
 2
 2
 2
MAIN: 
MAIN: 
MAIN: -------------------------------------
MAIN: Reading Model: case_cpu_367270.sif
LoadInputFile: Scanning input file: case_cpu_367270.sif
LoadInputFile: Scanning only size info
LoadInputFile: First time visiting
LoadInputFile: Reading base load of sif file
OpenIncludeFile: Trying to include file: linsys_367270.sif
CheckKeyword: Found keyword type assuming suffix 1 for: operator 2
CheckKeyword: Found keyword type assuming suffix 1 for: operator 2
CheckKeyword: Found keyword type assuming suffix 1 for: operator 3
CheckKeyword: Found keyword type assuming suffix 1 for: operator 3
CheckKeyword: Found keyword type assuming suffix 1 for: operator 4
CheckKeyword: Found keyword type assuming suffix 1 for: operator 4
CheckKeyword: Found keyword type assuming suffix 1 for: operator 5
CheckKeyword: Found keyword type assuming suffix 1 for: operator 5
LoadInputFile: Loading input file: case_cpu_367270.sif
LoadInputFile: Reading base load of sif file
OpenIncludeFile: Trying to include file: linsys_367270.sif
CheckKeyword: Found keyword type assuming suffix 1 for: operator 2
CheckKeyword: Found keyword type assuming suffix 1 for: operator 2
CheckKeyword: Found keyword type assuming suffix 1 for: operator 3
CheckKeyword: Found keyword type assuming suffix 1 for: operator 3
CheckKeyword: Found keyword type assuming suffix 1 for: operator 4
CheckKeyword: Found keyword type assuming suffix 1 for: operator 4
CheckKeyword: Found keyword type assuming suffix 1 for: operator 5
CheckKeyword: Found keyword type assuming suffix 1 for: operator 5
CheckKeyword:  Unlisted keyword: [line marker] in section: [solver 2]
LoadInputFile: Number of BCs: 3
LoadInputFile: Number of Body Forces: 0
LoadInputFile: Number of Initial Conditions: 0
LoadInputFile: Number of Materials: 1
LoadInputFile: Number of Equations: 1
LoadInputFile: Number of Solvers: 2
LoadInputFile: Number of Bodies: 1
Loading user function library: [StressSolve]...[StressSolver_Init0]
Loading user function library: [SaveData]...[SaveScalars_Init0]
Loading user function library: [SaveData]...[SaveScalars_Init0]
LoadMesh: Loading parallel mesh for 384 partitions
ElmerMeshReader: Performing step: 1
ElmerMeshReader: Base mesh name: ./winkel
ReadHeaderFile: Reading header info from file: ./winkel/partitioning.384/part.1.header
InitializeMesh: Number of nodes in mesh: 172
InitializeMesh: Number of bulk elements in mesh: 84
InitializeMesh: Number of boundary elements in mesh: 17
InitializeMesh: Initial number of max element nodes: 8
ElmerMeshReader: Performing step: 2
ReadNodesFile: Reading nodes from file: ./winkel/partitioning.384/part.1.nodes
SetMeshDimension: Dimension of mesh is: 3
SetMeshDimension: Max dimension of mesh is: 3
ElmerMeshReader: Performing step: 3
ReadElementsFile: Reading bulk elements from file: ./winkel/partitioning.384/part.1.elements
ElmerMeshReader: Performing step: 4
ReadBoundaryFile: Reading boundary elements from file: ./winkel/partitioning.384/part.1.boundary
PermuteNodeNumbering: Performing node mapping
MapBodiesAndBCs: Skipping remapping of bodies
MapBodiesAndBCs: Remapping boundaries
MapBodiesAndBCs: Minimum initial boundary index: 7
MapBodiesAndBCs: Maximum initial boundary index: 7
ElmerMeshReader: Performing step: 5
ReadSharedFile: Reading nodes from file: ./winkel/partitioning.384/part.1.shared
ElmerMeshReader: Performing step: 6
LoadMesh: Loading mesh done
NonNodalElements: Element dofs max: 8
SParFaceNumbering: Elapsed REAL time:     0.0000 (s)
SParEdgeNumbering: Elapsed REAL time:     0.0000 (s)
ParallelNonNodalElements: Number of initial nodes: 172
ParallelNonNodalElements: Number of initial faces: 0
ParallelNonNodalElements: Number of initial edges: 0
ParallelNonNodalElements: Number of shared nodes: 133
ParallelNonNodalElements: Number of owned shared nodes: 53
ParallelNonNodal: Elapsed REAL time:     0.0000 (s)
LoadMesh: Preparing mesh done
LoadMesh: Elapsed REAL time:     0.0375 (s)
LoadModel: Creating hierarchy of meshes by mesh multiplication: 3
LoadModel: Keeping number of meshes: 3
LoadModel: Performing splitting at level: 2
SplitMeshEqual: Mesh splitting works for first order elements 303, 404, 504, (706) and 808.
FindMeshEdges: Determining faces in 3D mesh
FindMeshFaces3D: Finding mesh faces in 3D mesh
FindMeshFaces3D: Number of faces found: 322
FindMeshEdges: Determining edges in 3D mesh
FindMeshEdges3D: Finding mesh edges in 3D mesh
FindMeshEdges3D: Number of edges found: 409
SplitMeshEqual: ******** Old mesh ********
SplitMeshEqual:  Nodes             :          172
SplitMeshEqual:  Bulk elements     :           84
SplitMeshEqual:  Boundary elements :           17
SplitMeshEqual:  Edges             :          409
SplitMeshEqual:  Faces             :          322
SplitMeshEqual: Added 322 nodes in the center of faces
SplitMeshEqual: Added 84 nodes in the center of bulks
SplitMeshEqual: Added edge centers to the nodes list.
SplitMeshEqual: Added face centers to the nodes list.
SplitMeshEqual: Added quad and brick centers to the nodes list.
SplitMeshEqual:  Count of new elements :          740
SplitMeshEqual: New mesh allocated.
SplitMeshEqual: Array for bulk elements allocated.
SplitMeshEqual: ******** New mesh ********
SplitMeshEqual:  Nodes             :          987
SplitMeshEqual:  Bulk elements     :          672
SplitMeshEqual:  Boundary elements :           68
SplitMeshEqual: Elapsed REAL time:     0.0032 (s)
SParIterGlobalNumbering:  Numbering seems consistent, advancing...
ParallelGlobalNumbering: Elapsed REAL time:     0.0754 (s)
ReleaseMeshFaceTables: Releasing number of faces: 322
SetMeshDimension: Dimension of mesh is: 3
SetMeshDimension: Max dimension of mesh is: 3
NonNodalElements: Element dofs max: 8
SParFaceNumbering: Elapsed REAL time:     0.0000 (s)
SParEdgeNumbering: Elapsed REAL time:     0.0000 (s)
ParallelNonNodalElements: Number of initial nodes: 987
ParallelNonNodalElements: Number of initial faces: 0
ParallelNonNodalElements: Number of initial edges: 0
ParallelNonNodalElements: Number of shared nodes: 511
ParallelNonNodalElements: Number of owned shared nodes: 431
ParallelNonNodal: Elapsed REAL time:     0.0000 (s)
LoadModel: Performing splitting at level: 3
SplitMeshEqual: Mesh splitting works for first order elements 303, 404, 504, (706) and 808.
FindMeshEdges: Determining faces in 3D mesh
FindMeshFaces3D: Finding mesh faces in 3D mesh
FindMeshFaces3D: Number of faces found: 2296
FindMeshEdges: Determining edges in 3D mesh
FindMeshEdges3D: Finding mesh edges in 3D mesh
FindMeshEdges3D: Number of edges found: 2610
SplitMeshEqual: ******** Old mesh ********
SplitMeshEqual:  Nodes             :          987
SplitMeshEqual:  Bulk elements     :          672
SplitMeshEqual:  Boundary elements :           68
SplitMeshEqual:  Edges             :         2610
SplitMeshEqual:  Faces             :         2296
SplitMeshEqual: Added 2296 nodes in the center of faces
SplitMeshEqual: Added 672 nodes in the center of bulks
SplitMeshEqual: Added edge centers to the nodes list.
SplitMeshEqual: Added face centers to the nodes list.
SplitMeshEqual: Added quad and brick centers to the nodes list.
SplitMeshEqual:  Count of new elements :         5648
SplitMeshEqual: New mesh allocated.
SplitMeshEqual: Array for bulk elements allocated.
SplitMeshEqual: ******** New mesh ********
SplitMeshEqual:  Nodes             :         6565
SplitMeshEqual:  Bulk elements     :         5376
SplitMeshEqual:  Boundary elements :          272
SplitMeshEqual: Elapsed REAL time:     0.0010 (s)
SParIterGlobalNumbering:  Numbering seems consistent, advancing...
ParallelGlobalNumbering: Elapsed REAL time:     0.0340 (s)
ReleaseMeshFaceTables: Releasing number of faces: 2296
SetMeshDimension: Dimension of mesh is: 3
SetMeshDimension: Max dimension of mesh is: 3
NonNodalElements: Element dofs max: 8
SParFaceNumbering: Elapsed REAL time:     0.0000 (s)
SParEdgeNumbering: Elapsed REAL time:     0.0000 (s)
ParallelNonNodalElements: Number of initial nodes: 6565
ParallelNonNodalElements: Number of initial faces: 0
ParallelNonNodalElements: Number of initial edges: 0
ParallelNonNodalElements: Number of shared nodes: 2005
ParallelNonNodalElements: Number of owned shared nodes: 1925
ParallelNonNodal: Elapsed REAL time:     0.0002 (s)
MeshStabParams: Computing stabilization parameters
MeshStabParams: Elapsed REAL time:     0.0120 (s)
MeshStabParams: Computing stabilization parameters
MeshStabParams: Elapsed REAL time:     0.0001 (s)
MeshStabParams: Computing stabilization parameters
MeshStabParams: Elapsed REAL time:     0.0000 (s)
CompleteModelKeywords: Completing keywords for mortars and mechanics!
MAIN: -------------------------------------
AddMeshCoordinates: Setting mesh coordinates and time
VariableAdd: Adding variable > Coordinate 1 < of size 6565
VariableAdd: Adding variable > Coordinate 2 < of size 6565
VariableAdd: Adding variable > Coordinate 3 < of size 6565
VariableAdd: Adding variable > Coordinate 1 < of size 987
VariableAdd: Adding variable > Coordinate 2 < of size 987
VariableAdd: Adding variable > Coordinate 3 < of size 987
VariableAdd: Adding variable > Coordinate 1 < of size 172
VariableAdd: Adding variable > Coordinate 2 < of size 172
VariableAdd: Adding variable > Coordinate 3 < of size 172
AddSolvers: Setting up 2 solvers
AddSolvers: Setting up solver 1: linelast
AddEquationBasics: Using procedure: StressSolve StressSolver
AddEquationBasics: Setting up solver: linelast
Loading user function library: [StressSolve]...[StressSolver_Init]
AddEquationBasics: Checking for _init solver
StressSolve_init: --------------------------------------------------
StressSolve_init: Solving displacements from linear elasticity model
StressSolve_init: --------------------------------------------------
Loading user function library: [StressSolve]...[StressSolver_bulk]
Loading user function library: [StressSolve]...[StressSolver_bulk]
AddEquationBasics: Checking for _bulk solver
Loading user function library: [StressSolve]...[StressSolver]
AddEquationBasics: Treating variable string: -dofs 3 displacement
AddEquationBasics: Creating standard variable: displacement
AddEquationBasics: Computing size of permutation vector
AddEquationBasics: Maximum size of permutation vector is: 6565
AddEquationBasics: Creating solver matrix topology
CreateMatrix: Creating initial permutation
CreateMatrix: Creating inverse of initial order of size: 6565
CreateMatrix: Creating list matrix for equation: linelast
MakeListMatrix: Creating list matrix
OptimizeBandwidth: ---------------------------------------------------------
OptimizeBandwidth: Computing matrix structure for: linelast
OptimizeBandwidth: Initial bandwidth for linelast: 6419
OptimizeBandwidth: Optimized bandwidth for linelast: 535
OptimizeBandwidth: ---------------------------------------------------------
CreateMatrix: Initializing list matrix for equation
CRS_CreateMatrix: Creating CRS Matrix of size: 19695
CRS_CreateMatrix: Creating CRS Matrix with nofs: 1398933
CreateMatrix: Sparse matrix created
AddEquationBasics: Number of rows in CRS matrix: 19695
AddEquationBasics: Creating solver variable
VariableAdd: Adding variable > displacement < of size 19695
VariableAdd: Adding variable > displacement 1 < of size 6565
VariableAdd: Adding variable > displacement 2 < of size 6565
VariableAdd: Adding variable > displacement 3 < of size 6565
SolverInitialization: Elapsed REAL time:     0.2838 (s)
AddSolvers: Setting up solver 2: savescalars
AddEquationBasics: Using procedure: SaveData SaveScalars
AddEquationBasics: Setting up solver: savescalars
Loading user function library: [SaveData]...[SaveScalars_Init]
AddEquationBasics: Checking for _init solver
Loading user function library: [SaveData]...[SaveScalars_bulk]
Loading user function library: [SaveData]...[SaveScalars_bulk]
AddEquationBasics: Checking for _bulk solver
Loading user function library: [SaveData]...[SaveScalars]
AddEquationBasics: Creating null variable with no name
AddSolvers: Setting up solvers done
AddTimeEtc: Setting time and other global variables
VariableAdd: Adding variable > Time < of size 1
VariableAdd: Adding variable > Timestep < of size 1
VariableAdd: Adding variable > Timestep size < of size 1
VariableAdd: Adding variable > Timestep interval < of size 1
VariableAdd: Adding variable > nonlin iter < of size 1
VariableAdd: Adding variable > coupled iter < of size 1
VariableAdd: Adding variable > Partition < of size 1
VariableAdd: Adding variable > Time < of size 1
VariableAdd: Adding variable > Timestep < of size 1
VariableAdd: Adding variable > Timestep size < of size 1
VariableAdd: Adding variable > Timestep interval < of size 1
VariableAdd: Adding variable > nonlin iter < of size 1
VariableAdd: Adding variable > coupled iter < of size 1
VariableAdd: Adding variable > Partition < of size 1
VariableAdd: Adding variable > Time < of size 1
VariableAdd: Adding variable > Timestep < of size 1
VariableAdd: Adding variable > Timestep size < of size 1
VariableAdd: Adding variable > Timestep interval < of size 1
VariableAdd: Adding variable > nonlin iter < of size 1
VariableAdd: Adding variable > coupled iter < of size 1
VariableAdd: Adding variable > Partition < of size 1
MAIN: Random seed initialized to: 314159265
SetInitialConditions: Setting up initial conditions (if any)
MAIN: Number of timesteps to be saved: 1
MAIN: 
MAIN: -------------------------------------
MAIN:  Steady state iteration:            1
MAIN: -------------------------------------
MAIN: 
SolveEquations: Solvers before timestep
SolveEquations: Solvers in main iteration loop
SolveEquations: Performing set of solvers in sequence
ListTagCount: Counting tags for keyword normalization!
SetActiveElementsTable: Creating active element table for: linelast
SetActiveElementsTable: Number of active elements found : 5376
ParallelInitMatrix: Creating communication structures for matrix!
ParallelInitMatrix: Allocating communication structures for matrix!
SplitMatrix: Splitting parallel matrix
SplitMatrix: Allocating split stuff for 384 partitions!
List_ToListMatrix: Matrix format changed from CRS to List
List_ToCRSMatrix: Changing matrix type with number of non-zeros: 1392507
List_ToCRSMatrix: Matrix format changed from List to CRS
SingleSolver: Attempting to call solver: 1
SingleSolver: Solver Equation string is: linelast
StressSolve: 
StressSolve: --------------------------------------------------
StressSolve: Solving displacements from linear elasticity model
StressSolve: --------------------------------------------------
DefaultStart: Starting solver: linelast
StressSolve: Starting assembly...
InitializeToZero: Initializing the linear system to zero
StressSolve: Assembly:
SetNodalLoads: Finished checking for nodal loads
SetNodalLoads: Finished checking for nodal loads
SetNodalLoads: Finished checking for nodal loads
SetDirichletBoundaries: Number of dofs set for displacement: 0
DefUtils::DefaultDirichletBCs: Setting Dirichlet boundary conditions
SetDirichletBoundaries: Number of dofs set for displacement 1: 25600
DefUtils::DefaultDirichletBCs: p-element condition setup: displacement 1
SetDirichletBoundaries: Number of dofs set for displacement 2: 25600
DefUtils::DefaultDirichletBCs: p-element condition setup: displacement 2
SetDirichletBoundaries: Number of dofs set for displacement 3: 25600
DefUtils::DefaultDirichletBCs: p-element condition setup: displacement 3
EnforceDirichletConditions: Enforcing total of 21846 Dirichlet conditions.
EnforceDirichletConditions: Applying Dirichlet conditions using scaled diagonal
ScaleLinearSystem: Creating > DiagScaling < vector of size 19695
EnforceDirichletConditions: Dirichlet conditions enforced for dofs: 19683
EnforceDirichletConditions: Dirichlet conditions shared count: 2163
DefUtils::DefaultDirichletBCs: Dirichlet boundary conditions set
DefaultSolve: Solving linear system with default routines
GenerateConstraintMatrix: Nothing to do for now
SolveSystem: Solving linear system
SolveSystem: Solving linear system in standard way
SolveLinearSystem: Assuming real valued linear system
SolveLinearSystem: Using previously created parallel matrix structures!
SolveLinearSystem: Assuming parallel linear system
ScaleLinearSystem: Creating > DiagScaling < vector of size 19695
SolveLinearSystem: Linear System Preconditioning: ilu0
Prec0-ilu0: Elapsed REAL time:     0.0000 (s)
SolveLinearSystem: CRS matrix passed the dense test of size 3
SolveLinearSystem: Parallel linear System Solver: iterative
SParIterSolver: Solving linear in parallel with iterative methods
SplittedMatrix: Elapsed REAL time:     0.0708 (s)
IterSolver: Using iterative method: cg
IterSolver: Matrix is real valued
CRS_IncompleteLU: ILU(0) (Real), Performing Factorization:
CRS_IncompleteLU: Allocated LU matrix of size: 1392507
CRS_IncompleteLU: Performing incomplete LU
CRS_IncompleteLU: ILU(0) (Real), NOF nonzeros:   1392508
CRS_IncompleteLU: ILU(0) (Real), filling (%) :       100
CRS_IncompleteLU: ILU(0) (Real), Factorization time (s):     0.03
Prec-ilu0: Elapsed REAL time:     0.0295 (s)
      20 0.1579E+01
      40 0.2241E+01
      60 0.2175E+01
      80 0.2757E+01
     100 0.4336E+01
     120 0.2944E+01
     140 0.2212E+01
     160 0.1872E+01
     180 0.1857E+01
     200 0.1640E+01
     220 0.1502E+01
     240 0.2166E+01
     260 0.2994E+01
     280 0.2342E+01
     300 0.1847E+01
     320 0.1174E+01
     340 0.1400E+01
     360 0.1565E+01
     380 0.1526E+01
     400 0.1059E+01
     420 0.1281E+01
     440 0.1708E+01
     460 0.1456E+01
     480 0.1348E+01
     500 0.1854E+01
     520 0.1194E+01
     540 0.1130E+01
     560 0.1190E+01
     580 0.7134E+00
     600 0.4131E+00
     620 0.3123E+00
     640 0.4195E+00
     660 0.6200E+00
     680 0.9097E+00
     700 0.8574E+00
     720 0.7298E+00
     740 0.3920E+00
     760 0.2615E+00
     780 0.2545E+00
     800 0.2366E+00
     820 0.2114E+00
     840 0.1185E+00
     860 0.6602E-01
     880 0.3458E-01
     900 0.1652E-01
     920 0.1049E-01
     940 0.8662E-02
     960 0.1039E-01
     980 0.1701E-01
    1000 0.2826E-01
    1020 0.4851E-01
    1040 0.5879E-01
    1060 0.4217E-01
    1080 0.2276E-01
    1100 0.1003E-01
    1120 0.2834E-02
    1140 0.9584E-03
    1160 0.3242E-03
    1180 0.1023E-03
    1200 0.3222E-04
    1220 0.8422E-05
    1240 0.1928E-05
    1260 0.5611E-06
    1280 0.1727E-06
    1300 0.4163E-07
    1320 0.9689E-08
    1320 0.9689E-08
BackScaleLinearSystem: Scaling back to original scale
ComputeNorm: Computing norm of solution
ComputeNorm: Using consistent norm in parallel
ComputeChange: NS (ITER=1) (NRM,RELC): ( 0.23389156E-01  2.0000000     ) :: linelast
SolveSystem: System solved
SolveSystem: Linear system time (CPU,REAL) for displacement:    35.13   35.71 (s)
SolveSystem: Finished solving the system
DefaultFinish: Finished solver: linelast
StressSolver: All done
StressSolver: ------------------------------------------
SolverActivate: Solver time (CPU,REAL) for linelast:    35.61   36.48 (s)
ComputeNorm: Computing norm of solution
ComputeNorm: Using consistent norm in parallel
ComputeChange: SS (ITER=1) (NRM,RELC): ( 0.23389156E-01  2.0000000     ) :: linelast
SetActiveElementsTable: Creating active element table for: savescalars
SetActiveElementsTable: No active elements found
SingleSolver: Attempting to call solver: 2
SingleSolver: Solver Equation string is: savescalars
SaveScalars: -----------------------------------------
SaveScalars: Saving scalar values of various kinds
SolverOutputDirectory: Creating directory: results_cpu
SaveScalars: Treating variable: displacement
SaveScalars: Treating operator: dofs
OperToParOperMap: dofs -> sum
SaveScalars: Treating variable: displacement
SaveScalars: Treating operator: elements
OperToParOperMap: elements -> sum
SaveScalars: Treating variable: displacement
SaveScalars: Treating operator: partitions
OperToParOperMap: partitions -> none
SaveScalars: Treating variable: displacement
SaveScalars: Treating operator: norm
OperToParOperMap: norm -> none
SaveScalars: Treating variable: displacement
SaveScalars: Treating operator: cpu time
OperToParOperMap: cpu time -> none
SaveScalars: Performed 5 reduction operations
SaveScalars: Adding information on simulation timing
SaveScalars: Found 4 result scalars in simulation section
SaveScalars: Found 12 values to save in total
SaveScalars: Saving names of values to file: results_cpu/f384.dat.names
SaveScalars: Parallel data is reduced into one file
SaveScalars: Data is appended to existing file
SaveScalars: Saving values to file: results_cpu/f384.dat
SaveScalars: -----------------------------------------
SolveEquations: Solvers after timestep
WARNING:: CompareToReferenceSolution: Solver 1 FAILED:  Norm = 2.33891558E-02  RefNorm = 2.33900606E-02
CompareToReferenceSolution: Relative Error to reference norm: 3.868246E-05
ReloadInputFile: Reloading input file
LoadInputFile: Loading input file:
WARNING:: CompareToReferenceSolution: FAILED 1 tests out of 1!
MAIN: Reporting unused list entries for sif improvement!
MAIN: If you do not want these lines undefine > DEVEL_LISTUSAGE < !
   Unused keywords:
       Simulation            max output level
       Solver 1              linear system ilut tolerance
       Solver 1              linear system abort not converged
MAIN: *** Elmer Solver: ALL DONE ***
FreeModel: Freeing meshes
ReleaseMesh: Releasing mesh variables
ReleaseMesh: Releasing mesh nodes
ReleaseMesh: Releasing mesh finished
ReleaseMesh: Releasing mesh variables
ReleaseMesh: Releasing mesh nodes
ReleaseMesh: Releasing mesh finished
ReleaseMesh: Releasing mesh variables
ReleaseMesh: Releasing mesh nodes
ReleaseMesh: Releasing mesh finished
FreeModel: Freeing constants list
FreeModel: Freeing simulation list
FreeModel: Freeing boundary lists
FreeModel: Freeing solvers
Loading user function library: [StressSolve]...[StressSolver_Finalize]
Loading user function library: [StressSolve]...[StressSolver_Finalize]
Loading user function library: [SaveData]...[SaveScalars_Finalize]
Loading user function library: [SaveData]...[SaveScalars_Finalize]
FreeModel: Freeing initial conditions lists
FreeModel: Freeing body lists
FreeModel: Freeing equations lists
FreeModel: Freeing body forces lists
ParallelFinalize: Final synchronization of the MPI system!
MAIN: The end
SOLVER TOTAL TIME(CPU,REAL):        35.98       80.43
ELMER SOLVER FINISHED AT: 2026/07/28 13:56:54

Ending linsys/elmer_iter_CG_ILU0.sif with mesh level 3
Elapsed time: 99 s
-----------------------------------


Solver linsys/elmer_iter_CG_ILUT_3.sif not recommended for given problem. Ignoring it


Solver linsys/elmer_iter_CG_ILUT_4.sif not recommended for given problem. Ignoring it


Solver linsys/elmer_iter_CG_ILUT_5.sif not recommended for given problem. Ignoring it


Solver linsys/elmer_iter_CG_ILUT_6.sif not recommended for given problem. Ignoring it


Solver linsys/elmer_iter_CG_ILUT_7.sif not recommended for given problem. Ignoring it


Solver linsys/elmer_iter_CG_none.sif not recommended for given problem. Ignoring it


Solver linsys/elmer_iter_CG_vanka1.sif not recommended for given problem. Ignoring it


Solver linsys/elmer_iter_CG_vanka2.sif not recommended for given problem. Ignoring it


Solver linsys/elmer_iter_CG_vanka.sif not recommended for given problem. Ignoring it


Solver linsys/elmer_iter_GCR_BP_CMG_SGS.sif not recommended for given problem. Ignoring it


Solver linsys/elmer_iter_GCR_GMG_BiCGStab_none.sif not recommended for given problem. Ignoring it


Solver linsys/elmer_iter_GCR_PMG_cjacobi_direct_mumps.sif not recommended for given problem. Ignoring it


Solver linsys/elmer_iter_GCR_PMG_cjacobi_direct_umfpack.sif not recommended for given problem. Ignoring it


Solver linsys/elmer_iter_Gmres_ILU0.sif not recommended for given problem. Ignoring it



-----------------------------------
Starting linsys/elmer_iter_Idrs5_ILU0.sif with mesh level 3

ELMER SOLVER (v 26.2) STARTED AT: 2026/07/28 13:57:13
ELMER SOLVER (v 26.2) STARTED AT: 2026/07/28 13:57:13
ELMER SOLVER (v 26.2) STARTED AT: 2026/07/28 13:57:13
ELMER SOLVER (v 26.2) STARTED AT: 2026/07/28 13:57:13
ELMER SOLVER (v 26.2) STARTED AT: 2026/07/28 13:57:13
ELMER SOLVER (v 26.2) STARTED AT: 2026/07/28 13:57:13
ELMER SOLVER (v 26.2) STARTED AT: 2026/07/28 13:57:13
ELMER SOLVER (v 26.2) STARTED AT: 2026/07/28 13:57:13
ELMER SOLVER (v 26.2) STARTED AT: 2026/07/28 13:57:13
ELMER SOLVER (v 26.2) STARTED AT: 2026/07/28 13:57:13
ELMER SOLVER (v 26.2) STARTED AT: 2026/07/28 13:57:13
ELMER SOLVER (v 26.2) STARTED AT: 2026/07/28 13:57:13
ELMER SOLVER (v 26.2) STARTED AT: 2026/07/28 13:57:13
ELMER SOLVER (v 26.2) STARTED AT: 2026/07/28 13:57:13
ELMER SOLVER (v 26.2) STARTED AT: 2026/07/28 13:57:13
ELMER SOLVER (v 26.2) STARTED AT: 2026/07/28 13:57:13
ELMER SOLVER (v 26.2) STARTED AT: 2026/07/28 13:57:14
ELMER SOLVER (v 26.2) STARTED AT: 2026/07/28 13:57:14
ELMER SOLVER (v 26.2) STARTED AT: 2026/07/28 13:57:14
ELMER SOLVER (v 26.2) STARTED AT: 2026/07/28 13:57:14
ELMER SOLVER (v 26.2) STARTED AT: 2026/07/28 13:57:14
ELMER SOLVER (v 26.2) STARTED AT: 2026/07/28 13:57:14
ELMER SOLVER (v 26.2) STARTED AT: 2026/07/28 13:57:14
ELMER SOLVER (v 26.2) STARTED AT: 2026/07/28 13:57:14
ELMER SOLVER (v 26.2) STARTED AT: 2026/07/28 13:57:14
ELMER SOLVER (v 26.2) STARTED AT: 2026/07/28 13:57:14
ELMER SOLVER (v 26.2) STARTED AT: 2026/07/28 13:57:14
ELMER SOLVER (v 26.2) STARTED AT: 2026/07/28 13:57:14
ELMER SOLVER (v 26.2) STARTED AT: 2026/07/28 13:57:14
ELMER SOLVER (v 26.2) STARTED AT: 2026/07/28 13:57:14
ELMER SOLVER (v 26.2) STARTED AT: 2026/07/28 13:57:14
ELMER SOLVER (v 26.2) STARTED AT: 2026/07/28 13:57:14
ELMER SOLVER (v 26.2) STARTED AT: 2026/07/28 13:57:14
ELMER SOLVER (v 26.2) STARTED AT: 2026/07/28 13:57:14
ELMER SOLVER (v 26.2) STARTED AT: 2026/07/28 13:57:14
ELMER SOLVER (v 26.2) STARTED AT: 2026/07/28 13:57:14
ELMER SOLVER (v 26.2) STARTED AT: 2026/07/28 13:57:14
ELMER SOLVER (v 26.2) STARTED AT: 2026/07/28 13:57:14
ELMER SOLVER (v 26.2) STARTED AT: 2026/07/28 13:57:14
ELMER SOLVER (v 26.2) STARTED AT: 2026/07/28 13:57:14
ELMER SOLVER (v 26.2) STARTED AT: 2026/07/28 13:57:14
ELMER SOLVER (v 26.2) STARTED AT: 2026/07/28 13:57:14
ELMER SOLVER (v 26.2) STARTED AT: 2026/07/28 13:57:14
ELMER SOLVER (v 26.2) STARTED AT: 2026/07/28 13:57:14
ELMER SOLVER (v 26.2) STARTED AT: 2026/07/28 13:57:14
ELMER SOLVER (v 26.2) STARTED AT: 2026/07/28 13:57:14
ELMER SOLVER (v 26.2) STARTED AT: 2026/07/28 13:57:14
ELMER SOLVER (v 26.2) STARTED AT: 2026/07/28 13:57:14
ELMER SOLVER (v 26.2) STARTED AT: 2026/07/28 13:57:14
ELMER SOLVER (v 26.2) STARTED AT: 2026/07/28 13:57:14
ELMER SOLVER (v 26.2) STARTED AT: 2026/07/28 13:57:14
ELMER SOLVER (v 26.2) STARTED AT: 2026/07/28 13:57:14
ELMER SOLVER (v 26.2) STARTED AT: 2026/07/28 13:57:14
ELMER SOLVER (v 26.2) STARTED AT: 2026/07/28 13:57:14
ELMER SOLVER (v 26.2) STARTED AT: 2026/07/28 13:57:14
ELMER SOLVER (v 26.2) STARTED AT: 2026/07/28 13:57:14
ELMER SOLVER (v 26.2) STARTED AT: 2026/07/28 13:57:14
ELMER SOLVER (v 26.2) STARTED AT: 2026/07/28 13:57:14
ELMER SOLVER (v 26.2) STARTED AT: 2026/07/28 13:57:14
ELMER SOLVER (v 26.2) STARTED AT: 2026/07/28 13:57:14
ELMER SOLVER (v 26.2) STARTED AT: 2026/07/28 13:57:14
ELMER SOLVER (v 26.2) STARTED AT: 2026/07/28 13:57:14
ELMER SOLVER (v 26.2) STARTED AT: 2026/07/28 13:57:14
ELMER SOLVER (v 26.2) STARTED AT: 2026/07/28 13:57:14
ELMER SOLVER (v 26.2) STARTED AT: 2026/07/28 13:57:14
ELMER SOLVER (v 26.2) STARTED AT: 2026/07/28 13:57:14
ELMER SOLVER (v 26.2) STARTED AT: 2026/07/28 13:57:14
ELMER SOLVER (v 26.2) STARTED AT: 2026/07/28 13:57:14
ELMER SOLVER (v 26.2) STARTED AT: 2026/07/28 13:57:14
ELMER SOLVER (v 26.2) STARTED AT: 2026/07/28 13:57:14
ELMER SOLVER (v 26.2) STARTED AT: 2026/07/28 13:57:14
ELMER SOLVER (v 26.2) STARTED AT: 2026/07/28 13:57:14
ELMER SOLVER (v 26.2) STARTED AT: 2026/07/28 13:57:14
ELMER SOLVER (v 26.2) STARTED AT: 2026/07/28 13:57:14
ELMER SOLVER (v 26.2) STARTED AT: 2026/07/28 13:57:14
ELMER SOLVER (v 26.2) STARTED AT: 2026/07/28 13:57:14
ELMER SOLVER (v 26.2) STARTED AT: 2026/07/28 13:57:14
ELMER SOLVER (v 26.2) STARTED AT: 2026/07/28 13:57:14
ELMER SOLVER (v 26.2) STARTED AT: 2026/07/28 13:57:14
ELMER SOLVER (v 26.2) STARTED AT: 2026/07/28 13:57:14
ELMER SOLVER (v 26.2) STARTED AT: 2026/07/28 13:57:14
ELMER SOLVER (v 26.2) STARTED AT: 2026/07/28 13:57:14
ELMER SOLVER (v 26.2) STARTED AT: 2026/07/28 13:57:14
ELMER SOLVER (v 26.2) STARTED AT: 2026/07/28 13:57:14
ELMER SOLVER (v 26.2) STARTED AT: 2026/07/28 13:57:14
ELMER SOLVER (v 26.2) STARTED AT: 2026/07/28 13:57:14
ELMER SOLVER (v 26.2) STARTED AT: 2026/07/28 13:57:14
ELMER SOLVER (v 26.2) STARTED AT: 2026/07/28 13:57:14
ELMER SOLVER (v 26.2) STARTED AT: 2026/07/28 13:57:14
ELMER SOLVER (v 26.2) STARTED AT: 2026/07/28 13:57:14
ELMER SOLVER (v 26.2) STARTED AT: 2026/07/28 13:57:14
ELMER SOLVER (v 26.2) STARTED AT: 2026/07/28 13:57:14
ELMER SOLVER (v 26.2) STARTED AT: 2026/07/28 13:57:14
ELMER SOLVER (v 26.2) STARTED AT: 2026/07/28 13:57:14
ELMER SOLVER (v 26.2) STARTED AT: 2026/07/28 13:57:14
ELMER SOLVER (v 26.2) STARTED AT: 2026/07/28 13:57:14
ELMER SOLVER (v 26.2) STARTED AT: 2026/07/28 13:57:14
ELMER SOLVER (v 26.2) STARTED AT: 2026/07/28 13:57:14
ELMER SOLVER (v 26.2) STARTED AT: 2026/07/28 13:57:14
ELMER SOLVER (v 26.2) STARTED AT: 2026/07/28 13:57:14
ELMER SOLVER (v 26.2) STARTED AT: 2026/07/28 13:57:14
ELMER SOLVER (v 26.2) STARTED AT: 2026/07/28 13:57:14
ELMER SOLVER (v 26.2) STARTED AT: 2026/07/28 13:57:14
ELMER SOLVER (v 26.2) STARTED AT: 2026/07/28 13:57:14
ELMER SOLVER (v 26.2) STARTED AT: 2026/07/28 13:57:14
ELMER SOLVER (v 26.2) STARTED AT: 2026/07/28 13:57:14
ELMER SOLVER (v 26.2) STARTED AT: 2026/07/28 13:57:14
ELMER SOLVER (v 26.2) STARTED AT: 2026/07/28 13:57:14
ELMER SOLVER (v 26.2) STARTED AT: 2026/07/28 13:57:14
ELMER SOLVER (v 26.2) STARTED AT: 2026/07/28 13:57:14
ELMER SOLVER (v 26.2) STARTED AT: 2026/07/28 13:57:14
ELMER SOLVER (v 26.2) STARTED AT: 2026/07/28 13:57:14
ELMER SOLVER (v 26.2) STARTED AT: 2026/07/28 13:57:14
ELMER SOLVER (v 26.2) STARTED AT: 2026/07/28 13:57:14
ELMER SOLVER (v 26.2) STARTED AT: 2026/07/28 13:57:14
ELMER SOLVER (v 26.2) STARTED AT: 2026/07/28 13:57:14
ELMER SOLVER (v 26.2) STARTED AT: 2026/07/28 13:57:14
ELMER SOLVER (v 26.2) STARTED AT: 2026/07/28 13:57:14
ELMER SOLVER (v 26.2) STARTED AT: 2026/07/28 13:57:14
ELMER SOLVER (v 26.2) STARTED AT: 2026/07/28 13:57:14
ELMER SOLVER (v 26.2) STARTED AT: 2026/07/28 13:57:14
ELMER SOLVER (v 26.2) STARTED AT: 2026/07/28 13:57:14
ELMER SOLVER (v 26.2) STARTED AT: 2026/07/28 13:57:14
ELMER SOLVER (v 26.2) STARTED AT: 2026/07/28 13:57:14
ELMER SOLVER (v 26.2) STARTED AT: 2026/07/28 13:57:14
ELMER SOLVER (v 26.2) STARTED AT: 2026/07/28 13:57:14
ELMER SOLVER (v 26.2) STARTED AT: 2026/07/28 13:57:14
ELMER SOLVER (v 26.2) STARTED AT: 2026/07/28 13:57:14
ELMER SOLVER (v 26.2) STARTED AT: 2026/07/28 13:57:14
ELMER SOLVER (v 26.2) STARTED AT: 2026/07/28 13:57:14
ELMER SOLVER (v 26.2) STARTED AT: 2026/07/28 13:57:14
ELMER SOLVER (v 26.2) STARTED AT: 2026/07/28 13:57:14
ELMER SOLVER (v 26.2) STARTED AT: 2026/07/28 13:57:14
ELMER SOLVER (v 26.2) STARTED AT: 2026/07/28 13:57:14
ELMER SOLVER (v 26.2) STARTED AT: 2026/07/28 13:57:14
ELMER SOLVER (v 26.2) STARTED AT: 2026/07/28 13:57:14
ELMER SOLVER (v 26.2) STARTED AT: 2026/07/28 13:57:14
ELMER SOLVER (v 26.2) STARTED AT: 2026/07/28 13:57:14
ELMER SOLVER (v 26.2) STARTED AT: 2026/07/28 13:57:14
ELMER SOLVER (v 26.2) STARTED AT: 2026/07/28 13:57:14
ELMER SOLVER (v 26.2) STARTED AT: 2026/07/28 13:57:14
ELMER SOLVER (v 26.2) STARTED AT: 2026/07/28 13:57:14
ELMER SOLVER (v 26.2) STARTED AT: 2026/07/28 13:57:14
ELMER SOLVER (v 26.2) STARTED AT: 2026/07/28 13:57:14
ELMER SOLVER (v 26.2) STARTED AT: 2026/07/28 13:57:14
ELMER SOLVER (v 26.2) STARTED AT: 2026/07/28 13:57:14
ELMER SOLVER (v 26.2) STARTED AT: 2026/07/28 13:57:14
ELMER SOLVER (v 26.2) STARTED AT: 2026/07/28 13:57:14
ELMER SOLVER (v 26.2) STARTED AT: 2026/07/28 13:57:14
ELMER SOLVER (v 26.2) STARTED AT: 2026/07/28 13:57:14
ELMER SOLVER (v 26.2) STARTED AT: 2026/07/28 13:57:14
ELMER SOLVER (v 26.2) STARTED AT: 2026/07/28 13:57:14
ELMER SOLVER (v 26.2) STARTED AT: 2026/07/28 13:57:14
ELMER SOLVER (v 26.2) STARTED AT: 2026/07/28 13:57:14
ELMER SOLVER (v 26.2) STARTED AT: 2026/07/28 13:57:14
ELMER SOLVER (v 26.2) STARTED AT: 2026/07/28 13:57:14
ELMER SOLVER (v 26.2) STARTED AT: 2026/07/28 13:57:14
ELMER SOLVER (v 26.2) STARTED AT: 2026/07/28 13:57:14
ELMER SOLVER (v 26.2) STARTED AT: 2026/07/28 13:57:14
ELMER SOLVER (v 26.2) STARTED AT: 2026/07/28 13:57:14
ELMER SOLVER (v 26.2) STARTED AT: 2026/07/28 13:57:14
ELMER SOLVER (v 26.2) STARTED AT: 2026/07/28 13:57:14
ELMER SOLVER (v 26.2) STARTED AT: 2026/07/28 13:57:14
ELMER SOLVER (v 26.2) STARTED AT: 2026/07/28 13:57:14
ELMER SOLVER (v 26.2) STARTED AT: 2026/07/28 13:57:14
ELMER SOLVER (v 26.2) STARTED AT: 2026/07/28 13:57:14
ELMER SOLVER (v 26.2) STARTED AT: 2026/07/28 13:57:14
ELMER SOLVER (v 26.2) STARTED AT: 2026/07/28 13:57:14
ELMER SOLVER (v 26.2) STARTED AT: 2026/07/28 13:57:14
ELMER SOLVER (v 26.2) STARTED AT: 2026/07/28 13:57:14
ELMER SOLVER (v 26.2) STARTED AT: 2026/07/28 13:57:14
ELMER SOLVER (v 26.2) STARTED AT: 2026/07/28 13:57:14
ELMER SOLVER (v 26.2) STARTED AT: 2026/07/28 13:57:14
ELMER SOLVER (v 26.2) STARTED AT: 2026/07/28 13:57:14
ELMER SOLVER (v 26.2) STARTED AT: 2026/07/28 13:57:14
ELMER SOLVER (v 26.2) STARTED AT: 2026/07/28 13:57:14
ELMER SOLVER (v 26.2) STARTED AT: 2026/07/28 13:57:14
ELMER SOLVER (v 26.2) STARTED AT: 2026/07/28 13:57:14
ELMER SOLVER (v 26.2) STARTED AT: 2026/07/28 13:57:14
ELMER SOLVER (v 26.2) STARTED AT: 2026/07/28 13:57:14
ELMER SOLVER (v 26.2) STARTED AT: 2026/07/28 13:57:15
ELMER SOLVER (v 26.2) STARTED AT: 2026/07/28 13:57:15
ELMER SOLVER (v 26.2) STARTED AT: 2026/07/28 13:57:15
ELMER SOLVER (v 26.2) STARTED AT: 2026/07/28 13:57:15
ELMER SOLVER (v 26.2) STARTED AT: 2026/07/28 13:57:15
ELMER SOLVER (v 26.2) STARTED AT: 2026/07/28 13:57:15
ELMER SOLVER (v 26.2) STARTED AT: 2026/07/28 13:57:15
ELMER SOLVER (v 26.2) STARTED AT: 2026/07/28 13:57:15
ELMER SOLVER (v 26.2) STARTED AT: 2026/07/28 13:57:15
ELMER SOLVER (v 26.2) STARTED AT: 2026/07/28 13:57:15
ELMER SOLVER (v 26.2) STARTED AT: 2026/07/28 13:57:15
ELMER SOLVER (v 26.2) STARTED AT: 2026/07/28 13:57:15
ELMER SOLVER (v 26.2) STARTED AT: 2026/07/28 13:57:15
ELMER SOLVER (v 26.2) STARTED AT: 2026/07/28 13:57:15
ELMER SOLVER (v 26.2) STARTED AT: 2026/07/28 13:57:15
ELMER SOLVER (v 26.2) STARTED AT: 2026/07/28 13:57:15
ELMER SOLVER (v 26.2) STARTED AT: 2026/07/28 13:57:15
ELMER SOLVER (v 26.2) STARTED AT: 2026/07/28 13:57:15
ELMER SOLVER (v 26.2) STARTED AT: 2026/07/28 13:57:15
ELMER SOLVER (v 26.2) STARTED AT: 2026/07/28 13:57:15
ELMER SOLVER (v 26.2) STARTED AT: 2026/07/28 13:57:15
ELMER SOLVER (v 26.2) STARTED AT: 2026/07/28 13:57:15
ELMER SOLVER (v 26.2) STARTED AT: 2026/07/28 13:57:15
ELMER SOLVER (v 26.2) STARTED AT: 2026/07/28 13:57:15
ELMER SOLVER (v 26.2) STARTED AT: 2026/07/28 13:57:15
ELMER SOLVER (v 26.2) STARTED AT: 2026/07/28 13:57:15
ELMER SOLVER (v 26.2) STARTED AT: 2026/07/28 13:57:15
ELMER SOLVER (v 26.2) STARTED AT: 2026/07/28 13:57:15
ELMER SOLVER (v 26.2) STARTED AT: 2026/07/28 13:57:15
ELMER SOLVER (v 26.2) STARTED AT: 2026/07/28 13:57:15
ELMER SOLVER (v 26.2) STARTED AT: 2026/07/28 13:57:15
ELMER SOLVER (v 26.2) STARTED AT: 2026/07/28 13:57:15
ELMER SOLVER (v 26.2) STARTED AT: 2026/07/28 13:57:15
ELMER SOLVER (v 26.2) STARTED AT: 2026/07/28 13:57:15
ELMER SOLVER (v 26.2) STARTED AT: 2026/07/28 13:57:15
ELMER SOLVER (v 26.2) STARTED AT: 2026/07/28 13:57:15
ELMER SOLVER (v 26.2) STARTED AT: 2026/07/28 13:57:15
ELMER SOLVER (v 26.2) STARTED AT: 2026/07/28 13:57:15
ELMER SOLVER (v 26.2) STARTED AT: 2026/07/28 13:57:15
ELMER SOLVER (v 26.2) STARTED AT: 2026/07/28 13:57:15
ELMER SOLVER (v 26.2) STARTED AT: 2026/07/28 13:57:15
ELMER SOLVER (v 26.2) STARTED AT: 2026/07/28 13:57:15
ELMER SOLVER (v 26.2) STARTED AT: 2026/07/28 13:57:15
ELMER SOLVER (v 26.2) STARTED AT: 2026/07/28 13:57:15
ELMER SOLVER (v 26.2) STARTED AT: 2026/07/28 13:57:15
ELMER SOLVER (v 26.2) STARTED AT: 2026/07/28 13:57:15
ELMER SOLVER (v 26.2) STARTED AT: 2026/07/28 13:57:15
ELMER SOLVER (v 26.2) STARTED AT: 2026/07/28 13:57:15
ELMER SOLVER (v 26.2) STARTED AT: 2026/07/28 13:57:15
ELMER SOLVER (v 26.2) STARTED AT: 2026/07/28 13:57:15
ELMER SOLVER (v 26.2) STARTED AT: 2026/07/28 13:57:15
ELMER SOLVER (v 26.2) STARTED AT: 2026/07/28 13:57:15
ELMER SOLVER (v 26.2) STARTED AT: 2026/07/28 13:57:15
ELMER SOLVER (v 26.2) STARTED AT: 2026/07/28 13:57:15
ELMER SOLVER (v 26.2) STARTED AT: 2026/07/28 13:57:15
ELMER SOLVER (v 26.2) STARTED AT: 2026/07/28 13:57:15
ELMER SOLVER (v 26.2) STARTED AT: 2026/07/28 13:57:16
ELMER SOLVER (v 26.2) STARTED AT: 2026/07/28 13:57:16
ELMER SOLVER (v 26.2) STARTED AT: 2026/07/28 13:57:16
ELMER SOLVER (v 26.2) STARTED AT: 2026/07/28 13:57:16
ELMER SOLVER (v 26.2) STARTED AT: 2026/07/28 13:57:16
ELMER SOLVER (v 26.2) STARTED AT: 2026/07/28 13:57:16
ELMER SOLVER (v 26.2) STARTED AT: 2026/07/28 13:57:16
ELMER SOLVER (v 26.2) STARTED AT: 2026/07/28 13:57:16
ELMER SOLVER (v 26.2) STARTED AT: 2026/07/28 13:57:16
ELMER SOLVER (v 26.2) STARTED AT: 2026/07/28 13:57:16
ELMER SOLVER (v 26.2) STARTED AT: 2026/07/28 13:57:16
ELMER SOLVER (v 26.2) STARTED AT: 2026/07/28 13:57:16
ELMER SOLVER (v 26.2) STARTED AT: 2026/07/28 13:57:16
ELMER SOLVER (v 26.2) STARTED AT: 2026/07/28 13:57:16
ELMER SOLVER (v 26.2) STARTED AT: 2026/07/28 13:57:16
ELMER SOLVER (v 26.2) STARTED AT: 2026/07/28 13:57:16
ELMER SOLVER (v 26.2) STARTED AT: 2026/07/28 13:57:16
ELMER SOLVER (v 26.2) STARTED AT: 2026/07/28 13:57:16
ELMER SOLVER (v 26.2) STARTED AT: 2026/07/28 13:57:16
ELMER SOLVER (v 26.2) STARTED AT: 2026/07/28 13:57:16
ELMER SOLVER (v 26.2) STARTED AT: 2026/07/28 13:57:16
ELMER SOLVER (v 26.2) STARTED AT: 2026/07/28 13:57:16
ELMER SOLVER (v 26.2) STARTED AT: 2026/07/28 13:57:16
ELMER SOLVER (v 26.2) STARTED AT: 2026/07/28 13:57:16
ELMER SOLVER (v 26.2) STARTED AT: 2026/07/28 13:57:16
ELMER SOLVER (v 26.2) STARTED AT: 2026/07/28 13:57:16
ELMER SOLVER (v 26.2) STARTED AT: 2026/07/28 13:57:16
ELMER SOLVER (v 26.2) STARTED AT: 2026/07/28 13:57:16
ELMER SOLVER (v 26.2) STARTED AT: 2026/07/28 13:57:16
ELMER SOLVER (v 26.2) STARTED AT: 2026/07/28 13:57:16
ELMER SOLVER (v 26.2) STARTED AT: 2026/07/28 13:57:16
ELMER SOLVER (v 26.2) STARTED AT: 2026/07/28 13:57:16
ELMER SOLVER (v 26.2) STARTED AT: 2026/07/28 13:57:16
ELMER SOLVER (v 26.2) STARTED AT: 2026/07/28 13:57:16
ELMER SOLVER (v 26.2) STARTED AT: 2026/07/28 13:57:16
ELMER SOLVER (v 26.2) STARTED AT: 2026/07/28 13:57:16
ELMER SOLVER (v 26.2) STARTED AT: 2026/07/28 13:57:16
ELMER SOLVER (v 26.2) STARTED AT: 2026/07/28 13:57:16
ELMER SOLVER (v 26.2) STARTED AT: 2026/07/28 13:57:16
ELMER SOLVER (v 26.2) STARTED AT: 2026/07/28 13:57:16
ELMER SOLVER (v 26.2) STARTED AT: 2026/07/28 13:57:16
ELMER SOLVER (v 26.2) STARTED AT: 2026/07/28 13:57:16
ELMER SOLVER (v 26.2) STARTED AT: 2026/07/28 13:57:16
ELMER SOLVER (v 26.2) STARTED AT: 2026/07/28 13:57:16
ELMER SOLVER (v 26.2) STARTED AT: 2026/07/28 13:57:16
ELMER SOLVER (v 26.2) STARTED AT: 2026/07/28 13:57:16
ELMER SOLVER (v 26.2) STARTED AT: 2026/07/28 13:57:16
ELMER SOLVER (v 26.2) STARTED AT: 2026/07/28 13:57:16
ELMER SOLVER (v 26.2) STARTED AT: 2026/07/28 13:57:16
ELMER SOLVER (v 26.2) STARTED AT: 2026/07/28 13:57:16
ELMER SOLVER (v 26.2) STARTED AT: 2026/07/28 13:57:16
ELMER SOLVER (v 26.2) STARTED AT: 2026/07/28 13:57:16
ELMER SOLVER (v 26.2) STARTED AT: 2026/07/28 13:57:16
ELMER SOLVER (v 26.2) STARTED AT: 2026/07/28 13:57:16
ELMER SOLVER (v 26.2) STARTED AT: 2026/07/28 13:57:16
ELMER SOLVER (v 26.2) STARTED AT: 2026/07/28 13:57:16
ELMER SOLVER (v 26.2) STARTED AT: 2026/07/28 13:57:16
ELMER SOLVER (v 26.2) STARTED AT: 2026/07/28 13:57:16
ELMER SOLVER (v 26.2) STARTED AT: 2026/07/28 13:57:16
ELMER SOLVER (v 26.2) STARTED AT: 2026/07/28 13:57:16
ELMER SOLVER (v 26.2) STARTED AT: 2026/07/28 13:57:16
ELMER SOLVER (v 26.2) STARTED AT: 2026/07/28 13:57:16
ELMER SOLVER (v 26.2) STARTED AT: 2026/07/28 13:57:16
ELMER SOLVER (v 26.2) STARTED AT: 2026/07/28 13:57:16
ELMER SOLVER (v 26.2) STARTED AT: 2026/07/28 13:57:16
ELMER SOLVER (v 26.2) STARTED AT: 2026/07/28 13:57:16
ELMER SOLVER (v 26.2) STARTED AT: 2026/07/28 13:57:16
ELMER SOLVER (v 26.2) STARTED AT: 2026/07/28 13:57:16
ELMER SOLVER (v 26.2) STARTED AT: 2026/07/28 13:57:16
ELMER SOLVER (v 26.2) STARTED AT: 2026/07/28 13:57:16
ELMER SOLVER (v 26.2) STARTED AT: 2026/07/28 13:57:16
ELMER SOLVER (v 26.2) STARTED AT: 2026/07/28 13:57:16
ELMER SOLVER (v 26.2) STARTED AT: 2026/07/28 13:57:16
ELMER SOLVER (v 26.2) STARTED AT: 2026/07/28 13:57:16
ELMER SOLVER (v 26.2) STARTED AT: 2026/07/28 13:57:16
ELMER SOLVER (v 26.2) STARTED AT: 2026/07/28 13:57:16
ELMER SOLVER (v 26.2) STARTED AT: 2026/07/28 13:57:16
ELMER SOLVER (v 26.2) STARTED AT: 2026/07/28 13:57:16
ELMER SOLVER (v 26.2) STARTED AT: 2026/07/28 13:57:16
ELMER SOLVER (v 26.2) STARTED AT: 2026/07/28 13:57:16
ELMER SOLVER (v 26.2) STARTED AT: 2026/07/28 13:57:16
ELMER SOLVER (v 26.2) STARTED AT: 2026/07/28 13:57:16
ELMER SOLVER (v 26.2) STARTED AT: 2026/07/28 13:57:16
ELMER SOLVER (v 26.2) STARTED AT: 2026/07/28 13:57:16
ELMER SOLVER (v 26.2) STARTED AT: 2026/07/28 13:57:16
ELMER SOLVER (v 26.2) STARTED AT: 2026/07/28 13:57:16
ELMER SOLVER (v 26.2) STARTED AT: 2026/07/28 13:57:16
ELMER SOLVER (v 26.2) STARTED AT: 2026/07/28 13:57:16
ELMER SOLVER (v 26.2) STARTED AT: 2026/07/28 13:57:16
ELMER SOLVER (v 26.2) STARTED AT: 2026/07/28 13:57:16
ELMER SOLVER (v 26.2) STARTED AT: 2026/07/28 13:57:16
ELMER SOLVER (v 26.2) STARTED AT: 2026/07/28 13:57:16
ELMER SOLVER (v 26.2) STARTED AT: 2026/07/28 13:57:16
ELMER SOLVER (v 26.2) STARTED AT: 2026/07/28 13:57:16
ELMER SOLVER (v 26.2) STARTED AT: 2026/07/28 13:57:16
ELMER SOLVER (v 26.2) STARTED AT: 2026/07/28 13:57:16
ELMER SOLVER (v 26.2) STARTED AT: 2026/07/28 13:57:16
ELMER SOLVER (v 26.2) STARTED AT: 2026/07/28 13:57:16
ELMER SOLVER (v 26.2) STARTED AT: 2026/07/28 13:57:16
ELMER SOLVER (v 26.2) STARTED AT: 2026/07/28 13:57:16
ELMER SOLVER (v 26.2) STARTED AT: 2026/07/28 13:57:16
ELMER SOLVER (v 26.2) STARTED AT: 2026/07/28 13:57:16
ELMER SOLVER (v 26.2) STARTED AT: 2026/07/28 13:57:16
ELMER SOLVER (v 26.2) STARTED AT: 2026/07/28 13:57:16
ELMER SOLVER (v 26.2) STARTED AT: 2026/07/28 13:57:16
ELMER SOLVER (v 26.2) STARTED AT: 2026/07/28 13:57:16
ELMER SOLVER (v 26.2) STARTED AT: 2026/07/28 13:57:16
ELMER SOLVER (v 26.2) STARTED AT: 2026/07/28 13:57:16
ELMER SOLVER (v 26.2) STARTED AT: 2026/07/28 13:57:16
ELMER SOLVER (v 26.2) STARTED AT: 2026/07/28 13:57:16
ELMER SOLVER (v 26.2) STARTED AT: 2026/07/28 13:57:16
ELMER SOLVER (v 26.2) STARTED AT: 2026/07/28 13:57:16
ELMER SOLVER (v 26.2) STARTED AT: 2026/07/28 13:57:16
ELMER SOLVER (v 26.2) STARTED AT: 2026/07/28 13:57:16
ELMER SOLVER (v 26.2) STARTED AT: 2026/07/28 13:57:16
ELMER SOLVER (v 26.2) STARTED AT: 2026/07/28 13:57:16
ELMER SOLVER (v 26.2) STARTED AT: 2026/07/28 13:57:16
ELMER SOLVER (v 26.2) STARTED AT: 2026/07/28 13:57:16
ELMER SOLVER (v 26.2) STARTED AT: 2026/07/28 13:57:16
ELMER SOLVER (v 26.2) STARTED AT: 2026/07/28 13:57:16
ELMER SOLVER (v 26.2) STARTED AT: 2026/07/28 13:57:16
ELMER SOLVER (v 26.2) STARTED AT: 2026/07/28 13:57:16
ELMER SOLVER (v 26.2) STARTED AT: 2026/07/28 13:57:16
ELMER SOLVER (v 26.2) STARTED AT: 2026/07/28 13:57:16
ELMER SOLVER (v 26.2) STARTED AT: 2026/07/28 13:57:16
ELMER SOLVER (v 26.2) STARTED AT: 2026/07/28 13:57:16
ELMER SOLVER (v 26.2) STARTED AT: 2026/07/28 13:57:16
ELMER SOLVER (v 26.2) STARTED AT: 2026/07/28 13:57:16
ELMER SOLVER (v 26.2) STARTED AT: 2026/07/28 13:57:16
ELMER SOLVER (v 26.2) STARTED AT: 2026/07/28 13:57:16
ELMER SOLVER (v 26.2) STARTED AT: 2026/07/28 13:57:16
ELMER SOLVER (v 26.2) STARTED AT: 2026/07/28 13:57:16
ELMER SOLVER (v 26.2) STARTED AT: 2026/07/28 13:57:16
ELMER SOLVER (v 26.2) STARTED AT: 2026/07/28 13:57:16
ELMER SOLVER (v 26.2) STARTED AT: 2026/07/28 13:57:16
ELMER SOLVER (v 26.2) STARTED AT: 2026/07/28 13:57:16
ELMER SOLVER (v 26.2) STARTED AT: 2026/07/28 13:57:16
ELMER SOLVER (v 26.2) STARTED AT: 2026/07/28 13:57:16
ELMER SOLVER (v 26.2) STARTED AT: 2026/07/28 13:57:16
ELMER SOLVER (v 26.2) STARTED AT: 2026/07/28 13:57:16
ELMER SOLVER (v 26.2) STARTED AT: 2026/07/28 13:57:17
ELMER SOLVER (v 26.2) STARTED AT: 2026/07/28 13:57:17
ELMER SOLVER (v 26.2) STARTED AT: 2026/07/28 13:57:17
ELMER SOLVER (v 26.2) STARTED AT: 2026/07/28 13:57:17
ELMER SOLVER (v 26.2) STARTED AT: 2026/07/28 13:57:17
ELMER SOLVER (v 26.2) STARTED AT: 2026/07/28 13:57:17
ELMER SOLVER (v 26.2) STARTED AT: 2026/07/28 13:57:17
ELMER SOLVER (v 26.2) STARTED AT: 2026/07/28 13:57:17
 2
 2
 2
 2
 2
 2
 2
 2
 2
 2
 2
 2
 2
 2
 2
 2
 2
 2
 2
 2
 2
 2
 2
 2
 2
 2
 2
 2
 2
 2
 2
 2
 2
 2
 2
 2
 2
 2
 2
 2
 2
 2
 2
 2
 2
 2
 2
 2
 2
 2
 2
 2
 2
 2
 2
 2
 2
 2
 2
 2
 2
 2
 2
 2
 2
 2
 2
 2
 2
 2
 2
 2
 2
 2
 2
 2
 2
 2
 2
 2
 2
 2
 2
 2
 2
 2
 2
 2
 2
 2
 2
 2
 2
ParCommInit: Initialize #PEs: 384
 2
 2
 2
 2
 2
 2
 2
 2
 2
 2
 2
 2
 2
MAIN: Read 2 integer parameters from command line!
 2
 2
MAIN: 
MAIN: =============================================================
MAIN: ElmerSolver finite element software, Welcome!
MAIN: This program is free software licensed under (L)GPL
MAIN: Copyright 1st April 1995 - , CSC - IT Center for Science Ltd.
MAIN: Webpage http://www.csc.fi/elmer, Email elmeradm@csc.fi
MAIN: Version: 26.2-unknown (Rev: a19504ac5, Compiled: 2026-06-16)
MAIN:  Running in parallel using 384 tasks.
 2
 2
 2
 2
 2
 2
 2
 2
MAIN:  Running with just one thread per task.
MAIN:  HYPRE library linked in.
MAIN:  MUMPS library linked in.
MAIN:  Lua interpreter linked in.
MAIN:  Zoltan library linked in.
MAIN:  ADIOS2 library linked in.
MAIN: =============================================================
 2
 2
 2
 2
 2
 2
 2
 2
 2
 2
 2
 2
 2
 2
 2
 2
 2
 2
 2
 2
 2
 2
 2
 2
 2
 2
 2
 2
 2
 2
 2
 2
 2
 2
 2
 2
 2
 2
 2
 2
 2
 2
 2
 2
 2
 2
 2
 2
 2
 2
 2
 2
 2
 2
 2
 2
 2
 2
 2
 2
 2
 2
 2
 2
 2
 2
 2
 2
 2
 2
 2
 2
 2
 2
 2
 2
 2
 2
 2
 2
 2
 2
 2
 2
 2
 2
 2
 2
 2
 2
 2
 2
 2
 2
 2
 2
 2
 2
 2
 2
 2
 2
 2
ParCommInit: Initialize #PEs: 384
 2
 2
 2
 2
 2
 2
 2
 2
 2
 2
 2
 2
 2
 2
 2
 2
 2
 2
 2
 2
 2
 2
 2
 2
 2
 2
 2
 2
 2
 2
 2
 2
 2
 2
 2
 2
 2
 2
 2
 2
 2
 2
 2
 2
 2
 2
 2
 2
 2
 2
 2
 2
 2
 2
 2
 2
 2
 2
 2
 2
 2
 2
 2
 2
 2
 2
 2
 2
 2
 2
 2
 2
 2
 2
 2
 2
 2
 2
 2
 2
 2
 2
 2
 2
 2
 2
 2
 2
 2
 2
 2
 2
 2
 2
 2
 2
 2
 2
 2
 2
 2
 2
 2
 2
 2
 2
 2
 2
 2
 2
 2
 2
 2
 2
 2
 2
 2
 2
 2
 2
 2
 2
 2
 2
 2
 2
 2
 2
 2
 2
 2
 2
 2
 2
 2
 2
 2
 2
 2
 2
 2
 2
 2
 2
 2
 2
 2
 2
MAIN: 
MAIN: 
MAIN: -------------------------------------
MAIN: Reading Model: case_cpu_367270.sif
 2
 2
 2
 2
 2
 2
 2
 2
ParCommInit: Initialize #PEs: 384
 2
 2
 2
 2
ParCommInit: Initialize #PEs: 384
 2
 2
 2
 2
 2
LoadInputFile: Scanning input file: case_cpu_367270.sif
LoadInputFile: Scanning only size info
LoadInputFile: First time visiting
LoadInputFile: Reading base load of sif file
OpenIncludeFile: Trying to include file: linsys_367270.sif
CheckKeyword: Found keyword type assuming suffix 1 for: operator 2
CheckKeyword: Found keyword type assuming suffix 1 for: operator 2
CheckKeyword: Found keyword type assuming suffix 1 for: operator 3
CheckKeyword: Found keyword type assuming suffix 1 for: operator 3
CheckKeyword: Found keyword type assuming suffix 1 for: operator 4
CheckKeyword: Found keyword type assuming suffix 1 for: operator 4
CheckKeyword: Found keyword type assuming suffix 1 for: operator 5
CheckKeyword: Found keyword type assuming suffix 1 for: operator 5
LoadInputFile: Loading input file: case_cpu_367270.sif
LoadInputFile: Reading base load of sif file
OpenIncludeFile: Trying to include file: linsys_367270.sif
CheckKeyword: Found keyword type assuming suffix 1 for: operator 2
CheckKeyword: Found keyword type assuming suffix 1 for: operator 2
CheckKeyword: Found keyword type assuming suffix 1 for: operator 3
CheckKeyword: Found keyword type assuming suffix 1 for: operator 3
CheckKeyword: Found keyword type assuming suffix 1 for: operator 4
CheckKeyword: Found keyword type assuming suffix 1 for: operator 4
CheckKeyword: Found keyword type assuming suffix 1 for: operator 5
CheckKeyword: Found keyword type assuming suffix 1 for: operator 5
CheckKeyword:  Unlisted keyword: [line marker] in section: [solver 2]
LoadInputFile: Number of BCs: 3
LoadInputFile: Number of Body Forces: 0
LoadInputFile: Number of Initial Conditions: 0
LoadInputFile: Number of Materials: 1
LoadInputFile: Number of Equations: 1
LoadInputFile: Number of Solvers: 2
LoadInputFile: Number of Bodies: 1
Loading user function library: [StressSolve]...[StressSolver_Init0]
Loading user function library: [SaveData]...[SaveScalars_Init0]
Loading user function library: [SaveData]...[SaveScalars_Init0]
LoadMesh: Loading parallel mesh for 384 partitions
ElmerMeshReader: Performing step: 1
ElmerMeshReader: Base mesh name: ./winkel
ReadHeaderFile: Reading header info from file: ./winkel/partitioning.384/part.1.header
InitializeMesh: Number of nodes in mesh: 172
InitializeMesh: Number of bulk elements in mesh: 84
InitializeMesh: Number of boundary elements in mesh: 17
InitializeMesh: Initial number of max element nodes: 8
ElmerMeshReader: Performing step: 2
ReadNodesFile: Reading nodes from file: ./winkel/partitioning.384/part.1.nodes
SetMeshDimension: Dimension of mesh is: 3
SetMeshDimension: Max dimension of mesh is: 3
ElmerMeshReader: Performing step: 3
ReadElementsFile: Reading bulk elements from file: ./winkel/partitioning.384/part.1.elements
ElmerMeshReader: Performing step: 4
ReadBoundaryFile: Reading boundary elements from file: ./winkel/partitioning.384/part.1.boundary
PermuteNodeNumbering: Performing node mapping
MapBodiesAndBCs: Skipping remapping of bodies
MapBodiesAndBCs: Remapping boundaries
MapBodiesAndBCs: Minimum initial boundary index: 7
MapBodiesAndBCs: Maximum initial boundary index: 7
ElmerMeshReader: Performing step: 5
ReadSharedFile: Reading nodes from file: ./winkel/partitioning.384/part.1.shared
ElmerMeshReader: Performing step: 6
LoadMesh: Loading mesh done
NonNodalElements: Element dofs max: 8
SParFaceNumbering: Elapsed REAL time:     0.0000 (s)
SParEdgeNumbering: Elapsed REAL time:     0.0000 (s)
ParallelNonNodalElements: Number of initial nodes: 172
ParallelNonNodalElements: Number of initial faces: 0
ParallelNonNodalElements: Number of initial edges: 0
ParallelNonNodalElements: Number of shared nodes: 133
ParallelNonNodalElements: Number of owned shared nodes: 53
ParallelNonNodal: Elapsed REAL time:     0.0000 (s)
LoadMesh: Preparing mesh done
LoadMesh: Elapsed REAL time:     0.1832 (s)
LoadModel: Creating hierarchy of meshes by mesh multiplication: 3
LoadModel: Keeping number of meshes: 3
LoadModel: Performing splitting at level: 2
SplitMeshEqual: Mesh splitting works for first order elements 303, 404, 504, (706) and 808.
FindMeshEdges: Determining faces in 3D mesh
FindMeshFaces3D: Finding mesh faces in 3D mesh
FindMeshFaces3D: Number of faces found: 322
FindMeshEdges: Determining edges in 3D mesh
FindMeshEdges3D: Finding mesh edges in 3D mesh
FindMeshEdges3D: Number of edges found: 409
SplitMeshEqual: ******** Old mesh ********
SplitMeshEqual:  Nodes             :          172
SplitMeshEqual:  Bulk elements     :           84
SplitMeshEqual:  Boundary elements :           17
SplitMeshEqual:  Edges             :          409
SplitMeshEqual:  Faces             :          322
SplitMeshEqual: Added 322 nodes in the center of faces
SplitMeshEqual: Added 84 nodes in the center of bulks
SplitMeshEqual: Added edge centers to the nodes list.
SplitMeshEqual: Added face centers to the nodes list.
SplitMeshEqual: Added quad and brick centers to the nodes list.
SplitMeshEqual:  Count of new elements :          740
SplitMeshEqual: New mesh allocated.
SplitMeshEqual: Array for bulk elements allocated.
SplitMeshEqual: ******** New mesh ********
SplitMeshEqual:  Nodes             :          987
SplitMeshEqual:  Bulk elements     :          672
SplitMeshEqual:  Boundary elements :           68
SplitMeshEqual: Elapsed REAL time:     0.0002 (s)
SParIterGlobalNumbering:  Numbering seems consistent, advancing...
ParallelGlobalNumbering: Elapsed REAL time:     0.0772 (s)
ReleaseMeshFaceTables: Releasing number of faces: 322
SetMeshDimension: Dimension of mesh is: 3
SetMeshDimension: Max dimension of mesh is: 3
NonNodalElements: Element dofs max: 8
SParFaceNumbering: Elapsed REAL time:     0.0000 (s)
SParEdgeNumbering: Elapsed REAL time:     0.0000 (s)
ParallelNonNodalElements: Number of initial nodes: 987
ParallelNonNodalElements: Number of initial faces: 0
ParallelNonNodalElements: Number of initial edges: 0
ParallelNonNodalElements: Number of shared nodes: 511
ParallelNonNodalElements: Number of owned shared nodes: 431
ParallelNonNodal: Elapsed REAL time:     0.0000 (s)
LoadModel: Performing splitting at level: 3
SplitMeshEqual: Mesh splitting works for first order elements 303, 404, 504, (706) and 808.
FindMeshEdges: Determining faces in 3D mesh
FindMeshFaces3D: Finding mesh faces in 3D mesh
FindMeshFaces3D: Number of faces found: 2296
FindMeshEdges: Determining edges in 3D mesh
FindMeshEdges3D: Finding mesh edges in 3D mesh
FindMeshEdges3D: Number of edges found: 2610
SplitMeshEqual: ******** Old mesh ********
SplitMeshEqual:  Nodes             :          987
SplitMeshEqual:  Bulk elements     :          672
SplitMeshEqual:  Boundary elements :           68
SplitMeshEqual:  Edges             :         2610
SplitMeshEqual:  Faces             :         2296
SplitMeshEqual: Added 2296 nodes in the center of faces
SplitMeshEqual: Added 672 nodes in the center of bulks
SplitMeshEqual: Added edge centers to the nodes list.
SplitMeshEqual: Added face centers to the nodes list.
SplitMeshEqual: Added quad and brick centers to the nodes list.
SplitMeshEqual:  Count of new elements :         5648
SplitMeshEqual: New mesh allocated.
SplitMeshEqual: Array for bulk elements allocated.
SplitMeshEqual: ******** New mesh ********
SplitMeshEqual:  Nodes             :         6565
SplitMeshEqual:  Bulk elements     :         5376
SplitMeshEqual:  Boundary elements :          272
SplitMeshEqual: Elapsed REAL time:     0.0029 (s)
SParIterGlobalNumbering:  Numbering seems consistent, advancing...
ParallelGlobalNumbering: Elapsed REAL time:     0.0275 (s)
ReleaseMeshFaceTables: Releasing number of faces: 2296
SetMeshDimension: Dimension of mesh is: 3
SetMeshDimension: Max dimension of mesh is: 3
NonNodalElements: Element dofs max: 8
SParFaceNumbering: Elapsed REAL time:     0.0000 (s)
SParEdgeNumbering: Elapsed REAL time:     0.0000 (s)
ParallelNonNodalElements: Number of initial nodes: 6565
ParallelNonNodalElements: Number of initial faces: 0
ParallelNonNodalElements: Number of initial edges: 0
ParallelNonNodalElements: Number of shared nodes: 2005
ParallelNonNodalElements: Number of owned shared nodes: 1925
ParallelNonNodal: Elapsed REAL time:     0.0002 (s)
MeshStabParams: Computing stabilization parameters
MeshStabParams: Elapsed REAL time:     0.0008 (s)
MeshStabParams: Computing stabilization parameters
MeshStabParams: Elapsed REAL time:     0.0001 (s)
MeshStabParams: Computing stabilization parameters
MeshStabParams: Elapsed REAL time:     0.0000 (s)
CompleteModelKeywords: Completing keywords for mortars and mechanics!
MAIN: -------------------------------------
AddMeshCoordinates: Setting mesh coordinates and time
VariableAdd: Adding variable > Coordinate 1 < of size 6565
VariableAdd: Adding variable > Coordinate 2 < of size 6565
VariableAdd: Adding variable > Coordinate 3 < of size 6565
VariableAdd: Adding variable > Coordinate 1 < of size 987
VariableAdd: Adding variable > Coordinate 2 < of size 987
VariableAdd: Adding variable > Coordinate 3 < of size 987
VariableAdd: Adding variable > Coordinate 1 < of size 172
VariableAdd: Adding variable > Coordinate 2 < of size 172
VariableAdd: Adding variable > Coordinate 3 < of size 172
AddSolvers: Setting up 2 solvers
AddSolvers: Setting up solver 1: linelast
AddEquationBasics: Using procedure: StressSolve StressSolver
AddEquationBasics: Setting up solver: linelast
Loading user function library: [StressSolve]...[StressSolver_Init]
AddEquationBasics: Checking for _init solver
StressSolve_init: --------------------------------------------------
StressSolve_init: Solving displacements from linear elasticity model
StressSolve_init: --------------------------------------------------
Loading user function library: [StressSolve]...[StressSolver_bulk]
Loading user function library: [StressSolve]...[StressSolver_bulk]
AddEquationBasics: Checking for _bulk solver
Loading user function library: [StressSolve]...[StressSolver]
AddEquationBasics: Treating variable string: -dofs 3 displacement
AddEquationBasics: Creating standard variable: displacement
AddEquationBasics: Computing size of permutation vector
AddEquationBasics: Maximum size of permutation vector is: 6565
AddEquationBasics: Creating solver matrix topology
CreateMatrix: Creating initial permutation
CreateMatrix: Creating inverse of initial order of size: 6565
CreateMatrix: Creating list matrix for equation: linelast
MakeListMatrix: Creating list matrix
OptimizeBandwidth: ---------------------------------------------------------
OptimizeBandwidth: Computing matrix structure for: linelast
OptimizeBandwidth: Initial bandwidth for linelast: 6419
OptimizeBandwidth: Optimized bandwidth for linelast: 535
OptimizeBandwidth: ---------------------------------------------------------
CreateMatrix: Initializing list matrix for equation
CRS_CreateMatrix: Creating CRS Matrix of size: 19695
CRS_CreateMatrix: Creating CRS Matrix with nofs: 1398933
CreateMatrix: Sparse matrix created
AddEquationBasics: Number of rows in CRS matrix: 19695
AddEquationBasics: Creating solver variable
VariableAdd: Adding variable > displacement < of size 19695
VariableAdd: Adding variable > displacement 1 < of size 6565
VariableAdd: Adding variable > displacement 2 < of size 6565
VariableAdd: Adding variable > displacement 3 < of size 6565
SolverInitialization: Elapsed REAL time:     0.3202 (s)
AddSolvers: Setting up solver 2: savescalars
AddEquationBasics: Using procedure: SaveData SaveScalars
AddEquationBasics: Setting up solver: savescalars
Loading user function library: [SaveData]...[SaveScalars_Init]
AddEquationBasics: Checking for _init solver
Loading user function library: [SaveData]...[SaveScalars_bulk]
Loading user function library: [SaveData]...[SaveScalars_bulk]
AddEquationBasics: Checking for _bulk solver
Loading user function library: [SaveData]...[SaveScalars]
AddEquationBasics: Creating null variable with no name
AddSolvers: Setting up solvers done
AddTimeEtc: Setting time and other global variables
VariableAdd: Adding variable > Time < of size 1
VariableAdd: Adding variable > Timestep < of size 1
VariableAdd: Adding variable > Timestep size < of size 1
VariableAdd: Adding variable > Timestep interval < of size 1
VariableAdd: Adding variable > nonlin iter < of size 1
VariableAdd: Adding variable > coupled iter < of size 1
VariableAdd: Adding variable > Partition < of size 1
VariableAdd: Adding variable > Time < of size 1
VariableAdd: Adding variable > Timestep < of size 1
VariableAdd: Adding variable > Timestep size < of size 1
VariableAdd: Adding variable > Timestep interval < of size 1
VariableAdd: Adding variable > nonlin iter < of size 1
VariableAdd: Adding variable > coupled iter < of size 1
VariableAdd: Adding variable > Partition < of size 1
VariableAdd: Adding variable > Time < of size 1
VariableAdd: Adding variable > Timestep < of size 1
VariableAdd: Adding variable > Timestep size < of size 1
VariableAdd: Adding variable > Timestep interval < of size 1
VariableAdd: Adding variable > nonlin iter < of size 1
VariableAdd: Adding variable > coupled iter < of size 1
VariableAdd: Adding variable > Partition < of size 1
MAIN: Random seed initialized to: 314159265
SetInitialConditions: Setting up initial conditions (if any)
MAIN: Number of timesteps to be saved: 1
MAIN: 
MAIN: -------------------------------------
MAIN:  Steady state iteration:            1
MAIN: -------------------------------------
MAIN: 
SolveEquations: Solvers before timestep
SolveEquations: Solvers in main iteration loop
SolveEquations: Performing set of solvers in sequence
ListTagCount: Counting tags for keyword normalization!
SetActiveElementsTable: Creating active element table for: linelast
SetActiveElementsTable: Number of active elements found : 5376
ParallelInitMatrix: Creating communication structures for matrix!
ParallelInitMatrix: Allocating communication structures for matrix!
SplitMatrix: Splitting parallel matrix
SplitMatrix: Allocating split stuff for 384 partitions!
List_ToListMatrix: Matrix format changed from CRS to List
List_ToCRSMatrix: Changing matrix type with number of non-zeros: 1392507
List_ToCRSMatrix: Matrix format changed from List to CRS
SingleSolver: Attempting to call solver: 1
SingleSolver: Solver Equation string is: linelast
StressSolve: 
StressSolve: --------------------------------------------------
StressSolve: Solving displacements from linear elasticity model
StressSolve: --------------------------------------------------
DefaultStart: Starting solver: linelast
StressSolve: Starting assembly...
InitializeToZero: Initializing the linear system to zero
StressSolve: Assembly:
SetNodalLoads: Finished checking for nodal loads
SetNodalLoads: Finished checking for nodal loads
SetNodalLoads: Finished checking for nodal loads
SetDirichletBoundaries: Number of dofs set for displacement: 0
DefUtils::DefaultDirichletBCs: Setting Dirichlet boundary conditions
SetDirichletBoundaries: Number of dofs set for displacement 1: 25600
DefUtils::DefaultDirichletBCs: p-element condition setup: displacement 1
SetDirichletBoundaries: Number of dofs set for displacement 2: 25600
DefUtils::DefaultDirichletBCs: p-element condition setup: displacement 2
SetDirichletBoundaries: Number of dofs set for displacement 3: 25600
DefUtils::DefaultDirichletBCs: p-element condition setup: displacement 3
EnforceDirichletConditions: Enforcing total of 21846 Dirichlet conditions.
EnforceDirichletConditions: Applying Dirichlet conditions using scaled diagonal
ScaleLinearSystem: Creating > DiagScaling < vector of size 19695
EnforceDirichletConditions: Dirichlet conditions enforced for dofs: 19683
EnforceDirichletConditions: Dirichlet conditions shared count: 2163
DefUtils::DefaultDirichletBCs: Dirichlet boundary conditions set
DefaultSolve: Solving linear system with default routines
GenerateConstraintMatrix: Nothing to do for now
SolveSystem: Solving linear system
SolveSystem: Solving linear system in standard way
SolveLinearSystem: Assuming real valued linear system
SolveLinearSystem: Using previously created parallel matrix structures!
SolveLinearSystem: Assuming parallel linear system
ScaleLinearSystem: Creating > DiagScaling < vector of size 19695
SolveLinearSystem: Linear System Preconditioning: ilu0
Prec0-ilu0: Elapsed REAL time:     0.0000 (s)
SolveLinearSystem: CRS matrix passed the dense test of size 3
SolveLinearSystem: Parallel linear System Solver: iterative
SParIterSolver: Solving linear in parallel with iterative methods
SplittedMatrix: Elapsed REAL time:     0.0624 (s)
IterSolver: Using iterative method: idrs
IterSolver: Matrix is real valued
CRS_IncompleteLU: ILU(0) (Real), Performing Factorization:
CRS_IncompleteLU: Allocated LU matrix of size: 1392507
CRS_IncompleteLU: Performing incomplete LU
CRS_IncompleteLU: ILU(0) (Real), NOF nonzeros:   1392508
CRS_IncompleteLU: ILU(0) (Real), filling (%) :       100
CRS_IncompleteLU: ILU(0) (Real), Factorization time (s):     0.03
Prec-ilu0: Elapsed REAL time:     0.0285 (s)
      20 0.2131E+02
      40 0.4338E+02
      60 0.5646E+03
      80 0.2799E+03
     100 0.1750E+04
     120 0.3999E+02
     140 0.4226E+02
     160 0.2881E+01
     180 0.3582E+01
     200 0.3764E+01
     220 0.1216E+02
     240 0.6075E+01
     260 0.6328E+01
     280 0.2837E+02
     300 0.7988E+01
     320 0.8784E+00
     340 0.1556E+01
     360 0.5275E+00
     380 0.2460E+01
     400 0.3549E+00
     420 0.4116E+00
     440 0.1616E+01
     460 0.3753E+00
     480 0.8974E+00
     500 0.7977E+00
     520 0.8631E+00
     540 0.3525E+00
     560 0.4146E+01
     580 0.4272E+00
     600 0.4375E+00
     620 0.6724E+00
     640 0.3461E+00
     660 0.2069E+00
     680 0.1733E+00
     700 0.2303E+00
     720 0.2341E+00
     740 0.2099E+00
     760 0.1445E+00
     780 0.6067E-01
     800 0.4335E+00
     820 0.6318E-01
     840 0.2514E+00
     860 0.1029E+00
     880 0.3041E+00
     900 0.1003E+00
     920 0.8735E-01
     940 0.1335E+00
     960 0.7580E-01
     980 0.6479E-01
    1000 0.1494E+00
    1020 0.2752E+00
    1040 0.2021E+00
    1060 0.4360E-01
    1080 0.1487E+00
    1100 0.1105E+02
    1120 0.1905E-01
    1140 0.8388E+00
    1160 0.1192E+00
    1180 0.4850E-01
    1200 0.6049E-01
    1220 0.7630E-01
    1240 0.5541E-02
    1260 0.6413E-02
    1280 0.5693E-02
    1300 0.4897E-02
    1320 0.5108E-02
    1340 0.3685E-02
    1360 0.3635E-02
    1380 0.2373E-01
    1400 0.5374E-01
    1420 0.7918E-02
    1440 0.9597E-02
    1460 0.3517E-01
    1480 0.3877E+00
    1500 0.1156E-01
    1520 0.1005E-01
    1540 0.3250E-02
    1560 0.4646E-02
    1580 0.3007E-02
    1600 0.1739E-01
    1620 0.4199E-02
    1640 0.1752E-02
    1660 0.3176E-02
    1680 0.1381E-02
    1700 0.1148E-03
    1720 0.3001E-04
    1740 0.1521E-04
    1760 0.3140E-04
    1780 0.4776E-04
    1800 0.5562E-05
    1820 0.1541E-05
    1840 0.8832E-06
    1860 0.1907E-06
    1880 0.1151E-06
    1900 0.2734E-06
    1920 0.1839E-07
Idrs:     1934 0.6915E-08
BackScaleLinearSystem: Scaling back to original scale
ComputeNorm: Computing norm of solution
ComputeNorm: Using consistent norm in parallel
ComputeChange: NS (ITER=1) (NRM,RELC): ( 0.23389155E-01  2.0000000     ) :: linelast
SolveSystem: System solved
SolveSystem: Linear system time (CPU,REAL) for displacement:    37.40   38.18 (s)
SolveSystem: Finished solving the system
DefaultFinish: Finished solver: linelast
StressSolver: All done
StressSolver: ------------------------------------------
SolverActivate: Solver time (CPU,REAL) for linelast:    37.88   38.86 (s)
ComputeNorm: Computing norm of solution
ComputeNorm: Using consistent norm in parallel
ComputeChange: SS (ITER=1) (NRM,RELC): ( 0.23389155E-01  2.0000000     ) :: linelast
SetActiveElementsTable: Creating active element table for: savescalars
SetActiveElementsTable: No active elements found
SingleSolver: Attempting to call solver: 2
SingleSolver: Solver Equation string is: savescalars
SaveScalars: -----------------------------------------
SaveScalars: Saving scalar values of various kinds
SolverOutputDirectory: Creating directory: results_cpu
SaveScalars: Treating variable: displacement
SaveScalars: Treating operator: dofs
OperToParOperMap: dofs -> sum
SaveScalars: Treating variable: displacement
SaveScalars: Treating operator: elements
OperToParOperMap: elements -> sum
SaveScalars: Treating variable: displacement
SaveScalars: Treating operator: partitions
OperToParOperMap: partitions -> none
SaveScalars: Treating variable: displacement
SaveScalars: Treating operator: norm
OperToParOperMap: norm -> none
SaveScalars: Treating variable: displacement
SaveScalars: Treating operator: cpu time
OperToParOperMap: cpu time -> none
SaveScalars: Performed 5 reduction operations
SaveScalars: Adding information on simulation timing
SaveScalars: Found 4 result scalars in simulation section
SaveScalars: Found 12 values to save in total
SaveScalars: Saving names of values to file: results_cpu/f384.dat.names
SaveScalars: Parallel data is reduced into one file
SaveScalars: Data is appended to existing file
SaveScalars: Saving values to file: results_cpu/f384.dat
SaveScalars: -----------------------------------------
SolveEquations: Solvers after timestep
WARNING:: CompareToReferenceSolution: Solver 1 FAILED:  Norm = 2.33891552E-02  RefNorm = 2.33900606E-02
CompareToReferenceSolution: Relative Error to reference norm: 3.871023E-05
ReloadInputFile: Reloading input file
LoadInputFile: Loading input file:
WARNING:: CompareToReferenceSolution: FAILED 1 tests out of 1!
MAIN: Reporting unused list entries for sif improvement!
MAIN: If you do not want these lines undefine > DEVEL_LISTUSAGE < !
   Unused keywords:
       Simulation            max output level
       Solver 1              linear system ilut tolerance
       Solver 1              linear system abort not converged
MAIN: *** Elmer Solver: ALL DONE ***
FreeModel: Freeing meshes
ReleaseMesh: Releasing mesh variables
ReleaseMesh: Releasing mesh nodes
ReleaseMesh: Releasing mesh finished
ReleaseMesh: Releasing mesh variables
ReleaseMesh: Releasing mesh nodes
ReleaseMesh: Releasing mesh finished
ReleaseMesh: Releasing mesh variables
ReleaseMesh: Releasing mesh nodes
ReleaseMesh: Releasing mesh finished
FreeModel: Freeing constants list
FreeModel: Freeing simulation list
FreeModel: Freeing boundary lists
FreeModel: Freeing solvers
Loading user function library: [StressSolve]...[StressSolver_Finalize]
Loading user function library: [StressSolve]...[StressSolver_Finalize]
Loading user function library: [SaveData]...[SaveScalars_Finalize]
Loading user function library: [SaveData]...[SaveScalars_Finalize]
FreeModel: Freeing initial conditions lists
FreeModel: Freeing body lists
FreeModel: Freeing equations lists
FreeModel: Freeing body forces lists
ParallelFinalize: Final synchronization of the MPI system!
MAIN: The end
SOLVER TOTAL TIME(CPU,REAL):        38.39       77.91
ELMER SOLVER FINISHED AT: 2026/07/28 13:58:31

Ending linsys/elmer_iter_Idrs5_ILU0.sif with mesh level 3
Elapsed time: 97 s
-----------------------------------


Solver linsys/elmer_iter_Idrs5_ILU1.sif not recommended for given problem. Ignoring it


Solver linsys/elmer_iter_Idrs5_ILUT_1.sif not recommended for given problem. Ignoring it


Solver linsys/elmer_iter_Idrs5_ILUT_2.sif not recommended for given problem. Ignoring it


Solver linsys/elmer_iter_Idrs5_ILUT_3.sif not recommended for given problem. Ignoring it


Solver linsys/elmer_iter_Idrs5_ILUT_4.sif not recommended for given problem. Ignoring it


Solver linsys/elmer_iter_Idrs5_ILUT_5.sif not recommended for given problem. Ignoring it


Solver linsys/elmer_iter_Idrs5_ILUT_6.sif not recommended for given problem. Ignoring it


Solver linsys/elmer_iter_Idrs5_ILUT_7.sif not recommended for given problem. Ignoring it


Solver linsys/elmer_iter_Idrs5_none.sif not recommended for given problem. Ignoring it


Solver linsys/elmer_iter_Idrs5_vanka1.sif not recommended for given problem. Ignoring it


Solver linsys/elmer_iter_Idrs5_vanka2.sif not recommended for given problem. Ignoring it


Solver linsys/elmer_iter_Idrs5_vanka.sif not recommended for given problem. Ignoring it


Solver linsys/elmer_iter_Tfqmr_ILU0.sif not recommended for given problem. Ignoring it


Solver linsys/elmer_P_BiCGStab2_CG_ILU0.sif not recommended for given problem. Ignoring it


Solver linsys/elmer_P_BiCGStab2_CG_none.sif not recommended for given problem. Ignoring it


Solver linsys/elmer_P_BiCGStab4_CG_ILU0.sif not recommended for given problem. Ignoring it


Solver linsys/elmer_P_BiCGStab4_CG_none.sif not recommended for given problem. Ignoring it


Solver linsys/elmer_P_Idrs5_CG_ILU0.sif not recommended for given problem. Ignoring it


Solver linsys/elmer_P_Idrs5_CG_none.sif not recommended for given problem. Ignoring it


Solver linsys/hypre_BiCGStab_BoomerAMG_R1_C0_S3.sif not recommended for given problem. Ignoring it


Solver linsys/hypre_BiCGStab_BoomerAMG_R1_C0_S3_wos.sif not recommended for given problem. Ignoring it


Solver linsys/hypre_BiCGStab_BoomerAMG_R1_C0_S6.sif not recommended for given problem. Ignoring it


Solver linsys/hypre_BiCGStab_BoomerAMG_R1_C0_S6_wos.sif not recommended for given problem. Ignoring it


Solver linsys/hypre_BiCGStab_BoomerAMG_R1_C1_S3.sif not recommended for given problem. Ignoring it


Solver linsys/hypre_BiCGStab_BoomerAMG_R1_C1_S3_wos.sif not recommended for given problem. Ignoring it


Solver linsys/hypre_BiCGStab_BoomerAMG_R2_C0_S3.sif not recommended for given problem. Ignoring it


Solver linsys/hypre_BiCGStab_BoomerAMG_R2_C0_S3_wos.sif not recommended for given problem. Ignoring it


Solver linsys/hypre_BiCGStab_BoomerAMG_R2_C0_S6.sif not recommended for given problem. Ignoring it


Solver linsys/hypre_BiCGStab_BoomerAMG_R2_C0_S6_wos.sif not recommended for given problem. Ignoring it


Solver linsys/hypre_BiCGStab_BoomerAMG_R2_C1_S3.sif not recommended for given problem. Ignoring it


Solver linsys/hypre_BiCGStab_BoomerAMG_R2_C1_S3_wos.sif not recommended for given problem. Ignoring it


Solver linsys/hypre_BiCGStab_BoomerAMG_R3_C0_S3.sif not recommended for given problem. Ignoring it


Solver linsys/hypre_BiCGStab_BoomerAMG_R3_C0_S3_wos.sif not recommended for given problem. Ignoring it


Solver linsys/hypre_BiCGStab_BoomerAMG_R3_C0_S6.sif not recommended for given problem. Ignoring it


Solver linsys/hypre_BiCGStab_BoomerAMG_R3_C0_S6_wos.sif not recommended for given problem. Ignoring it


Solver linsys/hypre_BiCGStab_BoomerAMG_R3_C1_S3.sif not recommended for given problem. Ignoring it


Solver linsys/hypre_BiCGStab_BoomerAMG_R3_C1_S3_wos.sif not recommended for given problem. Ignoring it


Solver linsys/hypre_BiCGStab_BoomerAMG_smoother3.sif not recommended for given problem. Ignoring it


Solver linsys/hypre_BiCGStab_BoomerAMG_smoother6.sif not recommended for given problem. Ignoring it


Solver linsys/hypre_BiCGStab_BoomerAMG_wo_scaling.sif not recommended for given problem. Ignoring it


Solver linsys/hypre_BiCGStab_ILU0.sif not recommended for given problem. Ignoring it


Solver linsys/hypre_BiCGStab_ILU1.sif not recommended for given problem. Ignoring it


Solver linsys/hypre_BiCGStab_none.sif not recommended for given problem. Ignoring it



-----------------------------------
Starting linsys/hypre_BiCGStab_Parasails.sif with mesh level 3

ELMER SOLVER (v 26.2) STARTED AT: 2026/07/28 13:58:47
ELMER SOLVER (v 26.2) STARTED AT: 2026/07/28 13:58:47
ELMER SOLVER (v 26.2) STARTED AT: 2026/07/28 13:58:47
ELMER SOLVER (v 26.2) STARTED AT: 2026/07/28 13:58:47
ELMER SOLVER (v 26.2) STARTED AT: 2026/07/28 13:58:47
ELMER SOLVER (v 26.2) STARTED AT: 2026/07/28 13:58:47
ELMER SOLVER (v 26.2) STARTED AT: 2026/07/28 13:58:47
ELMER SOLVER (v 26.2) STARTED AT: 2026/07/28 13:58:47
ELMER SOLVER (v 26.2) STARTED AT: 2026/07/28 13:58:47
ELMER SOLVER (v 26.2) STARTED AT: 2026/07/28 13:58:47
ELMER SOLVER (v 26.2) STARTED AT: 2026/07/28 13:58:47
ELMER SOLVER (v 26.2) STARTED AT: 2026/07/28 13:58:47
ELMER SOLVER (v 26.2) STARTED AT: 2026/07/28 13:58:47
ELMER SOLVER (v 26.2) STARTED AT: 2026/07/28 13:58:47
ELMER SOLVER (v 26.2) STARTED AT: 2026/07/28 13:58:47
ELMER SOLVER (v 26.2) STARTED AT: 2026/07/28 13:58:47
ELMER SOLVER (v 26.2) STARTED AT: 2026/07/28 13:58:47
ELMER SOLVER (v 26.2) STARTED AT: 2026/07/28 13:58:47
ELMER SOLVER (v 26.2) STARTED AT: 2026/07/28 13:58:47
ELMER SOLVER (v 26.2) STARTED AT: 2026/07/28 13:58:47
ELMER SOLVER (v 26.2) STARTED AT: 2026/07/28 13:58:47
ELMER SOLVER (v 26.2) STARTED AT: 2026/07/28 13:58:47
ELMER SOLVER (v 26.2) STARTED AT: 2026/07/28 13:58:47
ELMER SOLVER (v 26.2) STARTED AT: 2026/07/28 13:58:47
ELMER SOLVER (v 26.2) STARTED AT: 2026/07/28 13:58:47
ELMER SOLVER (v 26.2) STARTED AT: 2026/07/28 13:58:47
ELMER SOLVER (v 26.2) STARTED AT: 2026/07/28 13:58:47
ELMER SOLVER (v 26.2) STARTED AT: 2026/07/28 13:58:47
ELMER SOLVER (v 26.2) STARTED AT: 2026/07/28 13:58:47
ELMER SOLVER (v 26.2) STARTED AT: 2026/07/28 13:58:47
ELMER SOLVER (v 26.2) STARTED AT: 2026/07/28 13:58:47
ELMER SOLVER (v 26.2) STARTED AT: 2026/07/28 13:58:48
ELMER SOLVER (v 26.2) STARTED AT: 2026/07/28 13:58:48
ELMER SOLVER (v 26.2) STARTED AT: 2026/07/28 13:58:48
ELMER SOLVER (v 26.2) STARTED AT: 2026/07/28 13:58:48
ELMER SOLVER (v 26.2) STARTED AT: 2026/07/28 13:58:48
ELMER SOLVER (v 26.2) STARTED AT: 2026/07/28 13:58:48
ELMER SOLVER (v 26.2) STARTED AT: 2026/07/28 13:58:48
ELMER SOLVER (v 26.2) STARTED AT: 2026/07/28 13:58:48
ELMER SOLVER (v 26.2) STARTED AT: 2026/07/28 13:58:48
ELMER SOLVER (v 26.2) STARTED AT: 2026/07/28 13:58:48
ELMER SOLVER (v 26.2) STARTED AT: 2026/07/28 13:58:48
ELMER SOLVER (v 26.2) STARTED AT: 2026/07/28 13:58:48
ELMER SOLVER (v 26.2) STARTED AT: 2026/07/28 13:58:48
ELMER SOLVER (v 26.2) STARTED AT: 2026/07/28 13:58:48
ELMER SOLVER (v 26.2) STARTED AT: 2026/07/28 13:58:48
ELMER SOLVER (v 26.2) STARTED AT: 2026/07/28 13:58:48
ELMER SOLVER (v 26.2) STARTED AT: 2026/07/28 13:58:48
ELMER SOLVER (v 26.2) STARTED AT: 2026/07/28 13:58:48
ELMER SOLVER (v 26.2) STARTED AT: 2026/07/28 13:58:48
ELMER SOLVER (v 26.2) STARTED AT: 2026/07/28 13:58:48
ELMER SOLVER (v 26.2) STARTED AT: 2026/07/28 13:58:48
ELMER SOLVER (v 26.2) STARTED AT: 2026/07/28 13:58:48
ELMER SOLVER (v 26.2) STARTED AT: 2026/07/28 13:58:48
ELMER SOLVER (v 26.2) STARTED AT: 2026/07/28 13:58:48
ELMER SOLVER (v 26.2) STARTED AT: 2026/07/28 13:58:48
ELMER SOLVER (v 26.2) STARTED AT: 2026/07/28 13:58:48
ELMER SOLVER (v 26.2) STARTED AT: 2026/07/28 13:58:48
ELMER SOLVER (v 26.2) STARTED AT: 2026/07/28 13:58:48
ELMER SOLVER (v 26.2) STARTED AT: 2026/07/28 13:58:48
ELMER SOLVER (v 26.2) STARTED AT: 2026/07/28 13:58:48
ELMER SOLVER (v 26.2) STARTED AT: 2026/07/28 13:58:48
ELMER SOLVER (v 26.2) STARTED AT: 2026/07/28 13:58:48
ELMER SOLVER (v 26.2) STARTED AT: 2026/07/28 13:58:48
ELMER SOLVER (v 26.2) STARTED AT: 2026/07/28 13:58:48
ELMER SOLVER (v 26.2) STARTED AT: 2026/07/28 13:58:48
ELMER SOLVER (v 26.2) STARTED AT: 2026/07/28 13:58:48
ELMER SOLVER (v 26.2) STARTED AT: 2026/07/28 13:58:48
ELMER SOLVER (v 26.2) STARTED AT: 2026/07/28 13:58:48
ELMER SOLVER (v 26.2) STARTED AT: 2026/07/28 13:58:48
ELMER SOLVER (v 26.2) STARTED AT: 2026/07/28 13:58:48
ELMER SOLVER (v 26.2) STARTED AT: 2026/07/28 13:58:48
ELMER SOLVER (v 26.2) STARTED AT: 2026/07/28 13:58:48
ELMER SOLVER (v 26.2) STARTED AT: 2026/07/28 13:58:48
ELMER SOLVER (v 26.2) STARTED AT: 2026/07/28 13:58:48
ELMER SOLVER (v 26.2) STARTED AT: 2026/07/28 13:58:48
ELMER SOLVER (v 26.2) STARTED AT: 2026/07/28 13:58:48
ELMER SOLVER (v 26.2) STARTED AT: 2026/07/28 13:58:48
ELMER SOLVER (v 26.2) STARTED AT: 2026/07/28 13:58:48
ELMER SOLVER (v 26.2) STARTED AT: 2026/07/28 13:58:48
ELMER SOLVER (v 26.2) STARTED AT: 2026/07/28 13:58:48
ELMER SOLVER (v 26.2) STARTED AT: 2026/07/28 13:58:48
ELMER SOLVER (v 26.2) STARTED AT: 2026/07/28 13:58:48
ELMER SOLVER (v 26.2) STARTED AT: 2026/07/28 13:58:48
ELMER SOLVER (v 26.2) STARTED AT: 2026/07/28 13:58:48
ELMER SOLVER (v 26.2) STARTED AT: 2026/07/28 13:58:48
ELMER SOLVER (v 26.2) STARTED AT: 2026/07/28 13:58:48
ELMER SOLVER (v 26.2) STARTED AT: 2026/07/28 13:58:48
ELMER SOLVER (v 26.2) STARTED AT: 2026/07/28 13:58:48
ELMER SOLVER (v 26.2) STARTED AT: 2026/07/28 13:58:48
ELMER SOLVER (v 26.2) STARTED AT: 2026/07/28 13:58:48
ELMER SOLVER (v 26.2) STARTED AT: 2026/07/28 13:58:48
ELMER SOLVER (v 26.2) STARTED AT: 2026/07/28 13:58:48
ELMER SOLVER (v 26.2) STARTED AT: 2026/07/28 13:58:48
ELMER SOLVER (v 26.2) STARTED AT: 2026/07/28 13:58:48
ELMER SOLVER (v 26.2) STARTED AT: 2026/07/28 13:58:48
ELMER SOLVER (v 26.2) STARTED AT: 2026/07/28 13:58:48
ELMER SOLVER (v 26.2) STARTED AT: 2026/07/28 13:58:48
ELMER SOLVER (v 26.2) STARTED AT: 2026/07/28 13:58:48
ELMER SOLVER (v 26.2) STARTED AT: 2026/07/28 13:58:48
ELMER SOLVER (v 26.2) STARTED AT: 2026/07/28 13:58:48
ELMER SOLVER (v 26.2) STARTED AT: 2026/07/28 13:58:48
ELMER SOLVER (v 26.2) STARTED AT: 2026/07/28 13:58:48
ELMER SOLVER (v 26.2) STARTED AT: 2026/07/28 13:58:48
ELMER SOLVER (v 26.2) STARTED AT: 2026/07/28 13:58:48
ELMER SOLVER (v 26.2) STARTED AT: 2026/07/28 13:58:48
ELMER SOLVER (v 26.2) STARTED AT: 2026/07/28 13:58:48
ELMER SOLVER (v 26.2) STARTED AT: 2026/07/28 13:58:48
ELMER SOLVER (v 26.2) STARTED AT: 2026/07/28 13:58:48
ELMER SOLVER (v 26.2) STARTED AT: 2026/07/28 13:58:48
ELMER SOLVER (v 26.2) STARTED AT: 2026/07/28 13:58:48
ELMER SOLVER (v 26.2) STARTED AT: 2026/07/28 13:58:48
ELMER SOLVER (v 26.2) STARTED AT: 2026/07/28 13:58:48
ELMER SOLVER (v 26.2) STARTED AT: 2026/07/28 13:58:48
ELMER SOLVER (v 26.2) STARTED AT: 2026/07/28 13:58:48
ELMER SOLVER (v 26.2) STARTED AT: 2026/07/28 13:58:48
ELMER SOLVER (v 26.2) STARTED AT: 2026/07/28 13:58:48
ELMER SOLVER (v 26.2) STARTED AT: 2026/07/28 13:58:48
ELMER SOLVER (v 26.2) STARTED AT: 2026/07/28 13:58:48
ELMER SOLVER (v 26.2) STARTED AT: 2026/07/28 13:58:48
ELMER SOLVER (v 26.2) STARTED AT: 2026/07/28 13:58:48
ELMER SOLVER (v 26.2) STARTED AT: 2026/07/28 13:58:48
ELMER SOLVER (v 26.2) STARTED AT: 2026/07/28 13:58:48
ELMER SOLVER (v 26.2) STARTED AT: 2026/07/28 13:58:48
ELMER SOLVER (v 26.2) STARTED AT: 2026/07/28 13:58:48
ELMER SOLVER (v 26.2) STARTED AT: 2026/07/28 13:58:48
ELMER SOLVER (v 26.2) STARTED AT: 2026/07/28 13:58:48
ELMER SOLVER (v 26.2) STARTED AT: 2026/07/28 13:58:48
ELMER SOLVER (v 26.2) STARTED AT: 2026/07/28 13:58:48
ELMER SOLVER (v 26.2) STARTED AT: 2026/07/28 13:58:48
ELMER SOLVER (v 26.2) STARTED AT: 2026/07/28 13:58:48
ELMER SOLVER (v 26.2) STARTED AT: 2026/07/28 13:58:48
ELMER SOLVER (v 26.2) STARTED AT: 2026/07/28 13:58:48
ELMER SOLVER (v 26.2) STARTED AT: 2026/07/28 13:58:48
ELMER SOLVER (v 26.2) STARTED AT: 2026/07/28 13:58:48
ELMER SOLVER (v 26.2) STARTED AT: 2026/07/28 13:58:48
ELMER SOLVER (v 26.2) STARTED AT: 2026/07/28 13:58:48
ELMER SOLVER (v 26.2) STARTED AT: 2026/07/28 13:58:48
ELMER SOLVER (v 26.2) STARTED AT: 2026/07/28 13:58:48
ELMER SOLVER (v 26.2) STARTED AT: 2026/07/28 13:58:48
ELMER SOLVER (v 26.2) STARTED AT: 2026/07/28 13:58:48
ELMER SOLVER (v 26.2) STARTED AT: 2026/07/28 13:58:48
ELMER SOLVER (v 26.2) STARTED AT: 2026/07/28 13:58:48
ELMER SOLVER (v 26.2) STARTED AT: 2026/07/28 13:58:48
ELMER SOLVER (v 26.2) STARTED AT: 2026/07/28 13:58:48
ELMER SOLVER (v 26.2) STARTED AT: 2026/07/28 13:58:48
ELMER SOLVER (v 26.2) STARTED AT: 2026/07/28 13:58:48
ELMER SOLVER (v 26.2) STARTED AT: 2026/07/28 13:58:49
ELMER SOLVER (v 26.2) STARTED AT: 2026/07/28 13:58:49
ELMER SOLVER (v 26.2) STARTED AT: 2026/07/28 13:58:49
ELMER SOLVER (v 26.2) STARTED AT: 2026/07/28 13:58:49
ELMER SOLVER (v 26.2) STARTED AT: 2026/07/28 13:58:49
ELMER SOLVER (v 26.2) STARTED AT: 2026/07/28 13:58:49
ELMER SOLVER (v 26.2) STARTED AT: 2026/07/28 13:58:49
ELMER SOLVER (v 26.2) STARTED AT: 2026/07/28 13:58:49
ELMER SOLVER (v 26.2) STARTED AT: 2026/07/28 13:58:49
ELMER SOLVER (v 26.2) STARTED AT: 2026/07/28 13:58:49
ELMER SOLVER (v 26.2) STARTED AT: 2026/07/28 13:58:49
ELMER SOLVER (v 26.2) STARTED AT: 2026/07/28 13:58:49
ELMER SOLVER (v 26.2) STARTED AT: 2026/07/28 13:58:49
ELMER SOLVER (v 26.2) STARTED AT: 2026/07/28 13:58:49
ELMER SOLVER (v 26.2) STARTED AT: 2026/07/28 13:58:49
ELMER SOLVER (v 26.2) STARTED AT: 2026/07/28 13:58:49
ELMER SOLVER (v 26.2) STARTED AT: 2026/07/28 13:58:49
ELMER SOLVER (v 26.2) STARTED AT: 2026/07/28 13:58:49
ELMER SOLVER (v 26.2) STARTED AT: 2026/07/28 13:58:49
ELMER SOLVER (v 26.2) STARTED AT: 2026/07/28 13:58:49
ELMER SOLVER (v 26.2) STARTED AT: 2026/07/28 13:58:49
ELMER SOLVER (v 26.2) STARTED AT: 2026/07/28 13:58:49
ELMER SOLVER (v 26.2) STARTED AT: 2026/07/28 13:58:49
ELMER SOLVER (v 26.2) STARTED AT: 2026/07/28 13:58:49
ELMER SOLVER (v 26.2) STARTED AT: 2026/07/28 13:58:49
ELMER SOLVER (v 26.2) STARTED AT: 2026/07/28 13:58:49
ELMER SOLVER (v 26.2) STARTED AT: 2026/07/28 13:58:49
ELMER SOLVER (v 26.2) STARTED AT: 2026/07/28 13:58:49
ELMER SOLVER (v 26.2) STARTED AT: 2026/07/28 13:58:49
ELMER SOLVER (v 26.2) STARTED AT: 2026/07/28 13:58:49
ELMER SOLVER (v 26.2) STARTED AT: 2026/07/28 13:58:49
ELMER SOLVER (v 26.2) STARTED AT: 2026/07/28 13:58:49
ELMER SOLVER (v 26.2) STARTED AT: 2026/07/28 13:58:49
ELMER SOLVER (v 26.2) STARTED AT: 2026/07/28 13:58:49
ELMER SOLVER (v 26.2) STARTED AT: 2026/07/28 13:58:49
ELMER SOLVER (v 26.2) STARTED AT: 2026/07/28 13:58:49
ELMER SOLVER (v 26.2) STARTED AT: 2026/07/28 13:58:49
ELMER SOLVER (v 26.2) STARTED AT: 2026/07/28 13:58:49
ELMER SOLVER (v 26.2) STARTED AT: 2026/07/28 13:58:49
ELMER SOLVER (v 26.2) STARTED AT: 2026/07/28 13:58:49
ELMER SOLVER (v 26.2) STARTED AT: 2026/07/28 13:58:49
ELMER SOLVER (v 26.2) STARTED AT: 2026/07/28 13:58:49
ELMER SOLVER (v 26.2) STARTED AT: 2026/07/28 13:58:49
ELMER SOLVER (v 26.2) STARTED AT: 2026/07/28 13:58:49
ELMER SOLVER (v 26.2) STARTED AT: 2026/07/28 13:58:49
ELMER SOLVER (v 26.2) STARTED AT: 2026/07/28 13:58:49
ELMER SOLVER (v 26.2) STARTED AT: 2026/07/28 13:58:49
ELMER SOLVER (v 26.2) STARTED AT: 2026/07/28 13:58:49
ELMER SOLVER (v 26.2) STARTED AT: 2026/07/28 13:58:49
ELMER SOLVER (v 26.2) STARTED AT: 2026/07/28 13:58:49
ELMER SOLVER (v 26.2) STARTED AT: 2026/07/28 13:58:49
ELMER SOLVER (v 26.2) STARTED AT: 2026/07/28 13:58:49
ELMER SOLVER (v 26.2) STARTED AT: 2026/07/28 13:58:49
ELMER SOLVER (v 26.2) STARTED AT: 2026/07/28 13:58:49
ELMER SOLVER (v 26.2) STARTED AT: 2026/07/28 13:58:49
ELMER SOLVER (v 26.2) STARTED AT: 2026/07/28 13:58:49
ELMER SOLVER (v 26.2) STARTED AT: 2026/07/28 13:58:49
ELMER SOLVER (v 26.2) STARTED AT: 2026/07/28 13:58:49
ELMER SOLVER (v 26.2) STARTED AT: 2026/07/28 13:58:49
ELMER SOLVER (v 26.2) STARTED AT: 2026/07/28 13:58:49
ELMER SOLVER (v 26.2) STARTED AT: 2026/07/28 13:58:49
ELMER SOLVER (v 26.2) STARTED AT: 2026/07/28 13:58:49
ELMER SOLVER (v 26.2) STARTED AT: 2026/07/28 13:58:49
ELMER SOLVER (v 26.2) STARTED AT: 2026/07/28 13:58:49
ELMER SOLVER (v 26.2) STARTED AT: 2026/07/28 13:58:49
ELMER SOLVER (v 26.2) STARTED AT: 2026/07/28 13:58:49
ELMER SOLVER (v 26.2) STARTED AT: 2026/07/28 13:58:49
ELMER SOLVER (v 26.2) STARTED AT: 2026/07/28 13:58:49
ELMER SOLVER (v 26.2) STARTED AT: 2026/07/28 13:58:49
ELMER SOLVER (v 26.2) STARTED AT: 2026/07/28 13:58:49
ELMER SOLVER (v 26.2) STARTED AT: 2026/07/28 13:58:49
ELMER SOLVER (v 26.2) STARTED AT: 2026/07/28 13:58:49
ELMER SOLVER (v 26.2) STARTED AT: 2026/07/28 13:58:49
ELMER SOLVER (v 26.2) STARTED AT: 2026/07/28 13:58:49
ELMER SOLVER (v 26.2) STARTED AT: 2026/07/28 13:58:49
ELMER SOLVER (v 26.2) STARTED AT: 2026/07/28 13:58:49
ELMER SOLVER (v 26.2) STARTED AT: 2026/07/28 13:58:49
ELMER SOLVER (v 26.2) STARTED AT: 2026/07/28 13:58:49
ELMER SOLVER (v 26.2) STARTED AT: 2026/07/28 13:58:49
ELMER SOLVER (v 26.2) STARTED AT: 2026/07/28 13:58:49
ELMER SOLVER (v 26.2) STARTED AT: 2026/07/28 13:58:49
ELMER SOLVER (v 26.2) STARTED AT: 2026/07/28 13:58:49
ELMER SOLVER (v 26.2) STARTED AT: 2026/07/28 13:58:49
ELMER SOLVER (v 26.2) STARTED AT: 2026/07/28 13:58:49
ELMER SOLVER (v 26.2) STARTED AT: 2026/07/28 13:58:49
ELMER SOLVER (v 26.2) STARTED AT: 2026/07/28 13:58:49
ELMER SOLVER (v 26.2) STARTED AT: 2026/07/28 13:58:49
ELMER SOLVER (v 26.2) STARTED AT: 2026/07/28 13:58:49
ELMER SOLVER (v 26.2) STARTED AT: 2026/07/28 13:58:49
ELMER SOLVER (v 26.2) STARTED AT: 2026/07/28 13:58:49
ELMER SOLVER (v 26.2) STARTED AT: 2026/07/28 13:58:49
ELMER SOLVER (v 26.2) STARTED AT: 2026/07/28 13:58:49
ELMER SOLVER (v 26.2) STARTED AT: 2026/07/28 13:58:49
ELMER SOLVER (v 26.2) STARTED AT: 2026/07/28 13:58:49
ELMER SOLVER (v 26.2) STARTED AT: 2026/07/28 13:58:49
ELMER SOLVER (v 26.2) STARTED AT: 2026/07/28 13:58:49
ELMER SOLVER (v 26.2) STARTED AT: 2026/07/28 13:58:49
ELMER SOLVER (v 26.2) STARTED AT: 2026/07/28 13:58:49
ELMER SOLVER (v 26.2) STARTED AT: 2026/07/28 13:58:49
ELMER SOLVER (v 26.2) STARTED AT: 2026/07/28 13:58:49
ELMER SOLVER (v 26.2) STARTED AT: 2026/07/28 13:58:49
ELMER SOLVER (v 26.2) STARTED AT: 2026/07/28 13:58:49
ELMER SOLVER (v 26.2) STARTED AT: 2026/07/28 13:58:49
ELMER SOLVER (v 26.2) STARTED AT: 2026/07/28 13:58:49
ELMER SOLVER (v 26.2) STARTED AT: 2026/07/28 13:58:49
ELMER SOLVER (v 26.2) STARTED AT: 2026/07/28 13:58:49
ELMER SOLVER (v 26.2) STARTED AT: 2026/07/28 13:58:49
ELMER SOLVER (v 26.2) STARTED AT: 2026/07/28 13:58:49
ELMER SOLVER (v 26.2) STARTED AT: 2026/07/28 13:58:49
ELMER SOLVER (v 26.2) STARTED AT: 2026/07/28 13:58:49
ELMER SOLVER (v 26.2) STARTED AT: 2026/07/28 13:58:49
ELMER SOLVER (v 26.2) STARTED AT: 2026/07/28 13:58:49
ELMER SOLVER (v 26.2) STARTED AT: 2026/07/28 13:58:49
ELMER SOLVER (v 26.2) STARTED AT: 2026/07/28 13:58:49
ELMER SOLVER (v 26.2) STARTED AT: 2026/07/28 13:58:49
ELMER SOLVER (v 26.2) STARTED AT: 2026/07/28 13:58:49
ELMER SOLVER (v 26.2) STARTED AT: 2026/07/28 13:58:49
ELMER SOLVER (v 26.2) STARTED AT: 2026/07/28 13:58:49
ELMER SOLVER (v 26.2) STARTED AT: 2026/07/28 13:58:49
ELMER SOLVER (v 26.2) STARTED AT: 2026/07/28 13:58:49
ELMER SOLVER (v 26.2) STARTED AT: 2026/07/28 13:58:49
ELMER SOLVER (v 26.2) STARTED AT: 2026/07/28 13:58:49
ELMER SOLVER (v 26.2) STARTED AT: 2026/07/28 13:58:49
ELMER SOLVER (v 26.2) STARTED AT: 2026/07/28 13:58:49
ELMER SOLVER (v 26.2) STARTED AT: 2026/07/28 13:58:49
ELMER SOLVER (v 26.2) STARTED AT: 2026/07/28 13:58:49
ELMER SOLVER (v 26.2) STARTED AT: 2026/07/28 13:58:49
ELMER SOLVER (v 26.2) STARTED AT: 2026/07/28 13:58:49
ELMER SOLVER (v 26.2) STARTED AT: 2026/07/28 13:58:49
ELMER SOLVER (v 26.2) STARTED AT: 2026/07/28 13:58:49
ELMER SOLVER (v 26.2) STARTED AT: 2026/07/28 13:58:49
ELMER SOLVER (v 26.2) STARTED AT: 2026/07/28 13:58:49
ELMER SOLVER (v 26.2) STARTED AT: 2026/07/28 13:58:49
ELMER SOLVER (v 26.2) STARTED AT: 2026/07/28 13:58:49
ELMER SOLVER (v 26.2) STARTED AT: 2026/07/28 13:58:49
ELMER SOLVER (v 26.2) STARTED AT: 2026/07/28 13:58:49
ELMER SOLVER (v 26.2) STARTED AT: 2026/07/28 13:58:49
ELMER SOLVER (v 26.2) STARTED AT: 2026/07/28 13:58:49
ELMER SOLVER (v 26.2) STARTED AT: 2026/07/28 13:58:49
ELMER SOLVER (v 26.2) STARTED AT: 2026/07/28 13:58:49
ELMER SOLVER (v 26.2) STARTED AT: 2026/07/28 13:58:49
ELMER SOLVER (v 26.2) STARTED AT: 2026/07/28 13:58:49
ELMER SOLVER (v 26.2) STARTED AT: 2026/07/28 13:58:49
ELMER SOLVER (v 26.2) STARTED AT: 2026/07/28 13:58:49
ELMER SOLVER (v 26.2) STARTED AT: 2026/07/28 13:58:49
ELMER SOLVER (v 26.2) STARTED AT: 2026/07/28 13:58:49
ELMER SOLVER (v 26.2) STARTED AT: 2026/07/28 13:58:49
ELMER SOLVER (v 26.2) STARTED AT: 2026/07/28 13:58:49
ELMER SOLVER (v 26.2) STARTED AT: 2026/07/28 13:58:49
ELMER SOLVER (v 26.2) STARTED AT: 2026/07/28 13:58:49
ELMER SOLVER (v 26.2) STARTED AT: 2026/07/28 13:58:49
ELMER SOLVER (v 26.2) STARTED AT: 2026/07/28 13:58:49
ELMER SOLVER (v 26.2) STARTED AT: 2026/07/28 13:58:49
ELMER SOLVER (v 26.2) STARTED AT: 2026/07/28 13:58:49
ELMER SOLVER (v 26.2) STARTED AT: 2026/07/28 13:58:49
ELMER SOLVER (v 26.2) STARTED AT: 2026/07/28 13:58:49
ELMER SOLVER (v 26.2) STARTED AT: 2026/07/28 13:58:49
ELMER SOLVER (v 26.2) STARTED AT: 2026/07/28 13:58:49
ELMER SOLVER (v 26.2) STARTED AT: 2026/07/28 13:58:49
ELMER SOLVER (v 26.2) STARTED AT: 2026/07/28 13:58:49
ELMER SOLVER (v 26.2) STARTED AT: 2026/07/28 13:58:49
ELMER SOLVER (v 26.2) STARTED AT: 2026/07/28 13:58:49
ELMER SOLVER (v 26.2) STARTED AT: 2026/07/28 13:58:49
ELMER SOLVER (v 26.2) STARTED AT: 2026/07/28 13:58:49
ELMER SOLVER (v 26.2) STARTED AT: 2026/07/28 13:58:49
ELMER SOLVER (v 26.2) STARTED AT: 2026/07/28 13:58:49
ELMER SOLVER (v 26.2) STARTED AT: 2026/07/28 13:58:49
ELMER SOLVER (v 26.2) STARTED AT: 2026/07/28 13:58:49
ELMER SOLVER (v 26.2) STARTED AT: 2026/07/28 13:58:49
ELMER SOLVER (v 26.2) STARTED AT: 2026/07/28 13:58:49
ELMER SOLVER (v 26.2) STARTED AT: 2026/07/28 13:58:49
ELMER SOLVER (v 26.2) STARTED AT: 2026/07/28 13:58:49
ELMER SOLVER (v 26.2) STARTED AT: 2026/07/28 13:58:49
ELMER SOLVER (v 26.2) STARTED AT: 2026/07/28 13:58:49
ELMER SOLVER (v 26.2) STARTED AT: 2026/07/28 13:58:49
ELMER SOLVER (v 26.2) STARTED AT: 2026/07/28 13:58:49
ELMER SOLVER (v 26.2) STARTED AT: 2026/07/28 13:58:49
ELMER SOLVER (v 26.2) STARTED AT: 2026/07/28 13:58:49
ELMER SOLVER (v 26.2) STARTED AT: 2026/07/28 13:58:49
ELMER SOLVER (v 26.2) STARTED AT: 2026/07/28 13:58:49
ELMER SOLVER (v 26.2) STARTED AT: 2026/07/28 13:58:49
ELMER SOLVER (v 26.2) STARTED AT: 2026/07/28 13:58:49
ELMER SOLVER (v 26.2) STARTED AT: 2026/07/28 13:58:49
ELMER SOLVER (v 26.2) STARTED AT: 2026/07/28 13:58:49
ELMER SOLVER (v 26.2) STARTED AT: 2026/07/28 13:58:49
ELMER SOLVER (v 26.2) STARTED AT: 2026/07/28 13:58:49
ELMER SOLVER (v 26.2) STARTED AT: 2026/07/28 13:58:49
ELMER SOLVER (v 26.2) STARTED AT: 2026/07/28 13:58:49
ELMER SOLVER (v 26.2) STARTED AT: 2026/07/28 13:58:49
ELMER SOLVER (v 26.2) STARTED AT: 2026/07/28 13:58:49
ELMER SOLVER (v 26.2) STARTED AT: 2026/07/28 13:58:49
ELMER SOLVER (v 26.2) STARTED AT: 2026/07/28 13:58:49
ELMER SOLVER (v 26.2) STARTED AT: 2026/07/28 13:58:49
ELMER SOLVER (v 26.2) STARTED AT: 2026/07/28 13:58:49
ELMER SOLVER (v 26.2) STARTED AT: 2026/07/28 13:58:49
ELMER SOLVER (v 26.2) STARTED AT: 2026/07/28 13:58:49
ELMER SOLVER (v 26.2) STARTED AT: 2026/07/28 13:58:49
ELMER SOLVER (v 26.2) STARTED AT: 2026/07/28 13:58:49
ELMER SOLVER (v 26.2) STARTED AT: 2026/07/28 13:58:49
ELMER SOLVER (v 26.2) STARTED AT: 2026/07/28 13:58:49
ELMER SOLVER (v 26.2) STARTED AT: 2026/07/28 13:58:49
ELMER SOLVER (v 26.2) STARTED AT: 2026/07/28 13:58:49
ELMER SOLVER (v 26.2) STARTED AT: 2026/07/28 13:58:49
ELMER SOLVER (v 26.2) STARTED AT: 2026/07/28 13:58:49
ELMER SOLVER (v 26.2) STARTED AT: 2026/07/28 13:58:49
ELMER SOLVER (v 26.2) STARTED AT: 2026/07/28 13:58:49
ELMER SOLVER (v 26.2) STARTED AT: 2026/07/28 13:58:49
ELMER SOLVER (v 26.2) STARTED AT: 2026/07/28 13:58:49
ELMER SOLVER (v 26.2) STARTED AT: 2026/07/28 13:58:49
ELMER SOLVER (v 26.2) STARTED AT: 2026/07/28 13:58:49
ELMER SOLVER (v 26.2) STARTED AT: 2026/07/28 13:58:49
ELMER SOLVER (v 26.2) STARTED AT: 2026/07/28 13:58:49
ELMER SOLVER (v 26.2) STARTED AT: 2026/07/28 13:58:49
ELMER SOLVER (v 26.2) STARTED AT: 2026/07/28 13:58:50
ELMER SOLVER (v 26.2) STARTED AT: 2026/07/28 13:58:50
ELMER SOLVER (v 26.2) STARTED AT: 2026/07/28 13:58:50
ELMER SOLVER (v 26.2) STARTED AT: 2026/07/28 13:58:50
ELMER SOLVER (v 26.2) STARTED AT: 2026/07/28 13:58:50
ELMER SOLVER (v 26.2) STARTED AT: 2026/07/28 13:58:50
ELMER SOLVER (v 26.2) STARTED AT: 2026/07/28 13:58:50
ELMER SOLVER (v 26.2) STARTED AT: 2026/07/28 13:58:50
ELMER SOLVER (v 26.2) STARTED AT: 2026/07/28 13:58:50
ELMER SOLVER (v 26.2) STARTED AT: 2026/07/28 13:58:50
ELMER SOLVER (v 26.2) STARTED AT: 2026/07/28 13:58:50
ELMER SOLVER (v 26.2) STARTED AT: 2026/07/28 13:58:50
ELMER SOLVER (v 26.2) STARTED AT: 2026/07/28 13:58:50
ELMER SOLVER (v 26.2) STARTED AT: 2026/07/28 13:58:50
ELMER SOLVER (v 26.2) STARTED AT: 2026/07/28 13:58:50
ELMER SOLVER (v 26.2) STARTED AT: 2026/07/28 13:58:50
ELMER SOLVER (v 26.2) STARTED AT: 2026/07/28 13:58:50
ELMER SOLVER (v 26.2) STARTED AT: 2026/07/28 13:58:50
ELMER SOLVER (v 26.2) STARTED AT: 2026/07/28 13:58:50
ELMER SOLVER (v 26.2) STARTED AT: 2026/07/28 13:58:50
ELMER SOLVER (v 26.2) STARTED AT: 2026/07/28 13:58:50
ELMER SOLVER (v 26.2) STARTED AT: 2026/07/28 13:58:50
ELMER SOLVER (v 26.2) STARTED AT: 2026/07/28 13:58:50
ELMER SOLVER (v 26.2) STARTED AT: 2026/07/28 13:58:50
 2
 2
 2
 2
 2
 2
 2
 2
 2
 2
 2
 2
 2
ParCommInit: Initialize #PEs: 384
 2
 2
 2
 2
 2
 2
 2
 2
 2
 2
 2
 2
 2
 2
 2
 2
 2
 2
 2
 2
 2
 2
 2
 2
 2
 2
 2
 2
 2
 2
 2
 2
 2
 2
 2
 2
 2
 2
 2
 2
 2
 2
 2
 2
 2
 2
 2
 2
 2
 2
 2
 2
 2
 2
 2
 2
 2
 2
 2
 2
 2
 2
 2
 2
 2
 2
 2
 2
 2
 2
 2
 2
 2
 2
 2
 2
 2
 2
 2
 2
 2
 2
 2
 2
 2
 2
 2
 2
 2
 2
 2
 2
 2
 2
 2
 2
 2
 2
 2
 2
 2
 2
 2
 2
 2
 2
 2
 2
 2
 2
 2
 2
 2
 2
 2
 2
ParCommInit: Initialize #PEs: 384
 2
 2
 2
 2
 2
 2
 2
 2
 2
 2
 2
 2
 2
 2
 2
 2
 2
 2
 2
 2
 2
 2
 2
 2
 2
 2
 2
 2
 2
 2
 2
 2
 2
 2
 2
 2
 2
 2
 2
 2
 2
 2
 2
 2
 2
 2
 2
 2
 2
 2
 2
 2
 2
 2
 2
 2
 2
 2
 2
 2
 2
 2
 2
 2
 2
ParCommInit: Initialize #PEs: 384
 2
 2
 2
 2
 2
 2
 2
 2
 2
 2
 2
 2
 2
 2
 2
 2
 2
 2
 2
 2
 2
 2
 2
 2
 2
 2
 2
 2
 2
 2
 2
 2
 2
 2
 2
 2
 2
 2
 2
 2
 2
 2
 2
 2
 2
 2
 2
 2
 2
 2
 2
 2
 2
 2
 2
 2
 2
 2
 2
 2
 2
 2
 2
 2
 2
 2
 2
 2
 2
 2
 2
 2
 2
 2
 2
 2
 2
 2
 2
 2
 2
 2
 2
 2
 2
 2
 2
 2
 2
 2
 2
 2
 2
 2
 2
 2
 2
 2
 2
 2
 2
 2
 2
 2
 2
 2
 2
 2
 2
 2
 2
 2
 2
 2
 2
 2
 2
 2
 2
 2
 2
 2
 2
 2
ParCommInit: Initialize #PEs: 384
 2
 2
 2
 2
 2
 2
 2
 2
 2
 2
 2
 2
 2
 2
 2
 2
 2
 2
 2
 2
 2
 2
 2
 2
 2
 2
 2
 2
 2
 2
 2
 2
 2
 2
MAIN: Read 2 integer parameters from command line!
 2
 2
 2
 2
 2
 2
 2
 2
 2
 2
 2
 2
 2
 2
 2
 2
 2
 2
 2
 2
 2
 2
MAIN: 
MAIN: =============================================================
MAIN: ElmerSolver finite element software, Welcome!
MAIN: This program is free software licensed under (L)GPL
MAIN: Copyright 1st April 1995 - , CSC - IT Center for Science Ltd.
MAIN: Webpage http://www.csc.fi/elmer, Email elmeradm@csc.fi
 2
 2
 2
 2
 2
 2
 2
 2
 2
 2
MAIN: Version: 26.2-unknown (Rev: a19504ac5, Compiled: 2026-06-16)
MAIN:  Running in parallel using 384 tasks.
MAIN:  Running with just one thread per task.
MAIN:  HYPRE library linked in.
MAIN:  MUMPS library linked in.
MAIN:  Lua interpreter linked in.
MAIN:  Zoltan library linked in.
MAIN:  ADIOS2 library linked in.
MAIN: =============================================================
MAIN: 
MAIN: 
MAIN: -------------------------------------
MAIN: Reading Model: case_cpu_367270.sif
LoadInputFile: Scanning input file: case_cpu_367270.sif
LoadInputFile: Scanning only size info
LoadInputFile: First time visiting
LoadInputFile: Reading base load of sif file
OpenIncludeFile: Trying to include file: linsys_367270.sif
CheckKeyword: Found keyword type assuming suffix 1 for: operator 2
CheckKeyword: Found keyword type assuming suffix 1 for: operator 2
CheckKeyword: Found keyword type assuming suffix 1 for: operator 3
CheckKeyword: Found keyword type assuming suffix 1 for: operator 3
CheckKeyword: Found keyword type assuming suffix 1 for: operator 4
CheckKeyword: Found keyword type assuming suffix 1 for: operator 4
CheckKeyword: Found keyword type assuming suffix 1 for: operator 5
CheckKeyword: Found keyword type assuming suffix 1 for: operator 5
LoadInputFile: Loading input file: case_cpu_367270.sif
LoadInputFile: Reading base load of sif file
OpenIncludeFile: Trying to include file: linsys_367270.sif
CheckKeyword: Found keyword type assuming suffix 1 for: operator 2
CheckKeyword: Found keyword type assuming suffix 1 for: operator 2
CheckKeyword: Found keyword type assuming suffix 1 for: operator 3
CheckKeyword: Found keyword type assuming suffix 1 for: operator 3
CheckKeyword: Found keyword type assuming suffix 1 for: operator 4
CheckKeyword: Found keyword type assuming suffix 1 for: operator 4
CheckKeyword: Found keyword type assuming suffix 1 for: operator 5
CheckKeyword: Found keyword type assuming suffix 1 for: operator 5
CheckKeyword:  Unlisted keyword: [line marker] in section: [solver 2]
LoadInputFile: Number of BCs: 3
LoadInputFile: Number of Body Forces: 0
LoadInputFile: Number of Initial Conditions: 0
LoadInputFile: Number of Materials: 1
LoadInputFile: Number of Equations: 1
LoadInputFile: Number of Solvers: 2
LoadInputFile: Number of Bodies: 1
Loading user function library: [StressSolve]...[StressSolver_Init0]
Loading user function library: [SaveData]...[SaveScalars_Init0]
Loading user function library: [SaveData]...[SaveScalars_Init0]
LoadMesh: Loading parallel mesh for 384 partitions
ElmerMeshReader: Performing step: 1
ElmerMeshReader: Base mesh name: ./winkel
ReadHeaderFile: Reading header info from file: ./winkel/partitioning.384/part.1.header
InitializeMesh: Number of nodes in mesh: 172
InitializeMesh: Number of bulk elements in mesh: 84
InitializeMesh: Number of boundary elements in mesh: 17
InitializeMesh: Initial number of max element nodes: 8
ElmerMeshReader: Performing step: 2
ReadNodesFile: Reading nodes from file: ./winkel/partitioning.384/part.1.nodes
SetMeshDimension: Dimension of mesh is: 3
SetMeshDimension: Max dimension of mesh is: 3
ElmerMeshReader: Performing step: 3
ReadElementsFile: Reading bulk elements from file: ./winkel/partitioning.384/part.1.elements
ElmerMeshReader: Performing step: 4
ReadBoundaryFile: Reading boundary elements from file: ./winkel/partitioning.384/part.1.boundary
PermuteNodeNumbering: Performing node mapping
MapBodiesAndBCs: Skipping remapping of bodies
MapBodiesAndBCs: Remapping boundaries
MapBodiesAndBCs: Minimum initial boundary index: 7
MapBodiesAndBCs: Maximum initial boundary index: 7
ElmerMeshReader: Performing step: 5
ReadSharedFile: Reading nodes from file: ./winkel/partitioning.384/part.1.shared
ElmerMeshReader: Performing step: 6
LoadMesh: Loading mesh done
NonNodalElements: Element dofs max: 8
SParFaceNumbering: Elapsed REAL time:     0.0001 (s)
SParEdgeNumbering: Elapsed REAL time:     0.0001 (s)
ParallelNonNodalElements: Number of initial nodes: 172
ParallelNonNodalElements: Number of initial faces: 0
ParallelNonNodalElements: Number of initial edges: 0
ParallelNonNodalElements: Number of shared nodes: 133
ParallelNonNodalElements: Number of owned shared nodes: 53
ParallelNonNodal: Elapsed REAL time:     0.0003 (s)
LoadMesh: Preparing mesh done
LoadMesh: Elapsed REAL time:     0.0526 (s)
LoadModel: Creating hierarchy of meshes by mesh multiplication: 3
LoadModel: Keeping number of meshes: 3
LoadModel: Performing splitting at level: 2
SplitMeshEqual: Mesh splitting works for first order elements 303, 404, 504, (706) and 808.
FindMeshEdges: Determining faces in 3D mesh
FindMeshFaces3D: Finding mesh faces in 3D mesh
FindMeshFaces3D: Number of faces found: 322
FindMeshEdges: Determining edges in 3D mesh
FindMeshEdges3D: Finding mesh edges in 3D mesh
FindMeshEdges3D: Number of edges found: 409
SplitMeshEqual: ******** Old mesh ********
SplitMeshEqual:  Nodes             :          172
SplitMeshEqual:  Bulk elements     :           84
SplitMeshEqual:  Boundary elements :           17
SplitMeshEqual:  Edges             :          409
SplitMeshEqual:  Faces             :          322
SplitMeshEqual: Added 322 nodes in the center of faces
SplitMeshEqual: Added 84 nodes in the center of bulks
SplitMeshEqual: Added edge centers to the nodes list.
SplitMeshEqual: Added face centers to the nodes list.
SplitMeshEqual: Added quad and brick centers to the nodes list.
SplitMeshEqual:  Count of new elements :          740
SplitMeshEqual: New mesh allocated.
SplitMeshEqual: Array for bulk elements allocated.
SplitMeshEqual: ******** New mesh ********
SplitMeshEqual:  Nodes             :          987
SplitMeshEqual:  Bulk elements     :          672
SplitMeshEqual:  Boundary elements :           68
SplitMeshEqual: Elapsed REAL time:     0.0003 (s)
SParIterGlobalNumbering:  Numbering seems consistent, advancing...
ParallelGlobalNumbering: Elapsed REAL time:     0.0462 (s)
ReleaseMeshFaceTables: Releasing number of faces: 322
SetMeshDimension: Dimension of mesh is: 3
SetMeshDimension: Max dimension of mesh is: 3
NonNodalElements: Element dofs max: 8
SParFaceNumbering: Elapsed REAL time:     0.0000 (s)
SParEdgeNumbering: Elapsed REAL time:     0.0000 (s)
ParallelNonNodalElements: Number of initial nodes: 987
ParallelNonNodalElements: Number of initial faces: 0
ParallelNonNodalElements: Number of initial edges: 0
ParallelNonNodalElements: Number of shared nodes: 511
ParallelNonNodalElements: Number of owned shared nodes: 431
ParallelNonNodal: Elapsed REAL time:     0.0000 (s)
LoadModel: Performing splitting at level: 3
SplitMeshEqual: Mesh splitting works for first order elements 303, 404, 504, (706) and 808.
FindMeshEdges: Determining faces in 3D mesh
FindMeshFaces3D: Finding mesh faces in 3D mesh
FindMeshFaces3D: Number of faces found: 2296
FindMeshEdges: Determining edges in 3D mesh
FindMeshEdges3D: Finding mesh edges in 3D mesh
FindMeshEdges3D: Number of edges found: 2610
SplitMeshEqual: ******** Old mesh ********
SplitMeshEqual:  Nodes             :          987
SplitMeshEqual:  Bulk elements     :          672
SplitMeshEqual:  Boundary elements :           68
SplitMeshEqual:  Edges             :         2610
SplitMeshEqual:  Faces             :         2296
SplitMeshEqual: Added 2296 nodes in the center of faces
SplitMeshEqual: Added 672 nodes in the center of bulks
SplitMeshEqual: Added edge centers to the nodes list.
SplitMeshEqual: Added face centers to the nodes list.
SplitMeshEqual: Added quad and brick centers to the nodes list.
SplitMeshEqual:  Count of new elements :         5648
SplitMeshEqual: New mesh allocated.
SplitMeshEqual: Array for bulk elements allocated.
SplitMeshEqual: ******** New mesh ********
SplitMeshEqual:  Nodes             :         6565
SplitMeshEqual:  Bulk elements     :         5376
SplitMeshEqual:  Boundary elements :          272
SplitMeshEqual: Elapsed REAL time:     0.0023 (s)
SParIterGlobalNumbering:  Numbering seems consistent, advancing...
ParallelGlobalNumbering: Elapsed REAL time:     0.0282 (s)
ReleaseMeshFaceTables: Releasing number of faces: 2296
SetMeshDimension: Dimension of mesh is: 3
SetMeshDimension: Max dimension of mesh is: 3
NonNodalElements: Element dofs max: 8
SParFaceNumbering: Elapsed REAL time:     0.0000 (s)
SParEdgeNumbering: Elapsed REAL time:     0.0000 (s)
ParallelNonNodalElements: Number of initial nodes: 6565
ParallelNonNodalElements: Number of initial faces: 0
ParallelNonNodalElements: Number of initial edges: 0
ParallelNonNodalElements: Number of shared nodes: 2005
ParallelNonNodalElements: Number of owned shared nodes: 1925
ParallelNonNodal: Elapsed REAL time:     0.0002 (s)
MeshStabParams: Computing stabilization parameters
MeshStabParams: Elapsed REAL time:     0.0017 (s)
MeshStabParams: Computing stabilization parameters
MeshStabParams: Elapsed REAL time:     0.0001 (s)
MeshStabParams: Computing stabilization parameters
MeshStabParams: Elapsed REAL time:     0.0000 (s)
CompleteModelKeywords: Completing keywords for mortars and mechanics!
MAIN: -------------------------------------
AddMeshCoordinates: Setting mesh coordinates and time
VariableAdd: Adding variable > Coordinate 1 < of size 6565
VariableAdd: Adding variable > Coordinate 2 < of size 6565
VariableAdd: Adding variable > Coordinate 3 < of size 6565
VariableAdd: Adding variable > Coordinate 1 < of size 987
VariableAdd: Adding variable > Coordinate 2 < of size 987
VariableAdd: Adding variable > Coordinate 3 < of size 987
VariableAdd: Adding variable > Coordinate 1 < of size 172
VariableAdd: Adding variable > Coordinate 2 < of size 172
VariableAdd: Adding variable > Coordinate 3 < of size 172
AddSolvers: Setting up 2 solvers
AddSolvers: Setting up solver 1: linelast
AddEquationBasics: Using procedure: StressSolve StressSolver
AddEquationBasics: Setting up solver: linelast
Loading user function library: [StressSolve]...[StressSolver_Init]
AddEquationBasics: Checking for _init solver
StressSolve_init: --------------------------------------------------
StressSolve_init: Solving displacements from linear elasticity model
StressSolve_init: --------------------------------------------------
Loading user function library: [StressSolve]...[StressSolver_bulk]
Loading user function library: [StressSolve]...[StressSolver_bulk]
AddEquationBasics: Checking for _bulk solver
Loading user function library: [StressSolve]...[StressSolver]
AddEquationBasics: Treating variable string: -dofs 3 displacement
AddEquationBasics: Creating standard variable: displacement
AddEquationBasics: Computing size of permutation vector
AddEquationBasics: Maximum size of permutation vector is: 6565
AddEquationBasics: Creating solver matrix topology
CreateMatrix: Creating initial permutation
CreateMatrix: Creating inverse of initial order of size: 6565
CreateMatrix: Creating list matrix for equation: linelast
MakeListMatrix: Creating list matrix
OptimizeBandwidth: ---------------------------------------------------------
OptimizeBandwidth: Computing matrix structure for: linelast
OptimizeBandwidth: Initial bandwidth for linelast: 6419
OptimizeBandwidth: Optimized bandwidth for linelast: 535
OptimizeBandwidth: ---------------------------------------------------------
CreateMatrix: Initializing list matrix for equation
CRS_CreateMatrix: Creating CRS Matrix of size: 19695
CRS_CreateMatrix: Creating CRS Matrix with nofs: 1398933
CreateMatrix: Sparse matrix created
AddEquationBasics: Number of rows in CRS matrix: 19695
AddEquationBasics: Creating solver variable
VariableAdd: Adding variable > displacement < of size 19695
VariableAdd: Adding variable > displacement 1 < of size 6565
VariableAdd: Adding variable > displacement 2 < of size 6565
VariableAdd: Adding variable > displacement 3 < of size 6565
SolverInitialization: Elapsed REAL time:     0.2907 (s)
AddSolvers: Setting up solver 2: savescalars
AddEquationBasics: Using procedure: SaveData SaveScalars
AddEquationBasics: Setting up solver: savescalars
Loading user function library: [SaveData]...[SaveScalars_Init]
AddEquationBasics: Checking for _init solver
Loading user function library: [SaveData]...[SaveScalars_bulk]
Loading user function library: [SaveData]...[SaveScalars_bulk]
AddEquationBasics: Checking for _bulk solver
Loading user function library: [SaveData]...[SaveScalars]
AddEquationBasics: Creating null variable with no name
AddSolvers: Setting up solvers done
AddTimeEtc: Setting time and other global variables
VariableAdd: Adding variable > Time < of size 1
VariableAdd: Adding variable > Timestep < of size 1
VariableAdd: Adding variable > Timestep size < of size 1
VariableAdd: Adding variable > Timestep interval < of size 1
VariableAdd: Adding variable > nonlin iter < of size 1
VariableAdd: Adding variable > coupled iter < of size 1
VariableAdd: Adding variable > Partition < of size 1
VariableAdd: Adding variable > Time < of size 1
VariableAdd: Adding variable > Timestep < of size 1
VariableAdd: Adding variable > Timestep size < of size 1
VariableAdd: Adding variable > Timestep interval < of size 1
VariableAdd: Adding variable > nonlin iter < of size 1
VariableAdd: Adding variable > coupled iter < of size 1
VariableAdd: Adding variable > Partition < of size 1
VariableAdd: Adding variable > Time < of size 1
VariableAdd: Adding variable > Timestep < of size 1
VariableAdd: Adding variable > Timestep size < of size 1
VariableAdd: Adding variable > Timestep interval < of size 1
VariableAdd: Adding variable > nonlin iter < of size 1
VariableAdd: Adding variable > coupled iter < of size 1
VariableAdd: Adding variable > Partition < of size 1
MAIN: Random seed initialized to: 314159265
SetInitialConditions: Setting up initial conditions (if any)
MAIN: Number of timesteps to be saved: 1
MAIN: 
MAIN: -------------------------------------
MAIN:  Steady state iteration:            1
MAIN: -------------------------------------
MAIN: 
SolveEquations: Solvers before timestep
SolveEquations: Solvers in main iteration loop
SolveEquations: Performing set of solvers in sequence
ListTagCount: Counting tags for keyword normalization!
SetActiveElementsTable: Creating active element table for: linelast
SetActiveElementsTable: Number of active elements found : 5376
ParallelInitMatrix: Creating communication structures for matrix!
ParallelInitMatrix: Allocating communication structures for matrix!
SplitMatrix: Splitting parallel matrix
SplitMatrix: Allocating split stuff for 384 partitions!
List_ToListMatrix: Matrix format changed from CRS to List
List_ToCRSMatrix: Changing matrix type with number of non-zeros: 1392507
List_ToCRSMatrix: Matrix format changed from List to CRS
SingleSolver: Attempting to call solver: 1
SingleSolver: Solver Equation string is: linelast
StressSolve: 
StressSolve: --------------------------------------------------
StressSolve: Solving displacements from linear elasticity model
StressSolve: --------------------------------------------------
DefaultStart: Starting solver: linelast
StressSolve: Starting assembly...
InitializeToZero: Initializing the linear system to zero
StressSolve: Assembly:
SetNodalLoads: Finished checking for nodal loads
SetNodalLoads: Finished checking for nodal loads
SetNodalLoads: Finished checking for nodal loads
SetDirichletBoundaries: Number of dofs set for displacement: 0
DefUtils::DefaultDirichletBCs: Setting Dirichlet boundary conditions
SetDirichletBoundaries: Number of dofs set for displacement 1: 25600
DefUtils::DefaultDirichletBCs: p-element condition setup: displacement 1
SetDirichletBoundaries: Number of dofs set for displacement 2: 25600
DefUtils::DefaultDirichletBCs: p-element condition setup: displacement 2
SetDirichletBoundaries: Number of dofs set for displacement 3: 25600
DefUtils::DefaultDirichletBCs: p-element condition setup: displacement 3
EnforceDirichletConditions: Enforcing total of 21846 Dirichlet conditions.
EnforceDirichletConditions: Applying Dirichlet conditions using scaled diagonal
ScaleLinearSystem: Creating > DiagScaling < vector of size 19695
EnforceDirichletConditions: Dirichlet conditions enforced for dofs: 19683
EnforceDirichletConditions: Dirichlet conditions shared count: 2163
DefUtils::DefaultDirichletBCs: Dirichlet boundary conditions set
DefaultSolve: Solving linear system with default routines
GenerateConstraintMatrix: Nothing to do for now
SolveSystem: Solving linear system
SolveSystem: Solving linear system in standard way
SolveLinearSystem: Assuming real valued linear system
SolveLinearSystem: Using previously created parallel matrix structures!
SolveLinearSystem: Assuming parallel linear system
ScaleLinearSystem: Creating > DiagScaling < vector of size 19695
SolveLinearSystem: Linear System Preconditioning: parasails
Prec0-parasails: Elapsed REAL time:     0.0000 (s)
SolveLinearSystem: CRS matrix passed the dense test of size 3
SolveLinearSystem: Parallel linear System Solver: iterative
SParIterSolver: Solving linear in parallel with iterative methods
HypreSolver: Solving linear system using HYPRE library
HypreParameters: Setting parameters for Hypre solvers
HypreParameters: Using HYPRE iterative method: bicgstab
HypreParameters: Using HYPRE preconditioning method: parasails
HypreParameters: Hypre method index: 704
HypreSolver: Setting up Hypre solver structures
SolveHypre: Performing HYPRE Setup
SolveHypre: NonZero Hypre parameters
  intpara 2: 1
   dppara 1: -0.95
   dppara 2: -0.95
SolveHypre: using ParaSails as preconditioner
SolveHypre: Setting up BiCGStab linear system** ParaSails Setup Pattern Statistics ***********
symmetric             : 0
thresh                : 0.116111
num_levels            : 1
Max cost (average)    : 3.9e+09 (1.1e+08)
Nnz (ratio)           : 52955675 ( 0.11)
Max setup pattern time:      0.1
*************************************************
** ParaSails Setup Values Statistics ************
filter                : 0.231902
loadbal               : 0.000000
Final Nnz (ratio)     : 18673138 ( 0.04)
Max setup values time :      1.8
*************************************************
Setup (pattern and values) times:
  0:      0.7
  1:      0.5
  2:      1.4
  3:      0.9
  4:      0.3
  5:      0.3
  6:      1.2
  7:      1.2
  8:      0.6
  9:      1.7
 10:      0.7
 11:      1.1
 12:      0.7
 13:      0.5
 14:      1.2
 15:      1.2
 16:      1.9
 17:      1.0
 18:      0.7
 19:      1.2
 20:      0.8
 21:      0.3
 22:      0.7
 23:      0.4
 24:      0.6
 25:      0.6
 26:      0.7
 27:      0.7
 28:      0.3
 29:      0.3
 30:      0.9
 31:      1.0
 32:      0.3
 33:      0.8
 34:      1.4
 35:      0.7
 36:      0.6
 37:      1.1
 38:      1.1
 39:      0.3
 40:      0.6
 41:      0.7
 42:      0.8
 43:      0.7
 44:      0.5
 45:      0.3
 46:      0.3
 47:      0.3
 48:      0.6
 49:      0.3
 50:      0.7
 51:      0.3
 52:      0.6
 53:      0.8
 54:      1.1
 55:      1.3
 56:      0.6
 57:      1.2
 58:      0.3
 59:      0.7
 60:      0.5
 61:      1.5
 62:      0.7
 63:      0.8
 64:      0.3
 65:      0.3
 66:      0.9
 67:      0.6
 68:      0.6
 69:      0.2
 70:      0.2
 71:      0.2
 72:      1.4
 73:      0.7
 74:      0.6
 75:      0.9
 76:      0.3
 77:      0.2
 78:      0.6
 79:      1.3
 80:      1.8
 81:      0.5
 82:      1.3
 83:      0.7
 84:      1.1
 85:      1.1
 86:      0.5
 87:      0.6
 88:      1.8
 89:      1.1
 90:      1.2
 91:      1.0
 92:      0.3
 93:      0.3
 94:      0.2
 95:      0.8
 96:      0.7
 97:      0.9
 98:      0.9
 99:      0.3
100:      0.3
101:      0.3
102:      0.8
103:      0.3
104:      0.3
105:      0.3
106:      0.8
107:      0.3
108:      1.2
109:      1.4
110:      0.7
111:      0.7
112:      0.7
113:      0.6
114:      0.3
115:      0.3
116:      0.3
117:      0.4
118:      0.7
119:      0.7
120:      0.3
121:      0.8
122:      0.5
123:      0.9
124:      0.3
125:      0.9
126:      0.8
127:      1.1
128:      0.3
129:      1.2
130:      1.6
131:      1.2
132:      1.6
133:      0.9
134:      0.6
135:      0.9
136:      0.3
137:      0.3
138:      0.6
139:      0.3
140:      0.2
141:      1.2
142:      0.7
143:      0.7
144:      0.3
145:      0.3
146:      0.8
147:      0.7
148:      0.3
149:      0.6
150:      0.3
151:      0.3
152:      0.3
153:      0.3
154:      0.4
155:      0.5
156:      0.3
157:      0.3
158:      0.3
159:      0.7
160:      0.7
161:      0.7
162:      0.3
163:      0.8
164:      0.9
165:      0.7
166:      1.1
167:      0.9
168:      0.5
169:      0.9
170:      0.6
171:      1.3
172:      1.4
173:      0.6
174:      0.3
175:      0.3
176:      0.2
177:      0.8
178:      0.7
179:      0.6
180:      1.4
181:      0.8
182:      0.4
183:      0.2
184:      0.7
185:      0.5
186:      0.6
187:      1.2
188:      0.5
189:      1.1
190:      1.1
191:      1.6
192:      1.6
193:      0.3
194:      0.8
195:      0.8
196:      0.5
197:      0.6
198:      0.8
199:      0.5
200:      0.3
201:      1.4
202:      0.6
203:      0.8
204:      0.3
205:      0.6
206:      0.7
207:      0.3
208:      0.3
209:      0.3
210:      0.3
211:      0.5
212:      0.9
213:      0.3
214:      0.8
215:      0.6
216:      1.9
217:      1.1
218:      1.2
219:      0.7
220:      1.4
221:      0.6
222:      0.7
223:      0.9
224:      0.3
225:      0.3
226:      0.3
227:      1.3
228:      0.7
229:      0.9
230:      0.8
231:      0.3
232:      0.3
233:      0.3
234:      0.7
235:      1.3
236:      0.8
237:      0.7
238:      0.8
239:      0.2
240:      0.3
241:      0.4
242:      0.5
243:      0.3
244:      0.3
245:      0.4
246:      0.8
247:      0.5
248:      1.0
249:      0.5
250:      0.6
251:      0.7
252:      0.9
253:      0.3
254:      0.3
255:      1.1
256:      0.6
257:      1.3
258:      0.3
259:      0.3
260:      0.3
261:      0.2
262:      0.7
263:      0.7
264:      0.8
265:      0.9
266:      0.5
267:      0.8
268:      0.6
269:      1.5
270:      0.3
271:      0.7
272:      0.6
273:      0.3
274:      0.3
275:      0.2
276:      0.3
277:      0.7
278:      1.3
279:      0.3
280:      0.3
281:      0.7
282:      1.8
283:      1.0
284:      0.6
285:      1.1
286:      0.8
287:      0.2
288:      0.8
289:      0.3
290:      0.3
291:      1.1
292:      1.1
293:      0.5
294:      1.2
295:      0.6
296:      0.9
297:      0.3
298:      0.3
299:      0.7
300:      0.8
301:      0.3
302:      0.3
303:      0.7
304:      0.6
305:      1.2
306:      1.4
307:      0.6
308:      0.6
309:      0.2
310:      0.7
311:      0.6
312:      1.0
313:      0.7
314:      1.3
315:      0.5
316:      0.5
317:      0.5
318:      0.3
319:      0.7
320:      0.6
321:      0.3
322:      0.6
323:      0.5
324:      0.7
325:      0.3
326:      0.3
327:      0.3
328:      0.7
329:      0.6
330:      1.3
331:      0.6
332:      0.7
333:      0.3
334:      1.3
335:      0.4
336:      0.9
337:      0.7
338:      0.4
339:      0.6
340:      0.6
341:      1.3
342:      0.3
343:      0.3
344:      0.3
345:      0.8
346:      0.7
347:      0.5
348:      0.2
349:      1.2
350:      1.0
351:      0.7
352:      1.3
353:      0.9
354:      0.3
355:      0.3
356:      0.2
357:      0.7
358:      0.3
359:      0.7
360:      0.3
361:      0.6
362:      0.8
363:      0.5
364:      0.6
365:      1.2
366:      0.3
367:      0.3
368:      0.3
369:      0.3
370:      0.9
371:      0.4
372:      0.3
373:      0.7
374:      0.7
375:      1.3
376:      1.1
377:      0.6
378:      0.8
379:      0.3
380:      0.6
381:      1.2
382:      0.8
383:      0.2
ave:      0.7
*************************************************
SolveHypre: setup time (method 704): 2.36975
HypreSolver: Solving previously created Hypre setup
SolveHypre: solving the linear system
SolveHypre: Solving linear system with BiCGStab (method 704)
L2 norm of b: 1.024946e+00
Initial L2 norm of residual: 1.024946e+00
=============================================

Iters     resid.norm     conv.rate  rel.res.norm
-----    ------------    ---------- ------------
    1    4.969748e-01    0.484879   4.848788e-01
    2    4.213735e-01    0.847877   4.111176e-01
    3    3.863662e-01    0.916921   3.769624e-01
    4    3.824538e-01    0.989874   3.731452e-01
    5    3.352796e-01    0.876654   3.271192e-01
    6    3.042253e-01    0.907378   2.968207e-01
    7    2.944337e-01    0.967815   2.872674e-01
    8    2.838172e-01    0.963943   2.769094e-01
    9    2.631938e-01    0.927336   2.567879e-01
   10    2.576794e-01    0.979048   2.514077e-01
   11    2.467601e-01    0.957625   2.407542e-01
   12    2.404888e-01    0.974585   2.346355e-01
   13    2.412548e-01    1.003185   2.353829e-01
   14    2.415735e-01    1.001321   2.356938e-01
   15    2.205465e-01    0.912958   2.151785e-01
   16    2.101647e-01    0.952927   2.050495e-01
   17    2.092709e-01    0.995747   2.041774e-01
   18    2.090260e-01    0.998830   2.039385e-01
   19    2.069982e-01    0.990299   2.019600e-01
   20    2.053924e-01    0.992243   2.003934e-01
   21    2.056645e-01    1.001325   2.006588e-01
   22    2.155681e-01    1.048154   2.103213e-01
   23    1.991045e-01    0.923627   1.942585e-01
   24    1.942378e-01    0.975557   1.895102e-01
   25    1.962642e-01    1.010432   1.914873e-01
   26    1.933810e-01    0.985310   1.886742e-01
   27    1.925941e-01    0.995931   1.879065e-01
   28    1.937754e-01    1.006134   1.890590e-01
   29    1.990824e-01    1.027387   1.942369e-01
   30    1.701058e-01    0.854449   1.659655e-01
   31    1.630603e-01    0.958582   1.590916e-01
   32    1.642461e-01    1.007272   1.602485e-01
   33    1.637752e-01    0.997132   1.597890e-01
   34    1.648299e-01    1.006440   1.608181e-01
   35    1.654226e-01    1.003596   1.613963e-01
   36    1.684660e-01    1.018398   1.643657e-01
   37    1.643256e-01    0.975423   1.603260e-01
   38    1.637491e-01    0.996492   1.597636e-01
   39    1.655774e-01    1.011165   1.615474e-01
   40    1.653030e-01    0.998343   1.612797e-01
   41    1.662324e-01    1.005622   1.621864e-01
   42    1.671119e-01    1.005291   1.630445e-01
   43    1.688475e-01    1.010386   1.647379e-01
   44    1.685066e-01    0.997981   1.644053e-01
   45    1.705964e-01    1.012402   1.664442e-01
   46    1.711552e-01    1.003276   1.669894e-01
   47    1.728223e-01    1.009740   1.686159e-01
   48    1.740694e-01    1.007216   1.698327e-01
   49    1.768050e-01    1.015715   1.725017e-01
   50    1.764387e-01    0.997929   1.721443e-01
   51    1.790982e-01    1.015073   1.747391e-01
   52    1.803219e-01    1.006833   1.759330e-01
   53    1.782837e-01    0.988697   1.739445e-01
   54    1.474117e-01    0.826837   1.438238e-01
   55    1.437808e-01    0.975369   1.402813e-01
   56    1.444161e-01    1.004418   1.409011e-01
   57    1.434835e-01    0.993543   1.399913e-01
   58    1.438873e-01    1.002814   1.403852e-01
   59    1.442966e-01    1.002845   1.407846e-01
   60    1.450098e-01    1.004943   1.414804e-01
   61    1.448536e-01    0.998923   1.413280e-01
   62    1.457618e-01    1.006269   1.422140e-01
   63    1.466017e-01    1.005762   1.430335e-01
   64    1.475388e-01    1.006393   1.439478e-01
   65    1.469975e-01    0.996331   1.434197e-01
   66    1.464639e-01    0.996370   1.428991e-01
   67    1.462077e-01    0.998251   1.426491e-01
   68    1.543072e-01    1.055397   1.505515e-01
   69    1.474046e-01    0.955267   1.438169e-01
   70    1.481063e-01    1.004761   1.445016e-01
   71    1.491637e-01    1.007139   1.455331e-01
   72    1.511344e-01    1.013212   1.474559e-01
   73    1.513347e-01    1.001325   1.476513e-01
   74    1.511080e-01    0.998502   1.474302e-01
   75    1.496577e-01    0.990402   1.460151e-01
   76    1.494678e-01    0.998731   1.458298e-01
   77    1.511803e-01    1.011457   1.475007e-01
   78    1.570901e-01    1.039091   1.532667e-01
   79    1.519084e-01    0.967015   1.482111e-01
   80    1.524661e-01    1.003671   1.487552e-01
   81    1.538461e-01    1.009051   1.501016e-01
   82    1.547486e-01    1.005867   1.509821e-01
   83    1.568095e-01    1.013318   1.529929e-01
   84    1.559523e-01    0.994534   1.521565e-01
   85    1.569725e-01    1.006542   1.531520e-01
   86    1.568114e-01    0.998973   1.529947e-01
   87    1.580292e-01    1.007766   1.541829e-01
   88    1.589179e-01    1.005624   1.550500e-01
   89    1.591700e-01    1.001587   1.552960e-01
   90    1.596413e-01    1.002960   1.557557e-01
   91    1.590096e-01    0.996043   1.551394e-01
   92    1.539294e-01    0.968051   1.501829e-01
   93    1.517008e-01    0.985522   1.480085e-01
   94    1.503418e-01    0.991042   1.466826e-01
   95    1.509662e-01    1.004153   1.472918e-01
   96    1.514899e-01    1.003469   1.478028e-01
   97    1.519479e-01    1.003023   1.482496e-01
   98    1.528473e-01    1.005919   1.491272e-01
   99    1.518365e-01    0.993386   1.481409e-01
  100    1.466654e-01    0.965943   1.430957e-01
  101    1.460469e-01    0.995783   1.424923e-01
  102    2.874411e+00    19.681420   2.804450e+00
  103    1.434666e-01    0.049912   1.399748e-01
  104    1.438003e-01    1.002326   1.403003e-01
  105    1.450287e-01    1.008542   1.414988e-01
  106    1.448217e-01    0.998573   1.412969e-01
  107    1.424749e-01    0.983795   1.390072e-01
  108    1.457499e-01    1.022986   1.422024e-01
  109    1.463389e-01    1.004041   1.427771e-01
  110    1.471381e-01    1.005462   1.435569e-01
  111    1.401689e-01    0.952635   1.367573e-01
  112    2.965244e-01    2.115479   2.893072e-01
  113    1.392780e-01    0.469702   1.358881e-01
  114    1.396765e-01    1.002861   1.362769e-01
  115    1.409420e-01    1.009061   1.375116e-01
  116    1.408293e-01    0.999201   1.374017e-01
  117    1.416403e-01    1.005759   1.381929e-01
  118    1.428053e-01    1.008225   1.393295e-01
  119    1.426012e-01    0.998571   1.391304e-01
  120    1.422269e-01    0.997375   1.387652e-01
  121    1.438478e-01    1.011397   1.403466e-01
  122    1.449769e-01    1.007849   1.414483e-01
  123    1.441654e-01    0.994403   1.406565e-01
  124    1.448813e-01    1.004966   1.413550e-01
  125    1.453920e-01    1.003525   1.418532e-01
  126    1.459352e-01    1.003736   1.423832e-01
  127    1.467105e-01    1.005313   1.431397e-01
  128    1.474212e-01    1.004844   1.438331e-01
  129    1.469434e-01    0.996759   1.433670e-01
  130    1.478015e-01    1.005839   1.442041e-01
  131    1.477187e-01    0.999440   1.441233e-01
  132    1.457937e-01    0.986969   1.422452e-01
  133    1.462092e-01    1.002850   1.426506e-01
  134    1.487653e-01    1.017482   1.451445e-01
  135    1.465568e-01    0.985155   1.429897e-01
  136    1.470843e-01    1.003599   1.435044e-01
  137    1.476516e-01    1.003857   1.440579e-01
  138    1.481047e-01    1.003069   1.444999e-01
  139    1.486401e-01    1.003615   1.450223e-01
  140    1.492351e-01    1.004003   1.456028e-01
  141    1.495738e-01    1.002270   1.459333e-01
  142    1.502024e-01    1.004202   1.465466e-01
  143    1.507997e-01    1.003977   1.471293e-01
  144    1.498799e-01    0.993900   1.462319e-01
  145    1.513734e-01    1.009965   1.476891e-01
  146    1.507207e-01    0.995688   1.470523e-01
  147    1.506400e-01    0.999465   1.469736e-01
  148    1.507927e-01    1.001014   1.471225e-01
  149    1.516924e-01    1.005966   1.480003e-01
  150    1.516357e-01    0.999626   1.479450e-01
  151    1.521209e-01    1.003200   1.484184e-01
  152    1.526440e-01    1.003439   1.489288e-01
  153    1.524599e-01    0.998794   1.487491e-01
  154    1.530809e-01    1.004073   1.493550e-01
  155    1.533196e-01    1.001560   1.495880e-01
  156    1.536826e-01    1.002367   1.499421e-01
  157    1.539513e-01    1.001749   1.502043e-01
  158    1.538772e-01    0.999518   1.501319e-01
  159    1.606944e-01    1.044303   1.567832e-01
  160    1.545141e-01    0.961540   1.507534e-01
  161    1.546453e-01    1.000849   1.508814e-01
  162    1.562770e-01    1.010551   1.524734e-01
  163    1.551897e-01    0.993042   1.514125e-01
  164    1.553273e-01    1.000887   1.515468e-01
  165    1.548599e-01    0.996990   1.510907e-01
  166    1.557793e-01    1.005937   1.519877e-01
  167    1.559528e-01    1.001114   1.521570e-01
  168    1.566272e-01    1.004325   1.528150e-01
  169    1.561474e-01    0.996936   1.523469e-01
  170    1.564123e-01    1.001697   1.526053e-01
  171    1.582323e-01    1.011636   1.543811e-01
  172    1.564017e-01    0.988431   1.525950e-01
  173    1.575472e-01    1.007324   1.537126e-01
  174    1.567132e-01    0.994706   1.528989e-01
  175    1.567264e-01    1.000084   1.529118e-01
  176    1.570415e-01    1.002011   1.532193e-01
  177    1.569198e-01    0.999225   1.531005e-01
  178    1.569755e-01    1.000355   1.531549e-01
  179    1.570674e-01    1.000585   1.532445e-01
  180    1.570524e-01    0.999905   1.532299e-01
  181    1.533676e-01    0.976537   1.496347e-01
  182    2.447926e+00    15.961168   2.388345e+00
  183    1.499634e-01    0.061261   1.463134e-01
  184    1.500338e-01    1.000470   1.463821e-01
  185    1.497189e-01    0.997901   1.460749e-01
  186    1.493169e-01    0.997315   1.456826e-01
  187    1.489364e-01    0.997452   1.453114e-01
  188    1.487622e-01    0.998830   1.451415e-01
  189    1.489387e-01    1.001187   1.453137e-01
  190    1.488482e-01    0.999392   1.452253e-01
  191    1.479959e-01    0.994274   1.443938e-01
  192    1.479396e-01    0.999620   1.443388e-01
  193    1.475686e-01    0.997493   1.439769e-01
  194    1.470006e-01    0.996151   1.434228e-01
  195    1.465874e-01    0.997189   1.430196e-01
  196    1.461360e-01    0.996921   1.425792e-01
  197    1.454111e-01    0.995040   1.418719e-01
  198    1.456403e-01    1.001576   1.420956e-01
  199    1.449274e-01    0.995105   1.414000e-01
  200    1.447249e-01    0.998603   1.412025e-01
  201    1.458306e-01    1.007640   1.422813e-01
  202    1.436723e-01    0.985200   1.401755e-01
  203    1.440179e-01    1.002405   1.405126e-01
  204    1.434764e-01    0.996241   1.399843e-01
  205    1.435034e-01    1.000188   1.400107e-01
  206    1.423387e-01    0.991884   1.388743e-01
  207    1.422899e-01    0.999657   1.388267e-01
  208    1.420110e-01    0.998040   1.385546e-01
  209    1.411148e-01    0.993689   1.376802e-01
  210    1.412514e-01    1.000968   1.378135e-01
  211    1.408695e-01    0.997296   1.374409e-01
  212    1.406993e-01    0.998792   1.372748e-01
  213    1.404502e-01    0.998229   1.370318e-01
  214    1.402924e-01    0.998877   1.368778e-01
  215    1.401229e-01    0.998791   1.367124e-01
  216    1.400665e-01    0.999598   1.366574e-01
  217    1.403464e-01    1.001998   1.369305e-01
  218    1.404277e-01    1.000579   1.370098e-01
  219    1.393716e-01    0.992480   1.359794e-01
  220    1.393684e-01    0.999977   1.359763e-01
  221    1.393832e-01    1.000106   1.359908e-01
  222    1.394211e-01    1.000272   1.360277e-01
  223    1.394121e-01    0.999935   1.360189e-01
  224    1.395692e-01    1.001127   1.361722e-01
  225    1.396854e-01    1.000832   1.362855e-01
  226    1.400261e-01    1.002439   1.366180e-01
  227    1.403219e-01    1.002112   1.369066e-01
  228    1.403028e-01    0.999864   1.368879e-01
  229    1.413255e-01    1.007289   1.378857e-01
  230    1.409923e-01    0.997643   1.375607e-01
  231    1.408277e-01    0.998833   1.374001e-01
  232    1.410883e-01    1.001851   1.376544e-01
  233    1.419508e-01    1.006113   1.384959e-01
  234    1.411466e-01    0.994335   1.377112e-01
  235    1.416024e-01    1.003229   1.381559e-01
  236    1.416760e-01    1.000520   1.382277e-01
  237    1.421725e-01    1.003505   1.387121e-01
  238    1.421037e-01    0.999516   1.386450e-01
  239    1.426477e-01    1.003828   1.391758e-01
  240    1.425174e-01    0.999086   1.390486e-01
  241    1.428779e-01    1.002530   1.394004e-01
  242    1.432782e-01    1.002801   1.397909e-01
  243    1.432289e-01    0.999656   1.397428e-01
  244    1.433809e-01    1.001061   1.398911e-01
  245    1.434130e-01    1.000224   1.399225e-01
  246    1.434785e-01    1.000457   1.399864e-01
  247    1.435520e-01    1.000512   1.400580e-01
  248    1.435314e-01    0.999857   1.400380e-01
  249    1.436252e-01    1.000653   1.401295e-01
  250    1.435532e-01    0.999499   1.400593e-01
  251    1.468301e-01    1.022827   1.432564e-01
  252    1.434090e-01    0.976700   1.399185e-01
  253    1.434036e-01    0.999963   1.399133e-01
  254    1.431658e-01    0.998342   1.396813e-01
  255    1.428687e-01    0.997925   1.393914e-01
  256    1.426568e-01    0.998517   1.391846e-01
  257    1.426189e-01    0.999735   1.391477e-01
  258    1.420448e-01    0.995974   1.385875e-01
  259    1.420777e-01    1.000232   1.386196e-01
  260    1.416881e-01    0.997258   1.382395e-01
  261    1.413551e-01    0.997650   1.379146e-01
  262    1.409558e-01    0.997175   1.375251e-01
  263    1.406760e-01    0.998015   1.372521e-01
  264    1.400686e-01    0.995682   1.366595e-01
  265    1.384898e-01    0.988728   1.351191e-01
  266    1.389334e-01    1.003203   1.355519e-01
  267    1.380237e-01    0.993452   1.346644e-01
  268    1.371770e-01    0.993865   1.338382e-01
  269    1.367021e-01    0.996538   1.333748e-01
  270    1.368652e-01    1.001194   1.335341e-01
  271    1.358547e-01    0.992617   1.325482e-01
  272    1.344423e-01    0.989603   1.311701e-01
  273    1.348371e-01    1.002936   1.315552e-01
  274    1.344450e-01    0.997092   1.311727e-01
  275    1.338308e-01    0.995431   1.305734e-01
  276    1.333813e-01    0.996642   1.301349e-01
  277    1.328746e-01    0.996201   1.296406e-01
  278    1.325172e-01    0.997310   1.292918e-01
  279    1.319844e-01    0.995980   1.287720e-01
  280    1.313530e-01    0.995216   1.281560e-01
  281    1.319076e-01    1.004222   1.286970e-01
  282    1.302113e-01    0.987141   1.270421e-01
  283    1.290758e-01    0.991280   1.259342e-01
  284    1.308273e-01    1.013569   1.276430e-01
  285    1.203904e-01    0.920224   1.174602e-01
  286    1.193317e-01    0.991206   1.164273e-01
  287    1.137689e-01    0.953383   1.109998e-01
  288    1.141349e-01    1.003218   1.113570e-01
  289    1.139819e-01    0.998659   1.112077e-01
  290    1.139672e-01    0.999871   1.111933e-01
  291    1.141878e-01    1.001936   1.114086e-01
  292    1.137170e-01    0.995877   1.109492e-01
  293    1.133484e-01    0.996758   1.105896e-01
  294    1.132060e-01    0.998744   1.104507e-01
  295    1.135176e-01    1.002753   1.107547e-01
  296    1.126498e-01    0.992355   1.099080e-01
  297    1.303508e-01    1.157133   1.271782e-01
  298    1.141476e-01    0.875696   1.113693e-01
  299    1.159753e-01    1.016012   1.131525e-01
  300    1.086339e-01    0.936699   1.059898e-01
  301    1.086963e-01    1.000574   1.060507e-01
  302    1.087619e-01    1.000604   1.061147e-01
  303    1.081269e-01    0.994162   1.054952e-01
  304    1.079692e-01    0.998542   1.053413e-01
  305    1.093266e-01    1.012572   1.066657e-01
  306    1.072581e-01    0.981079   1.046475e-01
  307    1.069063e-01    0.996720   1.043043e-01
  308    1.053168e-01    0.985132   1.027535e-01
  309    1.044202e-01    0.991487   1.018787e-01
  310    1.036446e-01    0.992572   1.011220e-01
  311    1.021142e-01    0.985234   9.962884e-02
  312    1.033497e-01    1.012099   1.008342e-01
  313    1.033309e-01    0.999819   1.008159e-01
  314    1.032950e-01    0.999652   1.007808e-01
  315    1.033336e-01    1.000374   1.008186e-01
  316    1.038915e-01    1.005399   1.013629e-01
  317    1.037866e-01    0.998990   1.012605e-01
  318    1.038429e-01    1.000542   1.013154e-01
  319    1.085873e-01    1.045689   1.059444e-01
  320    1.033099e-01    0.951399   1.007954e-01
  321    1.028840e-01    0.995878   1.003799e-01
  322    1.021046e-01    0.992424   9.961943e-02
  323    1.012013e-01    0.991154   9.873818e-02
  324    1.009995e-01    0.998006   9.854128e-02
  325    1.009422e-01    0.999433   9.848538e-02
  326    1.011355e-01    1.001914   9.867392e-02
  327    1.014188e-01    1.002801   9.895031e-02
  328    1.009518e-01    0.995396   9.849471e-02
  329    1.002225e-01    0.992776   9.778314e-02
  330    1.000531e-01    0.998310   9.761785e-02
  331    9.904223e-02    0.989897   9.663163e-02
  332    9.948098e-02    1.004430   9.705970e-02
  333    9.838507e-02    0.988984   9.599046e-02
  334    9.862331e-02    1.002421   9.622290e-02
  335    9.818829e-02    0.995589   9.579847e-02
  336    9.745975e-02    0.992580   9.508766e-02
  337    9.745335e-02    0.999934   9.508142e-02
  338    9.723659e-02    0.997776   9.486993e-02
  339    9.561892e-02    0.983364   9.329164e-02
  340    9.677043e-02    1.012043   9.441511e-02
  341    9.672214e-02    0.999501   9.436800e-02
  342    9.801169e-02    1.013333   9.562617e-02
  343    9.711305e-02    0.990831   9.474940e-02
  344    9.533277e-02    0.981668   9.301245e-02
  345    9.551683e-02    1.001931   9.319203e-02
  346    8.968641e-02    0.938959   8.750352e-02
  347    9.007001e-02    1.004277   8.787778e-02
  348    1.027917e-01    1.141242   1.002898e-01
  349    9.468360e-02    0.921121   9.237908e-02
  350    9.448465e-02    0.997899   9.218497e-02
  351    9.336122e-02    0.988110   9.108888e-02
  352    9.349731e-02    1.001458   9.122166e-02
  353    9.325778e-02    0.997438   9.098796e-02
  354    9.319566e-02    0.999334   9.092736e-02
  355    9.220354e-02    0.989354   8.995939e-02
  356    9.188119e-02    0.996504   8.964487e-02
  357    9.208687e-02    1.002239   8.984555e-02
  358    9.211620e-02    1.000319   8.987417e-02
  359    9.205512e-02    0.999337   8.981457e-02
  360    9.207485e-02    1.000214   8.983382e-02
  361    9.028858e-02    0.980600   8.809103e-02
  362    9.068062e-02    1.004342   8.847353e-02
  363    9.065417e-02    0.999708   8.844772e-02
  364    9.117422e-02    1.005737   8.895512e-02
  365    9.119239e-02    1.000199   8.897285e-02
  366    9.081710e-02    0.995885   8.860668e-02
  367    9.073511e-02    0.999097   8.852669e-02
  368    9.055902e-02    0.998059   8.835489e-02
  369    8.806364e-02    0.972445   8.592024e-02
  370    1.055606e-01    1.198686   1.029914e-01
  371    1.452183e-01    1.375686   1.416838e-01
  372    1.418629e-01    0.976894   1.384101e-01
  373    1.278932e-01    0.901527   1.247804e-01
  374    8.465596e-02    0.661927   8.259551e-02
  375    8.919618e-02    1.053631   8.702522e-02
  376    8.820750e-02    0.988916   8.606061e-02
  377    9.103359e-02    1.032039   8.881791e-02
  378    7.985346e-02    0.877187   7.790989e-02
  379    7.701881e-02    0.964502   7.514424e-02
  380    7.697412e-02    0.999420   7.510064e-02
  381    7.697175e-02    0.999969   7.509832e-02
  382    7.694658e-02    0.999673   7.507377e-02
  383    7.695940e-02    1.000167   7.508627e-02
  384    7.686634e-02    0.998791   7.499548e-02
  385    7.697159e-02    1.001369   7.509816e-02
  386    7.696663e-02    0.999936   7.509332e-02
  387    7.698301e-02    1.000213   7.510931e-02
  388    7.744478e-02    1.005998   7.555984e-02
  389    7.738528e-02    0.999232   7.550178e-02
  390    7.612160e-02    0.983670   7.426886e-02
  391    7.596122e-02    0.997893   7.411239e-02
  392    7.593223e-02    0.999618   7.408410e-02
  393    7.601406e-02    1.001078   7.416394e-02
  394    7.618045e-02    1.002189   7.432628e-02
  395    7.619108e-02    1.000139   7.433665e-02
  396    7.606227e-02    0.998309   7.421098e-02
  397    7.598668e-02    0.999006   7.413722e-02
  398    7.596330e-02    0.999692   7.411442e-02
  399    7.590814e-02    0.999274   7.406060e-02
  400    7.668581e-02    1.010245   7.481935e-02
  401    7.526266e-02    0.981442   7.343083e-02
  402    7.560360e-02    1.004530   7.376347e-02
  403    7.557330e-02    0.999599   7.373391e-02
  404    7.557891e-02    1.000074   7.373938e-02
  405    7.673172e-02    1.015253   7.486413e-02
  406    7.533632e-02    0.981815   7.350270e-02
  407    7.521327e-02    0.998367   7.338264e-02
  408    7.502007e-02    0.997431   7.319414e-02
  409    7.482070e-02    0.997342   7.299962e-02
  410    7.481163e-02    0.999879   7.299077e-02
  411    7.480798e-02    0.999951   7.298722e-02
  412    7.480543e-02    0.999966   7.298473e-02
  413    7.480919e-02    1.000050   7.298839e-02
  414    7.491534e-02    1.001419   7.309196e-02
  415    7.491499e-02    0.999995   7.309162e-02
  416    7.487776e-02    0.999503   7.305529e-02
  417    7.487023e-02    0.999899   7.304795e-02
  418    7.481672e-02    0.999285   7.299574e-02
  419    7.480599e-02    0.999857   7.298527e-02
  420    7.478249e-02    0.999686   7.296234e-02
  421    7.470322e-02    0.998940   7.288500e-02
  422    7.471007e-02    1.000092   7.289169e-02
  423    7.468082e-02    0.999608   7.286315e-02
  424    7.462263e-02    0.999221   7.280637e-02
  425    7.453063e-02    0.998767   7.271662e-02
  426    7.450951e-02    0.999717   7.269601e-02
  427    7.448731e-02    0.999702   7.267435e-02
  428    7.446635e-02    0.999719   7.265390e-02
  429    7.445709e-02    0.999876   7.264486e-02
  430    7.444255e-02    0.999805   7.263068e-02
  431    7.445350e-02    1.000147   7.264136e-02
  432    7.443430e-02    0.999742   7.262263e-02
  433    7.443452e-02    1.000003   7.262285e-02
  434    7.443471e-02    1.000003   7.262303e-02
  435    7.442748e-02    0.999903   7.261597e-02
  436    7.445892e-02    1.000422   7.264665e-02
  437    7.538951e-02    1.012498   7.355459e-02
  438    7.865478e-02    1.043312   7.674039e-02
  439    7.439413e-02    0.945831   7.258344e-02
  440    7.435520e-02    0.999477   7.254546e-02
  441    7.435307e-02    0.999971   7.254338e-02
  442    7.435109e-02    0.999973   7.254145e-02
  443    7.434882e-02    0.999969   7.253923e-02
  444    7.434478e-02    0.999946   7.253529e-02
  445    7.434716e-02    1.000032   7.253761e-02
  446    7.433750e-02    0.999870   7.252818e-02
  447    7.434108e-02    1.000048   7.253168e-02
  448    7.723332e-02    1.038905   7.535352e-02
  449    7.222225e-02    0.935118   7.046442e-02
  450    7.100819e-02    0.983190   6.927991e-02
  451    7.122801e-02    1.003096   6.949438e-02
  452    7.104277e-02    0.997399   6.931365e-02
  453    7.082261e-02    0.996901   6.909885e-02
  454    7.075145e-02    0.998995   6.902942e-02
  455    7.074594e-02    0.999922   6.902404e-02
  456    7.074385e-02    0.999970   6.902200e-02
  457    7.073944e-02    0.999938   6.901771e-02
  458    7.074632e-02    1.000097   6.902441e-02
  459    7.074204e-02    0.999940   6.902024e-02
  460    7.112380e-02    1.005396   6.939270e-02
  461    7.101441e-02    0.998462   6.928598e-02
  462    7.061244e-02    0.994340   6.889380e-02
  463    7.057291e-02    0.999440   6.885523e-02
  464    7.053850e-02    0.999512   6.882165e-02
  465    7.047676e-02    0.999125   6.876141e-02
  466    7.057259e-02    1.001360   6.885491e-02
  467    7.042047e-02    0.997845   6.870650e-02
  468    7.039569e-02    0.999648   6.868231e-02
  469    7.068445e-02    1.004102   6.896405e-02
  470    7.026824e-02    0.994112   6.855797e-02
  471    7.018965e-02    0.998882   6.848129e-02
  472    7.019793e-02    1.000118   6.848937e-02
  473    7.018829e-02    0.999863   6.847997e-02
  474    7.018685e-02    0.999979   6.847856e-02
  475    7.015958e-02    0.999611   6.845195e-02
  476    7.013825e-02    0.999696   6.843114e-02
  477    7.013997e-02    1.000025   6.843282e-02
  478    7.014296e-02    1.000043   6.843574e-02
  479    7.015037e-02    1.000106   6.844297e-02
  480    7.025047e-02    1.001427   6.854063e-02
  481    7.046706e-02    1.003083   6.875195e-02
  482    7.001516e-02    0.993587   6.831105e-02
  483    6.975436e-02    0.996275   6.805660e-02
  484    6.972350e-02    0.999558   6.802649e-02
  485    6.970029e-02    0.999667   6.800384e-02
  486    6.971115e-02    1.000156   6.801443e-02
  487    6.971042e-02    0.999990   6.801373e-02
  488    6.971729e-02    1.000098   6.802043e-02
  489    6.971478e-02    0.999964   6.801798e-02
  490    6.969065e-02    0.999654   6.799444e-02
  491    6.960532e-02    0.998776   6.791119e-02
  492    6.961791e-02    1.000181   6.792347e-02
  493    6.961880e-02    1.000013   6.792434e-02
  494    6.978992e-02    1.002458   6.809129e-02
  495    6.974074e-02    0.999295   6.804331e-02
  496    6.972325e-02    0.999749   6.802624e-02
  497    6.971311e-02    0.999855   6.801635e-02
  498    6.974236e-02    1.000420   6.804489e-02
  499    6.979231e-02    1.000716   6.809362e-02
  500    6.970058e-02    0.998686   6.800413e-02
  501    6.967436e-02    0.999624   6.797854e-02
  502    6.966499e-02    0.999866   6.796940e-02
  503    6.996978e-02    1.004375   6.826677e-02
  504    6.918872e-02    0.988837   6.750472e-02
  505    6.925590e-02    1.000971   6.757027e-02
  506    6.899567e-02    0.996242   6.731637e-02
  507    6.898454e-02    0.999839   6.730551e-02
  508    6.899773e-02    1.000191   6.731839e-02
  509    6.899718e-02    0.999992   6.731785e-02
  510    6.899166e-02    0.999920   6.731246e-02
  511    6.898605e-02    0.999919   6.730699e-02
  512    6.897135e-02    0.999787   6.729265e-02
  513    6.895390e-02    0.999747   6.727562e-02
  514    6.939040e-02    1.006330   6.770150e-02
  515    6.897917e-02    0.994074   6.730027e-02
  516    6.878827e-02    0.997232   6.711402e-02
  517    6.876120e-02    0.999607   6.708761e-02
  518    6.862992e-02    0.998091   6.695953e-02
  519    6.839320e-02    0.996551   6.672856e-02
  520    6.820881e-02    0.997304   6.654866e-02
  521    6.757596e-02    0.990722   6.593122e-02
  522    6.781783e-02    1.003579   6.616721e-02
  523    6.788095e-02    1.000931   6.622879e-02
  524    6.787638e-02    0.999933   6.622433e-02
  525    6.795240e-02    1.001120   6.629850e-02
  526    6.795151e-02    0.999987   6.629763e-02
  527    6.789238e-02    0.999130   6.623994e-02
  528    6.789013e-02    0.999967   6.623775e-02
  529    6.788065e-02    0.999860   6.622850e-02
  530    6.685699e-02    0.984920   6.522974e-02
  531    6.766977e-02    1.012157   6.602274e-02
  532    6.765805e-02    0.999827   6.601131e-02
  533    6.766697e-02    1.000132   6.602001e-02
  534    6.772337e-02    1.000834   6.607504e-02
  535    6.800211e-02    1.004116   6.634699e-02
  536    6.797238e-02    0.999563   6.631799e-02
  537    6.817553e-02    1.002989   6.651620e-02
  538    6.822962e-02    1.000793   6.656897e-02
  539    6.801409e-02    0.996841   6.635868e-02
  540    6.769129e-02    0.995254   6.604374e-02
  541    6.663541e-02    0.984402   6.501356e-02
  542    6.661900e-02    0.999754   6.499754e-02
  543    6.672394e-02    1.001575   6.509994e-02
  544    6.675062e-02    1.000400   6.512596e-02
  545    6.673927e-02    0.999830   6.511490e-02
  546    6.584340e-02    0.986577   6.424083e-02
  547    6.344504e-02    0.963575   6.190084e-02
  548    6.315122e-02    0.995369   6.161417e-02
  549    6.303284e-02    0.998125   6.149867e-02
  550    6.298539e-02    0.999247   6.145238e-02
  551    6.305496e-02    1.001105   6.152026e-02
  552    6.305132e-02    0.999942   6.151671e-02
  553    6.305407e-02    1.000044   6.151938e-02
  554    6.300304e-02    0.999191   6.146960e-02
  555    6.300285e-02    0.999997   6.146942e-02
  556    6.372079e-02    1.011395   6.216988e-02
  557    6.152685e-02    0.965569   6.002934e-02
  558    6.222214e-02    1.011301   6.070770e-02
  559    6.219996e-02    0.999644   6.068607e-02
  560    6.220758e-02    1.000123   6.069350e-02
  561    6.214476e-02    0.998990   6.063221e-02
  562    6.230337e-02    1.002552   6.078696e-02
  563    6.225624e-02    0.999244   6.074098e-02
  564    6.214906e-02    0.998278   6.063641e-02
  565    6.150050e-02    0.989564   6.000363e-02
  566    6.150745e-02    1.000113   6.001041e-02
  567    6.134934e-02    0.997429   5.985615e-02
  568    6.138661e-02    1.000607   5.989251e-02
  569    6.137485e-02    0.999808   5.988104e-02
  570    6.131733e-02    0.999063   5.982492e-02
  571    6.117343e-02    0.997653   5.968452e-02
  572    6.114443e-02    0.999526   5.965623e-02
  573    6.119511e-02    1.000829   5.970567e-02
  574    6.116127e-02    0.999447   5.967265e-02
  575    6.110944e-02    0.999153   5.962209e-02
  576    6.120706e-02    1.001597   5.971733e-02
  577    6.089385e-02    0.994883   5.941174e-02
  578    6.097983e-02    1.001412   5.949564e-02
  579    6.038163e-02    0.990190   5.891199e-02
  580    7.845079e-02    1.299249   7.654136e-02
  581    7.628031e-02    0.972333   7.442371e-02
  582    5.782368e-02    0.758042   5.641630e-02
  583    5.859830e-02    1.013396   5.717207e-02
  584    5.942557e-02    1.014118   5.797920e-02
  585    5.764346e-02    0.970011   5.624047e-02
  586    5.711634e-02    0.990855   5.572618e-02
  587    5.710212e-02    0.999751   5.571230e-02
  588    5.710988e-02    1.000136   5.571988e-02
  589    5.711730e-02    1.000130   5.572711e-02
  590    5.728001e-02    1.002849   5.588586e-02
  591    5.719702e-02    0.998551   5.580489e-02
  592    4.808111e-01    8.406226   4.691085e-01
  593    2.359381e+00    4.907085   2.301955e+00
  594    5.562246e-02    0.023575   5.426866e-02
  595    5.540047e-02    0.996009   5.405207e-02
  596    4.947181e-02    0.892985   4.826770e-02
  597    5.478559e-02    1.107410   5.345215e-02
  598    5.477768e-02    0.999856   5.344443e-02
  599    5.461641e-02    0.997056   5.328709e-02
  600    5.433993e-02    0.994938   5.301734e-02
  601    5.404042e-02    0.994488   5.272513e-02
  602    5.409403e-02    1.000992   5.277743e-02
  603    5.412225e-02    1.000522   5.280496e-02
  604    5.414244e-02    1.000373   5.282466e-02
  605    5.413554e-02    0.999872   5.281792e-02
  606    5.388734e-02    0.995415   5.257577e-02
  607    5.404034e-02    1.002839   5.272505e-02
  608    5.212942e-02    0.964639   5.086063e-02
  609    5.221491e-02    1.001640   5.094404e-02
  610    5.203137e-02    0.996485   5.076497e-02
  611    5.190595e-02    0.997590   5.064260e-02
  612    5.191070e-02    1.000092   5.064724e-02
  613    5.183838e-02    0.998607   5.057668e-02
  614    5.237278e-02    1.010309   5.109807e-02
  615    5.224645e-02    0.997588   5.097481e-02
  616    5.400104e-02    1.033583   5.268670e-02
  617    4.916025e-02    0.910358   4.796373e-02
  618    5.052438e-02    1.027749   4.929466e-02
  619    5.063480e-02    1.002185   4.940239e-02
  620    5.047051e-02    0.996755   4.924210e-02
  621    5.037152e-02    0.998039   4.914552e-02
  622    5.195625e-02    1.031461   5.069168e-02
  623    4.865603e-02    0.936481   4.747178e-02
  624    4.841202e-02    0.994985   4.723372e-02
  625    4.932197e-02    1.018796   4.812151e-02
  626    4.935786e-02    1.000728   4.815653e-02
  627    4.935333e-02    0.999908   4.815211e-02
  628    4.936514e-02    1.000239   4.816364e-02
  629    4.934257e-02    0.999543   4.814162e-02
  630    4.935699e-02    1.000292   4.815568e-02
  631    4.940247e-02    1.000922   4.820006e-02
  632    4.935300e-02    0.998999   4.815179e-02
  633    4.934005e-02    0.999738   4.813915e-02
  634    4.933565e-02    0.999911   4.813486e-02
  635    4.934392e-02    1.000168   4.814293e-02
  636    4.889764e-02    0.990956   4.770751e-02
  637    4.908433e-02    1.003818   4.788966e-02
  638    4.911637e-02    1.000653   4.792091e-02
  639    4.785101e-02    0.974238   4.668636e-02
  640    4.740594e-02    0.990699   4.625212e-02
  641    4.737695e-02    0.999388   4.622383e-02
  642    4.731352e-02    0.998661   4.616195e-02
  643    4.743556e-02    1.002579   4.628102e-02
  644    4.745694e-02    1.000451   4.630187e-02
  645    4.740737e-02    0.998956   4.625352e-02
  646    4.750159e-02    1.001987   4.634544e-02
  647    4.747768e-02    0.999497   4.632211e-02
  648    4.747800e-02    1.000007   4.632243e-02
  649    4.746623e-02    0.999752   4.631094e-02
  650    4.746380e-02    0.999949   4.630857e-02
  651    4.748200e-02    1.000383   4.632632e-02
  652    4.748038e-02    0.999966   4.632475e-02
  653    4.729347e-02    0.996063   4.614239e-02
  654    4.736017e-02    1.001410   4.620747e-02
  655    4.725742e-02    0.997830   4.610721e-02
  656    4.742149e-02    1.003472   4.626729e-02
  657    4.732800e-02    0.998029   4.617607e-02
  658    4.691391e-02    0.991251   4.577207e-02
  659    4.692444e-02    1.000224   4.578233e-02
  660    5.252372e-02    1.119326   5.124534e-02
  661    5.619747e-02    1.069945   5.482967e-02
  662    4.681141e-02    0.832981   4.567206e-02
  663    4.680816e-02    0.999930   4.566889e-02
  664    4.680674e-02    0.999970   4.566750e-02
  665    4.684224e-02    1.000758   4.570214e-02
  666    4.682082e-02    0.999543   4.568124e-02
  667    4.679685e-02    0.999488   4.565786e-02
  668    4.679667e-02    0.999996   4.565768e-02
  669    4.680022e-02    1.000076   4.566114e-02
  670    4.682122e-02    1.000449   4.568163e-02
  671    4.679417e-02    0.999422   4.565524e-02
  672    4.679312e-02    0.999978   4.565421e-02
  673    4.679329e-02    1.000004   4.565438e-02
  674    4.674821e-02    0.999037   4.561040e-02
  675    4.671213e-02    0.999228   4.557519e-02
  676    4.671946e-02    1.000157   4.558235e-02
  677    4.683073e-02    1.002382   4.569091e-02
  678    4.817610e-02    1.028728   4.700354e-02
  679    4.816413e-02    0.999752   4.699186e-02
  680    4.834896e-02    1.003837   4.717219e-02
  681    4.819255e-02    0.996765   4.701958e-02
  682    4.926533e-02    1.022260   4.806625e-02
  683    4.714541e-02    0.956969   4.599793e-02
  684    4.754715e-02    1.008521   4.638989e-02
  685    4.754951e-02    1.000050   4.639220e-02
  686    4.752147e-02    0.999410   4.636483e-02
  687    4.713676e-02    0.991905   4.598949e-02
  688    4.683477e-02    0.993593   4.569485e-02
  689    4.677613e-02    0.998748   4.563764e-02
  690    4.652574e-02    0.994647   4.539334e-02
  691    4.662391e-02    1.002110   4.548912e-02
  692    5.045190e-02    1.082104   4.922394e-02
  693    4.745251e-02    0.940550   4.629756e-02
  694    4.752019e-02    1.001426   4.636359e-02
  695    4.751844e-02    0.999963   4.636188e-02
  696    4.755254e-02    1.000718   4.639516e-02
  697    4.739847e-02    0.996760   4.624483e-02
  698    4.782604e-02    1.009021   4.666200e-02
  699    4.772152e-02    0.997814   4.656001e-02
  700    4.771196e-02    0.999800   4.655069e-02
  701    4.774913e-02    1.000779   4.658696e-02
  702    4.783180e-02    1.001731   4.666761e-02
  703    4.779469e-02    0.999224   4.663141e-02
  704    4.843992e-02    1.013500   4.726093e-02
  705    4.878274e-02    1.007077   4.759541e-02
  706    4.882762e-02    1.000920   4.763919e-02
  707    4.882108e-02    0.999866   4.763282e-02
  708    4.878437e-02    0.999248   4.759700e-02
  709    4.878150e-02    0.999941   4.759420e-02
  710    4.931323e-02    1.010900   4.811299e-02
  711    4.926392e-02    0.999000   4.806488e-02
  712    4.930083e-02    1.000749   4.810089e-02
  713    4.913681e-02    0.996673   4.794086e-02
  714    4.913651e-02    0.999994   4.794057e-02
  715    5.051435e-02    1.028041   4.928488e-02
  716    4.879895e-02    0.966041   4.761123e-02
  717    4.870694e-02    0.998114   4.752145e-02
  718    4.886323e-02    1.003209   4.767394e-02
  719    4.886129e-02    0.999960   4.767205e-02
  720    4.883283e-02    0.999417   4.764428e-02
  721    4.882381e-02    0.999815   4.763548e-02
  722    4.882705e-02    1.000066   4.763864e-02
  723    4.882519e-02    0.999962   4.763683e-02
  724    4.882928e-02    1.000084   4.764082e-02
  725    4.880931e-02    0.999591   4.762133e-02
  726    4.860709e-02    0.995857   4.742403e-02
  727    4.863542e-02    1.000583   4.745167e-02
  728    4.918162e-02    1.011231   4.798458e-02
  729    5.071775e-02    1.031234   4.948332e-02
  730    4.933271e-02    0.972691   4.813199e-02
  731    4.949598e-02    1.003310   4.829129e-02
  732    4.944674e-02    0.999005   4.824325e-02
  733    4.929044e-02    0.996839   4.809075e-02
  734    4.969481e-02    1.008204   4.848528e-02
  735    4.970708e-02    1.000247   4.849725e-02
  736    4.969106e-02    0.999678   4.848162e-02
  737    4.969000e-02    0.999979   4.848059e-02
  738    4.971157e-02    1.000434   4.850163e-02
  739    4.970772e-02    0.999923   4.849788e-02
  740    4.970464e-02    0.999938   4.849487e-02
  741    4.968456e-02    0.999596   4.847528e-02
  742    4.968382e-02    0.999985   4.847456e-02
  743    4.968385e-02    1.000001   4.847458e-02
  744    4.968402e-02    1.000003   4.847475e-02
  745    4.971819e-02    1.000688   4.850809e-02
  746    4.968005e-02    0.999233   4.847088e-02
  747    4.967038e-02    0.999805   4.846144e-02
  748    4.967224e-02    1.000037   4.846326e-02
  749    5.017142e-02    1.010050   4.895029e-02
  750    4.974126e-02    0.991426   4.853060e-02
  751    4.966829e-02    0.998533   4.845941e-02
  752    4.952505e-02    0.997116   4.831965e-02
  753    4.947169e-02    0.998923   4.826759e-02
  754    4.941794e-02    0.998914   4.821515e-02
  755    4.944888e-02    1.000626   4.824534e-02
  756    4.971456e-02    1.005373   4.850455e-02
  757    4.971001e-02    0.999909   4.850011e-02
  758    4.984122e-02    1.002639   4.862812e-02
  759    5.008066e-02    1.004804   4.886174e-02
  760    4.997015e-02    0.997793   4.875392e-02
  761    4.994849e-02    0.999567   4.873278e-02
  762    4.982314e-02    0.997490   4.861049e-02
  763    4.975986e-02    0.998730   4.854875e-02
  764    4.972036e-02    0.999206   4.851020e-02
  765    4.969540e-02    0.999498   4.848586e-02
  766    4.969599e-02    1.000012   4.848643e-02
  767    4.968945e-02    0.999868   4.848005e-02
  768    4.988190e-02    1.003873   4.866782e-02
  769    4.965899e-02    0.995531   4.845033e-02
  770    4.963922e-02    0.999602   4.843105e-02
  771    4.964516e-02    1.000120   4.843684e-02
  772    4.973495e-02    1.001809   4.852444e-02
  773    4.972882e-02    0.999877   4.851846e-02
  774    4.972536e-02    0.999931   4.851509e-02
  775    4.972098e-02    0.999912   4.851082e-02
  776    4.972412e-02    1.000063   4.851388e-02
  777    4.971982e-02    0.999913   4.850968e-02
  778    4.974268e-02    1.000460   4.853198e-02
  779    4.969935e-02    0.999129   4.848971e-02
  780    4.969798e-02    0.999972   4.848837e-02
  781    4.972605e-02    1.000565   4.851576e-02
  782    4.975790e-02    1.000641   4.854684e-02
  783    4.974441e-02    0.999729   4.853367e-02
  784    4.973797e-02    0.999871   4.852739e-02
  785    4.973588e-02    0.999958   4.852535e-02
  786    4.973520e-02    0.999986   4.852468e-02
  787    4.973344e-02    0.999965   4.852296e-02
  788    4.974943e-02    1.000322   4.853857e-02
  789    4.974868e-02    0.999985   4.853784e-02
  790    4.971892e-02    0.999402   4.850880e-02
  791    4.967902e-02    0.999197   4.846988e-02
  792    4.964177e-02    0.999250   4.843353e-02
  793    4.964059e-02    0.999976   4.843238e-02
  794    4.971266e-02    1.001452   4.850270e-02
  795    4.958783e-02    0.997489   4.838090e-02
  796    4.959168e-02    1.000078   4.838466e-02
  797    4.957148e-02    0.999593   4.836495e-02
  798    4.955727e-02    0.999713   4.835109e-02
  799    4.956462e-02    1.000148   4.835826e-02
  800    4.954537e-02    0.999612   4.833948e-02
  801    4.950480e-02    0.999181   4.829990e-02
  802    4.948749e-02    0.999650   4.828300e-02
  803    4.948687e-02    0.999988   4.828240e-02
  804    4.949217e-02    1.000107   4.828757e-02
  805    4.948913e-02    0.999939   4.828461e-02
  806    4.948829e-02    0.999983   4.828379e-02
  807    4.947987e-02    0.999830   4.827557e-02
  808    4.947926e-02    0.999988   4.827497e-02
  809    4.945915e-02    0.999594   4.825535e-02
  810    4.944602e-02    0.999735   4.824254e-02
  811    4.850176e-02    0.980903   4.732127e-02
  812    4.948268e-02    1.020224   4.827831e-02
  813    4.950463e-02    1.000444   4.829973e-02
  814    4.950387e-02    0.999985   4.829899e-02
  815    4.952352e-02    1.000397   4.831816e-02
  816    4.953070e-02    1.000145   4.832517e-02
  817    4.952538e-02    0.999893   4.831997e-02
  818    4.954597e-02    1.000416   4.834006e-02
  819    4.961958e-02    1.001486   4.841188e-02
  820    4.971879e-02    1.002000   4.850868e-02
  821    5.413823e-02    1.088889   5.282055e-02
  822    4.865043e-02    0.898633   4.746632e-02
  823    4.861968e-02    0.999368   4.743631e-02
  824    4.861510e-02    0.999906   4.743185e-02
  825    4.867736e-02    1.001281   4.749259e-02
  826    4.887748e-02    1.004111   4.768784e-02
  827    4.902771e-02    1.003074   4.783441e-02
  828    4.901119e-02    0.999663   4.781830e-02
  829    4.906125e-02    1.001021   4.786714e-02
  830    4.896159e-02    0.997969   4.776991e-02
  831    4.895091e-02    0.999782   4.775948e-02
  832    4.887486e-02    0.998446   4.768528e-02
  833    4.880330e-02    0.998536   4.761547e-02
  834    4.878429e-02    0.999610   4.759692e-02
  835    4.882348e-02    1.000803   4.763516e-02
  836    4.882913e-02    1.000116   4.764067e-02
  837    4.882352e-02    0.999885   4.763520e-02
  838    4.881404e-02    0.999806   4.762594e-02
  839    4.881340e-02    0.999987   4.762532e-02
  840    4.881405e-02    1.000013   4.762595e-02
  841    4.881723e-02    1.000065   4.762906e-02
  842    4.882109e-02    1.000079   4.763283e-02
  843    4.879152e-02    0.999394   4.760398e-02
  844    4.873337e-02    0.998808   4.754724e-02
  845    4.871952e-02    0.999716   4.753373e-02
  846    4.874496e-02    1.000522   4.755854e-02
  847    4.868605e-02    0.998791   4.750107e-02
  848    4.865415e-02    0.999345   4.746995e-02
  849    4.852901e-02    0.997428   4.734785e-02
  850    4.848929e-02    0.999182   4.730910e-02
  851    4.847212e-02    0.999646   4.729235e-02
  852    4.849024e-02    1.000374   4.731003e-02
  853    4.853118e-02    1.000844   4.734997e-02
  854    4.853073e-02    0.999991   4.734953e-02
  855    4.825090e-02    0.994234   4.707651e-02
  856    4.865610e-02    1.008398   4.747185e-02
  857    4.794722e-02    0.985431   4.678023e-02
  858    4.777688e-02    0.996447   4.661403e-02
  859    4.773359e-02    0.999094   4.657180e-02
  860    4.599267e-02    0.963528   4.487325e-02
  861    4.691866e-02    1.020133   4.577670e-02
  862    4.671081e-02    0.995570   4.557390e-02
  863    4.676912e-02    1.001248   4.563080e-02
  864    4.709692e-02    1.007009   4.595062e-02
  865    4.750793e-02    1.008727   4.635163e-02
  866    4.795649e-02    1.009442   4.678927e-02
  867    4.766763e-02    0.993977   4.650744e-02
  868    4.772630e-02    1.001231   4.656468e-02
  869    4.666539e-02    0.977771   4.552959e-02
  870    4.766908e-02    1.021508   4.650886e-02
  871    4.754877e-02    0.997476   4.639148e-02
  872    4.735220e-02    0.995866   4.619969e-02
  873    4.739738e-02    1.000954   4.624377e-02
  874    4.737023e-02    0.999427   4.621728e-02
  875    4.739936e-02    1.000615   4.624570e-02
  876    4.725136e-02    0.996878   4.610130e-02
  877    4.733381e-02    1.001745   4.618174e-02
  878    4.713833e-02    0.995870   4.599102e-02
  879    4.700936e-02    0.997264   4.586519e-02
  880    4.698673e-02    0.999519   4.584311e-02
  881    4.707563e-02    1.001892   4.592984e-02
  882    4.724916e-02    1.003686   4.609916e-02
  883    4.697520e-02    0.994202   4.583187e-02
  884    4.433096e-02    0.943710   4.325198e-02
  885    4.375667e-02    0.987045   4.269167e-02
  886    4.696119e-02    1.073235   4.581820e-02
  887    4.728501e-02    1.006895   4.613414e-02
  888    4.646900e-02    0.982743   4.533798e-02
  889    4.827801e-02    1.038929   4.710296e-02
  890    4.628256e-02    0.958668   4.515608e-02
  891    4.627240e-02    0.999780   4.514616e-02
  892    4.643310e-02    1.003473   4.530296e-02
  893    4.620391e-02    0.995064   4.507935e-02
  894    4.610482e-02    0.997855   4.498267e-02
  895    4.633387e-02    1.004968   4.520614e-02
  896    4.670762e-02    1.008067   4.557080e-02
  897    4.667560e-02    0.999315   4.553956e-02
  898    4.662370e-02    0.998888   4.548892e-02
  899    4.610445e-02    0.988863   4.498231e-02
  900    4.548463e-02    0.986556   4.437757e-02
  901    4.546433e-02    0.999554   4.435777e-02
  902    4.549224e-02    1.000614   4.438500e-02
  903    4.537469e-02    0.997416   4.427031e-02
  904    4.536382e-02    0.999760   4.425970e-02
  905    4.529498e-02    0.998483   4.419254e-02
  906    4.545288e-02    1.003486   4.434659e-02
  907    4.542613e-02    0.999412   4.432050e-02
  908    4.567527e-02    1.005484   4.456357e-02
  909    5.578214e-02    1.221277   5.442445e-02
  910    4.385328e-02    0.786153   4.278593e-02
  911    4.358026e-02    0.993774   4.251956e-02
  912    4.399378e-02    1.009489   4.292300e-02
  913    4.270317e-02    0.970664   4.166381e-02
  914    4.452317e-02    1.042620   4.343951e-02
  915    4.438512e-02    0.996899   4.330483e-02
  916    4.432930e-02    0.998742   4.325036e-02
  917    4.433122e-02    1.000043   4.325223e-02
  918    4.426828e-02    0.998580   4.319083e-02
  919    4.421905e-02    0.998888   4.314280e-02
  920    4.416317e-02    0.998736   4.308828e-02
  921    4.460004e-02    1.009892   4.351451e-02
  922    4.269834e-02    0.957361   4.165910e-02
  923    4.355129e-02    1.019976   4.249129e-02
  924    4.348916e-02    0.998574   4.243067e-02
  925    4.349402e-02    1.000112   4.243541e-02
  926    4.355414e-02    1.001382   4.249407e-02
  927    4.342138e-02    0.996952   4.236454e-02
  928    4.335296e-02    0.998424   4.229778e-02
  929    4.319765e-02    0.996418   4.214626e-02
  930    4.408190e-02    1.020470   4.300898e-02
  931    4.405274e-02    0.999338   4.298053e-02
  932    4.265127e-02    0.968187   4.161317e-02
  933    4.265076e-02    0.999988   4.161267e-02
  934    4.262401e-02    0.999373   4.158658e-02
  935    4.280549e-02    1.004258   4.176364e-02
  936    6.380104e-01    14.904872   6.224817e-01
  937    4.987268e-02    0.078169   4.865882e-02
  938    4.270044e-02    0.856189   4.166114e-02
  939    4.262191e-02    0.998161   4.158453e-02
  940    4.252387e-02    0.997700   4.148887e-02
  941    4.244896e-02    0.998238   4.141579e-02
  942    4.285381e-02    1.009537   4.181078e-02
  943    4.255427e-02    0.993010   4.151854e-02
  944    4.285849e-02    1.007149   4.181535e-02
  945    4.345766e-02    1.013980   4.239994e-02
  946    4.870022e-02    1.120636   4.751490e-02
  947    4.743813e-02    0.974085   4.628353e-02
  948    4.742871e-02    0.999801   4.627433e-02
  949    4.950385e-02    1.043753   4.829897e-02
  950    4.374881e-02    0.883746   4.268400e-02
  951    4.478278e-02    1.023634   4.369280e-02
  952    4.411934e-02    0.985185   4.304551e-02
  953    4.223278e-02    0.957240   4.120487e-02
  954    4.164385e-02    0.986055   4.063028e-02
  955    4.164777e-02    1.000094   4.063410e-02
  956    4.148005e-02    0.995973   4.047046e-02
  957    4.148991e-02    1.000238   4.048008e-02
  958    4.150827e-02    1.000443   4.049800e-02
  959    4.131037e-02    0.995232   4.030491e-02
  960    4.131378e-02    1.000083   4.030824e-02
  961    4.113174e-02    0.995594   4.013063e-02
  962    4.113479e-02    1.000074   4.013360e-02
  963    4.046228e-02    0.983651   3.947746e-02
  964    4.052679e-02    1.001594   3.954040e-02
  965    4.045227e-02    0.998161   3.946769e-02
  966    4.056744e-02    1.002847   3.958007e-02
  967    4.050972e-02    0.998577   3.952375e-02
  968    4.440640e-02    1.096191   4.332558e-02
  969    4.049497e-02    0.911918   3.950936e-02
  970    4.044194e-02    0.998690   3.945762e-02
  971    4.045493e-02    1.000321   3.947029e-02
  972    4.045252e-02    0.999940   3.946794e-02
  973    4.044952e-02    0.999926   3.946501e-02
  974    4.044025e-02    0.999771   3.945597e-02
  975    4.040567e-02    0.999145   3.942223e-02
  976    4.043968e-02    1.000842   3.945541e-02
  977    4.074087e-02    1.007448   3.974928e-02
  978    4.075079e-02    1.000243   3.975895e-02
  979    4.057094e-02    0.995586   3.958347e-02
  980    4.055399e-02    0.999582   3.956693e-02
  981    4.054886e-02    0.999874   3.956193e-02
  982    4.054593e-02    0.999928   3.955908e-02
  983    4.054875e-02    1.000070   3.956183e-02
  984    4.055057e-02    1.000045   3.956361e-02
  985    4.058385e-02    1.000821   3.959607e-02
  986    4.053132e-02    0.998706   3.954482e-02
  987    4.035831e-02    0.995732   3.937603e-02
  988    4.024730e-02    0.997249   3.926771e-02
  989    3.507302e-02    0.871438   3.421937e-02
  990    3.391818e-02    0.967073   3.309264e-02
  991    3.336754e-02    0.983766   3.255540e-02
  992    3.330617e-02    0.998161   3.249553e-02
  993    3.326167e-02    0.998664   3.245211e-02
  994    3.111433e-02    0.935441   3.035703e-02
  995    3.754636e-02    1.206723   3.663251e-02
  996    4.741024e-02    1.262712   4.625631e-02
  997    3.213120e-02    0.677727   3.134916e-02
  998    3.218663e-02    1.001725   3.140324e-02
  999    3.217966e-02    0.999783   3.139643e-02
 1000    3.217571e-02    0.999877   3.139258e-02
 1001    3.215819e-02    0.999455   3.137548e-02
 1002    3.216030e-02    1.000066   3.137754e-02
 1003    3.216464e-02    1.000135   3.138178e-02
 1004    3.216260e-02    0.999937   3.137979e-02
 1005    3.217510e-02    1.000389   3.139199e-02
 1006    3.230160e-02    1.003931   3.151540e-02
 1007    3.225989e-02    0.998709   3.147471e-02
 1008    3.102813e-02    0.961818   3.027294e-02
 1009    3.103091e-02    1.000090   3.027565e-02
 1010    3.102734e-02    0.999885   3.027216e-02
 1011    3.170942e-02    1.021983   3.093764e-02
 1012    3.169011e-02    0.999391   3.091880e-02
 1013    3.167323e-02    0.999467   3.090233e-02
 1014    3.170792e-02    1.001095   3.093618e-02
 1015    3.158463e-02    0.996112   3.081589e-02
 1016    3.156868e-02    0.999495   3.080032e-02
 1017    3.170163e-02    1.004211   3.093004e-02
 1018    3.152871e-02    0.994546   3.076133e-02
 1019    3.434643e-02    1.089370   3.351047e-02
 1020    3.375509e-02    0.982783   3.293352e-02
 1021    3.027346e-02    0.896856   2.953663e-02
 1022    3.081325e-02    1.017831   3.006328e-02
 1023    3.103463e-02    1.007185   3.027928e-02
 1024    3.106173e-02    1.000873   3.030571e-02
 1025    3.106902e-02    1.000235   3.031283e-02
 1026    3.106536e-02    0.999882   3.030925e-02
 1027    3.122515e-02    1.005144   3.046516e-02
 1028    3.101685e-02    0.993329   3.026192e-02
 1029    3.084476e-02    0.994452   3.009402e-02
 1030    3.111605e-02    1.008795   3.035871e-02
 1031    3.121990e-02    1.003337   3.046003e-02
 1032    3.126658e-02    1.001495   3.050558e-02
 1033    3.126457e-02    0.999936   3.050362e-02
 1034    3.064685e-02    0.980242   2.990093e-02
 1035    3.049550e-02    0.995062   2.975326e-02
 1036    3.040409e-02    0.997002   2.966408e-02
 1037    3.026878e-02    0.995550   2.953206e-02
 1038    3.047279e-02    1.006740   2.973110e-02
 1039    2.963572e-02    0.972531   2.891442e-02
 1040    2.873271e-02    0.969529   2.803338e-02
 1041    2.614224e-02    0.909843   2.550596e-02
 1042    2.342419e-02    0.896028   2.285406e-02
 1043    2.340124e-02    0.999020   2.283167e-02
 1044    2.219479e-02    0.948445   2.165459e-02
 1045    2.937644e-02    1.323574   2.866145e-02
 1046    2.768561e-02    0.942442   2.701176e-02
 1047    2.743843e-02    0.991072   2.677060e-02
 1048    2.769947e-02    1.009513   2.702528e-02
 1049    2.824017e-02    1.019520   2.755282e-02
 1050    2.857916e-02    1.012004   2.788357e-02
 1051    2.874155e-02    1.005682   2.804200e-02
 1052    2.891895e-02    1.006172   2.821509e-02
 1053    2.885095e-02    0.997649   2.814874e-02
 1054    2.889803e-02    1.001632   2.819468e-02
 1055    2.891838e-02    1.000704   2.821453e-02
 1056    2.891685e-02    0.999947   2.821304e-02
 1057    2.891745e-02    1.000021   2.821363e-02
 1058    2.891708e-02    0.999987   2.821326e-02
 1059    2.891552e-02    0.999946   2.821174e-02
 1060    2.891710e-02    1.000054   2.821328e-02
 1061    2.891534e-02    0.999939   2.821156e-02
 1062    2.897508e-02    1.002066   2.826985e-02
 1063    2.896021e-02    0.999487   2.825535e-02
 1064    2.874990e-02    0.992738   2.805016e-02
 1065    2.920430e-02    1.015805   2.849349e-02
 1066    2.918957e-02    0.999496   2.847912e-02
 1067    2.920715e-02    1.000602   2.849627e-02
 1068    2.920707e-02    0.999997   2.849620e-02
 1069    2.920452e-02    0.999913   2.849371e-02
 1070    2.920432e-02    0.999993   2.849352e-02
 1071    2.813845e-02    0.963503   2.745358e-02
 1072    3.033423e-02    1.078035   2.959592e-02
 1073    2.800522e-02    0.923222   2.732359e-02
 1074    2.812939e-02    1.004434   2.744474e-02
 1075    2.812965e-02    1.000009   2.744500e-02
 1076    2.826290e-02    1.004737   2.757500e-02
 1077    2.825256e-02    0.999634   2.756492e-02
 1078    2.741182e-02    0.970242   2.674464e-02
 1079    2.669882e-02    0.973989   2.604899e-02
 1080    2.714518e-02    1.016718   2.648449e-02
 1081    2.717574e-02    1.001126   2.651430e-02
 1082    2.714953e-02    0.999036   2.648873e-02
 1083    2.635254e-02    0.970645   2.571114e-02
 1084    2.652648e-02    1.006600   2.588084e-02
 1085    2.637346e-02    0.994232   2.573155e-02
 1086    2.619250e-02    0.993139   2.555500e-02
 1087    2.687873e-02    1.026199   2.622452e-02
 1088    2.600894e-02    0.967640   2.537590e-02
 1089    2.603669e-02    1.001067   2.540298e-02
 1090    2.594886e-02    0.996627   2.531728e-02
 1091    2.575319e-02    0.992460   2.512638e-02
 1092    2.575650e-02    1.000128   2.512961e-02
 1093    2.631825e-02    1.021810   2.567769e-02
 1094    2.592218e-02    0.984951   2.529125e-02
 1095    2.505516e-02    0.966553   2.444533e-02
 1096    2.522135e-02    1.006633   2.460748e-02
 1097    2.600092e-02    1.030909   2.536807e-02
 1098    2.516762e-02    0.967951   2.455506e-02
 1099    2.511503e-02    0.997911   2.450375e-02
 1100    2.500231e-02    0.995512   2.439378e-02
 1101    2.501893e-02    1.000665   2.440999e-02
 1102    2.501880e-02    0.999995   2.440987e-02
 1103    2.504460e-02    1.001031   2.443504e-02
 1104    2.265336e-02    0.904521   2.210200e-02
 1105    2.554930e-02    1.127837   2.492745e-02
 1106    2.544325e-02    0.995849   2.482398e-02
 1107    2.543698e-02    0.999754   2.481786e-02
 1108    2.534330e-02    0.996318   2.472647e-02
 1109    3.219138e-02    1.270213   3.140787e-02
 1110    2.290849e-02    0.711634   2.235092e-02
 1111    6.501768e-02    2.838147   6.343521e-02
 1112    1.931760e-02    0.297113   1.884742e-02
 1113    2.127291e-02    1.101219   2.075514e-02
 1114    2.125252e-02    0.999041   2.073525e-02
 1115    2.215669e-02    1.042544   2.161742e-02
 1116    2.289152e-02    1.033165   2.233436e-02
 1117    2.278221e-02    0.995225   2.222771e-02
 1118    2.299557e-02    1.009365   2.243588e-02
 1119    2.288059e-02    0.995000   2.232369e-02
 1120    2.289131e-02    1.000469   2.233416e-02
 1121    2.276487e-02    0.994476   2.221079e-02
 1122    2.242994e-02    0.985287   2.188401e-02
 1123    2.264989e-02    1.009806   2.209861e-02
 1124    2.264086e-02    0.999601   2.208980e-02
 1125    2.264075e-02    0.999995   2.208969e-02
 1126    2.263853e-02    0.999902   2.208753e-02
 1127    2.295600e-02    1.014023   2.239727e-02
 1128    2.279289e-02    0.992895   2.223813e-02
 1129    2.279279e-02    0.999995   2.223803e-02
 1130    2.279453e-02    1.000077   2.223973e-02
 1131    2.279442e-02    0.999995   2.223962e-02
 1132    2.266288e-02    0.994229   2.211128e-02
 1133    2.254458e-02    0.994780   2.199586e-02
 1134    2.265523e-02    1.004908   2.210382e-02
 1135    2.259233e-02    0.997224   2.204246e-02
 1136    2.263449e-02    1.001866   2.208359e-02
 1137    2.325461e-02    1.027397   2.268862e-02
 1138    4.326148e-02    1.860340   4.220853e-02
 1139    4.039485e-02    0.933737   3.941168e-02
 1140    2.098703e-02    0.519547   2.047622e-02
 1141    2.026635e-02    0.965660   1.977308e-02
 1142    2.089433e-02    1.030987   2.038578e-02
 1143    2.144065e-02    1.026147   2.091880e-02
 1144    2.130624e-02    0.993731   2.078766e-02
 1145    2.131253e-02    1.000295   2.079380e-02
 1146    2.130787e-02    0.999781   2.078925e-02
 1147    2.030941e-02    0.953141   1.981509e-02
 1148    2.129390e-02    1.048475   2.077563e-02
 1149    2.143958e-02    1.006841   2.091776e-02
 1150    2.143903e-02    0.999974   2.091722e-02
 1151    2.142164e-02    0.999189   2.090025e-02
 1152    2.141629e-02    0.999750   2.089503e-02
 1153    2.141694e-02    1.000031   2.089567e-02
 1154    2.141951e-02    1.000120   2.089818e-02
 1155    2.141312e-02    0.999701   2.089194e-02
 1156    2.138779e-02    0.998817   2.086723e-02
 1157    2.160911e-02    1.010348   2.108316e-02
 1158    2.084274e-02    0.964535   2.033544e-02
 1159    2.068247e-02    0.992311   2.017908e-02
 1160    2.068183e-02    0.999969   2.017845e-02
 1161    2.072901e-02    1.002281   2.022449e-02
 1162    2.066690e-02    0.997004   2.016389e-02
 1163    2.067655e-02    1.000467   2.017330e-02
 1164    2.064589e-02    0.998517   2.014338e-02
 1165    2.063589e-02    0.999516   2.013363e-02
 1166    2.069132e-02    1.002686   2.018771e-02
 1167    2.069789e-02    1.000318   2.019412e-02
 1168    2.068434e-02    0.999345   2.018090e-02
 1169    2.051348e-02    0.991739   2.001419e-02
 1170    2.041743e-02    0.995318   1.992049e-02
 1171    2.059115e-02    1.008508   2.008998e-02
 1172    2.002280e-02    0.972398   1.953546e-02
 1173    1.998450e-02    0.998087   1.949809e-02
 1174    1.987894e-02    0.994718   1.939511e-02
 1175    1.989783e-02    1.000950   1.941353e-02
 1176    1.985498e-02    0.997847   1.937173e-02
 1177    1.983286e-02    0.998886   1.935015e-02
 1178    1.964432e-02    0.990494   1.916620e-02
 1179    1.955652e-02    0.995530   1.908053e-02
 1180    1.975289e-02    1.010041   1.927213e-02
 1181    1.975094e-02    0.999901   1.927022e-02
 1182    1.975544e-02    1.000228   1.927461e-02
 1183    1.975464e-02    0.999959   1.927382e-02
 1184    1.975387e-02    0.999961   1.927308e-02
 1185    1.974451e-02    0.999526   1.926394e-02
 1186    1.974436e-02    0.999993   1.926380e-02
 1187    1.974862e-02    1.000216   1.926796e-02
 1188    1.974285e-02    0.999708   1.926233e-02
 1189    1.973627e-02    0.999667   1.925590e-02
 1190    1.974529e-02    1.000457   1.926471e-02
 1191    1.973595e-02    0.999527   1.925559e-02
 1192    1.973595e-02    1.000000   1.925559e-02
 1193    1.973789e-02    1.000098   1.925749e-02
 1194    1.973099e-02    0.999650   1.925075e-02
 1195    1.972273e-02    0.999581   1.924269e-02
 1196    1.973881e-02    1.000816   1.925839e-02
 1197    1.973800e-02    0.999959   1.925760e-02
 1198    1.973837e-02    1.000018   1.925795e-02
 1199    1.973741e-02    0.999951   1.925701e-02
 1200    1.973893e-02    1.000077   1.925850e-02
 1201    1.973059e-02    0.999578   1.925037e-02
 1202    1.973120e-02    1.000031   1.925096e-02
 1203    1.978492e-02    1.002722   1.930337e-02
 1204    1.973202e-02    0.997326   1.925176e-02
 1205    1.973172e-02    0.999985   1.925146e-02
 1206    1.973121e-02    0.999974   1.925097e-02
 1207    1.972832e-02    0.999854   1.924815e-02
 1208    1.973560e-02    1.000369   1.925525e-02
 1209    1.968083e-02    0.997225   1.920182e-02
 1210    1.963891e-02    0.997870   1.916092e-02
 1211    1.963120e-02    0.999607   1.915339e-02
 1212    1.961989e-02    0.999424   1.914236e-02
 1213    1.953552e-02    0.995700   1.906004e-02
 1214    1.958292e-02    1.002426   1.910629e-02
 1215    1.975911e-02    1.008997   1.927819e-02
 1216    1.973485e-02    0.998772   1.925452e-02
 1217    1.977692e-02    1.002132   1.929557e-02
 1218    1.962262e-02    0.992198   1.914502e-02
 1219    1.991420e-02    1.014859   1.942950e-02
 1220    2.079816e-02    1.044389   2.029195e-02
 1221    2.071620e-02    0.996059   2.021199e-02
 1222    2.070236e-02    0.999332   2.019849e-02
 1223    2.076699e-02    1.003122   2.026154e-02
 1224    2.116814e-02    1.019317   2.065292e-02
 1225    1.880767e-02    0.888490   1.834991e-02
 1226    1.906031e-02    1.013433   1.859640e-02
 1227    1.896773e-02    0.995143   1.850607e-02
 1228    1.904387e-02    1.004014   1.858035e-02
 1229    1.923438e-02    1.010004   1.876623e-02
 1230    1.869906e-02    0.972168   1.824394e-02
 1231    1.874634e-02    1.002529   1.829007e-02
 1232    1.870485e-02    0.997787   1.824959e-02
 1233    1.869189e-02    0.999307   1.823695e-02
 1234    1.869343e-02    1.000082   1.823845e-02
 1235    1.876648e-02    1.003908   1.830972e-02
 1236    1.852425e-02    0.987092   1.807338e-02
 1237    1.837166e-02    0.991763   1.792451e-02
 1238    1.845528e-02    1.004551   1.800609e-02
 1239    1.856327e-02    1.005852   1.811146e-02
 1240    1.854006e-02    0.998750   1.808881e-02
 1241    1.852914e-02    0.999411   1.807816e-02
 1242    1.852890e-02    0.999987   1.807792e-02
 1243    1.852863e-02    0.999985   1.807766e-02
 1244    1.852745e-02    0.999936   1.807650e-02
 1245    1.852934e-02    1.000102   1.807835e-02
 1246    1.857271e-02    1.002341   1.812067e-02
 1247    1.851459e-02    0.996871   1.806396e-02
 1248    1.858550e-02    1.003830   1.813314e-02
 1249    1.838489e-02    0.989206   1.793741e-02
 1250    1.838854e-02    1.000199   1.794098e-02
 1251    1.838806e-02    0.999974   1.794051e-02
 1252    1.838741e-02    0.999964   1.793987e-02
 1253    1.838725e-02    0.999991   1.793972e-02
 1254    1.838347e-02    0.999795   1.793603e-02
 1255    1.838797e-02    1.000245   1.794042e-02
 1256    1.841071e-02    1.001237   1.796261e-02
 1257    1.837358e-02    0.997983   1.792638e-02
 1258    1.821248e-02    0.991232   1.776920e-02
 1259    1.820284e-02    0.999471   1.775980e-02
 1260    1.824806e-02    1.002484   1.780391e-02
 1261    1.824784e-02    0.999988   1.780371e-02
 1262    1.824847e-02    1.000034   1.780432e-02
 1263    1.824678e-02    0.999907   1.780267e-02
 1264    1.824666e-02    0.999993   1.780255e-02
 1265    1.824569e-02    0.999947   1.780161e-02
 1266    1.829898e-02    1.002921   1.785360e-02
 1267    1.821098e-02    0.995191   1.776774e-02
 1268    1.819474e-02    0.999109   1.775190e-02
 1269    1.828639e-02    1.005037   1.784132e-02
 1270    1.804224e-02    0.986648   1.760311e-02
 1271    1.806679e-02    1.001361   1.762706e-02
 1272    1.807236e-02    1.000309   1.763250e-02
 1273    1.807468e-02    1.000128   1.763476e-02
 1274    1.807461e-02    0.999996   1.763469e-02
 1275    1.806844e-02    0.999658   1.762867e-02
 1276    1.807031e-02    1.000103   1.763049e-02
 1277    1.805187e-02    0.998980   1.761250e-02
 1278    1.804891e-02    0.999836   1.760961e-02
 1279    1.803590e-02    0.999279   1.759692e-02
 1280    1.802396e-02    0.999338   1.758527e-02
 1281    1.802090e-02    0.999830   1.758229e-02
 1282    1.803023e-02    1.000518   1.759139e-02
 1283    1.800012e-02    0.998330   1.756202e-02
 1284    1.799854e-02    0.999912   1.756047e-02
 1285    1.799846e-02    0.999996   1.756039e-02
 1286    1.799881e-02    1.000019   1.756073e-02
 1287    1.798350e-02    0.999149   1.754579e-02
 1288    1.798608e-02    1.000144   1.754832e-02
 1289    1.797570e-02    0.999423   1.753818e-02
 1290    1.798266e-02    1.000387   1.754498e-02
 1291    1.796517e-02    0.999027   1.752791e-02
 1292    1.795898e-02    0.999655   1.752187e-02
 1293    1.795898e-02    1.000000   1.752187e-02
 1294    1.795878e-02    0.999989   1.752168e-02
 1295    1.795118e-02    0.999577   1.751426e-02
 1296    1.794445e-02    0.999625   1.750770e-02
 1297    1.794426e-02    0.999989   1.750751e-02
 1298    1.794657e-02    1.000129   1.750976e-02
 1299    1.794598e-02    0.999967   1.750919e-02
 1300    1.794591e-02    0.999996   1.750912e-02
 1301    1.793033e-02    0.999132   1.749392e-02
 1302    1.795002e-02    1.001098   1.751313e-02
 1303    1.794973e-02    0.999984   1.751285e-02
 1304    1.794809e-02    0.999909   1.751125e-02
 1305    1.794894e-02    1.000047   1.751208e-02
 1306    1.793445e-02    0.999192   1.749794e-02
 1307    1.817153e-02    1.013220   1.772925e-02
 1308    1.790756e-02    0.985473   1.747170e-02
 1309    1.787980e-02    0.998450   1.744462e-02
 1310    1.787816e-02    0.999908   1.744302e-02
 1311    1.783847e-02    0.997780   1.740430e-02
 1312    1.784078e-02    1.000129   1.740655e-02
 1313    1.783757e-02    0.999820   1.740342e-02
 1314    1.781043e-02    0.998479   1.737694e-02
 1315    1.781905e-02    1.000484   1.738535e-02
 1316    1.781858e-02    0.999973   1.738489e-02
 1317    1.781632e-02    0.999873   1.738268e-02
 1318    1.782422e-02    1.000444   1.739039e-02
 1319    1.782624e-02    1.000113   1.739236e-02
 1320    1.781475e-02    0.999356   1.738116e-02
 1321    1.780462e-02    0.999431   1.737127e-02
 1322    1.780422e-02    0.999977   1.737088e-02
 1323    1.780410e-02    0.999994   1.737076e-02
 1324    1.780404e-02    0.999996   1.737070e-02
 1325    1.780459e-02    1.000031   1.737124e-02
 1326    1.780545e-02    1.000049   1.737208e-02
 1327    1.771427e-02    0.994879   1.728312e-02
 1328    1.775359e-02    1.002220   1.732149e-02
 1329    1.928323e-02    1.086159   1.881389e-02
 1330    1.765656e-02    0.915643   1.722681e-02
 1331    1.783355e-02    1.010024   1.739949e-02
 1332    1.782669e-02    0.999616   1.739280e-02
 1333    1.782665e-02    0.999998   1.739276e-02
 1334    1.782678e-02    1.000008   1.739289e-02
 1335    1.783896e-02    1.000683   1.740478e-02
 1336    1.774788e-02    0.994894   1.731591e-02
 1337    1.772200e-02    0.998542   1.729067e-02
 1338    1.788539e-02    1.009219   1.745007e-02
 1339    1.764839e-02    0.986749   1.721884e-02
 1340    1.764584e-02    0.999856   1.721635e-02
 1341    1.764820e-02    1.000134   1.721866e-02
 1342    1.766753e-02    1.001096   1.723752e-02
 1343    1.766740e-02    0.999993   1.723739e-02
 1344    1.767366e-02    1.000354   1.724350e-02
 1345    1.767772e-02    1.000229   1.724746e-02
 1346    1.767652e-02    0.999932   1.724629e-02
 1347    1.767568e-02    0.999952   1.724547e-02
 1348    1.767479e-02    0.999950   1.724460e-02
 1349    1.767392e-02    0.999951   1.724375e-02
 1350    1.767799e-02    1.000230   1.724772e-02
 1351    1.767579e-02    0.999876   1.724558e-02
 1352    1.767481e-02    0.999945   1.724462e-02
 1353    1.767997e-02    1.000292   1.724965e-02
 1354    1.770113e-02    1.001197   1.727030e-02
 1355    1.768504e-02    0.999091   1.725460e-02
 1356    1.851294e-02    1.046813   1.806235e-02
 1357    1.765727e-02    0.953780   1.722751e-02
 1358    1.799899e-02    1.019353   1.756091e-02
 1359    1.788520e-02    0.993678   1.744988e-02
 1360    1.819468e-02    1.017304   1.775184e-02
 1361    1.749181e-02    0.961370   1.706608e-02
 1362    1.753836e-02    1.002661   1.711149e-02
 1363    1.752887e-02    0.999459   1.710223e-02
 1364    1.752296e-02    0.999663   1.709646e-02
 1365    1.752112e-02    0.999895   1.709467e-02
 1366    1.745084e-02    0.995989   1.702610e-02
 1367    1.741573e-02    0.997988   1.699184e-02
 1368    1.741692e-02    1.000069   1.699301e-02
 1369    1.741383e-02    0.999823   1.699000e-02
 1370    1.770758e-02    1.016869   1.727660e-02
 1371    1.761749e-02    0.994912   1.718869e-02
 1372    1.734867e-02    0.984741   1.692642e-02
 1373    1.732039e-02    0.998370   1.689882e-02
 1374    1.732326e-02    1.000166   1.690162e-02
 1375    1.732512e-02    1.000108   1.690344e-02
 1376    1.732514e-02    1.000001   1.690346e-02
 1377    1.732316e-02    0.999886   1.690153e-02
 1378    1.732859e-02    1.000313   1.690683e-02
 1379    1.734051e-02    1.000688   1.691846e-02
 1380    1.726030e-02    0.995375   1.684020e-02
 1381    1.746047e-02    1.011597   1.703549e-02
 1382    1.785665e-02    1.022690   1.742203e-02
 1383    1.790775e-02    1.002862   1.747189e-02
 1384    1.758559e-02    0.982010   1.715757e-02
 1385    1.755344e-02    0.998172   1.712620e-02
 1386    1.755922e-02    1.000330   1.713184e-02
 1387    1.753866e-02    0.998829   1.711179e-02
 1388    1.750169e-02    0.997892   1.707572e-02
 1389    1.751361e-02    1.000681   1.708734e-02
 1390    1.733938e-02    0.990052   1.691735e-02
 1391    1.738230e-02    1.002475   1.695923e-02
 1392    1.720715e-02    0.989924   1.678834e-02
 1393    1.721448e-02    1.000426   1.679549e-02
 1394    1.720683e-02    0.999556   1.678803e-02
 1395    1.720602e-02    0.999953   1.678724e-02
 1396    1.720613e-02    1.000006   1.678735e-02
 1397    1.721075e-02    1.000269   1.679186e-02
 1398    1.723286e-02    1.001285   1.681343e-02
 1399    1.725768e-02    1.001440   1.683765e-02
 1400    1.721883e-02    0.997749   1.679974e-02
 1401    1.716894e-02    0.997103   1.675106e-02
 1402    1.716283e-02    0.999644   1.674510e-02
 1403    1.715724e-02    0.999674   1.673965e-02
 1404    1.715714e-02    0.999994   1.673955e-02
 1405    1.715727e-02    1.000007   1.673967e-02
 1406    1.715486e-02    0.999859   1.673732e-02
 1407    1.716736e-02    1.000729   1.674952e-02
 1408    1.716631e-02    0.999939   1.674849e-02
 1409    1.717616e-02    1.000574   1.675811e-02
 1410    1.717377e-02    0.999861   1.675577e-02
 1411    1.716171e-02    0.999298   1.674401e-02
 1412    1.716789e-02    1.000360   1.675004e-02
 1413    1.716461e-02    0.999809   1.674683e-02
 1414    1.716427e-02    0.999980   1.674650e-02
 1415    1.716258e-02    0.999902   1.674486e-02
 1416    1.716222e-02    0.999979   1.674450e-02
 1417    1.716210e-02    0.999993   1.674439e-02
 1418    1.716276e-02    1.000038   1.674503e-02
 1419    1.716456e-02    1.000105   1.674679e-02
 1420    1.716432e-02    0.999986   1.674656e-02
 1421    1.716415e-02    0.999990   1.674639e-02
 1422    1.716399e-02    0.999991   1.674624e-02
 1423    1.716387e-02    0.999993   1.674612e-02
 1424    1.716280e-02    0.999938   1.674508e-02
 1425    1.715376e-02    0.999473   1.673625e-02
 1426    1.715866e-02    1.000286   1.674103e-02
 1427    1.716111e-02    1.000143   1.674342e-02
 1428    1.716103e-02    0.999995   1.674335e-02
 1429    1.715892e-02    0.999877   1.674128e-02
 1430    1.715756e-02    0.999921   1.673995e-02
 1431    1.715543e-02    0.999876   1.673788e-02
 1432    1.714552e-02    0.999423   1.672821e-02
 1433    1.714537e-02    0.999991   1.672806e-02
 1434    1.714534e-02    0.999998   1.672803e-02
 1435    1.714489e-02    0.999974   1.672760e-02
 1436    1.712118e-02    0.998617   1.670446e-02
 1437    1.713178e-02    1.000619   1.671481e-02
 1438    1.729970e-02    1.009802   1.687864e-02
 1439    1.710614e-02    0.988811   1.668979e-02
 1440    1.710618e-02    1.000002   1.668983e-02
 1441    1.710831e-02    1.000124   1.669191e-02
 1442    1.710757e-02    0.999957   1.669118e-02
 1443    1.711218e-02    1.000270   1.669568e-02
 1444    1.719872e-02    1.005057   1.678012e-02
 1445    1.718474e-02    0.999187   1.676647e-02
 1446    1.719271e-02    1.000464   1.677425e-02
 1447    1.723126e-02    1.002242   1.681187e-02
 1448    1.722877e-02    0.999855   1.680943e-02
 1449    1.711473e-02    0.993381   1.669817e-02
 1450    1.731456e-02    1.011676   1.689314e-02
 1451    1.731423e-02    0.999981   1.689282e-02
 1452    1.719878e-02    0.993332   1.678017e-02
 1453    1.919290e-02    1.115946   1.872576e-02
 1454    1.684735e-02    0.877791   1.643730e-02
 1455    1.694778e-02    1.005962   1.653529e-02
 1456    1.689769e-02    0.997044   1.648641e-02
 1457    1.683120e-02    0.996065   1.642154e-02
 1458    1.689167e-02    1.003593   1.648054e-02
 1459    1.688703e-02    0.999726   1.647602e-02
 1460    1.697652e-02    1.005299   1.656333e-02
 1461    1.696978e-02    0.999603   1.655675e-02
 1462    1.697963e-02    1.000581   1.656636e-02
 1463    1.698375e-02    1.000242   1.657038e-02
 1464    1.705659e-02    1.004289   1.664144e-02
 1465    1.701544e-02    0.997588   1.660130e-02
 1466    1.729663e-02    1.016525   1.687564e-02
 1467    1.624070e-02    0.938951   1.584541e-02
 1468    1.595036e-02    0.982123   1.556214e-02
 1469    1.564824e-02    0.981059   1.526738e-02
 1470    1.560982e-02    0.997545   1.522989e-02
 1471    1.562470e-02    1.000953   1.524441e-02
 1472    1.556043e-02    0.995887   1.518170e-02
 1473    1.554053e-02    0.998721   1.516229e-02
 1474    1.571629e-02    1.011310   1.533377e-02
 1475    1.572113e-02    1.000308   1.533849e-02
 1476    1.571953e-02    0.999898   1.533693e-02
 1477    1.578894e-02    1.004415   1.540465e-02
 1478    1.577548e-02    0.999148   1.539152e-02
 1479    1.589569e-02    1.007620   1.550881e-02
 1480    1.597079e-02    1.004724   1.558207e-02
 1481    1.593470e-02    0.997740   1.554686e-02
 1482    1.624077e-02    1.019208   1.584548e-02
 1483    1.595597e-02    0.982464   1.556762e-02
 1484    1.579117e-02    0.989671   1.540682e-02
 1485    1.581586e-02    1.001564   1.543092e-02
 1486    1.582507e-02    1.000582   1.543990e-02
 1487    1.580394e-02    0.998665   1.541929e-02
 1488    1.579477e-02    0.999420   1.541034e-02
 1489    1.579259e-02    0.999862   1.540821e-02
 1490    1.579246e-02    0.999991   1.540808e-02
 1491    1.579179e-02    0.999958   1.540743e-02
 1492    1.579153e-02    0.999984   1.540718e-02
 1493    1.579130e-02    0.999986   1.540696e-02
 1494    1.579164e-02    1.000021   1.540728e-02
 1495    1.578706e-02    0.999710   1.540282e-02
 1496    1.579829e-02    1.000712   1.541378e-02
 1497    1.580499e-02    1.000424   1.542031e-02
 1498    1.576413e-02    0.997415   1.538044e-02
 1499    1.576655e-02    1.000154   1.538280e-02
 1500    1.575321e-02    0.999154   1.536979e-02
 1501    1.571605e-02    0.997641   1.533354e-02
 1502    1.571615e-02    1.000006   1.533363e-02
 1503    1.567892e-02    0.997631   1.529731e-02
 1504    1.567414e-02    0.999695   1.529265e-02
 1505    1.568384e-02    1.000618   1.530210e-02
 1506    1.568353e-02    0.999981   1.530181e-02
 1507    1.567807e-02    0.999652   1.529648e-02
 1508    1.567834e-02    1.000017   1.529674e-02
 1509    1.554417e-02    0.991442   1.516584e-02
 1510    1.555729e-02    1.000844   1.517864e-02
 1511    1.572416e-02    1.010726   1.534145e-02
 1512    1.572272e-02    0.999908   1.534004e-02
 1513    1.572319e-02    1.000030   1.534050e-02
 1514    1.572578e-02    1.000165   1.534303e-02
 1515    1.572397e-02    0.999885   1.534126e-02
 1516    1.572267e-02    0.999917   1.533999e-02
 1517    1.572239e-02    0.999982   1.533972e-02
 1518    1.572225e-02    0.999991   1.533958e-02
 1519    1.572226e-02    1.000000   1.533959e-02
 1520    1.574136e-02    1.001215   1.535823e-02
 1521    1.570257e-02    0.997536   1.532038e-02
 1522    1.568313e-02    0.998762   1.530142e-02
 1523    1.569552e-02    1.000790   1.531350e-02
 1524    1.568590e-02    0.999387   1.530412e-02
 1525    1.568551e-02    0.999975   1.530373e-02
 1526    1.569071e-02    1.000332   1.530881e-02
 1527    1.569756e-02    1.000436   1.531549e-02
 1528    1.570027e-02    1.000173   1.531814e-02
 1529    1.569960e-02    0.999957   1.531749e-02
 1530    1.572186e-02    1.001418   1.533920e-02
 1531    1.578065e-02    1.003739   1.539656e-02
 1532    1.577992e-02    0.999954   1.539585e-02
 1533    1.497335e-02    0.948887   1.460891e-02
 1534    1.349460e-02    0.901241   1.316615e-02
 1535    1.450026e-02    1.074523   1.414734e-02
 1536    1.596628e-02    1.101103   1.557767e-02
 1537    1.526374e-02    0.955999   1.489223e-02
 1538    1.525339e-02    0.999322   1.488214e-02
 1539    1.524973e-02    0.999760   1.487856e-02
 1540    1.524491e-02    0.999684   1.487386e-02
 1541    1.625661e-02    1.066364   1.586094e-02
 1542    1.620233e-02    0.996661   1.580798e-02
 1543    1.608068e-02    0.992492   1.568929e-02
 1544    1.486797e-02    0.924586   1.450609e-02
 1545    1.492553e-02    1.003872   1.456225e-02
 1546    1.497748e-02    1.003481   1.461294e-02
 1547    1.502854e-02    1.003409   1.466276e-02
 1548    1.502514e-02    0.999774   1.465945e-02
 1549    1.520387e-02    1.011895   1.483382e-02
 1550    1.516497e-02    0.997441   1.479586e-02
 1551    1.528209e-02    1.007723   1.491013e-02
 1552    1.539367e-02    1.007302   1.501900e-02
 1553    1.539370e-02    1.000002   1.501903e-02
 1554    1.537804e-02    0.998982   1.500375e-02
 1555    1.536305e-02    0.999025   1.498913e-02
 1556    1.536272e-02    0.999978   1.498880e-02
 1557    1.565643e-02    1.019119   1.527537e-02
 1558    1.543136e-02    0.985624   1.505578e-02
 1559    1.540420e-02    0.998240   1.502927e-02
 1560    1.541297e-02    1.000570   1.503783e-02
 1561    1.537923e-02    0.997811   1.500491e-02
 1562    1.537874e-02    0.999968   1.500443e-02
 1563    1.537910e-02    1.000024   1.500479e-02
 1564    1.537916e-02    1.000004   1.500484e-02
 1565    1.537860e-02    0.999964   1.500430e-02
 1566    1.537857e-02    0.999998   1.500427e-02
 1567    1.537760e-02    0.999937   1.500332e-02
 1568    1.537691e-02    0.999955   1.500265e-02
 1569    1.537747e-02    1.000036   1.500319e-02
 1570    1.537542e-02    0.999867   1.500120e-02
 1571    1.536923e-02    0.999597   1.499515e-02
 1572    1.534350e-02    0.998326   1.497005e-02
 1573    1.525557e-02    0.994269   1.488426e-02
 1574    1.535584e-02    1.006573   1.498210e-02
 1575    1.534416e-02    0.999239   1.497070e-02
 1576    1.534284e-02    0.999914   1.496941e-02
 1577    1.534228e-02    0.999963   1.496886e-02
 1578    1.534357e-02    1.000084   1.497012e-02
 1579    1.534327e-02    0.999981   1.496983e-02
 1580    1.535869e-02    1.001005   1.498487e-02
 1581    1.537080e-02    1.000788   1.499669e-02
 1582    1.535202e-02    0.998778   1.497836e-02
 1583    1.527493e-02    0.994979   1.490315e-02
 1584    1.461347e-02    0.956696   1.425779e-02
 1585    1.470074e-02    1.005972   1.434294e-02
 1586    1.430709e-02    0.973223   1.395887e-02
 1587    1.363596e-02    0.953091   1.330407e-02
 1588    1.523497e-02    1.117264   1.486416e-02
 1589    1.599574e-02    1.049936   1.560642e-02
 1590    1.834736e-02    1.147015   1.790080e-02
 1591    1.806733e-02    0.984737   1.762758e-02
 1592    2.096761e-02    1.160526   2.045728e-02
 1593    2.024938e-02    0.965746   1.975653e-02
 1594    1.930393e-02    0.953310   1.883409e-02
 1595    1.884787e-02    0.976374   1.838913e-02
 1596    1.828516e-02    0.970145   1.784012e-02
 1597    1.830626e-02    1.001154   1.786070e-02
 1598    1.998473e-02    1.091688   1.949831e-02
 1599    1.832100e-02    0.916750   1.787508e-02
 1600    1.611746e-02    0.879726   1.572517e-02
 1601    1.451335e-02    0.900474   1.416011e-02
 1602    1.502712e-02    1.035399   1.466137e-02
 1603    1.502700e-02    0.999993   1.466126e-02
 1604    1.502764e-02    1.000042   1.466188e-02
 1605    1.513917e-02    1.007422   1.477070e-02
 1606    1.511398e-02    0.998336   1.474612e-02
 1607    1.511097e-02    0.999801   1.474318e-02
 1608    1.510669e-02    0.999717   1.473901e-02
 1609    1.510984e-02    1.000209   1.474208e-02
 1610    1.511857e-02    1.000577   1.475059e-02
 1611    1.506211e-02    0.996266   1.469551e-02
 1612    1.511502e-02    1.003513   1.474713e-02
 1613    1.511425e-02    0.999949   1.474639e-02
 1614    1.511519e-02    1.000062   1.474730e-02
 1615    1.511428e-02    0.999940   1.474641e-02
 1616    1.511557e-02    1.000085   1.474766e-02
 1617    1.509704e-02    0.998775   1.472959e-02
 1618    1.509629e-02    0.999950   1.472886e-02
 1619    1.514309e-02    1.003100   1.477452e-02
 1620    1.513270e-02    0.999314   1.476439e-02
 1621    1.513193e-02    0.999949   1.476364e-02
 1622    1.513228e-02    1.000023   1.476397e-02
 1623    1.515313e-02    1.001378   1.478432e-02
 1624    1.515168e-02    0.999905   1.478291e-02
 1625    1.980061e-02    1.306825   1.931868e-02
 1626    1.539903e-02    0.777705   1.502423e-02
 1627    1.539298e-02    0.999607   1.501833e-02
 1628    1.552332e-02    1.008467   1.514549e-02
 1629    1.498005e-02    0.965003   1.461545e-02
 1630    1.480024e-02    0.987997   1.444001e-02
 1631    1.516230e-02    1.024464   1.479327e-02
 1632    1.484092e-02    0.978804   1.447970e-02
 1633    1.523137e-02    1.026309   1.486066e-02
 1634    1.471530e-02    0.966118   1.435715e-02
 1635    1.470213e-02    0.999105   1.434430e-02
 1636    1.471719e-02    1.001024   1.435899e-02
 1637    1.473877e-02    1.001466   1.438004e-02
 1638    1.285847e-02    0.872425   1.254550e-02
 1639    1.371299e-02    1.066455   1.337922e-02
 1640    1.485130e-02    1.083010   1.448983e-02
 1641    1.470647e-02    0.990248   1.434853e-02
 1642    1.475893e-02    1.003567   1.439971e-02
 1643    1.476145e-02    1.000171   1.440217e-02
 1644    1.476231e-02    1.000059   1.440301e-02
 1645    1.476492e-02    1.000177   1.440556e-02
 1646    1.476445e-02    0.999968   1.440510e-02
 1647    1.476457e-02    1.000008   1.440522e-02
 1648    1.476386e-02    0.999952   1.440452e-02
 1649    1.208186e-02    0.818340   1.178780e-02
 1650    1.028042e-02    0.850897   1.003020e-02
 1651    1.013935e-02    0.986278   9.892569e-03
 1652    1.004099e-02    0.990299   9.796603e-03
 1653    9.726645e-03    0.968694   9.489907e-03
 1654    9.959781e-03    1.023969   9.717368e-03
 1655    9.963807e-03    1.000404   9.721296e-03
 1656    9.962407e-03    0.999860   9.719930e-03
 1657    9.965174e-03    1.000278   9.722630e-03
 1658    9.895403e-03    0.992998   9.654557e-03
 1659    9.934922e-03    1.003994   9.693114e-03
 1660    9.936055e-03    1.000114   9.694220e-03
 1661    9.933354e-03    0.999728   9.691584e-03
 1662    9.947298e-03    1.001404   9.705189e-03
 1663    9.946947e-03    0.999965   9.704847e-03
 1664    9.911342e-03    0.996420   9.670108e-03
 1665    9.929810e-03    1.001863   9.688127e-03
 1666    9.911164e-03    0.998122   9.669935e-03
 1667    9.907042e-03    0.999584   9.665913e-03
 1668    9.903397e-03    0.999632   9.662357e-03
 1669    9.902631e-03    0.999923   9.661609e-03
 1670    9.902573e-03    0.999994   9.661553e-03
 1671    9.903653e-03    1.000109   9.662606e-03
 1672    9.895653e-03    0.999192   9.654801e-03
 1673    9.923721e-03    1.002836   9.682186e-03
 1674    9.930761e-03    1.000709   9.689055e-03
 1675    9.907614e-03    0.997669   9.666471e-03
 1676    9.907108e-03    0.999949   9.665977e-03
 1677    9.904781e-03    0.999765   9.663707e-03
 1678    9.909815e-03    1.000508   9.668619e-03
 1679    9.909580e-03    0.999976   9.668389e-03
 1680    9.907797e-03    0.999820   9.666649e-03
 1681    1.053117e-02    1.062917   1.027485e-02
 1682    9.913624e-03    0.941360   9.672335e-03
 1683    9.919835e-03    1.000626   9.678394e-03
 1684    9.924537e-03    1.000474   9.682982e-03
 1685    9.923966e-03    0.999942   9.682425e-03
 1686    9.923765e-03    0.999980   9.682229e-03
 1687    9.769288e-03    0.984434   9.531512e-03
 1688    9.890618e-03    1.012419   9.649888e-03
 1689    9.845577e-03    0.995446   9.605943e-03
 1690    9.831410e-03    0.998561   9.592122e-03
 1691    9.855521e-03    1.002452   9.615646e-03
 1692    9.879957e-03    1.002479   9.639487e-03
 1693    9.840820e-03    0.996039   9.601302e-03
 1694    9.869009e-03    1.002865   9.628806e-03
 1695    9.868697e-03    0.999968   9.628502e-03
 1696    9.868723e-03    1.000003   9.628527e-03
 1697    9.856265e-03    0.998738   9.616372e-03
 1698    9.808951e-03    0.995200   9.570210e-03
 1699    9.799100e-03    0.998996   9.560598e-03
 1700    9.811590e-03    1.001275   9.572784e-03
 1701    9.815258e-03    1.000374   9.576363e-03
 1702    9.816440e-03    1.000120   9.577516e-03
 1703    9.778015e-03    0.996086   9.540026e-03
 1704    9.656069e-03    0.987529   9.421048e-03
 1705    9.584247e-03    0.992562   9.350974e-03
 1706    9.537556e-03    0.995128   9.305420e-03
 1707    9.599465e-03    1.006491   9.365822e-03
 1708    9.601678e-03    1.000231   9.367981e-03
 1709    9.602421e-03    1.000077   9.368706e-03
 1710    9.590291e-03    0.998737   9.356872e-03
 1711    9.593808e-03    1.000367   9.360303e-03
 1712    9.495400e-03    0.989742   9.264289e-03
 1713    1.066944e-02    1.123643   1.040975e-02
 1714    9.792831e-03    0.917840   9.554482e-03
 1715    9.789419e-03    0.999652   9.551153e-03
 1716    9.832862e-03    1.004438   9.593539e-03
 1717    9.821674e-03    0.998862   9.582622e-03
 1718    9.692378e-03    0.986836   9.456474e-03
 1719    9.750966e-03    1.006045   9.513636e-03
 1720    9.725555e-03    0.997394   9.488843e-03
 1721    9.810018e-03    1.008685   9.571250e-03
 1722    9.922803e-03    1.011497   9.681290e-03
 1723    1.142912e-02    1.151804   1.115094e-02
 1724    9.160342e-03    0.801491   8.937387e-03
 1725    5.802587e-03    0.633447   5.661357e-03
 1726    8.106909e-03    1.397120   7.909593e-03
 1727    8.124517e-03    1.002172   7.926773e-03
 1728    8.110597e-03    0.998287   7.913191e-03
 1729    8.076816e-03    0.995835   7.880233e-03
 1730    8.056144e-03    0.997441   7.860064e-03
 1731    8.039095e-03    0.997884   7.843430e-03
 1732    8.084142e-03    1.005603   7.887380e-03
 1733    8.096644e-03    1.001546   7.899578e-03
 1734    8.090649e-03    0.999260   7.893729e-03
 1735    8.113074e-03    1.002772   7.915608e-03
 1736    8.245346e-03    1.016304   8.044661e-03
 1737    8.235710e-03    0.998831   8.035260e-03
 1738    8.337882e-03    1.012406   8.134945e-03
 1739    8.280224e-03    0.993085   8.078690e-03
 1740    8.344859e-03    1.007806   8.141752e-03
 1741    8.246646e-03    0.988231   8.045930e-03
 1742    8.311269e-03    1.007836   8.108980e-03
 1743    8.301131e-03    0.998780   8.099089e-03
 1744    8.297987e-03    0.999621   8.096021e-03
 1745    8.289850e-03    0.999019   8.088082e-03
 1746    8.075914e-03    0.974193   7.879353e-03
 1747    8.207371e-03    1.016278   8.007611e-03
 1748    8.466983e-03    1.031632   8.260904e-03
 1749    8.392907e-03    0.991251   8.188631e-03
 1750    1.006780e-02    1.199560   9.822755e-03
 1751    6.570157e-03    0.652591   6.410245e-03
 1752    6.217517e-03    0.946327   6.066188e-03
 1753    7.549870e-03    1.214290   7.366112e-03
 1754    7.692560e-03    1.018900   7.505330e-03
 1755    7.620295e-03    0.990606   7.434823e-03
 1756    7.547551e-03    0.990454   7.363850e-03
 1757    7.428785e-03    0.984264   7.247975e-03
 1758    7.489402e-03    1.008160   7.307116e-03
 1759    7.491426e-03    1.000270   7.309091e-03
 1760    7.477399e-03    0.998128   7.295406e-03
 1761    7.575425e-03    1.013110   7.391046e-03
 1762    7.122453e-03    0.940205   6.949098e-03
 1763    7.181205e-03    1.008249   7.006420e-03
 1764    7.188939e-03    1.001077   7.013967e-03
 1765    6.694934e-03    0.931283   6.531985e-03
 1766    7.089443e-03    1.058927   6.916892e-03
 1767    7.040040e-03    0.993031   6.868691e-03
 1768    7.148383e-03    1.015390   6.974398e-03
 1769    6.954262e-03    0.972844   6.785001e-03
 1770    6.924227e-03    0.995681   6.755697e-03
 1771    6.916951e-03    0.998949   6.748598e-03
 1772    6.925896e-03    1.001293   6.757325e-03
 1773    6.847834e-03    0.988729   6.681163e-03
 1774    6.848300e-03    1.000068   6.681618e-03
 1775    7.035908e-03    1.027395   6.864660e-03
 1776    7.590190e-03    1.078779   7.405451e-03
 1777    6.449666e-03    0.849737   6.292687e-03
 1778    5.324132e-03    0.825490   5.194547e-03
 1779    5.714815e-03    1.073380   5.575721e-03
 1780    5.841797e-03    1.022220   5.699612e-03
 1781    5.713736e-03    0.978079   5.574669e-03
 1782    5.727592e-03    1.002425   5.588187e-03
 1783    5.557275e-03    0.970264   5.422015e-03
 1784    5.886607e-03    1.059262   5.743332e-03
 1785    6.022123e-03    1.023021   5.875549e-03
 1786    6.643277e-03    1.103145   6.481585e-03
 1787    2.302657e-02    3.466146   2.246612e-02
 1788    8.638161e-03    0.375139   8.427916e-03
 1789    9.275627e+01    10737.965086   9.049866e+01
 1790    7.548595e-01    0.008138   7.364868e-01
 1791    1.343058e-02    0.017792   1.310370e-02
 1792    2.385194e-01    17.759417   2.327140e-01
 1793    9.030067e-02    0.378588   8.810283e-02
 1794    1.120955e+00    12.413588   1.093672e+00
 1795    4.362535e-02    0.038918   4.256355e-02
 1796    5.651836e-02    1.295539   5.514275e-02
 1797    6.046965e-02    1.069912   5.899787e-02
 1798    1.736408e-02    0.287154   1.694145e-02
 1799    3.205496e-03    0.184605   3.127477e-03
 1800    3.615436e-03    1.127887   3.527440e-03
 1801    2.363017e-03    0.653591   2.305503e-03
 1802    2.673966e-03    1.131590   2.608884e-03
 1803    2.899596e-03    1.084381   2.829023e-03
 1804    1.598224e-03    0.551188   1.559325e-03
 1805    1.917309e-03    1.199650   1.870644e-03
 1806    2.130065e-03    1.110966   2.078221e-03
 1807    1.885589e-03    0.885226   1.839695e-03
 1808    5.618128e-03    2.979509   5.481388e-03
 1809    5.758847e-03    1.025047   5.618682e-03
 1810    3.113164e-03    0.540588   3.037393e-03
 1811    4.469362e-03    1.435633   4.360582e-03
 1812    4.111332e-03    0.919892   4.011266e-03
 1813    4.081054e-03    0.992635   3.981725e-03
 1814    4.052544e-03    0.993014   3.953909e-03
 1815    4.060710e-03    1.002015   3.961876e-03
 1816    4.112068e-03    1.012647   4.011984e-03
 1817    4.095073e-03    0.995867   3.995402e-03
 1818    3.708432e-03    0.905584   3.618172e-03
 1819    3.511216e-03    0.946820   3.425756e-03
 1820    3.897145e-03    1.109913   3.802291e-03
 1821    3.695316e-03    0.948211   3.605375e-03
 1822    3.686083e-03    0.997502   3.596367e-03
 1823    3.679797e-03    0.998295   3.590234e-03
 1824    3.675523e-03    0.998839   3.586064e-03
 1825    3.693594e-03    1.004917   3.603695e-03
 1826    3.700628e-03    1.001904   3.610557e-03
 1827    3.686302e-03    0.996129   3.596581e-03
 1828    3.743716e-03    1.015575   3.652597e-03
 1829    3.574743e-03    0.954865   3.487736e-03
 1830    3.563398e-03    0.996827   3.476668e-03
 1831    3.583559e-03    1.005658   3.496338e-03
 1832    3.584393e-03    1.000233   3.497152e-03
 1833    3.590603e-03    1.001732   3.503210e-03
 1834    3.614579e-03    1.006678   3.526603e-03
 1835    3.614386e-03    0.999946   3.526414e-03
 1836    1.611438e-03    0.445840   1.572217e-03
 1837    3.235032e-03    2.007543   3.156294e-03
 1838    3.173075e-03    0.980848   3.095845e-03
 1839    3.408068e-03    1.074059   3.325119e-03
 1840    3.486145e-03    1.022909   3.401295e-03
 1841    3.483334e-03    0.999194   3.398552e-03
 1842    3.479681e-03    0.998951   3.394989e-03
 1843    3.480525e-03    1.000243   3.395812e-03
 1844    3.475503e-03    0.998557   3.390912e-03
 1845    3.476750e-03    1.000359   3.392129e-03
 1846    3.484240e-03    1.002154   3.399437e-03
 1847    3.491697e-03    1.002140   3.406712e-03
 1848    3.490440e-03    0.999640   3.405486e-03
 1849    3.516281e-03    1.007403   3.430697e-03
 1850    3.498731e-03    0.995009   3.413575e-03
 1851    3.500486e-03    1.000502   3.415287e-03
 1852    3.485455e-03    0.995706   3.400622e-03
 1853    3.522262e-03    1.010560   3.436533e-03
 1854    3.516699e-03    0.998421   3.431106e-03
 1855    3.502279e-03    0.995900   3.417037e-03
 1856    3.501179e-03    0.999686   3.415963e-03
 1857    3.438754e-03    0.982170   3.355058e-03
 1858    3.240363e-03    0.942307   3.161495e-03
 1859    3.609014e-03    1.113769   3.521174e-03
 1860    4.280875e-03    1.186162   4.176682e-03
 1861    4.285237e-03    1.001019   4.180938e-03
 1862    3.649767e-03    0.851707   3.560935e-03
 1863    3.593921e-03    0.984699   3.506448e-03
 1864    3.670820e-03    1.021397   3.581475e-03
 1865    3.664217e-03    0.998201   3.575033e-03
 1866    3.663659e-03    0.999848   3.574489e-03
 1867    3.664025e-03    1.000100   3.574846e-03
 1868    3.452166e-03    0.942179   3.368143e-03
 1869    3.795671e-03    1.099504   3.703287e-03
 1870    3.818906e-03    1.006121   3.725957e-03
 1871    3.836277e-03    1.004549   3.742905e-03
 1872    3.836007e-03    0.999930   3.742642e-03
 1873    3.822672e-03    0.996524   3.729631e-03
 1874    3.779115e-03    0.988606   3.687134e-03
 1875    7.861555e-03    2.080264   7.670211e-03
 1876    2.713590e-03    0.345172   2.647543e-03
 1877    2.717657e-03    1.001499   2.651511e-03
 1878    1.930144e-03    0.710224   1.883166e-03
 1879    1.280695e-03    0.663523   1.249524e-03
 1880    1.413019e-03    1.103322   1.378627e-03
 1881    1.180080e-03    0.835148   1.151358e-03
 1882    1.100109e-03    0.932232   1.073333e-03
 1883    1.235517e-02    11.230863   1.205446e-02
 1884    3.587276e-03    0.290346   3.499965e-03
 1885    3.735183e-03    1.041231   3.644272e-03
 1886    2.514113e-03    0.673090   2.452922e-03
 1887    3.234114e-03    1.286384   3.155399e-03
 1888    2.654347e-03    0.820734   2.589743e-03
 1889    2.468507e-03    0.929987   2.408426e-03
 1890    3.867115e-03    1.566580   3.772992e-03
 1891    7.861908e-03    2.033017   7.670556e-03
 1892    1.112016e-02    1.414436   1.084951e-02
 1893    1.716884e-03    0.154394   1.675096e-03
 1894    1.575067e-03    0.917399   1.536731e-03
 1895    1.457616e-03    0.925431   1.422139e-03
 1896    1.457666e-03    1.000034   1.422188e-03
 1897    1.413335e-03    0.969588   1.378935e-03
 1898    1.380203e-03    0.976558   1.346610e-03
 1899    1.429897e-03    1.036005   1.395095e-03
 1900    1.406555e-03    0.983676   1.372320e-03
 1901    1.403103e-03    0.997546   1.368953e-03
 1902    1.403261e-03    1.000113   1.369107e-03
 1903    1.535775e-03    1.094433   1.498396e-03
 1904    1.395870e-03    0.908903   1.361896e-03
 1905    1.396142e-03    1.000194   1.362161e-03
 1906    1.395305e-03    0.999400   1.361344e-03
 1907    1.393431e-03    0.998657   1.359516e-03
 1908    1.393371e-03    0.999957   1.359458e-03
 1909    1.394164e-03    1.000569   1.360231e-03
 1910    1.394090e-03    0.999947   1.360159e-03
 1911    1.394310e-03    1.000158   1.360374e-03
 1912    1.394070e-03    0.999828   1.360139e-03
 1913    1.394113e-03    1.000031   1.360181e-03
 1914    1.393721e-03    0.999719   1.359799e-03
 1915    1.396627e-03    1.002085   1.362634e-03
 1916    1.394633e-03    0.998573   1.360689e-03
 1917    1.398219e-03    1.002571   1.364187e-03
 1918    1.398479e-03    1.000186   1.364441e-03
 1919    1.396852e-03    0.998837   1.362854e-03
 1920    1.398100e-03    1.000893   1.364071e-03
 1921    1.408380e-03    1.007353   1.374101e-03
 1922    1.417198e-03    1.006261   1.382705e-03
 1923    1.411230e-03    0.995789   1.376882e-03
 1924    1.454262e-03    1.030492   1.418866e-03
 1925    1.327648e-03    0.912936   1.295334e-03
 1926    1.330325e-03    1.002016   1.297946e-03
 1927    1.328740e-03    0.998809   1.296400e-03
 1928    1.304469e-03    0.981734   1.272719e-03
 1929    1.101265e-03    0.844225   1.074461e-03
 1930    1.095865e-03    0.995097   1.069193e-03
 1931    1.095940e-03    1.000068   1.069266e-03
 1932    1.115077e-03    1.017462   1.087937e-03
 1933    1.108396e-03    0.994008   1.081419e-03
 1934    1.112515e-03    1.003716   1.085437e-03
 1935    1.112511e-03    0.999996   1.085434e-03
 1936    1.111690e-03    0.999262   1.084632e-03
 1937    1.115599e-03    1.003516   1.088446e-03
 1938    1.121318e-03    1.005126   1.094026e-03
 1939    1.121223e-03    0.999916   1.093934e-03
 1940    1.140828e-03    1.017485   1.113061e-03
 1941    1.104752e-03    0.968377   1.077863e-03
 1942    1.098308e-03    0.994167   1.071576e-03
 1943    1.100017e-03    1.001556   1.073243e-03
 1944    1.272089e-03    1.156427   1.241127e-03
 1945    1.175334e-03    0.923940   1.146727e-03
 1946    1.177064e-03    1.001472   1.148415e-03
 1947    1.041765e-03    0.885054   1.016409e-03
 1948    1.074929e-03    1.031834   1.048766e-03
 1949    1.002475e-03    0.932596   9.780753e-04
 1950    9.814483e-04    0.979026   9.575607e-04
 1951    9.815485e-04    1.000102   9.576584e-04
 1952    1.071714e-03    1.091861   1.045630e-03
 1953    9.458152e-04    0.882525   9.227948e-04
 1954    9.450344e-04    0.999175   9.220331e-04
 1955    9.780283e-04    1.034913   9.542239e-04
 1956    9.778375e-04    0.999805   9.540378e-04
 1957    9.778938e-04    1.000058   9.540927e-04
 1958    9.778722e-04    0.999978   9.540716e-04
 1959    9.778903e-04    1.000019   9.540893e-04
 1960    9.767706e-04    0.998855   9.529968e-04
 1961    9.791186e-04    1.002404   9.552877e-04
 1962    9.790910e-04    0.999972   9.552608e-04
 1963    9.791920e-04    1.000103   9.553593e-04
 1964    9.816108e-04    1.002470   9.577193e-04
 1965    9.879359e-04    1.006444   9.638904e-04
 1966    1.015199e-03    1.027596   9.904902e-04
 1967    9.429223e-04    0.928805   9.199723e-04
 1968    1.080787e-03    1.146210   1.054481e-03
 1969    9.340131e-04    0.864197   9.112800e-04
 1970    9.378041e-04    1.004059   9.149787e-04
 1971    9.362401e-04    0.998332   9.134528e-04
 1972    9.365706e-04    1.000353   9.137752e-04
 1973    9.364766e-04    0.999900   9.136836e-04
 1974    9.362660e-04    0.999775   9.134781e-04
 1975    9.364152e-04    1.000159   9.136236e-04
 1976    9.363662e-04    0.999948   9.135759e-04
 1977    9.359204e-04    0.999524   9.131409e-04
 1978    9.359229e-04    1.000003   9.131434e-04
 1979    9.374855e-04    1.001670   9.146679e-04
 1980    9.383580e-04    1.000931   9.155192e-04
 1981    9.441892e-04    1.006214   9.212084e-04
 1982    9.428362e-04    0.998567   9.198884e-04
 1983    9.408783e-04    0.997923   9.179782e-04
 1984    9.408511e-04    0.999971   9.179516e-04
 1985    9.412454e-04    1.000419   9.183362e-04
 1986    9.404425e-04    0.999147   9.175529e-04
 1987    9.396489e-04    0.999156   9.167786e-04
 1988    9.394566e-04    0.999795   9.165910e-04
 1989    9.399209e-04    1.000494   9.170440e-04
 1990    9.399114e-04    0.999990   9.170348e-04
 1991    9.405448e-04    1.000674   9.176527e-04
 1992    9.393376e-04    0.998716   9.164749e-04
 1993    9.393483e-04    1.000011   9.164853e-04
 1994    9.390227e-04    0.999653   9.161677e-04
 1995    9.449535e-04    1.006316   9.219541e-04
 1996    9.387148e-04    0.993398   9.158673e-04
 1997    9.368812e-04    0.998047   9.140783e-04
 1998    9.363308e-04    0.999413   9.135413e-04
 1999    9.362675e-04    0.999932   9.134796e-04
 2000    1.017755e-03    1.087034   9.929835e-04
 2001    9.423556e-04    0.925916   9.194194e-04
 2002    9.352124e-04    0.992420   9.124501e-04
 2003    9.352346e-04    1.000024   9.124717e-04
 2004    9.352448e-04    1.000011   9.124817e-04
 2005    9.352344e-04    0.999989   9.124716e-04
 2006    9.352637e-04    1.000031   9.125001e-04
 2007    9.351449e-04    0.999873   9.123842e-04
 2008    9.351332e-04    0.999988   9.123728e-04
 2009    9.350747e-04    0.999937   9.123157e-04
 2010    9.350205e-04    0.999942   9.122628e-04
 2011    9.350213e-04    1.000001   9.122636e-04
 2012    9.352049e-04    1.000196   9.124428e-04
 2013    9.353611e-04    1.000167   9.125952e-04
 2014    9.353110e-04    0.999946   9.125463e-04
 2015    9.374404e-04    1.002277   9.146239e-04
 2016    9.358272e-04    0.998279   9.130500e-04
 2017    9.358251e-04    0.999998   9.130479e-04
 2018    9.358175e-04    0.999992   9.130404e-04
 2019    9.365118e-04    1.000742   9.137179e-04
 2020    9.367792e-04    1.000286   9.139788e-04
 2021    9.365620e-04    0.999768   9.137669e-04
 2022    9.366153e-04    1.000057   9.138189e-04
 2023    9.366293e-04    1.000015   9.138326e-04
 2024    9.366208e-04    0.999991   9.138242e-04
 2025    9.368423e-04    1.000236   9.140403e-04
 2026    9.355353e-04    0.998605   9.127651e-04
 2027    9.364136e-04    1.000939   9.136220e-04
 2028    9.365101e-04    1.000103   9.137162e-04
 2029    9.364293e-04    0.999914   9.136374e-04
 2030    9.363320e-04    0.999896   9.135424e-04
 2031    9.362766e-04    0.999941   9.134884e-04
 2032    9.367739e-04    1.000531   9.139736e-04
 2033    9.361212e-04    0.999303   9.133368e-04
 2034    9.359445e-04    0.999811   9.131644e-04
 2035    9.375375e-04    1.001702   9.147186e-04
 2036    9.405870e-04    1.003253   9.176939e-04
 2037    9.407500e-04    1.000173   9.178529e-04
 2038    9.402661e-04    0.999486   9.173808e-04
 2039    9.411855e-04    1.000978   9.182779e-04
 2040    9.430616e-04    1.001993   9.201083e-04
 2041    9.683049e-04    1.026767   9.447372e-04
 2042    9.580896e-04    0.989450   9.347705e-04
 2043    9.470572e-04    0.988485   9.240067e-04
 2044    9.470411e-04    0.999983   9.239909e-04
 2045    9.527946e-04    1.006075   9.296044e-04
 2046    9.890716e-04    1.038074   9.649984e-04
 2047    9.798362e-04    0.990663   9.559878e-04
 2048    9.289422e-04    0.948059   9.063325e-04
 2049    9.292858e-04    1.000370   9.066678e-04
 2050    9.291353e-04    0.999838   9.065210e-04
 2051    9.282638e-04    0.999062   9.056707e-04
 2052    9.277304e-04    0.999425   9.051502e-04
 2053    9.277214e-04    0.999990   9.051415e-04
 2054    9.275128e-04    0.999775   9.049379e-04
 2055    9.272739e-04    0.999742   9.047049e-04
 2056    9.272603e-04    0.999985   9.046916e-04
 2057    9.272665e-04    1.000007   9.046976e-04
 2058    9.272588e-04    0.999992   9.046901e-04
 2059    9.270855e-04    0.999813   9.045210e-04
 2060    9.272220e-04    1.000147   9.046542e-04
 2061    9.272731e-04    1.000055   9.047041e-04
 2062    9.240233e-04    0.996495   9.015333e-04
 2063    9.316219e-04    1.008223   9.089470e-04
 2064    9.394344e-04    1.008386   9.165693e-04
 2065    9.266865e-04    0.986430   9.041317e-04
 2066    9.260547e-04    0.999318   9.035153e-04
 2067    9.259981e-04    0.999939   9.034601e-04
 2068    9.259948e-04    0.999996   9.034569e-04
 2069    9.261152e-04    1.000130   9.035744e-04
 2070    9.260253e-04    0.999903   9.034866e-04
 2071    9.259709e-04    0.999941   9.034335e-04
 2072    9.259660e-04    0.999995   9.034288e-04
 2073    9.259576e-04    0.999991   9.034205e-04
 2074    9.260349e-04    1.000083   9.034959e-04
 2075    9.260187e-04    0.999983   9.034802e-04
 2076    9.260423e-04    1.000025   9.035032e-04
 2077    9.261074e-04    1.000070   9.035668e-04
 2078    9.260804e-04    0.999971   9.035403e-04
 2079    9.260778e-04    0.999997   9.035378e-04
 2080    9.261617e-04    1.000091   9.036197e-04
 2081    9.260764e-04    0.999908   9.035365e-04
 2082    9.260737e-04    0.999997   9.035338e-04
 2083    9.260444e-04    0.999968   9.035052e-04
 2084    9.283428e-04    1.002482   9.057477e-04
 2085    9.260122e-04    0.997490   9.034739e-04
 2086    9.260584e-04    1.000050   9.035190e-04
 2087    9.259317e-04    0.999863   9.033953e-04
 2088    9.258768e-04    0.999941   9.033417e-04
 2089    9.258081e-04    0.999926   9.032747e-04
 2090    9.258045e-04    0.999996   9.032712e-04
 2091    9.230499e-04    0.997025   9.005836e-04
 2092    9.255715e-04    1.002732   9.030438e-04
 2093    9.255678e-04    0.999996   9.030402e-04
 2094    9.255368e-04    0.999967   9.030100e-04
 2095    9.253779e-04    0.999828   9.028550e-04
 2096    9.259436e-04    1.000611   9.034069e-04
 2097    9.248116e-04    0.998777   9.023024e-04
 2098    9.249081e-04    1.000104   9.023966e-04
 2099    9.248938e-04    0.999985   9.023826e-04
 2100    9.248931e-04    0.999999   9.023820e-04
 2101    9.246254e-04    0.999711   9.021208e-04
 2102    9.245770e-04    0.999948   9.020736e-04
 2103    9.249928e-04    1.000450   9.024793e-04
 2104    9.248960e-04    0.999895   9.023848e-04
 2105    9.241514e-04    0.999195   9.016583e-04
 2106    9.241331e-04    0.999980   9.016404e-04
 2107    9.241294e-04    0.999996   9.016368e-04
 2108    9.242585e-04    1.000140   9.017628e-04
 2109    9.241630e-04    0.999897   9.016697e-04
 2110    9.241596e-04    0.999996   9.016663e-04
 2111    9.241458e-04    0.999985   9.016529e-04
 2112    9.241583e-04    1.000014   9.016651e-04
 2113    9.241463e-04    0.999987   9.016534e-04
 2114    9.242338e-04    1.000095   9.017387e-04
 2115    9.243374e-04    1.000112   9.018398e-04
 2116    9.251278e-04    1.000855   9.026110e-04
 2117    9.249628e-04    0.999822   9.024500e-04
 2118    9.249503e-04    0.999986   9.024378e-04
 2119    9.248254e-04    0.999865   9.023159e-04
 2120    9.248880e-04    1.000068   9.023770e-04
 2121    9.249639e-04    1.000082   9.024511e-04
 2122    9.236431e-04    0.998572   9.011624e-04
 2123    9.237694e-04    1.000137   9.012856e-04
 2124    9.228596e-04    0.999015   9.003979e-04
 2125    9.220448e-04    0.999117   8.996030e-04
 2126    9.214939e-04    0.999402   8.990655e-04
 2127    9.202285e-04    0.998627   8.978309e-04
 2128    9.202268e-04    0.999998   8.978292e-04
 2129    9.204731e-04    1.000268   8.980696e-04
 2130    9.204696e-04    0.999996   8.980662e-04
 2131    9.204686e-04    0.999999   8.980652e-04
 2132    9.203909e-04    0.999916   8.979893e-04
 2133    9.203691e-04    0.999976   8.979681e-04
 2134    9.203409e-04    0.999969   8.979405e-04
 2135    9.203462e-04    1.000006   8.979457e-04
 2136    9.203431e-04    0.999997   8.979428e-04
 2137    9.203393e-04    0.999996   8.979390e-04
 2138    9.203377e-04    0.999998   8.979375e-04
 2139    9.203197e-04    0.999980   8.979199e-04
 2140    9.203310e-04    1.000012   8.979309e-04
 2141    9.203177e-04    0.999985   8.979179e-04
 2142    8.984355e-04    0.976223   8.765684e-04
 2143    8.873155e-04    0.987623   8.657190e-04
 2144    8.872229e-04    0.999896   8.656286e-04
 2145    8.872200e-04    0.999997   8.656258e-04
 2146    8.872628e-04    1.000048   8.656675e-04
 2147    8.872585e-04    0.999995   8.656634e-04
 2148    8.872578e-04    0.999999   8.656627e-04
 2149    8.880363e-04    1.000877   8.664223e-04
 2150    8.879897e-04    0.999947   8.663768e-04
 2151    8.881878e-04    1.000223   8.665701e-04
 2152    8.884654e-04    1.000313   8.668409e-04
 2153    8.887366e-04    1.000305   8.671055e-04
 2154    8.868056e-04    0.997827   8.652214e-04
 2155    8.885193e-04    1.001932   8.668934e-04
 2156    8.858110e-04    0.996952   8.642511e-04
 2157    8.850168e-04    0.999103   8.634762e-04
 2158    8.867726e-04    1.001984   8.651893e-04
 2159    8.995637e-04    1.014424   8.776690e-04
 2160    8.994403e-04    0.999863   8.775487e-04
 2161    9.348563e-04    1.039376   9.121026e-04
 2162    9.261422e-04    0.990679   9.036007e-04
 2163    1.619261e-03    1.748393   1.579849e-03
 2164    1.101095e-03    0.679999   1.074296e-03
 2165    9.339083e-04    0.848163   9.111777e-04
 2166    9.741903e-04    1.043133   9.504793e-04
 2167    1.002409e-03    1.028966   9.780112e-04
 2168    9.997361e-04    0.997334   9.754034e-04
 2169    1.184740e-03    1.185052   1.155904e-03
 2170    8.392260e-04    0.708363   8.188000e-04
 2171    8.281213e-04    0.986768   8.079655e-04
 2172    8.300118e-04    1.002283   8.098100e-04
 2173    8.315569e-04    1.001862   8.113175e-04
 2174    8.273950e-04    0.994995   8.072569e-04
 2175    8.262497e-04    0.998616   8.061394e-04
 2176    8.352038e-04    1.010837   8.148757e-04
 2177    9.633956e-04    1.153486   9.399474e-04
 2178    8.661821e-04    0.899093   8.451000e-04
 2179    1.799800e-03    2.077854   1.755995e-03
 2180    1.802991e-03    1.001773   1.759108e-03
 2181    1.516479e-03    0.841091   1.479569e-03
 2182    9.057744e-04    0.597288   8.837286e-04
 2183    8.490886e-04    0.937417   8.284225e-04
 2184    2.457279e-03    2.894020   2.397471e-03
 2185    8.834902e-04    0.359540   8.619868e-04
 2186    8.795682e-04    0.995561   8.581602e-04
 2187    8.797058e-04    1.000156   8.582945e-04
 2188    8.795280e-04    0.999798   8.581210e-04
 2189    8.806025e-04    1.001222   8.591694e-04
 2190    8.802642e-04    0.999616   8.588393e-04
 2191    8.799115e-04    0.999599   8.584952e-04
 2192    8.799245e-04    1.000015   8.585079e-04
 2193    8.795707e-04    0.999598   8.581626e-04
 2194    8.796166e-04    1.000052   8.582075e-04
 2195    8.799049e-04    1.000328   8.584888e-04
 2196    8.796273e-04    0.999684   8.582179e-04
 2197    8.795631e-04    0.999927   8.581553e-04
 2198    8.797825e-04    1.000249   8.583693e-04
 2199    8.796231e-04    0.999819   8.582138e-04
 2200    8.796358e-04    1.000014   8.582262e-04
 2201    8.796041e-04    0.999964   8.581953e-04
 2202    8.795986e-04    0.999994   8.581899e-04
 2203    8.795975e-04    0.999999   8.581888e-04
 2204    8.796029e-04    1.000006   8.581941e-04
 2205    8.796408e-04    1.000043   8.582311e-04
 2206    8.796540e-04    1.000015   8.582440e-04
 2207    8.796500e-04    0.999995   8.582400e-04
 2208    8.795585e-04    0.999896   8.581508e-04
 2209    8.798422e-04    1.000323   8.584276e-04
 2210    8.800468e-04    1.000232   8.586272e-04
 2211    8.800798e-04    1.000037   8.586593e-04
 2212    8.800152e-04    0.999927   8.585963e-04
 2213    8.799847e-04    0.999965   8.585667e-04
 2214    8.799925e-04    1.000009   8.585742e-04
 2215    8.799768e-04    0.999982   8.585589e-04
 2216    8.802943e-04    1.000361   8.588687e-04
 2217    8.865259e-04    1.007079   8.649486e-04
 2218    8.814533e-04    0.994278   8.599995e-04
 2219    8.794244e-04    0.997698   8.580199e-04
 2220    8.793900e-04    0.999961   8.579864e-04
 2221    8.794636e-04    1.000084   8.580582e-04
 2222    8.793538e-04    0.999875   8.579510e-04
 2223    8.793777e-04    1.000027   8.579744e-04
 2224    8.795626e-04    1.000210   8.581548e-04
 2225    8.795237e-04    0.999956   8.581169e-04
 2226    8.799292e-04    1.000461   8.585124e-04
 2227    8.792777e-04    0.999260   8.578768e-04
 2228    8.778807e-04    0.998411   8.565138e-04
 2229    8.649033e-04    0.985217   8.438523e-04
 2230    8.662060e-04    1.001506   8.451233e-04
 2231    8.657059e-04    0.999423   8.446353e-04
 2232    8.656231e-04    0.999904   8.445545e-04
 2233    8.664293e-04    1.000931   8.453411e-04
 2234    8.686616e-04    1.002576   8.475191e-04
 2235    8.677100e-04    0.998905   8.465906e-04
 2236    8.672445e-04    0.999464   8.461365e-04
 2237    8.674415e-04    1.000227   8.463287e-04
 2238    8.664803e-04    0.998892   8.453909e-04
 2239    8.664639e-04    0.999981   8.453749e-04
 2240    8.690355e-04    1.002968   8.478839e-04
 2241    8.788458e-04    1.011289   8.574554e-04
 2242    8.652757e-04    0.984559   8.442156e-04
 2243    8.630216e-04    0.997395   8.420164e-04
 2244    8.694133e-04    1.007406   8.482525e-04
 2245    8.692198e-04    0.999777   8.480637e-04
 2246    8.689388e-04    0.999677   8.477895e-04
 2247    8.689345e-04    0.999995   8.477853e-04
 2248    8.689703e-04    1.000041   8.478203e-04
 2249    8.689651e-04    0.999994   8.478152e-04
 2250    8.689627e-04    0.999997   8.478129e-04
 2251    8.689568e-04    0.999993   8.478071e-04
 2252    8.686532e-04    0.999651   8.475109e-04
 2253    8.690505e-04    1.000457   8.478986e-04
 2254    8.690740e-04    1.000027   8.479215e-04
 2255    8.691312e-04    1.000066   8.479773e-04
 2256    8.692811e-04    1.000172   8.481235e-04
 2257    8.642166e-04    0.994174   8.431823e-04
 2258    8.704556e-04    1.007219   8.492695e-04
 2259    8.707154e-04    1.000298   8.495229e-04
 2260    8.706944e-04    0.999976   8.495024e-04
 2261    8.590191e-04    0.986591   8.381113e-04
 2262    8.642613e-04    1.006102   8.432259e-04
 2263    8.586564e-04    0.993515   8.377574e-04
 2264    8.650693e-04    1.007469   8.440143e-04
 2265    8.665367e-04    1.001696   8.454459e-04
 2266    8.853632e-04    1.021726   8.638142e-04
 2267    8.822696e-04    0.996506   8.607959e-04
 2268    8.813704e-04    0.998981   8.599186e-04
 2269    8.861978e-04    1.005477   8.646285e-04
 2270    8.836657e-04    0.997143   8.621580e-04
 2271    8.816291e-04    0.997695   8.601710e-04
 2272    8.779779e-04    0.995859   8.566087e-04
 2273    8.787549e-04    1.000885   8.573668e-04
 2274    8.598976e-04    0.978541   8.389684e-04
 2275    8.606225e-04    1.000843   8.396757e-04
 2276    8.603753e-04    0.999713   8.394345e-04
 2277    8.603574e-04    0.999979   8.394170e-04
 2278    8.591935e-04    0.998647   8.382814e-04
 2279    8.856674e-04    1.030812   8.641110e-04
 2280    8.608026e-04    0.971925   8.398514e-04
 2281    8.619764e-04    1.001364   8.409966e-04
 2282    8.619788e-04    1.000003   8.409989e-04
 2283    8.619688e-04    0.999988   8.409892e-04
 2284    8.622357e-04    1.000310   8.412496e-04
 2285    8.616662e-04    0.999340   8.406940e-04
 2286    8.616739e-04    1.000009   8.407015e-04
 2287    8.613724e-04    0.999650   8.404073e-04
 2288    8.625476e-04    1.001364   8.415539e-04
 2289    8.624835e-04    0.999926   8.414914e-04
 2290    8.624214e-04    0.999928   8.414308e-04
 2291    8.624350e-04    1.000016   8.414440e-04
 2292    8.624273e-04    0.999991   8.414365e-04
 2293    8.623330e-04    0.999891   8.413445e-04
 2294    8.623322e-04    0.999999   8.413437e-04
 2295    8.625520e-04    1.000255   8.415582e-04
 2296    8.620219e-04    0.999386   8.410411e-04
 2297    8.620774e-04    1.000064   8.410951e-04
 2298    8.620705e-04    0.999992   8.410885e-04
 2299    8.620715e-04    1.000001   8.410894e-04
 2300    8.620632e-04    0.999990   8.410813e-04
 2301    8.622556e-04    1.000223   8.412691e-04
 2302    8.612201e-04    0.998799   8.402588e-04
 2303    8.614989e-04    1.000324   8.405308e-04
 2304    8.613898e-04    0.999873   8.404243e-04
 2305    8.609778e-04    0.999522   8.400223e-04
 2306    8.601173e-04    0.999001   8.391828e-04
 2307    8.601094e-04    0.999991   8.391750e-04
 2308    8.603363e-04    1.000264   8.393965e-04
 2309    8.605650e-04    1.000266   8.396196e-04
 2310    8.603990e-04    0.999807   8.394576e-04
 2311    8.603984e-04    0.999999   8.394571e-04
 2312    8.604675e-04    1.000080   8.395244e-04
 2313    8.598364e-04    0.999267   8.389087e-04
 2314    8.598516e-04    1.000018   8.389235e-04
 2315    8.598162e-04    0.999959   8.388890e-04
 2316    8.597153e-04    0.999883   8.387906e-04
 2317    8.597379e-04    1.000026   8.388126e-04
 2318    8.597147e-04    0.999973   8.387899e-04
 2319    8.597103e-04    0.999995   8.387857e-04
 2320    8.596976e-04    0.999985   8.387733e-04
 2321    8.596796e-04    0.999979   8.387557e-04
 2322    8.596491e-04    0.999965   8.387260e-04
 2323    8.609332e-04    1.001494   8.399788e-04
 2324    8.590372e-04    0.997798   8.381289e-04
 2325    8.616824e-04    1.003079   8.407098e-04
 2326    8.630953e-04    1.001640   8.420883e-04
 2327    8.733480e-04    1.011879   8.520915e-04
 2328    8.720651e-04    0.998531   8.508398e-04
 2329    8.473649e-04    0.971676   8.267407e-04
 2330    8.566624e-04    1.010972   8.358120e-04
 2331    8.568725e-04    1.000245   8.360169e-04
 2332    8.562532e-04    0.999277   8.354127e-04
 2333    8.553526e-04    0.998948   8.345340e-04
 2334    8.556943e-04    1.000399   8.348674e-04
 2335    8.557336e-04    1.000046   8.349058e-04
 2336    8.557147e-04    0.999978   8.348874e-04
 2337    8.556688e-04    0.999946   8.348425e-04
 2338    8.555656e-04    0.999879   8.347418e-04
 2339    8.555975e-04    1.000037   8.347730e-04
 2340    8.560738e-04    1.000557   8.352377e-04
 2341    8.563727e-04    1.000349   8.355293e-04
 2342    8.563354e-04    0.999956   8.354929e-04
 2343    8.566864e-04    1.000410   8.358353e-04
 2344    8.565141e-04    0.999799   8.356673e-04
 2345    8.564774e-04    0.999957   8.356315e-04
 2346    8.564754e-04    0.999998   8.356295e-04
 2347    8.564768e-04    1.000002   8.356309e-04
 2348    8.567437e-04    1.000312   8.358912e-04
 2349    8.565038e-04    0.999720   8.356572e-04
 2350    8.564948e-04    0.999990   8.356484e-04
 2351    8.564919e-04    0.999997   8.356456e-04
 2352    8.564906e-04    0.999998   8.356443e-04
 2353    8.604232e-04    1.004592   8.394813e-04
 2354    8.563345e-04    0.995248   8.354921e-04
 2355    8.560199e-04    0.999633   8.351851e-04
 2356    8.560427e-04    1.000027   8.352073e-04
 2357    8.556815e-04    0.999578   8.348549e-04
 2358    8.557118e-04    1.000035   8.348845e-04
 2359    8.556454e-04    0.999922   8.348197e-04
 2360    1.359514e-03    1.588876   1.326425e-03
 2361    8.567846e-04    0.630214   8.359311e-04
 2362    8.547394e-04    0.997613   8.339357e-04
 2363    8.516660e-04    0.996404   8.309371e-04
 2364    8.500499e-04    0.998102   8.293604e-04
 2365    8.491621e-04    0.998956   8.284942e-04
 2366    8.475710e-04    0.998126   8.269418e-04
 2367    8.531288e-04    1.006557   8.323644e-04
 2368    8.525247e-04    0.999292   8.317750e-04
 2369    8.517340e-04    0.999073   8.310035e-04
 2370    8.520071e-04    1.000321   8.312700e-04
 2371    8.519853e-04    0.999974   8.312487e-04
 2372    8.530424e-04    1.001241   8.322801e-04
 2373    8.541293e-04    1.001274   8.333405e-04
 2374    8.287312e-04    0.970264   8.085606e-04
 2375    8.713809e-04    1.051464   8.501722e-04
 2376    8.342883e-04    0.957432   8.139824e-04
 2377    8.426240e-04    1.009991   8.221152e-04
 2378    7.980179e-04    0.947063   7.785948e-04
 2379    1.911646e-03    2.395492   1.865118e-03
 2380    1.608196e-03    0.841262   1.569053e-03
 2381    1.763018e-03    1.096271   1.720108e-03
 2382    9.595714e-04    0.544278   9.362162e-04
 2383    1.060010e-03    1.104670   1.034210e-03
 2384    1.026189e-03    0.968094   1.001212e-03
 2385    1.038354e-03    1.011855   1.013082e-03
 2386    8.788442e-04    0.846382   8.574539e-04
 2387    8.766171e-04    0.997466   8.552810e-04
 2388    9.064154e-04    1.033992   8.843540e-04
 2389    9.014850e-04    0.994561   8.795436e-04
 2390    8.695820e-04    0.964611   8.484171e-04
 2391    9.233479e-04    1.061830   9.008744e-04
 2392    1.044243e-03    1.130931   1.018827e-03
 2393    9.369406e-04    0.897244   9.141362e-04
 2394    8.335118e-04    0.889610   8.132249e-04
 2395    8.373395e-04    1.004592   8.169594e-04
 2396    8.364821e-04    0.998976   8.161228e-04
 2397    8.356777e-04    0.999038   8.153380e-04
 2398    8.464780e-04    1.012924   8.258754e-04
 2399    8.458075e-04    0.999208   8.252212e-04
 2400    8.459333e-04    1.000149   8.253440e-04
 2401    8.459464e-04    1.000016   8.253568e-04
 2402    8.459190e-04    0.999968   8.253300e-04
 2403    8.457701e-04    0.999824   8.251848e-04
 2404    8.471953e-04    1.001685   8.265753e-04
 2405    8.430935e-04    0.995158   8.225733e-04
 2406    8.741871e-04    1.036880   8.529101e-04
 2407    9.040480e-04    1.034158   8.820442e-04
 2408    8.553329e-04    0.946115   8.345148e-04
 2409    8.546520e-04    0.999204   8.338505e-04
 2410    8.547396e-04    1.000102   8.339359e-04
 2411    8.547417e-04    1.000003   8.339380e-04
 2412    8.544506e-04    0.999659   8.336539e-04
 2413    8.544413e-04    0.999989   8.336449e-04
 2414    8.563802e-04    1.002269   8.355366e-04
 2415    8.562138e-04    0.999806   8.353743e-04
 2416    8.574769e-04    1.001475   8.366067e-04
 2417    7.344926e-04    0.856574   7.166156e-04
 2418    8.494033e-04    1.156449   8.287295e-04
 2419    8.538561e-04    1.005242   8.330739e-04
 2420    8.439335e-04    0.988379   8.233929e-04
 2421    8.527167e-04    1.010407   8.319622e-04
 2422    8.520503e-04    0.999219   8.313121e-04
 2423    8.518880e-04    0.999810   8.311538e-04
 2424    8.509183e-04    0.998862   8.302077e-04
 2425    8.533023e-04    1.002802   8.325336e-04
 2426    8.491097e-04    0.995087   8.284431e-04
 2427    8.510429e-04    1.002277   8.303292e-04
 2428    8.507978e-04    0.999712   8.300901e-04
 2429    8.507521e-04    0.999946   8.300455e-04
 2430    8.507856e-04    1.000039   8.300782e-04
 2431    8.507873e-04    1.000002   8.300799e-04
 2432    8.507760e-04    0.999987   8.300688e-04
 2433    8.507386e-04    0.999956   8.300323e-04
 2434    8.507110e-04    0.999968   8.300054e-04
 2435    8.506935e-04    0.999979   8.299884e-04
 2436    8.506546e-04    0.999954   8.299504e-04
 2437    8.506502e-04    0.999995   8.299461e-04
 2438    8.506557e-04    1.000007   8.299515e-04
 2439    8.507283e-04    1.000085   8.300222e-04
 2440    8.507161e-04    0.999986   8.300104e-04
 2441    8.505641e-04    0.999821   8.298621e-04
 2442    8.505626e-04    0.999998   8.298606e-04
 2443    8.509388e-04    1.000442   8.302277e-04
 2444    8.508467e-04    0.999892   8.301378e-04
 2445    8.517532e-04    1.001065   8.310222e-04
 2446    8.507589e-04    0.998833   8.300521e-04
 2447    8.507540e-04    0.999994   8.300473e-04
 2448    8.411076e-04    0.988661   8.206357e-04
 2449    8.803023e-04    1.046599   8.588765e-04
 2450    8.316471e-04    0.944729   8.114055e-04
 2451    8.316477e-04    1.000001   8.114061e-04
 2452    8.316259e-04    0.999974   8.113849e-04
 2453    8.316136e-04    0.999985   8.113728e-04
 2454    8.319188e-04    1.000367   8.116706e-04
 2455    8.316196e-04    0.999640   8.113787e-04
 2456    8.316109e-04    0.999989   8.113702e-04
 2457    8.315147e-04    0.999884   8.112764e-04
 2458    8.314793e-04    0.999957   8.112418e-04
 2459    8.314876e-04    1.000010   8.112499e-04
 2460    8.314677e-04    0.999976   8.112305e-04
 2461    8.314692e-04    1.000002   8.112319e-04
 2462    8.326525e-04    1.001423   8.123864e-04
 2463    8.311145e-04    0.998153   8.108859e-04
 2464    8.310834e-04    0.999963   8.108555e-04
 2465    8.309356e-04    0.999822   8.107113e-04
 2466    8.308237e-04    0.999865   8.106022e-04
 2467    8.308307e-04    1.000008   8.106089e-04
 2468    8.308400e-04    1.000011   8.106180e-04
 2469    8.308299e-04    0.999988   8.106082e-04
 2470    8.308293e-04    0.999999   8.106076e-04
 2471    8.308914e-04    1.000075   8.106682e-04
 2472    8.308688e-04    0.999973   8.106461e-04
 2473    8.308757e-04    1.000008   8.106529e-04
 2474    8.226959e-04    0.990155   8.026722e-04
 2475    8.161924e-04    0.992095   7.963270e-04
 2476    8.231700e-04    1.008549   8.031347e-04
 2477    8.180070e-04    0.993728   7.980973e-04
 2478    8.140206e-04    0.995127   7.942080e-04
 2479    8.135370e-04    0.999406   7.937362e-04
 2480    8.129389e-04    0.999265   7.931526e-04
 2481    8.028368e-04    0.987573   7.832964e-04
 2482    8.037614e-04    1.001152   7.841985e-04
 2483    8.036581e-04    0.999871   7.840977e-04
 2484    8.096338e-04    1.007436   7.899280e-04
 2485    8.075119e-04    0.997379   7.878578e-04
 2486    8.076370e-04    1.000155   7.879798e-04
 2487    8.071697e-04    0.999421   7.875238e-04
 2488    8.067571e-04    0.999489   7.871213e-04
 2489    8.072855e-04    1.000655   7.876369e-04
 2490    8.105066e-04    1.003990   7.907795e-04
 2491    8.105044e-04    0.999997   7.907774e-04
 2492    8.105359e-04    1.000039   7.908082e-04
 2493    8.105178e-04    0.999978   7.907905e-04
 2494    8.103460e-04    0.999788   7.906228e-04
 2495    8.102794e-04    0.999918   7.905579e-04
 2496    8.102509e-04    0.999965   7.905300e-04
 2497    8.102418e-04    0.999989   7.905212e-04
 2498    8.102434e-04    1.000002   7.905228e-04
 2499    8.102269e-04    0.999980   7.905066e-04
 2500    8.102353e-04    1.000010   7.905149e-04
 2501    8.102388e-04    1.000004   7.905183e-04
 2502    8.102044e-04    0.999958   7.904847e-04
 2503    8.103583e-04    1.000190   7.906349e-04
 2504    8.101707e-04    0.999768   7.904518e-04
 2505    8.101705e-04    1.000000   7.904516e-04
 2506    8.101532e-04    0.999979   7.904347e-04
 2507    8.101351e-04    0.999978   7.904171e-04
 2508    8.101348e-04    1.000000   7.904168e-04
 2509    8.102707e-04    1.000168   7.905494e-04
 2510    8.101708e-04    0.999877   7.904519e-04
 2511    8.134782e-04    1.004082   7.936789e-04
 2512    8.135434e-04    1.000080   7.937425e-04
 2513    8.101746e-04    0.995859   7.904556e-04
 2514    8.102135e-04    1.000048   7.904936e-04
 2515    8.101634e-04    0.999938   7.904447e-04
 2516    8.102430e-04    1.000098   7.905223e-04
 2517    8.102906e-04    1.000059   7.905688e-04
 2518    8.102817e-04    0.999989   7.905601e-04
 2519    8.102727e-04    0.999989   7.905513e-04
 2520    8.104420e-04    1.000209   7.907166e-04
 2521    8.100384e-04    0.999502   7.903227e-04
 2522    8.100265e-04    0.999985   7.903111e-04
 2523    8.100631e-04    1.000045   7.903468e-04
 2524    8.101453e-04    1.000101   7.904270e-04
 2525    8.101408e-04    0.999994   7.904226e-04
 2526    8.097736e-04    0.999547   7.900644e-04
 2527    8.095321e-04    0.999702   7.898288e-04
 2528    8.090941e-04    0.999459   7.894014e-04
 2529    8.091580e-04    1.000079   7.894637e-04
 2530    8.070454e-04    0.997389   7.874026e-04
 2531    8.085732e-04    1.001893   7.888932e-04
 2532    8.085352e-04    0.999953   7.888562e-04
 2533    8.088585e-04    1.000400   7.891715e-04
 2534    8.086294e-04    0.999717   7.889480e-04
 2535    8.115419e-04    1.003602   7.917896e-04
 2536    8.099745e-04    0.998069   7.902604e-04
 2537    8.093201e-04    0.999192   7.896219e-04
 2538    8.069628e-04    0.997087   7.873220e-04
 2539    8.049565e-04    0.997514   7.853646e-04
 2540    8.050262e-04    1.000087   7.854326e-04
 2541    8.050264e-04    1.000000   7.854327e-04
 2542    8.050619e-04    1.000044   7.854674e-04
 2543    8.050925e-04    1.000038   7.854972e-04
 2544    8.284172e-04    1.028971   8.082542e-04
 2545    7.790360e-04    0.940391   7.600750e-04
 2546    8.421250e-04    1.080983   8.216284e-04
 2547    8.167654e-04    0.969886   7.968860e-04
 2548    7.952256e-04    0.973628   7.758705e-04
 2549    7.930954e-04    0.997321   7.737922e-04
 2550    7.931237e-04    1.000036   7.738197e-04
 2551    7.958986e-04    1.003499   7.765271e-04
 2552    7.964502e-04    1.000693   7.770653e-04
 2553    7.955283e-04    0.998842   7.761658e-04
 2554    7.954874e-04    0.999948   7.761259e-04
 2555    7.953674e-04    0.999849   7.760088e-04
 2556    7.953254e-04    0.999947   7.759679e-04
 2557    7.953997e-04    1.000093   7.760403e-04
 2558    7.956251e-04    1.000283   7.762603e-04
 2559    7.955786e-04    0.999942   7.762149e-04
 2560    7.963765e-04    1.001003   7.769934e-04
 2561    7.967473e-04    1.000466   7.773552e-04
 2562    7.961215e-04    0.999214   7.767445e-04
 2563    7.870760e-04    0.988638   7.679192e-04
 2564    7.904519e-04    1.004289   7.712129e-04
 2565    7.904438e-04    0.999990   7.712051e-04
 2566    7.905894e-04    1.000184   7.713471e-04
 2567    7.890344e-04    0.998033   7.698300e-04
 2568    7.891481e-04    1.000144   7.699409e-04
 2569    7.839948e-04    0.993470   7.649130e-04
 2570    7.789433e-04    0.993557   7.599845e-04
 2571    7.606785e-04    0.976552   7.421642e-04
 2572    7.606607e-04    0.999977   7.421469e-04
 2573    7.847049e-04    1.031610   7.656058e-04
 2574    8.761697e-04    1.116560   8.548445e-04
 2575    8.859225e-04    1.011131   8.643599e-04
 2576    7.619410e-04    0.860054   7.433960e-04
 2577    9.045131e-04    1.187117   8.824980e-04
 2578    9.043238e-04    0.999791   8.823133e-04
 2579    8.644534e-04    0.955911   8.434133e-04
 2580    1.313004e-03    1.518884   1.281047e-03
 2581    8.915281e-04    0.678999   8.698291e-04
 2582    8.857421e-04    0.993510   8.641839e-04
 2583    8.598891e-04    0.970812   8.389601e-04
 2584    8.599253e-04    1.000042   8.389954e-04
 2585    7.341949e-04    0.853789   7.163252e-04
 2586    7.695288e-04    1.048126   7.507992e-04
 2587    7.361323e-04    0.956601   7.182155e-04
 2588    7.225798e-04    0.981590   7.049928e-04
 2589    7.223828e-04    0.999727   7.048006e-04
 2590    7.162623e-04    0.991527   6.988291e-04
 2591    7.378722e-04    1.030170   7.199130e-04
 2592    7.316535e-04    0.991572   7.138457e-04
 2593    7.318563e-04    1.000277   7.140435e-04
 2594    7.318604e-04    1.000006   7.140475e-04
 2595    7.299207e-04    0.997350   7.121550e-04
 2596    7.243441e-04    0.992360   7.067142e-04
 2597    7.253428e-04    1.001379   7.076886e-04
 2598    7.266067e-04    1.001742   7.089217e-04
 2599    7.264553e-04    0.999792   7.087739e-04
 2600    7.297030e-04    1.004471   7.119426e-04
 2601    7.242441e-04    0.992519   7.066166e-04
 2602    7.330413e-04    1.012147   7.151997e-04
 2603    7.236080e-04    0.987131   7.059960e-04
 2604    7.249589e-04    1.001867   7.073140e-04
 2605    7.259853e-04    1.001416   7.083154e-04
 2606    7.257389e-04    0.999661   7.080750e-04
 2607    7.256801e-04    0.999919   7.080177e-04
 2608    7.257241e-04    1.000061   7.080606e-04
 2609    7.258973e-04    1.000239   7.082295e-04
 2610    7.259494e-04    1.000072   7.082804e-04
 2611    7.255490e-04    0.999449   7.078897e-04
 2612    7.255418e-04    0.999990   7.078827e-04
 2613    7.247872e-04    0.998960   7.071465e-04
 2614    7.244266e-04    0.999503   7.067947e-04
 2615    7.244274e-04    1.000001   7.067954e-04
 2616    7.242981e-04    0.999822   7.066693e-04
 2617    7.245011e-04    1.000280   7.068673e-04
 2618    7.244659e-04    0.999951   7.068330e-04
 2619    7.365425e-04    1.016670   7.186157e-04
 2620    7.343374e-04    0.997006   7.164643e-04
 2621    7.686577e-04    1.046736   7.499492e-04
 2622    7.521015e-04    0.978461   7.337960e-04
 2623    7.785859e-04    1.035214   7.596358e-04
 2624    9.854611e-04    1.265706   9.614758e-04
 2625    1.652293e-04    0.167667   1.612078e-04
 2626    6.597836e-04    3.993139   6.437251e-04
 2627    6.613542e-04    1.002380   6.452574e-04
 2628    6.614343e-04    1.000121   6.453355e-04
 2629    6.585853e-04    0.995693   6.425559e-04
 2630    6.306861e-04    0.957638   6.153358e-04
 2631    6.324322e-04    1.002768   6.170393e-04
 2632    5.501764e-04    0.869937   5.367856e-04
 2633    1.500640e-04    0.272756   1.464116e-04
 2634    8.996455e-04    5.995077   8.777488e-04
 2635    9.062241e-04    1.007313   8.841674e-04
 2636    8.985353e-04    0.991516   8.766657e-04
 2637    9.049292e-04    1.007116   8.829040e-04
 2638    9.040391e-04    0.999016   8.820356e-04
 2639    9.470075e-04    1.047529   9.239581e-04
 2640    9.250458e-04    0.976809   9.025310e-04
 2641    9.291810e-04    1.004470   9.065655e-04
 2642    9.311408e-04    1.002109   9.084777e-04
 2643    9.297671e-04    0.998525   9.071374e-04
 2644    8.875574e-04    0.954602   8.659550e-04
 2645    9.182679e-04    1.034601   8.959181e-04
 2646    9.182538e-04    0.999985   8.959042e-04
 2647    9.203090e-04    1.002238   8.979095e-04
 2648    9.200350e-04    0.999702   8.976421e-04
 2649    9.116129e-04    0.990846   8.894250e-04
 2650    9.030595e-04    0.990617   8.810797e-04
 2651    9.166774e-04    1.015080   8.943663e-04
 2652    8.890065e-04    0.969814   8.673689e-04
 2653    8.759078e-04    0.985266   8.545889e-04
 2654    1.319589e-03    1.506539   1.287472e-03
 2655    1.078095e-03    0.816993   1.051855e-03
 2656    5.241029e-05    0.048614   5.113467e-05
 2657    5.785163e-05    1.103822   5.644357e-05
 2658    5.337279e-05    0.922581   5.207374e-05
 2659    6.208002e-04    11.631397   6.056904e-04
 2660    3.154955e-04    0.508208   3.078167e-04
 2661    3.342254e-04    1.059367   3.260907e-04
 2662    5.255235e-04    1.572363   5.127327e-04
 2663    5.342437e-04    1.016593   5.212407e-04
 2664    5.274806e-04    0.987341   5.146422e-04
 2665    4.918733e-04    0.932495   4.799015e-04
 2666    4.712694e-04    0.958112   4.597991e-04
 2667    4.845865e-04    1.028258   4.727921e-04
 2668    5.185142e-04    1.070014   5.058940e-04
 2669    5.036207e-04    0.971277   4.913630e-04
 2670    5.050535e-04    1.002845   4.927609e-04
 2671    5.052794e-04    1.000447   4.929813e-04
 2672    5.056665e-04    1.000766   4.933590e-04
 2673    4.985432e-04    0.985913   4.864091e-04
 2674    5.001237e-04    1.003170   4.879511e-04
 2675    5.169195e-04    1.033583   5.043381e-04
 2676    5.123578e-04    0.991175   4.998875e-04
 2677    1.139611e-03    2.224248   1.111874e-03
 2678    7.910669e-04    0.694155   7.718130e-04
 2679    7.436617e-04    0.940074   7.255616e-04
 2680    7.726584e-04    1.038992   7.538525e-04
 2681    5.067145e-04    0.655807   4.943815e-04
 2682    4.194006e-04    0.827686   4.091927e-04
 2683    3.661473e-04    0.873025   3.572356e-04
 2684    3.720609e-04    1.016151   3.630052e-04
 2685    3.731452e-04    1.002914   3.640631e-04
 2686    3.747423e-04    1.004280   3.656214e-04
 2687    3.800986e-04    1.014293   3.708474e-04
 2688    3.636076e-04    0.956614   3.547577e-04
 2689    3.888705e-04    1.069478   3.794057e-04
 2690    3.901977e-04    1.003413   3.807006e-04
 2691    3.802879e-04    0.974603   3.710320e-04
 2692    3.796338e-04    0.998280   3.703939e-04
 2693    3.792897e-04    0.999094   3.700581e-04
 2694    3.797775e-04    1.001286   3.705340e-04
 2695    3.794681e-04    0.999185   3.702322e-04
 2696    3.815234e-04    1.005416   3.722375e-04
 2697    3.975248e-04    1.041941   3.878493e-04
 2698    3.877784e-04    0.975482   3.783402e-04
 2699    3.877686e-04    0.999975   3.783307e-04
 2700    3.875577e-04    0.999456   3.781249e-04
 2701    3.923563e-04    1.012382   3.828067e-04
 2702    3.923462e-04    0.999974   3.827969e-04
 2703    3.922895e-04    0.999855   3.827415e-04
 2704    4.160010e-04    1.060444   4.058759e-04
 2705    4.875364e-04    1.171960   4.756701e-04
 2706    4.560127e-04    0.935341   4.449137e-04
 2707    4.553775e-04    0.998607   4.442940e-04
 2708    4.710117e-04    1.034332   4.595476e-04
 2709    4.976426e-04    1.056540   4.855304e-04
 2710    4.855286e-04    0.975657   4.737112e-04
 2711    3.593264e-04    0.740073   3.505807e-04
 2712    4.429006e-04    1.232586   4.321208e-04
 2713    4.504130e-04    1.016962   4.394504e-04
 2714    2.240016e-04    0.497325   2.185496e-04
 2715    1.922881e-04    0.858423   1.876079e-04
 2716    2.298013e-04    1.195089   2.242081e-04
 2717    2.331354e-04    1.014509   2.274611e-04
 2718    2.301280e-04    0.987100   2.245269e-04
 2719    2.281842e-04    0.991553   2.226303e-04
 2720    2.281986e-04    1.000063   2.226444e-04
 2721    2.280777e-04    0.999470   2.225265e-04
 2722    3.520996e-04    1.543770   3.435297e-04
 2723    2.310641e-04    0.656247   2.254402e-04
 2724    2.323656e-04    1.005632   2.267100e-04
 2725    2.165690e-04    0.932018   2.112978e-04
 2726    2.990060e-04    1.380650   2.917284e-04
 2727    2.782194e-04    0.930481   2.714477e-04
 2728    3.873952e-04    1.392409   3.779664e-04
 2729    4.590579e-03    11.849858   4.478848e-03
 2730    7.270992e-04    0.158389   7.094022e-04
 2731    7.699811e-05    0.105898   7.512404e-05
 2732    1.221877e-04    1.586892   1.192137e-04
 2733    1.273769e-04    1.042469   1.242767e-04
 2734    1.293930e-04    1.015828   1.262437e-04
 2735    1.284400e-04    0.992635   1.253139e-04
 2736    1.369952e-04    1.066608   1.336608e-04
 2737    1.216267e-04    0.887817   1.186664e-04
 2738    1.172049e-04    0.963645   1.143523e-04
 2739    1.196255e-04    1.020653   1.167139e-04
 2740    7.412021e-05    0.619602   7.231619e-05
 2741    1.181348e-04    1.593828   1.152595e-04
 2742    1.887086e-04    1.597400   1.841156e-04
 2743    2.833129e-04    1.501325   2.764173e-04
 2744    2.865137e-04    1.011298   2.795402e-04
 2745    1.033103e-05    0.036058   1.007958e-05
 2746    1.877913e-04    18.177408   1.832206e-04
 2747    1.374278e-04    0.731811   1.340829e-04
 2748    9.959568e-06    0.072471   9.717160e-06
 2749    4.706654e-05    4.725761   4.592098e-05
 2750    4.862964e-05    1.033210   4.744603e-05
 2751    4.863824e-05    1.000177   4.745443e-05
 2752    4.848494e-05    0.996848   4.730486e-05
 2753    5.246066e-05    1.081999   5.118381e-05
 2754    4.756588e-05    0.906696   4.640816e-05
 2755    4.748376e-05    0.998274   4.632805e-05
 2756    4.741903e-05    0.998637   4.626489e-05
 2757    4.826597e-05    1.017861   4.709122e-05
 2758    4.916827e-05    1.018694   4.797156e-05
 2759    5.813654e-05    1.182400   5.672155e-05
 2760    5.813787e-05    1.000023   5.672285e-05
 2761    5.525581e-05    0.950427   5.391093e-05
 2762    5.525678e-05    1.000018   5.391188e-05
 2763    5.469183e-05    0.989776   5.336068e-05
 2764    4.778290e-05    0.873675   4.661990e-05
 2765    4.841265e-05    1.013179   4.723432e-05
 2766    6.720663e-05    1.388204   6.557087e-05
 2767    6.133494e-05    0.912632   5.984210e-05
 2768    6.140845e-05    1.001198   5.991381e-05
 2769    6.126621e-05    0.997684   5.977504e-05
 2770    6.156185e-05    1.004826   6.006349e-05
 2771    6.156797e-05    1.000099   6.006946e-05
 2772    9.262521e-05    1.504438   9.037079e-05
 2773    6.233125e-05    0.672940   6.081416e-05
 2774    6.228886e-05    0.999320   6.077280e-05
 2775    6.372401e-05    1.023040   6.217302e-05
 2776    6.103101e-05    0.957740   5.954556e-05
 2777    6.110515e-05    1.001215   5.961790e-05
 2778    6.110470e-05    0.999993   5.961746e-05
 2779    6.109969e-05    0.999918   5.961257e-05
 2780    6.095544e-05    0.997639   5.947184e-05
 2781    6.026885e-05    0.988736   5.880195e-05
 2782    6.157271e-05    1.021634   6.007408e-05
 2783    6.124090e-05    0.994611   5.975035e-05
 2784    6.121103e-05    0.999512   5.972120e-05
 2785    6.126014e-05    1.000802   5.976912e-05
 2786    6.082974e-05    0.992974   5.934920e-05
 2787    6.064910e-05    0.997030   5.917295e-05
 2788    6.064244e-05    0.999890   5.916646e-05
 2789    6.063401e-05    0.999861   5.915823e-05
 2790    7.204761e-05    1.188237   7.029403e-05
 2791    6.059474e-05    0.841037   5.911991e-05
 2792    6.045851e-05    0.997752   5.898700e-05
 2793    6.035174e-05    0.998234   5.888283e-05
 2794    6.044114e-05    1.001481   5.897005e-05
 2795    5.513250e-05    0.912168   5.379062e-05
 2796    6.201653e-05    1.124863   6.050710e-05
 2797    9.306711e-05    1.500682   9.080193e-05
 2798    5.048292e-05    0.542436   4.925421e-05
 2799    4.652342e-05    0.921567   4.539108e-05
 2800    4.452979e-05    0.957148   4.344598e-05
 2801    4.110050e-05    0.922989   4.010015e-05
 2802    3.886781e-05    0.945677   3.792180e-05
 2803    3.869344e-05    0.995514   3.775167e-05
 2804    3.869312e-05    0.999992   3.775136e-05
 2805    3.866776e-05    0.999345   3.772662e-05
 2806    3.871176e-05    1.001138   3.776955e-05
 2807    3.891798e-05    1.005327   3.797075e-05
 2808    3.875005e-05    0.995685   3.780691e-05
 2809    7.813023e-05    2.016261   7.622861e-05
 2810    2.587156e-05    0.331134   2.524187e-05
 2811    4.166289e-05    1.610374   4.064885e-05
 2812    4.625308e-05    1.110174   4.512731e-05
 2813    3.073937e-05    0.664591   2.999120e-05
 2814    2.250466e-05    0.732112   2.195692e-05
 2815    2.024898e-05    0.899768   1.975613e-05
 2816    1.994839e-05    0.985155   1.946286e-05
 2817    2.033379e-05    1.019320   1.983889e-05
 2818    3.773388e-05    1.855723   3.681547e-05
 2819    3.102080e-04    8.220939   3.026578e-04
 2820    2.031194e-05    0.065478   1.981757e-05
 2821    1.305558e-05    0.642754   1.273782e-05
 2822    1.222204e-05    0.936154   1.192457e-05
 2823    1.167544e-05    0.955277   1.139127e-05
 2824    1.138168e-05    0.974840   1.110466e-05
 2825    1.139227e-05    1.000930   1.111499e-05
 2826    1.204172e-05    1.057007   1.174863e-05
 2827    1.016677e-05    0.844296   9.919323e-06
 2828    9.673817e-06    0.951513   9.438365e-06
 2829    1.008358e-05    1.042358   9.838152e-06
 2830    1.027632e-05    1.019114   1.002620e-05
 2831    1.062551e-05    1.033980   1.036689e-05
 2832    1.061299e-05    0.998822   1.035468e-05
 2833    1.030956e-05    0.971409   1.005863e-05
 2834    1.128720e-05    1.094828   1.101248e-05
 2835    1.437754e-05    1.273792   1.402761e-05
 2836    1.536544e-05    1.068711   1.499146e-05
 2837    1.543073e-05    1.004249   1.505515e-05
 2838    1.542931e-05    0.999908   1.505378e-05
 2839    1.417132e-05    0.918468   1.382640e-05
 2840    1.810040e-05    1.277256   1.765985e-05
 2841    1.806336e-05    0.997954   1.762372e-05
 2842    1.872515e-05    1.036637   1.826939e-05
 2843    1.874539e-05    1.001081   1.828914e-05
 2844    1.860822e-05    0.992682   1.815531e-05
 2845    1.859642e-05    0.999366   1.814380e-05
 2846    1.860414e-05    1.000415   1.815133e-05
 2847    1.897932e-05    1.020166   1.851738e-05
 2848    1.902788e-05    1.002559   1.856476e-05
 2849    1.903093e-05    1.000160   1.856773e-05
 2850    1.900042e-05    0.998397   1.853797e-05
 2851    1.917177e-05    1.009018   1.870515e-05
 2852    1.897519e-05    0.989746   1.851335e-05
 2853    1.788231e-05    0.942404   1.744706e-05
 2854    1.779056e-05    0.994869   1.735755e-05
 2855    1.781579e-05    1.001418   1.738217e-05
 2856    1.777098e-05    0.997485   1.733845e-05
 2857    2.374367e-05    1.336092   2.316577e-05
 2858    1.779865e-05    0.749617   1.736545e-05
 2859    1.779820e-05    0.999975   1.736501e-05
 2860    1.783787e-05    1.002229   1.740371e-05
 2861    1.763727e-05    0.988754   1.720799e-05
 2862    1.747490e-05    0.990794   1.704958e-05
 2863    1.735807e-05    0.993314   1.693558e-05
 2864    1.714627e-05    0.987798   1.672894e-05
 2865    1.659864e-05    0.968062   1.619465e-05
 2866    1.700457e-05    1.024455   1.659069e-05
 2867    4.541619e-05    2.670823   4.431080e-05
 2868    1.240250e-05    0.273085   1.210064e-05
 2869    3.932371e-04    31.706269   3.836660e-04
 2870    5.797936e-04    1.474412   5.656819e-04
 2871    4.886693e-04    0.842833   4.767755e-04
 2872    2.666311e-06    0.005456   2.601415e-06
 2873    9.544074e-06    3.579505   9.311779e-06
 2874    1.025400e-05    1.074384   1.000443e-05
 2875    9.899936e-06    0.965471   9.658980e-06
 2876    9.087111e-06    0.917896   8.865938e-06
 2877    8.882922e-06    0.977530   8.666719e-06
 2878    8.892074e-06    1.001030   8.675649e-06
 2879    8.749053e-06    0.983916   8.536109e-06
 2880    8.097314e-06    0.925507   7.900232e-06
 2881    1.056274e-05    1.304474   1.030565e-05
 2882    8.283490e-06    0.784218   8.081877e-06
 2883    8.283278e-06    0.999974   8.081670e-06
 2884    8.168683e-06    0.986166   7.969864e-06
 2885    6.814764e-06    0.834255   6.648898e-06
 2886    1.818879e-05    2.669027   1.774609e-05
 2887    5.844382e-06    0.321318   5.702135e-06
 2888    5.659706e-06    0.968401   5.521953e-06
 2889    5.050916e-06    0.892434   4.927981e-06
 2890    4.957504e-06    0.981506   4.836843e-06
 2891    4.957787e-06    1.000057   4.837119e-06
 2892    4.935809e-06    0.995567   4.815676e-06
 2893    1.203122e-05    2.437539   1.173839e-05
 2894    3.920050e-06    0.325823   3.824639e-06
 2895    7.955968e-07    0.202956   7.762326e-07
 2896    6.634997e-06    8.339648   6.473507e-06
 2897    1.226913e-05    1.849154   1.197051e-05
 2898    1.191033e-05    0.970756   1.162044e-05
 2899    1.736653e-05    1.458107   1.694384e-05
 2900    1.402260e-05    0.807449   1.368130e-05
 2901    7.700882e-07    0.054918   7.513449e-07
 2902    6.095609e-07    0.791547   5.947247e-07
 2903    1.090715e-06    1.789346   1.064168e-06
 2904    1.274404e-06    1.168411   1.243386e-06
 2905    1.280821e-06    1.005035   1.249647e-06
 2906    1.280578e-06    0.999810   1.249410e-06
 2907    1.243264e-06    0.970862   1.213004e-06
 2908    8.632124e-07    0.694311   8.422025e-07
 2909    1.186832e-06    1.374902   1.157946e-06
 2910    1.429087e-06    1.204119   1.394304e-06
 2911    1.384757e-06    0.968980   1.351054e-06
 2912    1.589266e-06    1.147686   1.550585e-06
 2913    1.791750e-06    1.127407   1.748140e-06
 2914    1.731148e-06    0.966177   1.689013e-06
 2915    1.745255e-06    1.008149   1.702777e-06
 2916    1.745274e-06    1.000011   1.702796e-06
 2917    1.745851e-06    1.000331   1.703359e-06
 2918    1.740731e-06    0.997067   1.698363e-06
 2919    1.748244e-06    1.004316   1.705693e-06
 2920    1.491039e-06    0.852878   1.454748e-06
 2921    1.380800e-06    0.926066   1.347192e-06
 2922    1.537369e-06    1.113390   1.499950e-06
 2923    1.329638e-06    0.864879   1.297276e-06
 2924    1.089431e-06    0.819344   1.062915e-06
 2925    1.159523e-06    1.064338   1.131301e-06
 2926    1.226387e-06    1.057665   1.196538e-06
 2927    1.055562e-06    0.860709   1.029871e-06
 2928    4.060916e-06    3.847159   3.962076e-06
 2929    1.115464e-06    0.274683   1.088315e-06
 2930    5.366564e-07    0.481106   5.235947e-07
 2931    5.095462e-07    0.949483   4.971442e-07
 2932    5.220173e-07    1.024475   5.093119e-07
 2933    5.557905e-07    1.064697   5.422630e-07
 2934    5.523930e-07    0.993887   5.389482e-07
 2935    5.599319e-07    1.013648   5.463036e-07
 2936    5.624723e-07    1.004537   5.487822e-07
 2937    5.553280e-07    0.987298   5.418118e-07
 2938    5.561335e-07    1.001450   5.425977e-07
 2939    5.549537e-07    0.997879   5.414466e-07
 2940    8.096338e-07    1.458921   7.899280e-07
 2941    2.492665e-07    0.307876   2.431996e-07
 2942    9.647072e-08    0.387018   9.412271e-08
 2943    7.384576e-08    0.765473   7.204842e-08
 2944    1.012104e-07    1.370565   9.874706e-08
 2945    1.012100e-07    0.999996   9.874667e-08
 2946    1.112859e-07    1.099554   1.085773e-07
 2947    9.862050e-08    0.886190   9.622016e-08
 2948    9.436163e-08    0.956816   9.206495e-08
 2949    9.664400e-08    1.024187   9.429177e-08
 2950    1.011056e-07    1.046165   9.864479e-08
 2951    1.018888e-07    1.007746   9.940891e-08
 2952    9.740301e-08    0.955974   9.503231e-08
 2953    1.039056e-07    1.066760   1.013767e-07
 2954    1.073758e-07    1.033397   1.047624e-07
 2955    8.934909e-08    0.832116   8.717441e-08
 2956    4.272019e-09    0.047813   4.168041e-09
 2957    2.988088e-02    6994556.967352   2.915360e-02
 2958    3.691949e-02    1.235556   3.602090e-02
 2959    2.080668e-02    0.563569   2.030026e-02
 2960    7.403636e-02    3.558298   7.223438e-02
 2961    4.648536e-02    0.627872   4.535394e-02
 2962    5.174198e-02    1.113081   5.048263e-02
 2963    8.006500e-02    1.547389   7.811629e-02
 2964    8.196589e-02    1.023742   7.997091e-02
 2965    5.821277e-02    0.710207   5.679592e-02
 2966    5.842100e-02    1.003577   5.699908e-02
 2967    1.312389e-01    2.246434   1.280447e-01
 2968    2.664402e-02    0.203019   2.599552e-02
 2969    1.313750e-02    0.493075   1.281774e-02
 2970    1.557008e-02    1.185164   1.519112e-02
 2971    7.337144e-03    0.471233   7.158564e-03
 2972    4.340209e-02    5.915392   4.234572e-02
 2973    2.911287e-02    0.670771   2.840429e-02
 2974    3.428873e-02    1.177786   3.345417e-02
 2975    3.294763e-02    0.960888   3.214572e-02
 2976    3.033986e-02    0.920851   2.960141e-02
 2977    3.327625e-02    1.096783   3.246633e-02
 2978    6.982285e-03    0.209828   6.812342e-03
 2979    1.821942e-03    0.260938   1.777597e-03
 2980    5.033638e-03    2.762788   4.911124e-03
 2981    5.088954e-03    1.010989   4.965093e-03
 2982    2.442654e-03    0.479991   2.383202e-03
 2983    1.479111e-03    0.605534   1.443110e-03
 2984    2.111926e-02    14.278347   2.060523e-02
 2985    8.344904e-03    0.395132   8.141796e-03
 2986    5.667294e-03    0.679132   5.529357e-03
 2987    5.643114e-03    0.995733   5.505765e-03
 2988    5.676693e-03    1.005950   5.538527e-03
 2989    5.180852e-03    0.912653   5.054754e-03
 2990    6.900278e-03    1.331881   6.732331e-03
 2991    7.014478e-03    1.016550   6.843751e-03
 2992    6.939796e-03    0.989353   6.770887e-03
 2993    4.463216e-02    6.431335   4.354585e-02
 2994    4.197435e-04    0.009405   4.095273e-04
 2995    2.249134e-04    0.535835   2.194392e-04
 2996    3.671391e-04    1.632358   3.582032e-04
 2997    4.426797e-04    1.205755   4.319052e-04
 2998    4.473036e-04    1.010445   4.364166e-04
 2999    5.175234e-04    1.156985   5.049273e-04
 3000    3.039889e-04    0.587392   2.965900e-04
 3001    2.172722e-04    0.714737   2.119839e-04
 3002    8.595623e-05    0.395616   8.386413e-05
 3003    6.738444e-05    0.783939   6.574436e-05
 3004    6.743006e-05    1.000677   6.578887e-05
 3005    5.837436e-05    0.865702   5.695357e-05
 3006    5.417915e-05    0.928133   5.286048e-05
 3007    4.115673e-05    0.759641   4.015501e-05
 3008    2.617241e-05    0.635920   2.553540e-05
 3009    2.618712e-06    0.100056   2.554974e-06
 3010    1.187636e-04    45.351915   1.158730e-04
 3011    3.388399e-05    0.285306   3.305928e-05
 3012    2.762027e-05    0.815142   2.694802e-05
 3013    2.489465e-05    0.901318   2.428874e-05
 3014    3.091784e-05    1.241947   3.016532e-05
 3015    3.042959e-05    0.984208   2.968896e-05
 3016    3.033142e-05    0.996774   2.959318e-05
 3017    3.063336e-05    1.009955   2.988777e-05
 3018    2.937156e-05    0.958810   2.865668e-05
 3019    2.944412e-05    1.002470   2.872748e-05
 3020    3.211509e-05    1.090713   3.133344e-05
 3021    3.287867e-05    1.023776   3.207843e-05
 3022    3.046922e-05    0.926717   2.972762e-05
 3023    3.113497e-05    1.021850   3.037717e-05
 3024    5.136592e-05    1.649782   5.011572e-05
 3025    2.634125e-05    0.512816   2.570012e-05
 3026    2.295059e-05    0.871279   2.239199e-05
 3027    4.594268e-05    2.001809   4.482448e-05
 3028    1.872027e-05    0.407470   1.826463e-05
 3029    1.844847e-05    0.985481   1.799945e-05
 3030    1.854895e-05    1.005446   1.809748e-05
 3031    1.950314e-05    1.051442   1.902845e-05
 3032    2.299115e-05    1.178844   2.243157e-05
 3033    1.269143e-04    5.520136   1.238253e-04
 3034    7.983380e-04    6.290370   7.789071e-04
 3035    1.237461e-05    0.015500   1.207343e-05
 3036    1.095443e-05    0.885234   1.068781e-05
 3037    1.090556e-05    0.995539   1.064013e-05
 3038    1.150831e-05    1.055270   1.122820e-05
 3039    1.116762e-05    0.970397   1.089581e-05
 3040    1.074277e-05    0.961957   1.048130e-05
 3041    1.254451e-05    1.167717   1.223919e-05
 3042    1.743084e-05    1.389519   1.700659e-05
 3043    2.786063e-05    1.598353   2.718252e-05
 3044    1.541258e-04    5.532030   1.503745e-04
 3045    8.299285e-05    0.538475   8.097288e-05
 3046    2.192610e-04    2.641926   2.139243e-04
 3047    2.120988e-04    0.967335   2.069365e-04
 3048    7.340015e-04    3.460659   7.161365e-04
 3049    3.642705e-06    0.004963   3.554045e-06
 3050    4.182690e-06    1.148237   4.080887e-06
 3051    6.913900e-07    0.165298   6.745621e-07
 3052    2.342465e-05    33.880523   2.285452e-05
 3053    8.194526e-08    0.003498   7.995078e-08
 3054    1.134301e-06    13.842180   1.106693e-06
 3055    4.240242e-07    0.373820   4.137038e-07
 3056    4.189182e-07    0.987958   4.087221e-07
 3057    1.211908e-07    0.289295   1.182411e-07
 3058    5.876293e-07    4.848795   5.733269e-07
 3059    7.693704e-07    1.309278   7.506445e-07
 3060    7.667138e-07    0.996547   7.480527e-07
 3061    1.270527e-06    1.657107   1.239604e-06
 3062    1.186735e-06    0.934049   1.157850e-06
 3063    1.204734e-06    1.015168   1.175412e-06
 3064    1.214941e-06    1.008472   1.185371e-06
 3065    1.222563e-06    1.006273   1.192807e-06
 3066    1.298563e-06    1.062164   1.266957e-06
 3067    1.299315e-06    1.000580   1.267691e-06
 3068    1.238443e-06    0.953151   1.208301e-06
 3069    1.236972e-06    0.998812   1.206865e-06
 3070    1.237680e-06    1.000572   1.207556e-06
 3071    1.237528e-06    0.999877   1.207408e-06
 3072    1.249629e-06    1.009778   1.219214e-06
 3073    1.245665e-06    0.996827   1.215346e-06
 3074    1.197755e-06    0.961539   1.168602e-06
 3075    1.201550e-06    1.003169   1.172306e-06
 3076    1.171953e-06    0.975367   1.143428e-06
 3077    1.035612e-06    0.883664   1.010406e-06
 3078    1.328428e-06    1.282747   1.296095e-06
 3079    9.324858e-07    0.701947   9.097899e-07
 3080    1.195450e-06    1.282003   1.166353e-06
 3081    4.176384e-06    3.493567   4.074734e-06
 3082    9.507582e-08    0.022765   9.276175e-08
 3083    4.293012e-07    4.515356   4.188523e-07
 3084    8.520954e-07    1.984843   8.313561e-07
 3085    4.562330e-05    53.542481   4.451287e-05
 3086    4.530669e-06    0.099306   4.420396e-06
 3087    3.446698e-06    0.760748   3.362808e-06
 3088    3.597214e-06    1.043670   3.509661e-06
 3089    3.621687e-06    1.006803   3.533538e-06
 3090    3.608493e-06    0.996357   3.520666e-06
 3091    3.643694e-06    1.009755   3.555009e-06
 3092    3.632636e-06    0.996965   3.544221e-06
 3093    3.923559e-06    1.080086   3.828063e-06
 3094    3.362219e-06    0.856931   3.280386e-06
 3095    3.929322e-06    1.168669   3.833686e-06
 3096    3.929272e-06    0.999987   3.833636e-06
 3097    3.367764e-06    0.857096   3.285796e-06
 3098    2.768348e-06    0.822013   2.700968e-06
 3099    2.541282e-06    0.917978   2.479429e-06
 3100    1.480250e-06    0.582482   1.444222e-06
 3101    2.615165e-05    17.667046   2.551514e-05
 3102    1.611950e-06    0.061639   1.572717e-06
 3103    1.167581e-07    0.072433   1.139163e-07
 3104    1.044755e-07    0.894803   1.019327e-07
 3105    1.146278e-07    1.097174   1.118378e-07
 3106    1.468236e-07    1.280872   1.432500e-07
 3107    1.349265e-07    0.918970   1.316425e-07
 3108    1.023705e-07    0.758713   9.987888e-08
 3109    1.306546e-07    1.276291   1.274746e-07
 3110    4.850295e-09    0.037123   4.732243e-09


Final L2 norm of residual: 4.851725e-09

SolveHypre: Required iterations 3110 (method 704) to norm 4.73364e-09
SolveHypre: Solution time (method 704): 48.1354
HypreSolver: Finished solving linear system with HYPRE
BackScaleLinearSystem: Scaling back to original scale
ComputeNorm: Computing norm of solution
ComputeNorm: Using consistent norm in parallel
ComputeChange: NS (ITER=1) (NRM,RELC): ( 0.23389156E-01  2.0000000     ) :: linelast
SolveSystem: System solved
SolveSystem: Linear system time (CPU,REAL) for displacement:    49.73   50.80 (s)
SolveSystem: Finished solving the system
DefaultFinish: Finished solver: linelast
StressSolver: All done
StressSolver: ------------------------------------------
SolverActivate: Solver time (CPU,REAL) for linelast:    50.26   51.49 (s)
ComputeNorm: Computing norm of solution
ComputeNorm: Using consistent norm in parallel
ComputeChange: SS (ITER=1) (NRM,RELC): ( 0.23389156E-01  2.0000000     ) :: linelast
SetActiveElementsTable: Creating active element table for: savescalars
SetActiveElementsTable: No active elements found
SingleSolver: Attempting to call solver: 2
SingleSolver: Solver Equation string is: savescalars
SaveScalars: -----------------------------------------
SaveScalars: Saving scalar values of various kinds
SolverOutputDirectory: Creating directory: results_cpu
SaveScalars: Treating variable: displacement
SaveScalars: Treating operator: dofs
OperToParOperMap: dofs -> sum
SaveScalars: Treating variable: displacement
SaveScalars: Treating operator: elements
OperToParOperMap: elements -> sum
SaveScalars: Treating variable: displacement
SaveScalars: Treating operator: partitions
OperToParOperMap: partitions -> none
SaveScalars: Treating variable: displacement
SaveScalars: Treating operator: norm
OperToParOperMap: norm -> none
SaveScalars: Treating variable: displacement
SaveScalars: Treating operator: cpu time
OperToParOperMap: cpu time -> none
SaveScalars: Performed 5 reduction operations
SaveScalars: Adding information on simulation timing
SaveScalars: Found 4 result scalars in simulation section
SaveScalars: Found 12 values to save in total
SaveScalars: Saving names of values to file: results_cpu/f384.dat.names
SaveScalars: Parallel data is reduced into one file
SaveScalars: Data is appended to existing file
SaveScalars: Saving values to file: results_cpu/f384.dat
SaveScalars: -----------------------------------------
SolveEquations: Solvers after timestep
WARNING:: CompareToReferenceSolution: Solver 1 FAILED:  Norm = 2.33891557E-02  RefNorm = 2.33900606E-02
CompareToReferenceSolution: Relative Error to reference norm: 3.868693E-05
ReloadInputFile: Reloading input file
LoadInputFile: Loading input file:
WARNING:: CompareToReferenceSolution: FAILED 1 tests out of 1!
MAIN: Reporting unused list entries for sif improvement!
MAIN: If you do not want these lines undefine > DEVEL_LISTUSAGE < !
   Unused keywords:
       Solver 1              linear system abort not converged
MAIN: *** Elmer Solver: ALL DONE ***
FreeModel: Freeing meshes
ReleaseMesh: Releasing mesh variables
ReleaseMesh: Releasing mesh nodes
ReleaseMesh: Releasing mesh finished
ReleaseMesh: Releasing mesh variables
ReleaseMesh: Releasing mesh nodes
ReleaseMesh: Releasing mesh finished
ReleaseMesh: Releasing mesh variables
ReleaseMesh: Releasing mesh nodes
ReleaseMesh: Releasing mesh finished
FreeModel: Freeing constants list
FreeModel: Freeing simulation list
FreeModel: Freeing boundary lists
FreeModel: Freeing solvers
Loading user function library: [StressSolve]...[StressSolver_Finalize]
Loading user function library: [StressSolve]...[StressSolver_Finalize]
Loading user function library: [SaveData]...[SaveScalars_Finalize]
Loading user function library: [SaveData]...[SaveScalars_Finalize]
FreeModel: Freeing initial conditions lists
FreeModel: Freeing body lists
FreeModel: Freeing equations lists
FreeModel: Freeing body forces lists
ParallelFinalize: Final synchronization of the MPI system!
MAIN: The end
SOLVER TOTAL TIME(CPU,REAL):        50.65       90.44
ELMER SOLVER FINISHED AT: 2026/07/28 14:00:19

Ending linsys/hypre_BiCGStab_Parasails.sif with mesh level 3
Elapsed time: 107 s
-----------------------------------


Solver linsys/hypre_BoomerAMG.sif not recommended for given problem. Ignoring it


Solver linsys/hypre_FlexGmres_BoomerAMG.sif not recommended for given problem. Ignoring it


Solver linsys/hypre_GMRes_BoomerAMG.sif not recommended for given problem. Ignoring it


Solver linsys/hypre_GMRes_ILU1.sif not recommended for given problem. Ignoring it


Solver linsys/hypre_GMRes_Parasails.sif not recommended for given problem. Ignoring it


Solver linsys/hypre_LGMRes_ILU0.sif not recommended for given problem. Ignoring it


Solver linsys/trilinos_ml_sgs_dof3.sif not recommended for given problem. Ignoring it


Solver linsys/trilinos_ml_sgs.sif not recommended for given problem. Ignoring it

Plotting scalability...

Plotting timings...

