Number of partitions: 1536
==================================================================
ElmerGrid mesh conversion and manipulation utility, Welcome!
Version: 26.2 (Rev: NA, Compiled: NA)
This program is free software licensed under GPL
==================================================================
Elmergrid reading in-line arguments
Using dual (elemental) graph in partitioning.
The mesh will be partitioned with Metis to 1536 partitions.
Output will be saved to file winkel.

Elmergrid loading data:
-----------------------
Loading the geometry from file 'winkel.grd'.
Loading ElmerGrid file version: 210903
Defining the coordinate system (3-DIM).
Loading 2 subcell sizes in X-direction
Loading 3 subcell sizes in Y-direction
Loading 2 subcell sizes in Z-direction
Loading material structure
LoadElmergrid: materials interval is [0,3]
Loading boundary conditions
Found 4 boundaries
Reached the end of command file
Found 1 divisions for grid

Loading ElmerGrid commands from file 'winkel.grd'.
Reached the end of command file
Read commands from a file

Elmergrid creating and manipulating meshes:
-------------------------------------------
3 cells were created.
Numbered 1281 knots in 1200 4-node elements.
Numbering order was <x><y> and max levelwidth 43.
80 element sides between materials 0 and 1 were located to type 1.
20 element sides between materials 2 and 1 were located to type 2.
20 element sides between materials 3 and 1 were located to type 3.
60 element sides between materials 0 and 2 were located to type 4.
Created 40 extruded divisions.
Maximum elementtype 404 extruded to type 808.
Allocated for 7 new BC lists
Extruded mesh has 32000 elements in 40 levels.
Simple extrusion would have 48000 elements
Extruded BCs list 0 of types [1,1] has 1600 elements.
Extruded BCs list 1 of types [2,2] has 400 elements.
Extruded BCs list 2 of types [3,3] has 400 elements.
Extruded BCs list 3 of types [4,4] has 2400 elements.
Layer BCs list 4 of types [5,5] has 1200 elements.
Layer BCs list 5 of types [6,6] has 800 elements.
Layer BCs list 6 of types [7,7] has 400 elements.
52521 original nodes moved to 35721 new ones.
Created 32000 elements and 35721 nodes by extruding the 2D geometry

Elmergrid partitioning meshes:
------------------------------
Making a Metis partitioning for 35721 nodes in 3-dimensions.
Setting default Metis options!
Setting user defined Metis options!
Creating a dual graph of the finite element mesh
Creating an inverse topology of the finite element mesh
There are from 1 to 8 connections in the inverse topology.
Each node is in average in 7.167 elements
Removing connected nodes from the dual graph
List of unconnected elements created
Allocating for the dual graph for 32000 with 768866 connections
There are at maximum 26 connections in dual graph (in element 1242).
There are at all in all 768866 connections in dual graph.
Average connection per active element in dual graph is 24.027
There are 768866 connections altogether in the graph.
Starting graph partitioning METIS_PartGraphKway.
 Runtime parameters:
   Objective type: METIS_OBJTYPE_CUT
   Coarsening type: METIS_CTYPE_SHEM
   Initial partitioning type: METIS_IPTYPE_METISRB
   Refinement type: METIS_RTYPE_GREEDY
   Perform a 2-hop matching: No
   Number of balancing constraints: 1
   Number of refinement iterations: 10
   Random number seed: -1
   Number of partitions: 1536
   Number of cuts: 1
   User-supplied ufactor: 30
   Minimize connectivity: No
   Create contigous partitions: No
   Target partition weights: 
        0=[6.51e-04]   1=[6.51e-04]   2=[6.51e-04]   3=[6.51e-04]   4=[6.51e-04]
        5=[6.51e-04]   6=[6.51e-04]   7=[6.51e-04]   8=[6.51e-04]   9=[6.51e-04]
       10=[6.51e-04]  11=[6.51e-04]  12=[6.51e-04]  13=[6.51e-04]  14=[6.51e-04]
       15=[6.51e-04]  16=[6.51e-04]  17=[6.51e-04]  18=[6.51e-04]  19=[6.51e-04]
       20=[6.51e-04]  21=[6.51e-04]  22=[6.51e-04]  23=[6.51e-04]  24=[6.51e-04]
       25=[6.51e-04]  26=[6.51e-04]  27=[6.51e-04]  28=[6.51e-04]  29=[6.51e-04]
       30=[6.51e-04]  31=[6.51e-04]  32=[6.51e-04]  33=[6.51e-04]  34=[6.51e-04]
       35=[6.51e-04]  36=[6.51e-04]  37=[6.51e-04]  38=[6.51e-04]  39=[6.51e-04]
       40=[6.51e-04]  41=[6.51e-04]  42=[6.51e-04]  43=[6.51e-04]  44=[6.51e-04]
       45=[6.51e-04]  46=[6.51e-04]  47=[6.51e-04]  48=[6.51e-04]  49=[6.51e-04]
       50=[6.51e-04]  51=[6.51e-04]  52=[6.51e-04]  53=[6.51e-04]  54=[6.51e-04]
       55=[6.51e-04]  56=[6.51e-04]  57=[6.51e-04]  58=[6.51e-04]  59=[6.51e-04]
       60=[6.51e-04]  61=[6.51e-04]  62=[6.51e-04]  63=[6.51e-04]  64=[6.51e-04]
       65=[6.51e-04]  66=[6.51e-04]  67=[6.51e-04]  68=[6.51e-04]  69=[6.51e-04]
       70=[6.51e-04]  71=[6.51e-04]  72=[6.51e-04]  73=[6.51e-04]  74=[6.51e-04]
       75=[6.51e-04]  76=[6.51e-04]  77=[6.51e-04]  78=[6.51e-04]  79=[6.51e-04]
       80=[6.51e-04]  81=[6.51e-04]  82=[6.51e-04]  83=[6.51e-04]  84=[6.51e-04]
       85=[6.51e-04]  86=[6.51e-04]  87=[6.51e-04]  88=[6.51e-04]  89=[6.51e-04]
       90=[6.51e-04]  91=[6.51e-04]  92=[6.51e-04]  93=[6.51e-04]  94=[6.51e-04]
       95=[6.51e-04]  96=[6.51e-04]  97=[6.51e-04]  98=[6.51e-04]  99=[6.51e-04]
      100=[6.51e-04] 101=[6.51e-04] 102=[6.51e-04] 103=[6.51e-04] 104=[6.51e-04]
      105=[6.51e-04] 106=[6.51e-04] 107=[6.51e-04] 108=[6.51e-04] 109=[6.51e-04]
      110=[6.51e-04] 111=[6.51e-04] 112=[6.51e-04] 113=[6.51e-04] 114=[6.51e-04]
      115=[6.51e-04] 116=[6.51e-04] 117=[6.51e-04] 118=[6.51e-04] 119=[6.51e-04]
      120=[6.51e-04] 121=[6.51e-04] 122=[6.51e-04] 123=[6.51e-04] 124=[6.51e-04]
      125=[6.51e-04] 126=[6.51e-04] 127=[6.51e-04] 128=[6.51e-04] 129=[6.51e-04]
      130=[6.51e-04] 131=[6.51e-04] 132=[6.51e-04] 133=[6.51e-04] 134=[6.51e-04]
      135=[6.51e-04] 136=[6.51e-04] 137=[6.51e-04] 138=[6.51e-04] 139=[6.51e-04]
      140=[6.51e-04] 141=[6.51e-04] 142=[6.51e-04] 143=[6.51e-04] 144=[6.51e-04]
      145=[6.51e-04] 146=[6.51e-04] 147=[6.51e-04] 148=[6.51e-04] 149=[6.51e-04]
      150=[6.51e-04] 151=[6.51e-04] 152=[6.51e-04] 153=[6.51e-04] 154=[6.51e-04]
      155=[6.51e-04] 156=[6.51e-04] 157=[6.51e-04] 158=[6.51e-04] 159=[6.51e-04]
      160=[6.51e-04] 161=[6.51e-04] 162=[6.51e-04] 163=[6.51e-04] 164=[6.51e-04]
      165=[6.51e-04] 166=[6.51e-04] 167=[6.51e-04] 168=[6.51e-04] 169=[6.51e-04]
      170=[6.51e-04] 171=[6.51e-04] 172=[6.51e-04] 173=[6.51e-04] 174=[6.51e-04]
      175=[6.51e-04] 176=[6.51e-04] 177=[6.51e-04] 178=[6.51e-04] 179=[6.51e-04]
      180=[6.51e-04] 181=[6.51e-04] 182=[6.51e-04] 183=[6.51e-04] 184=[6.51e-04]
      185=[6.51e-04] 186=[6.51e-04] 187=[6.51e-04] 188=[6.51e-04] 189=[6.51e-04]
      190=[6.51e-04] 191=[6.51e-04] 192=[6.51e-04] 193=[6.51e-04] 194=[6.51e-04]
      195=[6.51e-04] 196=[6.51e-04] 197=[6.51e-04] 198=[6.51e-04] 199=[6.51e-04]
      200=[6.51e-04] 201=[6.51e-04] 202=[6.51e-04] 203=[6.51e-04] 204=[6.51e-04]
      205=[6.51e-04] 206=[6.51e-04] 207=[6.51e-04] 208=[6.51e-04] 209=[6.51e-04]
      210=[6.51e-04] 211=[6.51e-04] 212=[6.51e-04] 213=[6.51e-04] 214=[6.51e-04]
      215=[6.51e-04] 216=[6.51e-04] 217=[6.51e-04] 218=[6.51e-04] 219=[6.51e-04]
      220=[6.51e-04] 221=[6.51e-04] 222=[6.51e-04] 223=[6.51e-04] 224=[6.51e-04]
      225=[6.51e-04] 226=[6.51e-04] 227=[6.51e-04] 228=[6.51e-04] 229=[6.51e-04]
      230=[6.51e-04] 231=[6.51e-04] 232=[6.51e-04] 233=[6.51e-04] 234=[6.51e-04]
      235=[6.51e-04] 236=[6.51e-04] 237=[6.51e-04] 238=[6.51e-04] 239=[6.51e-04]
      240=[6.51e-04] 241=[6.51e-04] 242=[6.51e-04] 243=[6.51e-04] 244=[6.51e-04]
      245=[6.51e-04] 246=[6.51e-04] 247=[6.51e-04] 248=[6.51e-04] 249=[6.51e-04]
      250=[6.51e-04] 251=[6.51e-04] 252=[6.51e-04] 253=[6.51e-04] 254=[6.51e-04]
      255=[6.51e-04] 256=[6.51e-04] 257=[6.51e-04] 258=[6.51e-04] 259=[6.51e-04]
      260=[6.51e-04] 261=[6.51e-04] 262=[6.51e-04] 263=[6.51e-04] 264=[6.51e-04]
      265=[6.51e-04] 266=[6.51e-04] 267=[6.51e-04] 268=[6.51e-04] 269=[6.51e-04]
      270=[6.51e-04] 271=[6.51e-04] 272=[6.51e-04] 273=[6.51e-04] 274=[6.51e-04]
      275=[6.51e-04] 276=[6.51e-04] 277=[6.51e-04] 278=[6.51e-04] 279=[6.51e-04]
      280=[6.51e-04] 281=[6.51e-04] 282=[6.51e-04] 283=[6.51e-04] 284=[6.51e-04]
      285=[6.51e-04] 286=[6.51e-04] 287=[6.51e-04] 288=[6.51e-04] 289=[6.51e-04]
      290=[6.51e-04] 291=[6.51e-04] 292=[6.51e-04] 293=[6.51e-04] 294=[6.51e-04]
      295=[6.51e-04] 296=[6.51e-04] 297=[6.51e-04] 298=[6.51e-04] 299=[6.51e-04]
      300=[6.51e-04] 301=[6.51e-04] 302=[6.51e-04] 303=[6.51e-04] 304=[6.51e-04]
      305=[6.51e-04] 306=[6.51e-04] 307=[6.51e-04] 308=[6.51e-04] 309=[6.51e-04]
      310=[6.51e-04] 311=[6.51e-04] 312=[6.51e-04] 313=[6.51e-04] 314=[6.51e-04]
      315=[6.51e-04] 316=[6.51e-04] 317=[6.51e-04] 318=[6.51e-04] 319=[6.51e-04]
      320=[6.51e-04] 321=[6.51e-04] 322=[6.51e-04] 323=[6.51e-04] 324=[6.51e-04]
      325=[6.51e-04] 326=[6.51e-04] 327=[6.51e-04] 328=[6.51e-04] 329=[6.51e-04]
      330=[6.51e-04] 331=[6.51e-04] 332=[6.51e-04] 333=[6.51e-04] 334=[6.51e-04]
      335=[6.51e-04] 336=[6.51e-04] 337=[6.51e-04] 338=[6.51e-04] 339=[6.51e-04]
      340=[6.51e-04] 341=[6.51e-04] 342=[6.51e-04] 343=[6.51e-04] 344=[6.51e-04]
      345=[6.51e-04] 346=[6.51e-04] 347=[6.51e-04] 348=[6.51e-04] 349=[6.51e-04]
      350=[6.51e-04] 351=[6.51e-04] 352=[6.51e-04] 353=[6.51e-04] 354=[6.51e-04]
      355=[6.51e-04] 356=[6.51e-04] 357=[6.51e-04] 358=[6.51e-04] 359=[6.51e-04]
      360=[6.51e-04] 361=[6.51e-04] 362=[6.51e-04] 363=[6.51e-04] 364=[6.51e-04]
      365=[6.51e-04] 366=[6.51e-04] 367=[6.51e-04] 368=[6.51e-04] 369=[6.51e-04]
      370=[6.51e-04] 371=[6.51e-04] 372=[6.51e-04] 373=[6.51e-04] 374=[6.51e-04]
      375=[6.51e-04] 376=[6.51e-04] 377=[6.51e-04] 378=[6.51e-04] 379=[6.51e-04]
      380=[6.51e-04] 381=[6.51e-04] 382=[6.51e-04] 383=[6.51e-04] 384=[6.51e-04]
      385=[6.51e-04] 386=[6.51e-04] 387=[6.51e-04] 388=[6.51e-04] 389=[6.51e-04]
      390=[6.51e-04] 391=[6.51e-04] 392=[6.51e-04] 393=[6.51e-04] 394=[6.51e-04]
      395=[6.51e-04] 396=[6.51e-04] 397=[6.51e-04] 398=[6.51e-04] 399=[6.51e-04]
      400=[6.51e-04] 401=[6.51e-04] 402=[6.51e-04] 403=[6.51e-04] 404=[6.51e-04]
      405=[6.51e-04] 406=[6.51e-04] 407=[6.51e-04] 408=[6.51e-04] 409=[6.51e-04]
      410=[6.51e-04] 411=[6.51e-04] 412=[6.51e-04] 413=[6.51e-04] 414=[6.51e-04]
      415=[6.51e-04] 416=[6.51e-04] 417=[6.51e-04] 418=[6.51e-04] 419=[6.51e-04]
      420=[6.51e-04] 421=[6.51e-04] 422=[6.51e-04] 423=[6.51e-04] 424=[6.51e-04]
      425=[6.51e-04] 426=[6.51e-04] 427=[6.51e-04] 428=[6.51e-04] 429=[6.51e-04]
      430=[6.51e-04] 431=[6.51e-04] 432=[6.51e-04] 433=[6.51e-04] 434=[6.51e-04]
      435=[6.51e-04] 436=[6.51e-04] 437=[6.51e-04] 438=[6.51e-04] 439=[6.51e-04]
      440=[6.51e-04] 441=[6.51e-04] 442=[6.51e-04] 443=[6.51e-04] 444=[6.51e-04]
      445=[6.51e-04] 446=[6.51e-04] 447=[6.51e-04] 448=[6.51e-04] 449=[6.51e-04]
      450=[6.51e-04] 451=[6.51e-04] 452=[6.51e-04] 453=[6.51e-04] 454=[6.51e-04]
      455=[6.51e-04] 456=[6.51e-04] 457=[6.51e-04] 458=[6.51e-04] 459=[6.51e-04]
      460=[6.51e-04] 461=[6.51e-04] 462=[6.51e-04] 463=[6.51e-04] 464=[6.51e-04]
      465=[6.51e-04] 466=[6.51e-04] 467=[6.51e-04] 468=[6.51e-04] 469=[6.51e-04]
      470=[6.51e-04] 471=[6.51e-04] 472=[6.51e-04] 473=[6.51e-04] 474=[6.51e-04]
      475=[6.51e-04] 476=[6.51e-04] 477=[6.51e-04] 478=[6.51e-04] 479=[6.51e-04]
      480=[6.51e-04] 481=[6.51e-04] 482=[6.51e-04] 483=[6.51e-04] 484=[6.51e-04]
      485=[6.51e-04] 486=[6.51e-04] 487=[6.51e-04] 488=[6.51e-04] 489=[6.51e-04]
      490=[6.51e-04] 491=[6.51e-04] 492=[6.51e-04] 493=[6.51e-04] 494=[6.51e-04]
      495=[6.51e-04] 496=[6.51e-04] 497=[6.51e-04] 498=[6.51e-04] 499=[6.51e-04]
      500=[6.51e-04] 501=[6.51e-04] 502=[6.51e-04] 503=[6.51e-04] 504=[6.51e-04]
      505=[6.51e-04] 506=[6.51e-04] 507=[6.51e-04] 508=[6.51e-04] 509=[6.51e-04]
      510=[6.51e-04] 511=[6.51e-04] 512=[6.51e-04] 513=[6.51e-04] 514=[6.51e-04]
      515=[6.51e-04] 516=[6.51e-04] 517=[6.51e-04] 518=[6.51e-04] 519=[6.51e-04]
      520=[6.51e-04] 521=[6.51e-04] 522=[6.51e-04] 523=[6.51e-04] 524=[6.51e-04]
      525=[6.51e-04] 526=[6.51e-04] 527=[6.51e-04] 528=[6.51e-04] 529=[6.51e-04]
      530=[6.51e-04] 531=[6.51e-04] 532=[6.51e-04] 533=[6.51e-04] 534=[6.51e-04]
      535=[6.51e-04] 536=[6.51e-04] 537=[6.51e-04] 538=[6.51e-04] 539=[6.51e-04]
      540=[6.51e-04] 541=[6.51e-04] 542=[6.51e-04] 543=[6.51e-04] 544=[6.51e-04]
      545=[6.51e-04] 546=[6.51e-04] 547=[6.51e-04] 548=[6.51e-04] 549=[6.51e-04]
      550=[6.51e-04] 551=[6.51e-04] 552=[6.51e-04] 553=[6.51e-04] 554=[6.51e-04]
      555=[6.51e-04] 556=[6.51e-04] 557=[6.51e-04] 558=[6.51e-04] 559=[6.51e-04]
      560=[6.51e-04] 561=[6.51e-04] 562=[6.51e-04] 563=[6.51e-04] 564=[6.51e-04]
      565=[6.51e-04] 566=[6.51e-04] 567=[6.51e-04] 568=[6.51e-04] 569=[6.51e-04]
      570=[6.51e-04] 571=[6.51e-04] 572=[6.51e-04] 573=[6.51e-04] 574=[6.51e-04]
      575=[6.51e-04] 576=[6.51e-04] 577=[6.51e-04] 578=[6.51e-04] 579=[6.51e-04]
      580=[6.51e-04] 581=[6.51e-04] 582=[6.51e-04] 583=[6.51e-04] 584=[6.51e-04]
      585=[6.51e-04] 586=[6.51e-04] 587=[6.51e-04] 588=[6.51e-04] 589=[6.51e-04]
      590=[6.51e-04] 591=[6.51e-04] 592=[6.51e-04] 593=[6.51e-04] 594=[6.51e-04]
      595=[6.51e-04] 596=[6.51e-04] 597=[6.51e-04] 598=[6.51e-04] 599=[6.51e-04]
      600=[6.51e-04] 601=[6.51e-04] 602=[6.51e-04] 603=[6.51e-04] 604=[6.51e-04]
      605=[6.51e-04] 606=[6.51e-04] 607=[6.51e-04] 608=[6.51e-04] 609=[6.51e-04]
      610=[6.51e-04] 611=[6.51e-04] 612=[6.51e-04] 613=[6.51e-04] 614=[6.51e-04]
      615=[6.51e-04] 616=[6.51e-04] 617=[6.51e-04] 618=[6.51e-04] 619=[6.51e-04]
      620=[6.51e-04] 621=[6.51e-04] 622=[6.51e-04] 623=[6.51e-04] 624=[6.51e-04]
      625=[6.51e-04] 626=[6.51e-04] 627=[6.51e-04] 628=[6.51e-04] 629=[6.51e-04]
      630=[6.51e-04] 631=[6.51e-04] 632=[6.51e-04] 633=[6.51e-04] 634=[6.51e-04]
      635=[6.51e-04] 636=[6.51e-04] 637=[6.51e-04] 638=[6.51e-04] 639=[6.51e-04]
      640=[6.51e-04] 641=[6.51e-04] 642=[6.51e-04] 643=[6.51e-04] 644=[6.51e-04]
      645=[6.51e-04] 646=[6.51e-04] 647=[6.51e-04] 648=[6.51e-04] 649=[6.51e-04]
      650=[6.51e-04] 651=[6.51e-04] 652=[6.51e-04] 653=[6.51e-04] 654=[6.51e-04]
      655=[6.51e-04] 656=[6.51e-04] 657=[6.51e-04] 658=[6.51e-04] 659=[6.51e-04]
      660=[6.51e-04] 661=[6.51e-04] 662=[6.51e-04] 663=[6.51e-04] 664=[6.51e-04]
      665=[6.51e-04] 666=[6.51e-04] 667=[6.51e-04] 668=[6.51e-04] 669=[6.51e-04]
      670=[6.51e-04] 671=[6.51e-04] 672=[6.51e-04] 673=[6.51e-04] 674=[6.51e-04]
      675=[6.51e-04] 676=[6.51e-04] 677=[6.51e-04] 678=[6.51e-04] 679=[6.51e-04]
      680=[6.51e-04] 681=[6.51e-04] 682=[6.51e-04] 683=[6.51e-04] 684=[6.51e-04]
      685=[6.51e-04] 686=[6.51e-04] 687=[6.51e-04] 688=[6.51e-04] 689=[6.51e-04]
      690=[6.51e-04] 691=[6.51e-04] 692=[6.51e-04] 693=[6.51e-04] 694=[6.51e-04]
      695=[6.51e-04] 696=[6.51e-04] 697=[6.51e-04] 698=[6.51e-04] 699=[6.51e-04]
      700=[6.51e-04] 701=[6.51e-04] 702=[6.51e-04] 703=[6.51e-04] 704=[6.51e-04]
      705=[6.51e-04] 706=[6.51e-04] 707=[6.51e-04] 708=[6.51e-04] 709=[6.51e-04]
      710=[6.51e-04] 711=[6.51e-04] 712=[6.51e-04] 713=[6.51e-04] 714=[6.51e-04]
      715=[6.51e-04] 716=[6.51e-04] 717=[6.51e-04] 718=[6.51e-04] 719=[6.51e-04]
      720=[6.51e-04] 721=[6.51e-04] 722=[6.51e-04] 723=[6.51e-04] 724=[6.51e-04]
      725=[6.51e-04] 726=[6.51e-04] 727=[6.51e-04] 728=[6.51e-04] 729=[6.51e-04]
      730=[6.51e-04] 731=[6.51e-04] 732=[6.51e-04] 733=[6.51e-04] 734=[6.51e-04]
      735=[6.51e-04] 736=[6.51e-04] 737=[6.51e-04] 738=[6.51e-04] 739=[6.51e-04]
      740=[6.51e-04] 741=[6.51e-04] 742=[6.51e-04] 743=[6.51e-04] 744=[6.51e-04]
      745=[6.51e-04] 746=[6.51e-04] 747=[6.51e-04] 748=[6.51e-04] 749=[6.51e-04]
      750=[6.51e-04] 751=[6.51e-04] 752=[6.51e-04] 753=[6.51e-04] 754=[6.51e-04]
      755=[6.51e-04] 756=[6.51e-04] 757=[6.51e-04] 758=[6.51e-04] 759=[6.51e-04]
      760=[6.51e-04] 761=[6.51e-04] 762=[6.51e-04] 763=[6.51e-04] 764=[6.51e-04]
      765=[6.51e-04] 766=[6.51e-04] 767=[6.51e-04] 768=[6.51e-04] 769=[6.51e-04]
      770=[6.51e-04] 771=[6.51e-04] 772=[6.51e-04] 773=[6.51e-04] 774=[6.51e-04]
      775=[6.51e-04] 776=[6.51e-04] 777=[6.51e-04] 778=[6.51e-04] 779=[6.51e-04]
      780=[6.51e-04] 781=[6.51e-04] 782=[6.51e-04] 783=[6.51e-04] 784=[6.51e-04]
      785=[6.51e-04] 786=[6.51e-04] 787=[6.51e-04] 788=[6.51e-04] 789=[6.51e-04]
      790=[6.51e-04] 791=[6.51e-04] 792=[6.51e-04] 793=[6.51e-04] 794=[6.51e-04]
      795=[6.51e-04] 796=[6.51e-04] 797=[6.51e-04] 798=[6.51e-04] 799=[6.51e-04]
      800=[6.51e-04] 801=[6.51e-04] 802=[6.51e-04] 803=[6.51e-04] 804=[6.51e-04]
      805=[6.51e-04] 806=[6.51e-04] 807=[6.51e-04] 808=[6.51e-04] 809=[6.51e-04]
      810=[6.51e-04] 811=[6.51e-04] 812=[6.51e-04] 813=[6.51e-04] 814=[6.51e-04]
      815=[6.51e-04] 816=[6.51e-04] 817=[6.51e-04] 818=[6.51e-04] 819=[6.51e-04]
      820=[6.51e-04] 821=[6.51e-04] 822=[6.51e-04] 823=[6.51e-04] 824=[6.51e-04]
      825=[6.51e-04] 826=[6.51e-04] 827=[6.51e-04] 828=[6.51e-04] 829=[6.51e-04]
      830=[6.51e-04] 831=[6.51e-04] 832=[6.51e-04] 833=[6.51e-04] 834=[6.51e-04]
      835=[6.51e-04] 836=[6.51e-04] 837=[6.51e-04] 838=[6.51e-04] 839=[6.51e-04]
      840=[6.51e-04] 841=[6.51e-04] 842=[6.51e-04] 843=[6.51e-04] 844=[6.51e-04]
      845=[6.51e-04] 846=[6.51e-04] 847=[6.51e-04] 848=[6.51e-04] 849=[6.51e-04]
      850=[6.51e-04] 851=[6.51e-04] 852=[6.51e-04] 853=[6.51e-04] 854=[6.51e-04]
      855=[6.51e-04] 856=[6.51e-04] 857=[6.51e-04] 858=[6.51e-04] 859=[6.51e-04]
      860=[6.51e-04] 861=[6.51e-04] 862=[6.51e-04] 863=[6.51e-04] 864=[6.51e-04]
      865=[6.51e-04] 866=[6.51e-04] 867=[6.51e-04] 868=[6.51e-04] 869=[6.51e-04]
      870=[6.51e-04] 871=[6.51e-04] 872=[6.51e-04] 873=[6.51e-04] 874=[6.51e-04]
      875=[6.51e-04] 876=[6.51e-04] 877=[6.51e-04] 878=[6.51e-04] 879=[6.51e-04]
      880=[6.51e-04] 881=[6.51e-04] 882=[6.51e-04] 883=[6.51e-04] 884=[6.51e-04]
      885=[6.51e-04] 886=[6.51e-04] 887=[6.51e-04] 888=[6.51e-04] 889=[6.51e-04]
      890=[6.51e-04] 891=[6.51e-04] 892=[6.51e-04] 893=[6.51e-04] 894=[6.51e-04]
      895=[6.51e-04] 896=[6.51e-04] 897=[6.51e-04] 898=[6.51e-04] 899=[6.51e-04]
      900=[6.51e-04] 901=[6.51e-04] 902=[6.51e-04] 903=[6.51e-04] 904=[6.51e-04]
      905=[6.51e-04] 906=[6.51e-04] 907=[6.51e-04] 908=[6.51e-04] 909=[6.51e-04]
      910=[6.51e-04] 911=[6.51e-04] 912=[6.51e-04] 913=[6.51e-04] 914=[6.51e-04]
      915=[6.51e-04] 916=[6.51e-04] 917=[6.51e-04] 918=[6.51e-04] 919=[6.51e-04]
      920=[6.51e-04] 921=[6.51e-04] 922=[6.51e-04] 923=[6.51e-04] 924=[6.51e-04]
      925=[6.51e-04] 926=[6.51e-04] 927=[6.51e-04] 928=[6.51e-04] 929=[6.51e-04]
      930=[6.51e-04] 931=[6.51e-04] 932=[6.51e-04] 933=[6.51e-04] 934=[6.51e-04]
      935=[6.51e-04] 936=[6.51e-04] 937=[6.51e-04] 938=[6.51e-04] 939=[6.51e-04]
      940=[6.51e-04] 941=[6.51e-04] 942=[6.51e-04] 943=[6.51e-04] 944=[6.51e-04]
      945=[6.51e-04] 946=[6.51e-04] 947=[6.51e-04] 948=[6.51e-04] 949=[6.51e-04]
      950=[6.51e-04] 951=[6.51e-04] 952=[6.51e-04] 953=[6.51e-04] 954=[6.51e-04]
      955=[6.51e-04] 956=[6.51e-04] 957=[6.51e-04] 958=[6.51e-04] 959=[6.51e-04]
      960=[6.51e-04] 961=[6.51e-04] 962=[6.51e-04] 963=[6.51e-04] 964=[6.51e-04]
      965=[6.51e-04] 966=[6.51e-04] 967=[6.51e-04] 968=[6.51e-04] 969=[6.51e-04]
      970=[6.51e-04] 971=[6.51e-04] 972=[6.51e-04] 973=[6.51e-04] 974=[6.51e-04]
      975=[6.51e-04] 976=[6.51e-04] 977=[6.51e-04] 978=[6.51e-04] 979=[6.51e-04]
      980=[6.51e-04] 981=[6.51e-04] 982=[6.51e-04] 983=[6.51e-04] 984=[6.51e-04]
      985=[6.51e-04] 986=[6.51e-04] 987=[6.51e-04] 988=[6.51e-04] 989=[6.51e-04]
      990=[6.51e-04] 991=[6.51e-04] 992=[6.51e-04] 993=[6.51e-04] 994=[6.51e-04]
      995=[6.51e-04] 996=[6.51e-04] 997=[6.51e-04] 998=[6.51e-04] 999=[6.51e-04]
     1000=[6.51e-04]1001=[6.51e-04]1002=[6.51e-04]1003=[6.51e-04]1004=[6.51e-04]
     1005=[6.51e-04]1006=[6.51e-04]1007=[6.51e-04]1008=[6.51e-04]1009=[6.51e-04]
     1010=[6.51e-04]1011=[6.51e-04]1012=[6.51e-04]1013=[6.51e-04]1014=[6.51e-04]
     1015=[6.51e-04]1016=[6.51e-04]1017=[6.51e-04]1018=[6.51e-04]1019=[6.51e-04]
     1020=[6.51e-04]1021=[6.51e-04]1022=[6.51e-04]1023=[6.51e-04]1024=[6.51e-04]
     1025=[6.51e-04]1026=[6.51e-04]1027=[6.51e-04]1028=[6.51e-04]1029=[6.51e-04]
     1030=[6.51e-04]1031=[6.51e-04]1032=[6.51e-04]1033=[6.51e-04]1034=[6.51e-04]
     1035=[6.51e-04]1036=[6.51e-04]1037=[6.51e-04]1038=[6.51e-04]1039=[6.51e-04]
     1040=[6.51e-04]1041=[6.51e-04]1042=[6.51e-04]1043=[6.51e-04]1044=[6.51e-04]
     1045=[6.51e-04]1046=[6.51e-04]1047=[6.51e-04]1048=[6.51e-04]1049=[6.51e-04]
     1050=[6.51e-04]1051=[6.51e-04]1052=[6.51e-04]1053=[6.51e-04]1054=[6.51e-04]
     1055=[6.51e-04]1056=[6.51e-04]1057=[6.51e-04]1058=[6.51e-04]1059=[6.51e-04]
     1060=[6.51e-04]1061=[6.51e-04]1062=[6.51e-04]1063=[6.51e-04]1064=[6.51e-04]
     1065=[6.51e-04]1066=[6.51e-04]1067=[6.51e-04]1068=[6.51e-04]1069=[6.51e-04]
     1070=[6.51e-04]1071=[6.51e-04]1072=[6.51e-04]1073=[6.51e-04]1074=[6.51e-04]
     1075=[6.51e-04]1076=[6.51e-04]1077=[6.51e-04]1078=[6.51e-04]1079=[6.51e-04]
     1080=[6.51e-04]1081=[6.51e-04]1082=[6.51e-04]1083=[6.51e-04]1084=[6.51e-04]
     1085=[6.51e-04]1086=[6.51e-04]1087=[6.51e-04]1088=[6.51e-04]1089=[6.51e-04]
     1090=[6.51e-04]1091=[6.51e-04]1092=[6.51e-04]1093=[6.51e-04]1094=[6.51e-04]
     1095=[6.51e-04]1096=[6.51e-04]1097=[6.51e-04]1098=[6.51e-04]1099=[6.51e-04]
     1100=[6.51e-04]1101=[6.51e-04]1102=[6.51e-04]1103=[6.51e-04]1104=[6.51e-04]
     1105=[6.51e-04]1106=[6.51e-04]1107=[6.51e-04]1108=[6.51e-04]1109=[6.51e-04]
     1110=[6.51e-04]1111=[6.51e-04]1112=[6.51e-04]1113=[6.51e-04]1114=[6.51e-04]
     1115=[6.51e-04]1116=[6.51e-04]1117=[6.51e-04]1118=[6.51e-04]1119=[6.51e-04]
     1120=[6.51e-04]1121=[6.51e-04]1122=[6.51e-04]1123=[6.51e-04]1124=[6.51e-04]
     1125=[6.51e-04]1126=[6.51e-04]1127=[6.51e-04]1128=[6.51e-04]1129=[6.51e-04]
     1130=[6.51e-04]1131=[6.51e-04]1132=[6.51e-04]1133=[6.51e-04]1134=[6.51e-04]
     1135=[6.51e-04]1136=[6.51e-04]1137=[6.51e-04]1138=[6.51e-04]1139=[6.51e-04]
     1140=[6.51e-04]1141=[6.51e-04]1142=[6.51e-04]1143=[6.51e-04]1144=[6.51e-04]
     1145=[6.51e-04]1146=[6.51e-04]1147=[6.51e-04]1148=[6.51e-04]1149=[6.51e-04]
     1150=[6.51e-04]1151=[6.51e-04]1152=[6.51e-04]1153=[6.51e-04]1154=[6.51e-04]
     1155=[6.51e-04]1156=[6.51e-04]1157=[6.51e-04]1158=[6.51e-04]1159=[6.51e-04]
     1160=[6.51e-04]1161=[6.51e-04]1162=[6.51e-04]1163=[6.51e-04]1164=[6.51e-04]
     1165=[6.51e-04]1166=[6.51e-04]1167=[6.51e-04]1168=[6.51e-04]1169=[6.51e-04]
     1170=[6.51e-04]1171=[6.51e-04]1172=[6.51e-04]1173=[6.51e-04]1174=[6.51e-04]
     1175=[6.51e-04]1176=[6.51e-04]1177=[6.51e-04]1178=[6.51e-04]1179=[6.51e-04]
     1180=[6.51e-04]1181=[6.51e-04]1182=[6.51e-04]1183=[6.51e-04]1184=[6.51e-04]
     1185=[6.51e-04]1186=[6.51e-04]1187=[6.51e-04]1188=[6.51e-04]1189=[6.51e-04]
     1190=[6.51e-04]1191=[6.51e-04]1192=[6.51e-04]1193=[6.51e-04]1194=[6.51e-04]
     1195=[6.51e-04]1196=[6.51e-04]1197=[6.51e-04]1198=[6.51e-04]1199=[6.51e-04]
     1200=[6.51e-04]1201=[6.51e-04]1202=[6.51e-04]1203=[6.51e-04]1204=[6.51e-04]
     1205=[6.51e-04]1206=[6.51e-04]1207=[6.51e-04]1208=[6.51e-04]1209=[6.51e-04]
     1210=[6.51e-04]1211=[6.51e-04]1212=[6.51e-04]1213=[6.51e-04]1214=[6.51e-04]
     1215=[6.51e-04]1216=[6.51e-04]1217=[6.51e-04]1218=[6.51e-04]1219=[6.51e-04]
     1220=[6.51e-04]1221=[6.51e-04]1222=[6.51e-04]1223=[6.51e-04]1224=[6.51e-04]
     1225=[6.51e-04]1226=[6.51e-04]1227=[6.51e-04]1228=[6.51e-04]1229=[6.51e-04]
     1230=[6.51e-04]1231=[6.51e-04]1232=[6.51e-04]1233=[6.51e-04]1234=[6.51e-04]
     1235=[6.51e-04]1236=[6.51e-04]1237=[6.51e-04]1238=[6.51e-04]1239=[6.51e-04]
     1240=[6.51e-04]1241=[6.51e-04]1242=[6.51e-04]1243=[6.51e-04]1244=[6.51e-04]
     1245=[6.51e-04]1246=[6.51e-04]1247=[6.51e-04]1248=[6.51e-04]1249=[6.51e-04]
     1250=[6.51e-04]1251=[6.51e-04]1252=[6.51e-04]1253=[6.51e-04]1254=[6.51e-04]
     1255=[6.51e-04]1256=[6.51e-04]1257=[6.51e-04]1258=[6.51e-04]1259=[6.51e-04]
     1260=[6.51e-04]1261=[6.51e-04]1262=[6.51e-04]1263=[6.51e-04]1264=[6.51e-04]
     1265=[6.51e-04]1266=[6.51e-04]1267=[6.51e-04]1268=[6.51e-04]1269=[6.51e-04]
     1270=[6.51e-04]1271=[6.51e-04]1272=[6.51e-04]1273=[6.51e-04]1274=[6.51e-04]
     1275=[6.51e-04]1276=[6.51e-04]1277=[6.51e-04]1278=[6.51e-04]1279=[6.51e-04]
     1280=[6.51e-04]1281=[6.51e-04]1282=[6.51e-04]1283=[6.51e-04]1284=[6.51e-04]
     1285=[6.51e-04]1286=[6.51e-04]1287=[6.51e-04]1288=[6.51e-04]1289=[6.51e-04]
     1290=[6.51e-04]1291=[6.51e-04]1292=[6.51e-04]1293=[6.51e-04]1294=[6.51e-04]
     1295=[6.51e-04]1296=[6.51e-04]1297=[6.51e-04]1298=[6.51e-04]1299=[6.51e-04]
     1300=[6.51e-04]1301=[6.51e-04]1302=[6.51e-04]1303=[6.51e-04]1304=[6.51e-04]
     1305=[6.51e-04]1306=[6.51e-04]1307=[6.51e-04]1308=[6.51e-04]1309=[6.51e-04]
     1310=[6.51e-04]1311=[6.51e-04]1312=[6.51e-04]1313=[6.51e-04]1314=[6.51e-04]
     1315=[6.51e-04]1316=[6.51e-04]1317=[6.51e-04]1318=[6.51e-04]1319=[6.51e-04]
     1320=[6.51e-04]1321=[6.51e-04]1322=[6.51e-04]1323=[6.51e-04]1324=[6.51e-04]
     1325=[6.51e-04]1326=[6.51e-04]1327=[6.51e-04]1328=[6.51e-04]1329=[6.51e-04]
     1330=[6.51e-04]1331=[6.51e-04]1332=[6.51e-04]1333=[6.51e-04]1334=[6.51e-04]
     1335=[6.51e-04]1336=[6.51e-04]1337=[6.51e-04]1338=[6.51e-04]1339=[6.51e-04]
     1340=[6.51e-04]1341=[6.51e-04]1342=[6.51e-04]1343=[6.51e-04]1344=[6.51e-04]
     1345=[6.51e-04]1346=[6.51e-04]1347=[6.51e-04]1348=[6.51e-04]1349=[6.51e-04]
     1350=[6.51e-04]1351=[6.51e-04]1352=[6.51e-04]1353=[6.51e-04]1354=[6.51e-04]
     1355=[6.51e-04]1356=[6.51e-04]1357=[6.51e-04]1358=[6.51e-04]1359=[6.51e-04]
     1360=[6.51e-04]1361=[6.51e-04]1362=[6.51e-04]1363=[6.51e-04]1364=[6.51e-04]
     1365=[6.51e-04]1366=[6.51e-04]1367=[6.51e-04]1368=[6.51e-04]1369=[6.51e-04]
     1370=[6.51e-04]1371=[6.51e-04]1372=[6.51e-04]1373=[6.51e-04]1374=[6.51e-04]
     1375=[6.51e-04]1376=[6.51e-04]1377=[6.51e-04]1378=[6.51e-04]1379=[6.51e-04]
     1380=[6.51e-04]1381=[6.51e-04]1382=[6.51e-04]1383=[6.51e-04]1384=[6.51e-04]
     1385=[6.51e-04]1386=[6.51e-04]1387=[6.51e-04]1388=[6.51e-04]1389=[6.51e-04]
     1390=[6.51e-04]1391=[6.51e-04]1392=[6.51e-04]1393=[6.51e-04]1394=[6.51e-04]
     1395=[6.51e-04]1396=[6.51e-04]1397=[6.51e-04]1398=[6.51e-04]1399=[6.51e-04]
     1400=[6.51e-04]1401=[6.51e-04]1402=[6.51e-04]1403=[6.51e-04]1404=[6.51e-04]
     1405=[6.51e-04]1406=[6.51e-04]1407=[6.51e-04]1408=[6.51e-04]1409=[6.51e-04]
     1410=[6.51e-04]1411=[6.51e-04]1412=[6.51e-04]1413=[6.51e-04]1414=[6.51e-04]
     1415=[6.51e-04]1416=[6.51e-04]1417=[6.51e-04]1418=[6.51e-04]1419=[6.51e-04]
     1420=[6.51e-04]1421=[6.51e-04]1422=[6.51e-04]1423=[6.51e-04]1424=[6.51e-04]
     1425=[6.51e-04]1426=[6.51e-04]1427=[6.51e-04]1428=[6.51e-04]1429=[6.51e-04]
     1430=[6.51e-04]1431=[6.51e-04]1432=[6.51e-04]1433=[6.51e-04]1434=[6.51e-04]
     1435=[6.51e-04]1436=[6.51e-04]1437=[6.51e-04]1438=[6.51e-04]1439=[6.51e-04]
     1440=[6.51e-04]1441=[6.51e-04]1442=[6.51e-04]1443=[6.51e-04]1444=[6.51e-04]
     1445=[6.51e-04]1446=[6.51e-04]1447=[6.51e-04]1448=[6.51e-04]1449=[6.51e-04]
     1450=[6.51e-04]1451=[6.51e-04]1452=[6.51e-04]1453=[6.51e-04]1454=[6.51e-04]
     1455=[6.51e-04]1456=[6.51e-04]1457=[6.51e-04]1458=[6.51e-04]1459=[6.51e-04]
     1460=[6.51e-04]1461=[6.51e-04]1462=[6.51e-04]1463=[6.51e-04]1464=[6.51e-04]
     1465=[6.51e-04]1466=[6.51e-04]1467=[6.51e-04]1468=[6.51e-04]1469=[6.51e-04]
     1470=[6.51e-04]1471=[6.51e-04]1472=[6.51e-04]1473=[6.51e-04]1474=[6.51e-04]
     1475=[6.51e-04]1476=[6.51e-04]1477=[6.51e-04]1478=[6.51e-04]1479=[6.51e-04]
     1480=[6.51e-04]1481=[6.51e-04]1482=[6.51e-04]1483=[6.51e-04]1484=[6.51e-04]
     1485=[6.51e-04]1486=[6.51e-04]1487=[6.51e-04]1488=[6.51e-04]1489=[6.51e-04]
     1490=[6.51e-04]1491=[6.51e-04]1492=[6.51e-04]1493=[6.51e-04]1494=[6.51e-04]
     1495=[6.51e-04]1496=[6.51e-04]1497=[6.51e-04]1498=[6.51e-04]1499=[6.51e-04]
     1500=[6.51e-04]1501=[6.51e-04]1502=[6.51e-04]1503=[6.51e-04]1504=[6.51e-04]
     1505=[6.51e-04]1506=[6.51e-04]1507=[6.51e-04]1508=[6.51e-04]1509=[6.51e-04]
     1510=[6.51e-04]1511=[6.51e-04]1512=[6.51e-04]1513=[6.51e-04]1514=[6.51e-04]
     1515=[6.51e-04]1516=[6.51e-04]1517=[6.51e-04]1518=[6.51e-04]1519=[6.51e-04]
     1520=[6.51e-04]1521=[6.51e-04]1522=[6.51e-04]1523=[6.51e-04]1524=[6.51e-04]
     1525=[6.51e-04]1526=[6.51e-04]1527=[6.51e-04]1528=[6.51e-04]1529=[6.51e-04]
     1530=[6.51e-04]1531=[6.51e-04]1532=[6.51e-04]1533=[6.51e-04]1534=[6.51e-04]
     1535=[6.51e-04]
   Allowed maximum load imbalance: 1.030 


 gk_mcore statistics
           coresize:       573496         nmops:         2048  cmop:      0
        num_callocs:            3   num_hallocs:            0
       size_callocs:       264192  size_hallocs:            0
        cur_callocs:            0   cur_hallocs:            0
        max_callocs:       264192   max_hallocs:            0
 nbrpool statistics
        nbrpoolsize:            0   nbrpoolcpos:            0
    nbrpoolreallocs:            0


Timing Information -------------------------------------------------
 Multilevel: 		   1.219
     Coarsening: 		   0.002
            Matching: 			   0.000
            Contract: 			   0.002
     Initial Partition: 	   1.019
     Uncoarsening: 		   0.198
          Refinement: 			   0.083
          Projection: 			   0.003
     Splitting: 		   0.000
********************************************************************

 gk_mcore statistics
           coresize:       573496         nmops:         2048  cmop:      0
        num_callocs:           41   num_hallocs:            0
       size_callocs:      2689024  size_hallocs:            0
        cur_callocs:            0   cur_hallocs:            0
        max_callocs:       536576   max_hallocs:            0
 nbrpool statistics
        nbrpoolsize:      1537732   nbrpoolcpos:       800850
    nbrpoolreallocs:            0

Finished Metis graph partitioning call.
Number of nodal partitions: 1536
Set the node partitions by the dominating element partition.
There are from 15 to 57 nodes in the 1536 partitions.
Successfully made a Metis partition using the dual graph.
Optimizing the partitioning at boundaries.
Ownership of 0 parents was changed at BCs
Optimizing for 1536 partitions
Creating a table showing all parenting partitions of nodes.
Nodes belong to 8 partitions in maximum
There are 32350 shared nodes which is 90.56 % of all nodes.
The initial owner was not any of the elements for 0 nodes
Checking partitioning before optimization
Checking for partitioning
Information on partition bandwidth
Average 20 elements with range 1 in partition
Average 23 nodes with range 23 in partition
Average 44 shared nodes with range 60 in partition
Average number of elements in partition 2.326e+01
Maximum deviation in ownership 23
Average deviation in ownership 3.684e+00
Average relative deviation 15.84 %
Checking for problematic sharings
Optimizing sharing for 1536 partitions
Partitions 1049 and 1042 in element 144 (5 owners) oddly related 2 times
Partitions 587 and 636 in element 829 (5 owners) oddly related 2 times
Partitions 805 and 1012 in element 2829 (6 owners) oddly related 3 times
Partitions 807 and 1012 in element 2830 (5 owners) oddly related 2 times
Partitions 232 and 231 in element 2894 (6 owners) oddly related 2 times
Partitions 856 and 802 in element 2950 (7 owners) oddly related 2 times
Partitions 379 and 378 in element 2968 (6 owners) oddly related 2 times
Partitions 357 and 379 in element 3004 (7 owners) oddly related 3 times
Partitions 213 and 210 in element 3214 (7 owners) oddly related 2 times
Partitions 672 and 663 in element 3285 (5 owners) oddly related 2 times
Partitions 754 and 726 in element 3525 (6 owners) oddly related 2 times
Partitions 1052 and 1024 in element 3710 (6 owners) oddly related 2 times
Partitions 1040 and 1016 in element 3862 (6 owners) oddly related 2 times
Partitions 1050 and 1016 in element 3863 (7 owners) oddly related 2 times
Partitions 309 and 375 in element 4047 (6 owners) oddly related 2 times
Partitions 211 and 208 in element 4298 (7 owners) oddly related 2 times
Partitions 795 and 789 in element 4305 (5 owners) oddly related 2 times
Partitions 1050 and 1016 in element 4983 (5 owners) oddly related 2 times
Partitions 234 and 242 in element 5212 (6 owners) oddly related 2 times
Partitions 1035 and 801 in element 6426 (6 owners) oddly related 2 times
Partitions 802 and 803 in element 6548 (6 owners) oddly related 2 times
Partitions 608 and 599 in element 6957 (5 owners) oddly related 3 times
Partitions 605 and 689 in element 6997 (6 owners) oddly related 2 times
Partitions 682 and 692 in element 7136 (6 owners) oddly related 3 times
Partitions 682 and 692 in element 7137 (6 owners) oddly related 3 times
Partitions 684 and 702 in element 7197 (5 owners) oddly related 2 times
Partitions 1013 and 1026 in element 7385 (6 owners) oddly related 3 times
Partitions 322 and 249 in element 7410 (6 owners) oddly related 2 times
Partitions 257 and 243 in element 7450 (4 owners) oddly related 3 times
Partitions 246 and 243 in element 7491 (4 owners) oddly related 2 times
Partitions 800 and 1032 in element 7627 (6 owners) oddly related 3 times
Partitions 812 and 204 in element 7861 (5 owners) oddly related 2 times
Partitions 580 and 612 in element 8096 (5 owners) oddly related 2 times
Partitions 593 and 612 in element 8175 (5 owners) oddly related 3 times
Partitions 276 and 272 in element 8537 (5 owners) oddly related 2 times
Partitions 289 and 148 in element 8651 (5 owners) oddly related 2 times
Partitions 580 and 612 in element 9296 (7 owners) oddly related 2 times
Partitions 247 and 134 in element 9690 (5 owners) oddly related 2 times
Partitions 298 and 116 in element 9801 (4 owners) oddly related 2 times
Partitions 267 and 225 in element 10058 (7 owners) oddly related 2 times
Partitions 200 and 202 in element 10375 (5 owners) oddly related 2 times
Partitions 775 and 618 in element 10380 (5 owners) oddly related 2 times
Partitions 798 and 905 in element 11263 (5 owners) oddly related 3 times
Partitions 794 and 905 in element 11264 (6 owners) oddly related 2 times
Partitions 340 and 39 in element 11445 (6 owners) oddly related 2 times
Partitions 612 and 465 in element 11735 (6 owners) oddly related 2 times
Partitions 975 and 1065 in element 12036 (5 owners) oddly related 2 times
Partitions 1110 and 186 in element 12219 (6 owners) oddly related 2 times
Partitions 223 and 70 in element 12455 (5 owners) oddly related 2 times
Partitions 931 and 927 in element 12637 (5 owners) oddly related 2 times
Partitions 873 and 883 in element 12668 (5 owners) oddly related 2 times
Partitions 840 and 920 in element 12674 (6 owners) oddly related 2 times
Partitions 712 and 560 in element 13033 (5 owners) oddly related 2 times
Partitions 1096 and 1099 in element 13473 (5 owners) oddly related 2 times
Partitions 292 and 55 in element 13611 (6 owners) oddly related 2 times
Partitions 228 and 59 in element 13777 (6 owners) oddly related 3 times
Partitions 934 and 919 in element 13834 (6 owners) oddly related 2 times
Partitions 931 and 927 in element 13837 (5 owners) oddly related 2 times
Partitions 340 and 5 in element 13886 (5 owners) oddly related 2 times
Partitions 685 and 514 in element 14235 (6 owners) oddly related 2 times
Partitions 514 and 524 in element 14271 (6 owners) oddly related 2 times
Partitions 915 and 1120 in element 14711 (5 owners) oddly related 2 times
Partitions 292 and 44 in element 14808 (5 owners) oddly related 2 times
Partitions 371 and 44 in element 14928 (6 owners) oddly related 2 times
Partitions 904 and 80 in element 15021 (6 owners) oddly related 2 times
Partitions 513 and 515 in element 15451 (6 owners) oddly related 2 times
Partitions 1068 and 1073 in element 15800 (5 owners) oddly related 2 times
Partitions 920 and 917 in element 16154 (5 owners) oddly related 2 times
Partitions 140 and 138 in element 16886 (5 owners) oddly related 2 times
Partitions 113 and 97 in element 17124 (5 owners) oddly related 3 times
Partitions 65 and 92 in element 17299 (5 owners) oddly related 2 times
Partitions 934 and 935 in element 17315 (6 owners) oddly related 2 times
Partitions 956 and 947 in element 17473 (6 owners) oddly related 2 times
Partitions 921 and 942 in element 17477 (6 owners) oddly related 2 times
Partitions 73 and 85 in element 17529 (6 owners) oddly related 2 times
Partitions 406 and 419 in element 17646 (6 owners) oddly related 2 times
Partitions 29 and 13 in element 18529 (5 owners) oddly related 2 times
Partitions 930 and 938 in element 18640 (5 owners) oddly related 2 times
Partitions 886 and 946 in element 18672 (6 owners) oddly related 2 times
Partitions 930 and 940 in element 18718 (6 owners) oddly related 2 times
Partitions 145 and 154 in element 19452 (6 owners) oddly related 3 times
Partitions 153 and 107 in element 19492 (6 owners) oddly related 2 times
Partitions 46 and 26 in element 19727 (5 owners) oddly related 2 times
Partitions 31 and 23 in element 19761 (5 owners) oddly related 2 times
Partitions 22 and 16 in element 19925 (6 owners) oddly related 3 times
Partitions 576 and 572 in element 20243 (5 owners) oddly related 2 times
Partitions 1140 and 179 in element 20499 (5 owners) oddly related 2 times
Partitions 868 and 1123 in element 20705 (5 owners) oddly related 2 times
Partitions 14 and 86 in element 21050 (6 owners) oddly related 2 times
Partitions 576 and 572 in element 21443 (5 owners) oddly related 2 times
Partitions 1089 and 957 in element 22113 (7 owners) oddly related 2 times
Partitions 61 and 91 in element 22219 (6 owners) oddly related 2 times
Partitions 433 and 91 in element 23619 (6 owners) oddly related 2 times
Partitions 414 and 410 in element 23703 (5 owners) oddly related 2 times
Partitions 1336 and 1342 in element 24045 (6 owners) oddly related 2 times
Partitions 1284 and 1290 in element 24267 (5 owners) oddly related 2 times
Partitions 1445 and 1451 in element 24494 (6 owners) oddly related 2 times
Partitions 1407 and 1420 in element 25414 (5 owners) oddly related 2 times
Partitions 1271 and 1292 in element 25526 (5 owners) oddly related 2 times
Partitions 1475 and 1466 in element 26056 (5 owners) oddly related 2 times
Partitions 1313 and 1301 in element 26086 (5 owners) oddly related 3 times
Partitions 1319 and 1300 in element 26106 (5 owners) oddly related 2 times
Partitions 1326 and 1298 in element 26126 (6 owners) oddly related 3 times
Partitions 1326 and 1298 in element 26127 (6 owners) oddly related 2 times
Partitions 1416 and 1480 in element 26238 (5 owners) oddly related 2 times
Partitions 1289 and 1251 in element 26306 (5 owners) oddly related 2 times
Partitions 1249 and 1256 in element 26326 (7 owners) oddly related 2 times
Partitions 1446 and 1483 in element 26534 (5 owners) oddly related 2 times
Partitions 1487 and 1478 in element 26554 (5 owners) oddly related 2 times
Partitions 1487 and 1478 in element 26555 (5 owners) oddly related 2 times
Partitions 1279 and 1262 in element 26649 (5 owners) oddly related 2 times
Partitions 1301 and 1246 in element 27705 (5 owners) oddly related 2 times
Partitions 1479 and 1499 in element 27779 (6 owners) oddly related 2 times
Partitions 1437 and 1427 in element 27872 (5 owners) oddly related 2 times
Partitions 1424 and 1429 in element 27915 (5 owners) oddly related 2 times
Partitions 1424 and 1366 in element 28252 (6 owners) oddly related 2 times
Partitions 1257 and 1165 in element 28743 (5 owners) oddly related 2 times
Partitions 1226 and 1244 in element 29269 (5 owners) oddly related 2 times
Partitions 1169 and 1156 in element 29561 (5 owners) oddly related 2 times
Partitions 1216 and 1205 in element 29685 (5 owners) oddly related 2 times
Partitions 1535 and 1508 in element 29775 (6 owners) oddly related 2 times
Partitions 1170 and 1177 in element 29985 (5 owners) oddly related 2 times
Partitions 1241 and 1513 in element 30092 (6 owners) oddly related 2 times
Partitions 1360 and 1345 in element 30714 (5 owners) oddly related 2 times
Partitions 1510 and 1516 in element 31374 (5 owners) oddly related 2 times
Changed the ownership of 1177 nodes
Partitions 1054 and 1001 in element 148 (4 owners) oddly related 1 times
Partitions 1052 and 1036 in element 149 (4 owners) oddly related 1 times
Partitions 587 and 636 in element 829 (5 owners) oddly related 2 times
Partitions 808 and 806 in element 1668 (5 owners) oddly related 1 times
Partitions 634 and 633 in element 2008 (5 owners) oddly related 1 times
Partitions 194 and 587 in element 2013 (5 owners) oddly related 1 times
Partitions 679 and 674 in element 2318 (4 owners) oddly related 1 times
Partitions 750 and 754 in element 2324 (5 owners) oddly related 1 times
Partitions 283 and 1043 in element 2662 (5 owners) oddly related 1 times
Partitions 806 and 1039 in element 2745 (4 owners) oddly related 1 times
Partitions 988 and 986 in element 2754 (4 owners) oddly related 1 times
Partitions 1040 and 1035 in element 2786 (5 owners) oddly related 1 times
Partitions 805 and 1035 in element 2828 (4 owners) oddly related 1 times
Partitions 805 and 857 in element 2829 (6 owners) oddly related 2 times
Partitions 1033 and 809 in element 2830 (4 owners) oddly related 1 times
Partitions 373 and 377 in element 2849 (5 owners) oddly related 1 times
Partitions 238 and 234 in element 2855 (4 owners) oddly related 1 times
Partitions 232 and 231 in element 2894 (6 owners) oddly related 2 times
Partitions 373 and 384 in element 2968 (5 owners) oddly related 1 times
Partitions 833 and 854 in element 3074 (5 owners) oddly related 1 times
Partitions 587 and 194 in element 3213 (5 owners) oddly related 1 times
Partitions 209 and 619 in element 3214 (6 owners) oddly related 1 times
Partitions 606 and 599 in element 3355 (5 owners) oddly related 1 times
Partitions 743 and 663 in element 3366 (6 owners) oddly related 1 times
Partitions 675 and 715 in element 3497 (5 owners) oddly related 1 times
Partitions 745 and 741 in element 3505 (5 owners) oddly related 1 times
Partitions 754 and 750 in element 3525 (5 owners) oddly related 1 times
Partitions 998 and 1003 in element 3637 (5 owners) oddly related 1 times
Partitions 1045 and 1042 in element 3822 (6 owners) oddly related 1 times
Partitions 232 and 265 in element 3937 (4 owners) oddly related 1 times
Partitions 286 and 240 in element 3978 (4 owners) oddly related 1 times
Partitions 989 and 857 in element 3993 (4 owners) oddly related 1 times
Partitions 376 and 242 in element 4050 (5 owners) oddly related 1 times
Partitions 238 and 233 in element 4055 (4 owners) oddly related 1 times
Partitions 378 and 242 in element 4090 (4 owners) oddly related 1 times
Partitions 232 and 231 in element 4094 (4 owners) oddly related 1 times
Partitions 860 and 852 in element 4116 (4 owners) oddly related 1 times
Partitions 860 and 852 in element 4156 (3 owners) oddly related 1 times
Partitions 353 and 360 in element 4163 (5 owners) oddly related 1 times
Partitions 357 and 379 in element 4204 (5 owners) oddly related 1 times
Partitions 383 and 380 in element 4208 (5 owners) oddly related 1 times
Partitions 214 and 199 in element 4298 (5 owners) oddly related 1 times
Partitions 588 and 587 in element 4473 (5 owners) oddly related 1 times
Partitions 642 and 650 in element 4482 (5 owners) oddly related 1 times
Partitions 605 and 587 in element 4534 (4 owners) oddly related 1 times
Partitions 661 and 668 in element 4547 (4 owners) oddly related 1 times
Partitions 742 and 600 in element 4589 (6 owners) oddly related 2 times
Partitions 672 and 598 in element 4590 (7 owners) oddly related 2 times
Partitions 597 and 599 in element 4595 (4 owners) oddly related 1 times
Partitions 678 and 673 in element 4676 (4 owners) oddly related 1 times
Partitions 680 and 717 in element 4697 (5 owners) oddly related 1 times
Partitions 1004 and 963 in element 4838 (4 owners) oddly related 1 times
Partitions 286 and 240 in element 5178 (6 owners) oddly related 1 times
Partitions 234 and 241 in element 5212 (5 owners) oddly related 1 times
Partitions 239 and 238 in element 5218 (5 owners) oddly related 1 times
Partitions 375 and 218 in element 5251 (5 owners) oddly related 1 times
Partitions 853 and 849 in element 5357 (4 owners) oddly related 1 times
Partitions 215 and 774 in element 5499 (5 owners) oddly related 1 times
Partitions 588 and 587 in element 5673 (5 owners) oddly related 1 times
Partitions 583 and 590 in element 5693 (4 owners) oddly related 1 times
Partitions 585 and 589 in element 5694 (4 owners) oddly related 1 times
Partitions 641 and 667 in element 5703 (5 owners) oddly related 1 times
Partitions 665 and 593 in element 5791 (4 owners) oddly related 1 times
Partitions 605 and 711 in element 5815 (5 owners) oddly related 1 times
Partitions 704 and 711 in element 5895 (5 owners) oddly related 1 times
Partitions 726 and 731 in element 5947 (4 owners) oddly related 1 times
Partitions 323 and 334 in element 6007 (4 owners) oddly related 1 times
Partitions 322 and 241 in element 6210 (5 owners) oddly related 1 times
Partitions 246 and 289 in element 6291 (4 owners) oddly related 1 times
Partitions 265 and 1019 in element 6340 (5 owners) oddly related 1 times
Partitions 810 and 1018 in element 6427 (5 owners) oddly related 1 times
Partitions 302 and 345 in element 6442 (5 owners) oddly related 1 times
Partitions 809 and 801 in element 6468 (5 owners) oddly related 1 times
Partitions 853 and 844 in element 6474 (3 owners) oddly related 1 times
Partitions 843 and 852 in element 6515 (5 owners) oddly related 1 times
Partitions 354 and 342 in element 6684 (5 owners) oddly related 1 times
Partitions 208 and 197 in element 6734 (5 owners) oddly related 1 times
Partitions 636 and 660 in element 6847 (5 owners) oddly related 1 times
Partitions 661 and 656 in element 6928 (6 owners) oddly related 1 times
Partitions 605 and 689 in element 6976 (3 owners) oddly related 1 times
Partitions 709 and 659 in element 6989 (6 owners) oddly related 2 times
Partitions 678 and 594 in element 6995 (4 owners) oddly related 1 times
Partitions 678 and 594 in element 6996 (6 owners) oddly related 1 times
Partitions 605 and 677 in element 6997 (5 owners) oddly related 1 times
Partitions 717 and 712 in element 7074 (4 owners) oddly related 1 times
Partitions 682 and 692 in element 7136 (6 owners) oddly related 3 times
Partitions 682 and 692 in element 7137 (6 owners) oddly related 3 times
Partitions 682 and 702 in element 7197 (4 owners) oddly related 1 times
Partitions 976 and 978 in element 7313 (3 owners) oddly related 1 times
Partitions 276 and 244 in element 7336 (5 owners) oddly related 1 times
Partitions 1026 and 1010 in element 7345 (5 owners) oddly related 1 times
Partitions 322 and 241 in element 7370 (4 owners) oddly related 1 times
Partitions 273 and 248 in element 7375 (5 owners) oddly related 1 times
Partitions 322 and 249 in element 7410 (5 owners) oddly related 1 times
Partitions 247 and 257 in element 7450 (4 owners) oddly related 1 times
Partitions 289 and 246 in element 7491 (3 owners) oddly related 1 times
Partitions 239 and 796 in element 7581 (6 owners) oddly related 1 times
Partitions 1031 and 1012 in element 7586 (5 owners) oddly related 1 times
Partitions 800 and 1032 in element 7627 (6 owners) oddly related 3 times
Partitions 847 and 846 in element 7674 (5 owners) oddly related 1 times
Partitions 299 and 343 in element 7682 (6 owners) oddly related 1 times
Partitions 203 and 194 in element 7895 (5 owners) oddly related 1 times
Partitions 353 and 340 in element 7925 (5 owners) oddly related 1 times
Partitions 367 and 582 in element 7971 (5 owners) oddly related 1 times
Partitions 620 and 579 in element 8075 (6 owners) oddly related 1 times
Partitions 580 and 614 in element 8096 (4 owners) oddly related 1 times
Partitions 626 and 659 in element 8108 (5 owners) oddly related 1 times
Partitions 612 and 592 in element 8155 (4 owners) oddly related 1 times
Partitions 594 and 689 in element 8174 (4 owners) oddly related 1 times
Partitions 712 and 612 in element 8176 (5 owners) oddly related 1 times
Partitions 659 and 709 in element 8189 (4 owners) oddly related 1 times
Partitions 658 and 735 in element 8208 (4 owners) oddly related 1 times
Partitions 600 and 737 in element 8209 (5 owners) oddly related 1 times
Partitions 658 and 714 in element 8210 (5 owners) oddly related 1 times
Partitions 712 and 686 in element 8218 (5 owners) oddly related 1 times
Partitions 711 and 710 in element 8272 (5 owners) oddly related 1 times
Partitions 736 and 709 in element 8291 (5 owners) oddly related 1 times
Partitions 673 and 696 in element 8338 (4 owners) oddly related 1 times
Partitions 673 and 702 in element 8356 (4 owners) oddly related 1 times
Partitions 271 and 248 in element 8454 (4 owners) oddly related 1 times
Partitions 250 and 257 in element 8493 (6 owners) oddly related 1 times
Partitions 248 and 331 in element 8531 (5 owners) oddly related 1 times
Partitions 266 and 183 in element 8535 (4 owners) oddly related 1 times
Partitions 276 and 183 in element 8537 (4 owners) oddly related 1 times
Partitions 1051 and 1095 in element 8553 (5 owners) oddly related 1 times
Partitions 1015 and 275 in element 8582 (3 owners) oddly related 1 times
Partitions 1047 and 1016 in element 8584 (5 owners) oddly related 1 times
Partitions 976 and 1061 in element 8597 (5 owners) oddly related 1 times
Partitions 247 and 243 in element 8611 (5 owners) oddly related 1 times
Partitions 976 and 968 in element 8634 (5 owners) oddly related 1 times
Partitions 289 and 148 in element 8651 (5 owners) oddly related 2 times
Partitions 983 and 982 in element 8675 (4 owners) oddly related 1 times
Partitions 227 and 228 in element 8857 (5 owners) oddly related 1 times
Partitions 843 and 845 in element 8913 (5 owners) oddly related 1 times
Partitions 795 and 779 in element 8945 (4 owners) oddly related 1 times
Partitions 368 and 628 in element 9210 (4 owners) oddly related 1 times
Partitions 368 and 628 in element 9211 (4 owners) oddly related 1 times
Partitions 580 and 590 in element 9294 (5 owners) oddly related 1 times
Partitions 612 and 593 in element 9355 (5 owners) oddly related 1 times
Partitions 594 and 689 in element 9374 (5 owners) oddly related 1 times
Partitions 709 and 659 in element 9389 (5 owners) oddly related 1 times
Partitions 247 and 134 in element 9730 (5 owners) oddly related 1 times
Partitions 965 and 968 in element 9838 (4 owners) oddly related 1 times
Partitions 219 and 148 in element 9971 (6 owners) oddly related 1 times
Partitions 269 and 797 in element 10020 (6 owners) oddly related 1 times
Partitions 219 and 292 in element 10050 (5 owners) oddly related 1 times
Partitions 223 and 797 in element 10058 (6 owners) oddly related 1 times
Partitions 798 and 225 in element 10061 (5 owners) oddly related 1 times
Partitions 794 and 776 in element 10184 (5 owners) oddly related 1 times
Partitions 367 and 1 in element 10291 (4 owners) oddly related 1 times
Partitions 836 and 927 in element 10316 (5 owners) oddly related 1 times
Partitions 817 and 927 in element 10357 (6 owners) oddly related 1 times
Partitions 775 and 618 in element 10380 (5 owners) oddly related 2 times
Partitions 645 and 429 in element 10485 (6 owners) oddly related 1 times
Partitions 275 and 182 in element 10978 (5 owners) oddly related 1 times
Partitions 1027 and 1118 in element 11071 (5 owners) oddly related 1 times
Partitions 294 and 150 in element 11132 (5 owners) oddly related 1 times
Partitions 269 and 165 in element 11139 (3 owners) oddly related 1 times
Partitions 269 and 1106 in element 11140 (4 owners) oddly related 1 times
Partitions 365 and 39 in element 11285 (6 owners) oddly related 1 times
Partitions 293 and 363 in element 11289 (4 owners) oddly related 1 times
Partitions 340 and 39 in element 11445 (6 owners) oddly related 2 times
Partitions 822 and 838 in element 11516 (4 owners) oddly related 1 times
Partitions 361 and 581 in element 11532 (5 owners) oddly related 1 times
Partitions 777 and 202 in element 11619 (4 owners) oddly related 1 times
Partitions 629 and 407 in element 11705 (7 owners) oddly related 1 times
Partitions 629 and 407 in element 11706 (5 owners) oddly related 1 times
Partitions 401 and 655 in element 11725 (5 owners) oddly related 2 times
Partitions 768 and 555 in element 11824 (4 owners) oddly related 1 times
Partitions 766 and 767 in element 11843 (5 owners) oddly related 1 times
Partitions 183 and 1110 in element 12179 (5 owners) oddly related 1 times
Partitions 1110 and 186 in element 12219 (6 owners) oddly related 2 times
Partitions 980 and 1097 in element 12232 (5 owners) oddly related 1 times
Partitions 1103 and 1097 in element 12234 (4 owners) oddly related 1 times
Partitions 1017 and 1117 in element 12265 (4 owners) oddly related 1 times
Partitions 268 and 906 in element 12381 (5 owners) oddly related 1 times
Partitions 294 and 56 in element 12410 (4 owners) oddly related 1 times
Partitions 934 and 1058 in element 12476 (5 owners) oddly related 1 times
Partitions 348 and 40 in element 12484 (5 owners) oddly related 1 times
Partitions 38 and 4 in element 12525 (4 owners) oddly related 1 times
Partitions 875 and 799 in element 12586 (4 owners) oddly related 1 times
Partitions 821 and 921 in element 12598 (4 owners) oddly related 1 times
Partitions 648 and 8 in element 12604 (5 owners) oddly related 1 times
Partitions 914 and 835 in element 12634 (5 owners) oddly related 1 times
Partitions 931 and 927 in element 12637 (5 owners) oddly related 2 times
Partitions 845 and 922 in element 12674 (6 owners) oddly related 1 times
Partitions 838 and 835 in element 12714 (5 owners) oddly related 1 times
Partitions 630 and 399 in element 12767 (5 owners) oddly related 1 times
Partitions 594 and 467 in element 12952 (5 owners) oddly related 1 times
Partitions 592 and 466 in element 12994 (4 owners) oddly related 1 times
Partitions 532 and 556 in element 13023 (4 owners) oddly related 1 times
Partitions 493 and 466 in element 13036 (5 owners) oddly related 1 times
Partitions 183 and 180 in element 13336 (5 owners) oddly related 1 times
Partitions 1103 and 1064 in element 13433 (4 owners) oddly related 1 times
Partitions 1044 and 168 in element 13458 (5 owners) oddly related 1 times
Partitions 1105 and 1118 in element 13466 (5 owners) oddly related 1 times
Partitions 1096 and 1099 in element 13473 (5 owners) oddly related 2 times
Partitions 1104 and 1119 in element 13552 (5 owners) oddly related 1 times
Partitions 292 and 55 in element 13611 (6 owners) oddly related 2 times
Partitions 1062 and 842 in element 13637 (5 owners) oddly related 1 times
Partitions 793 and 902 in element 13665 (5 owners) oddly related 1 times
Partitions 822 and 930 in element 13798 (5 owners) oddly related 1 times
Partitions 803 and 888 in element 13826 (5 owners) oddly related 1 times
Partitions 931 and 927 in element 13837 (5 owners) oddly related 2 times
Partitions 845 and 922 in element 13874 (5 owners) oddly related 2 times
Partitions 837 and 929 in element 13875 (6 owners) oddly related 1 times
Partitions 340 and 6 in element 13886 (4 owners) oddly related 1 times
Partitions 9 and 370 in element 13926 (5 owners) oddly related 1 times
Partitions 592 and 405 in element 14152 (5 owners) oddly related 1 times
Partitions 592 and 395 in element 14153 (6 owners) oddly related 1 times
Partitions 560 and 463 in element 14171 (5 owners) oddly related 1 times
Partitions 404 and 468 in element 14172 (3 owners) oddly related 1 times
Partitions 462 and 467 in element 14195 (4 owners) oddly related 1 times
Partitions 685 and 514 in element 14235 (6 owners) oddly related 2 times
Partitions 732 and 559 in element 14271 (5 owners) oddly related 1 times
Partitions 687 and 494 in element 14278 (5 owners) oddly related 1 times
Partitions 512 and 511 in element 14291 (5 owners) oddly related 1 times
Partitions 503 and 497 in element 14299 (5 owners) oddly related 1 times
Partitions 273 and 168 in element 14575 (5 owners) oddly related 1 times
Partitions 1105 and 1146 in element 14622 (3 owners) oddly related 1 times
Partitions 915 and 1120 in element 14711 (5 owners) oddly related 2 times
Partitions 906 and 1109 in element 14782 (4 owners) oddly related 1 times
Partitions 1104 and 936 in element 14795 (5 owners) oddly related 1 times
Partitions 47 and 46 in element 14928 (5 owners) oddly related 1 times
Partitions 909 and 92 in element 15021 (5 owners) oddly related 1 times
Partitions 923 and 874 in element 15070 (5 owners) oddly related 1 times
Partitions 404 and 395 in element 15352 (5 owners) oddly related 1 times
Partitions 463 and 516 in element 15371 (4 owners) oddly related 1 times
Partitions 513 and 515 in element 15450 (4 owners) oddly related 1 times
Partitions 560 and 511 in element 15451 (5 owners) oddly related 1 times
Partitions 524 and 514 in element 15471 (5 owners) oddly related 1 times
Partitions 514 and 524 in element 15472 (5 owners) oddly related 1 times
Partitions 504 and 495 in element 15478 (5 owners) oddly related 1 times
Partitions 1147 and 1149 in element 15750 (3 owners) oddly related 1 times
Partitions 1068 and 1080 in element 15800 (4 owners) oddly related 1 times
Partitions 1106 and 1108 in element 15943 (5 owners) oddly related 1 times
Partitions 1058 and 951 in element 16035 (5 owners) oddly related 1 times
Partitions 71 and 871 in element 16103 (6 owners) oddly related 1 times
Partitions 920 and 917 in element 16154 (5 owners) oddly related 2 times
Partitions 935 and 956 in element 16155 (6 owners) oddly related 2 times
Partitions 78 and 69 in element 16216 (4 owners) oddly related 1 times
Partitions 884 and 876 in element 16229 (4 owners) oddly related 1 times
Partitions 908 and 911 in element 16264 (4 owners) oddly related 1 times
Partitions 888 and 903 in element 16265 (5 owners) oddly related 1 times
Partitions 554 and 530 in element 16727 (5 owners) oddly related 1 times
Partitions 522 and 547 in element 16748 (6 owners) oddly related 1 times
Partitions 143 and 109 in element 16964 (4 owners) oddly related 1 times
Partitions 1100 and 1107 in element 16989 (4 owners) oddly related 1 times
Partitions 37 and 113 in element 17124 (5 owners) oddly related 1 times
Partitions 147 and 159 in element 17136 (5 owners) oddly related 1 times
Partitions 1106 and 158 in element 17140 (5 owners) oddly related 1 times
Partitions 166 and 69 in element 17258 (5 owners) oddly related 1 times
Partitions 906 and 889 in element 17263 (4 owners) oddly related 1 times
Partitions 65 and 92 in element 17299 (5 owners) oddly related 2 times
Partitions 934 and 935 in element 17315 (6 owners) oddly related 2 times
Partitions 913 and 946 in element 17354 (4 owners) oddly related 1 times
Partitions 59 and 64 in element 17417 (5 owners) oddly related 1 times
Partitions 919 and 946 in element 17433 (5 owners) oddly related 1 times
Partitions 919 and 948 in element 17471 (5 owners) oddly related 1 times
Partitions 956 and 947 in element 17474 (5 owners) oddly related 1 times
Partitions 907 and 897 in element 17505 (5 owners) oddly related 1 times
Partitions 398 and 415 in element 17646 (5 owners) oddly related 1 times
Partitions 1147 and 1133 in element 18109 (5 owners) oddly related 1 times
Partitions 1150 and 1134 in element 18149 (6 owners) oddly related 1 times
Partitions 128 and 99 in element 18205 (5 owners) oddly related 1 times
Partitions 157 and 151 in element 18297 (5 owners) oddly related 1 times
Partitions 157 and 889 in element 18299 (5 owners) oddly related 1 times
Partitions 1113 and 1124 in element 18345 (5 owners) oddly related 1 times
Partitions 15 and 14 in element 18608 (4 owners) oddly related 1 times
Partitions 886 and 946 in element 18672 (6 owners) oddly related 2 times
Partitions 920 and 948 in element 18673 (5 owners) oddly related 1 times
Partitions 953 and 941 in element 18718 (5 owners) oddly related 1 times
Partitions 474 and 475 in element 18996 (4 owners) oddly related 1 times
Partitions 474 and 475 in element 19016 (5 owners) oddly related 1 times
Partitions 175 and 178 in element 19298 (5 owners) oddly related 1 times
Partitions 188 and 173 in element 19332 (6 owners) oddly related 1 times
Partitions 1132 and 1134 in element 19348 (4 owners) oddly related 1 times
Partitions 1107 and 1086 in element 19350 (6 owners) oddly related 1 times
Partitions 153 and 171 in element 19373 (6 owners) oddly related 1 times
Partitions 145 and 156 in element 19452 (5 owners) oddly related 1 times
Partitions 145 and 154 in element 19492 (5 owners) oddly related 1 times
Partitions 1113 and 893 in element 19544 (4 owners) oddly related 1 times
Partitions 1123 and 1111 in element 19546 (6 owners) oddly related 1 times
Partitions 1124 and 1115 in element 19585 (6 owners) oddly related 1 times
Partitions 1127 and 1128 in element 19586 (4 owners) oddly related 1 times
Partitions 575 and 409 in element 20142 (5 owners) oddly related 1 times
Partitions 479 and 491 in element 20217 (5 owners) oddly related 1 times
Partitions 180 and 1140 in element 20499 (5 owners) oddly related 1 times
Partitions 1107 and 1127 in element 20588 (5 owners) oddly related 1 times
Partitions 868 and 1123 in element 20705 (5 owners) oddly related 2 times
Partitions 158 and 63 in element 20778 (5 owners) oddly related 1 times
Partitions 64 and 898 in element 21060 (5 owners) oddly related 1 times
Partitions 411 and 414 in element 21323 (5 owners) oddly related 1 times
Partitions 1134 and 1123 in element 21827 (5 owners) oddly related 1 times
Partitions 65 and 1116 in element 21979 (4 owners) oddly related 1 times
Partitions 162 and 62 in element 22018 (5 owners) oddly related 1 times
Partitions 901 and 1315 in element 22021 (5 owners) oddly related 1 times
Partitions 959 and 1406 in element 22113 (6 owners) oddly related 1 times
Partitions 1123 and 1312 in element 23066 (5 owners) oddly related 1 times
Partitions 889 and 1276 in element 23261 (5 owners) oddly related 1 times
Partitions 433 and 96 in element 23619 (5 owners) oddly related 1 times
Partitions 417 and 411 in element 23703 (4 owners) oddly related 1 times
Partitions 1338 and 1448 in element 24049 (5 owners) oddly related 1 times
Partitions 1087 and 1444 in element 24113 (4 owners) oddly related 1 times
Partitions 1127 and 1316 in element 24146 (5 owners) oddly related 1 times
Partitions 892 and 1294 in element 24266 (4 owners) oddly related 1 times
Partitions 865 and 1294 in element 24267 (4 owners) oddly related 1 times
Partitions 1449 and 1452 in element 24470 (5 owners) oddly related 1 times
Partitions 1445 and 1451 in element 24494 (6 owners) oddly related 2 times
Partitions 1399 and 1279 in element 24713 (6 owners) oddly related 1 times
Partitions 1408 and 1402 in element 25092 (5 owners) oddly related 1 times
Partitions 1453 and 1477 in element 25338 (4 owners) oddly related 1 times
Partitions 1456 and 1457 in element 25358 (3 owners) oddly related 1 times
Partitions 1415 and 1401 in element 25456 (4 owners) oddly related 1 times
Partitions 1279 and 1403 in element 25490 (4 owners) oddly related 1 times
Partitions 1311 and 1326 in element 25687 (5 owners) oddly related 1 times
Partitions 1316 and 1303 in element 25744 (4 owners) oddly related 1 times
Partitions 1456 and 1480 in element 25757 (5 owners) oddly related 1 times
Partitions 1275 and 1319 in element 25764 (4 owners) oddly related 1 times
Partitions 1283 and 1410 in element 25871 (5 owners) oddly related 1 times
Partitions 1405 and 1418 in element 25875 (5 owners) oddly related 1 times
Partitions 1423 and 1397 in element 25895 (4 owners) oddly related 1 times
Partitions 1292 and 1271 in element 25926 (5 owners) oddly related 1 times
Partitions 1310 and 1329 in element 26069 (5 owners) oddly related 2 times
Partitions 1319 and 1300 in element 26106 (6 owners) oddly related 3 times
Partitions 1313 and 1301 in element 26126 (5 owners) oddly related 1 times
Partitions 1326 and 1298 in element 26127 (5 owners) oddly related 1 times
Partitions 1318 and 1305 in element 26143 (5 owners) oddly related 1 times
Partitions 1457 and 1488 in element 26174 (4 owners) oddly related 1 times
Partitions 1289 and 1251 in element 26306 (5 owners) oddly related 2 times
Partitions 1401 and 1429 in element 26316 (5 owners) oddly related 1 times
Partitions 1249 and 1256 in element 26326 (7 owners) oddly related 2 times
Partitions 1425 and 1252 in element 26330 (5 owners) oddly related 1 times
Partitions 1253 and 1403 in element 26349 (4 owners) oddly related 1 times
Partitions 1474 and 1488 in element 26534 (5 owners) oddly related 1 times
Partitions 1487 and 1478 in element 26555 (5 owners) oddly related 2 times
Partitions 1253 and 1270 in element 26705 (5 owners) oddly related 1 times
Partitions 1300 and 1302 in element 26948 (4 owners) oddly related 1 times
Partitions 1480 and 1483 in element 26976 (5 owners) oddly related 1 times
Partitions 1422 and 1482 in element 26999 (5 owners) oddly related 1 times
Partitions 1300 and 1298 in element 27328 (6 owners) oddly related 1 times
Partitions 1298 and 1307 in element 27346 (7 owners) oddly related 1 times
Partitions 1488 and 1495 in element 27356 (6 owners) oddly related 1 times
Partitions 1479 and 1480 in element 27379 (4 owners) oddly related 1 times
Partitions 1304 and 1214 in element 27725 (5 owners) oddly related 1 times
Partitions 1424 and 1190 in element 27832 (4 owners) oddly related 1 times
Partitions 1437 and 1427 in element 27872 (5 owners) oddly related 2 times
Partitions 1434 and 1363 in element 27936 (6 owners) oddly related 1 times
Partitions 1485 and 1248 in element 28169 (5 owners) oddly related 1 times
Partitions 1261 and 1247 in element 28188 (5 owners) oddly related 1 times
Partitions 1485 and 1248 in element 28189 (5 owners) oddly related 1 times
Partitions 1264 and 1368 in element 28251 (4 owners) oddly related 1 times
Partitions 1264 and 1368 in element 28252 (5 owners) oddly related 1 times
Partitions 1361 and 1429 in element 28315 (5 owners) oddly related 1 times
Partitions 1214 and 1248 in element 28525 (5 owners) oddly related 1 times
Partitions 1262 and 1245 in element 28568 (4 owners) oddly related 1 times
Partitions 1482 and 1385 in element 28617 (3 owners) oddly related 1 times
Partitions 1190 and 1365 in element 28652 (5 owners) oddly related 1 times
Partitions 1424 and 1366 in element 28673 (5 owners) oddly related 1 times
Partitions 1257 and 1166 in element 28743 (4 owners) oddly related 1 times
Partitions 1220 and 1243 in element 28946 (5 owners) oddly related 1 times
Partitions 1176 and 1185 in element 29045 (6 owners) oddly related 1 times
Partitions 1187 and 1185 in element 29147 (5 owners) oddly related 1 times
Partitions 1496 and 1385 in element 29376 (6 owners) oddly related 1 times
Partitions 1175 and 1192 in element 29466 (6 owners) oddly related 1 times
Partitions 1170 and 1177 in element 29526 (4 owners) oddly related 1 times
Partitions 1169 and 1154 in element 29561 (4 owners) oddly related 1 times
Partitions 1222 and 1216 in element 29685 (4 owners) oddly related 1 times
Partitions 1531 and 1518 in element 29775 (5 owners) oddly related 2 times
Partitions 1513 and 1365 in element 29795 (6 owners) oddly related 1 times
Partitions 1186 and 1156 in element 29985 (4 owners) oddly related 1 times
Partitions 1241 and 1513 in element 30092 (6 owners) oddly related 2 times
Partitions 1227 and 1237 in element 30105 (5 owners) oddly related 1 times
Partitions 1529 and 1238 in element 30111 (6 owners) oddly related 2 times
Partitions 1496 and 1514 in element 30116 (4 owners) oddly related 1 times
Partitions 1351 and 1355 in element 30331 (5 owners) oddly related 1 times
Partitions 1362 and 1178 in element 30332 (5 owners) oddly related 1 times
Partitions 1359 and 1184 in element 30352 (5 owners) oddly related 1 times
Partitions 1508 and 1521 in element 30495 (4 owners) oddly related 1 times
Partitions 1238 and 1204 in element 30526 (7 owners) oddly related 1 times
Partitions 1185 and 1198 in element 30665 (5 owners) oddly related 1 times
Partitions 1185 and 1198 in element 30666 (6 owners) oddly related 2 times
Partitions 1195 and 1178 in element 30707 (4 owners) oddly related 1 times
Partitions 1360 and 1353 in element 30731 (4 owners) oddly related 1 times
Partitions 1360 and 1353 in element 30732 (6 owners) oddly related 1 times
Partitions 1222 and 1206 in element 30945 (5 owners) oddly related 1 times
Partitions 1174 and 1197 in element 31047 (4 owners) oddly related 1 times
Partitions 1196 and 1180 in element 31128 (4 owners) oddly related 1 times
Partitions 1352 and 1180 in element 31151 (5 owners) oddly related 1 times
Partitions 1510 and 1515 in element 31374 (5 owners) oddly related 1 times
Partitions 1513 and 1522 in element 31753 (3 owners) oddly related 1 times
Changed the ownership of 391 nodes
Partitions 1054 and 1001 in element 148 (4 owners) oddly related 1 times
Partitions 1052 and 1036 in element 149 (4 owners) oddly related 1 times
Partitions 587 and 636 in element 829 (5 owners) oddly related 2 times
Partitions 808 and 806 in element 1668 (5 owners) oddly related 1 times
Partitions 634 and 633 in element 2008 (5 owners) oddly related 1 times
Partitions 679 and 674 in element 2318 (4 owners) oddly related 1 times
Partitions 750 and 754 in element 2324 (5 owners) oddly related 1 times
Partitions 721 and 746 in element 2346 (5 owners) oddly related 1 times
Partitions 806 and 1039 in element 2745 (4 owners) oddly related 1 times
Partitions 988 and 986 in element 2754 (4 owners) oddly related 1 times
Partitions 1040 and 1035 in element 2786 (5 owners) oddly related 1 times
Partitions 805 and 857 in element 2829 (6 owners) oddly related 2 times
Partitions 373 and 377 in element 2849 (5 owners) oddly related 1 times
Partitions 238 and 234 in element 2855 (4 owners) oddly related 1 times
Partitions 232 and 231 in element 2894 (6 owners) oddly related 2 times
Partitions 373 and 384 in element 2968 (5 owners) oddly related 1 times
Partitions 606 and 599 in element 3355 (5 owners) oddly related 1 times
Partitions 743 and 663 in element 3366 (6 owners) oddly related 1 times
Partitions 675 and 715 in element 3497 (5 owners) oddly related 1 times
Partitions 745 and 741 in element 3505 (5 owners) oddly related 1 times
Partitions 754 and 750 in element 3525 (5 owners) oddly related 1 times
Partitions 998 and 1003 in element 3637 (5 owners) oddly related 1 times
Partitions 232 and 265 in element 3937 (4 owners) oddly related 1 times
Partitions 286 and 240 in element 3978 (4 owners) oddly related 1 times
Partitions 989 and 857 in element 3993 (4 owners) oddly related 1 times
Partitions 376 and 242 in element 4050 (5 owners) oddly related 1 times
Partitions 238 and 233 in element 4055 (4 owners) oddly related 1 times
Partitions 378 and 242 in element 4090 (4 owners) oddly related 1 times
Partitions 232 and 231 in element 4094 (4 owners) oddly related 1 times
Partitions 860 and 852 in element 4116 (4 owners) oddly related 1 times
Partitions 860 and 852 in element 4156 (3 owners) oddly related 1 times
Partitions 353 and 360 in element 4163 (5 owners) oddly related 1 times
Partitions 357 and 379 in element 4204 (5 owners) oddly related 1 times
Partitions 383 and 380 in element 4208 (5 owners) oddly related 1 times
Partitions 214 and 199 in element 4298 (5 owners) oddly related 1 times
Partitions 588 and 587 in element 4473 (5 owners) oddly related 1 times
Partitions 642 and 650 in element 4482 (5 owners) oddly related 1 times
Partitions 605 and 587 in element 4534 (4 owners) oddly related 1 times
Partitions 661 and 668 in element 4547 (4 owners) oddly related 1 times
Partitions 672 and 598 in element 4590 (7 owners) oddly related 2 times
Partitions 597 and 599 in element 4595 (4 owners) oddly related 1 times
Partitions 678 and 673 in element 4676 (4 owners) oddly related 1 times
Partitions 680 and 717 in element 4697 (5 owners) oddly related 1 times
Partitions 1004 and 963 in element 4838 (4 owners) oddly related 1 times
Partitions 256 and 218 in element 5171 (5 owners) oddly related 1 times
Partitions 286 and 240 in element 5178 (6 owners) oddly related 1 times
Partitions 234 and 241 in element 5212 (5 owners) oddly related 1 times
Partitions 239 and 238 in element 5218 (5 owners) oddly related 1 times
Partitions 375 and 218 in element 5251 (5 owners) oddly related 1 times
Partitions 853 and 849 in element 5357 (4 owners) oddly related 1 times
Partitions 215 and 774 in element 5499 (5 owners) oddly related 1 times
Partitions 588 and 587 in element 5673 (5 owners) oddly related 1 times
Partitions 583 and 590 in element 5693 (4 owners) oddly related 1 times
Partitions 585 and 589 in element 5694 (4 owners) oddly related 1 times
Partitions 641 and 667 in element 5703 (5 owners) oddly related 1 times
Partitions 665 and 593 in element 5791 (4 owners) oddly related 1 times
Partitions 605 and 711 in element 5815 (5 owners) oddly related 1 times
Partitions 704 and 711 in element 5895 (5 owners) oddly related 1 times
Partitions 246 and 289 in element 6291 (4 owners) oddly related 1 times
Partitions 265 and 1019 in element 6340 (5 owners) oddly related 1 times
Partitions 810 and 1018 in element 6427 (5 owners) oddly related 1 times
Partitions 302 and 345 in element 6442 (5 owners) oddly related 1 times
Partitions 809 and 801 in element 6468 (5 owners) oddly related 1 times
Partitions 354 and 342 in element 6684 (5 owners) oddly related 1 times
Partitions 208 and 197 in element 6734 (5 owners) oddly related 1 times
Partitions 661 and 656 in element 6928 (6 owners) oddly related 1 times
Partitions 605 and 689 in element 6976 (3 owners) oddly related 1 times
Partitions 678 and 594 in element 6996 (6 owners) oddly related 1 times
Partitions 605 and 677 in element 6997 (5 owners) oddly related 1 times
Partitions 717 and 712 in element 7074 (4 owners) oddly related 1 times
Partitions 682 and 692 in element 7136 (6 owners) oddly related 3 times
Partitions 682 and 692 in element 7137 (6 owners) oddly related 3 times
Partitions 276 and 244 in element 7336 (5 owners) oddly related 1 times
Partitions 1014 and 1017 in element 7344 (6 owners) oddly related 1 times
Partitions 1026 and 1013 in element 7345 (5 owners) oddly related 1 times
Partitions 322 and 249 in element 7370 (4 owners) oddly related 1 times
Partitions 273 and 248 in element 7375 (5 owners) oddly related 1 times
Partitions 1013 and 1026 in element 7385 (6 owners) oddly related 2 times
Partitions 322 and 249 in element 7410 (5 owners) oddly related 1 times
Partitions 247 and 257 in element 7450 (4 owners) oddly related 1 times
Partitions 239 and 796 in element 7581 (6 owners) oddly related 1 times
Partitions 1031 and 1012 in element 7586 (5 owners) oddly related 1 times
Partitions 800 and 1032 in element 7627 (6 owners) oddly related 3 times
Partitions 847 and 846 in element 7674 (5 owners) oddly related 1 times
Partitions 299 and 343 in element 7682 (6 owners) oddly related 1 times
Partitions 203 and 194 in element 7895 (5 owners) oddly related 1 times
Partitions 353 and 340 in element 7925 (5 owners) oddly related 1 times
Partitions 367 and 582 in element 7971 (5 owners) oddly related 1 times
Partitions 620 and 579 in element 8075 (6 owners) oddly related 1 times
Partitions 626 and 659 in element 8108 (5 owners) oddly related 1 times
Partitions 612 and 592 in element 8155 (4 owners) oddly related 1 times
Partitions 594 and 689 in element 8174 (4 owners) oddly related 1 times
Partitions 712 and 612 in element 8176 (5 owners) oddly related 1 times
Partitions 659 and 709 in element 8189 (4 owners) oddly related 1 times
Partitions 658 and 735 in element 8208 (4 owners) oddly related 1 times
Partitions 658 and 714 in element 8210 (5 owners) oddly related 1 times
Partitions 712 and 686 in element 8218 (5 owners) oddly related 1 times
Partitions 711 and 710 in element 8272 (5 owners) oddly related 1 times
Partitions 736 and 709 in element 8291 (5 owners) oddly related 1 times
Partitions 673 and 696 in element 8338 (4 owners) oddly related 1 times
Partitions 673 and 702 in element 8356 (4 owners) oddly related 1 times
Partitions 271 and 248 in element 8454 (4 owners) oddly related 1 times
Partitions 250 and 257 in element 8493 (6 owners) oddly related 1 times
Partitions 248 and 331 in element 8531 (5 owners) oddly related 1 times
Partitions 266 and 183 in element 8535 (4 owners) oddly related 1 times
Partitions 1014 and 1012 in element 8544 (4 owners) oddly related 1 times
Partitions 1047 and 1025 in element 8546 (4 owners) oddly related 1 times
Partitions 976 and 1061 in element 8597 (5 owners) oddly related 1 times
Partitions 247 and 243 in element 8611 (5 owners) oddly related 1 times
Partitions 976 and 968 in element 8634 (5 owners) oddly related 1 times
Partitions 289 and 148 in element 8651 (5 owners) oddly related 2 times
Partitions 983 and 982 in element 8675 (4 owners) oddly related 1 times
Partitions 843 and 845 in element 8913 (5 owners) oddly related 1 times
Partitions 795 and 779 in element 8945 (4 owners) oddly related 1 times
Partitions 368 and 628 in element 9210 (4 owners) oddly related 1 times
Partitions 368 and 628 in element 9211 (4 owners) oddly related 1 times
Partitions 580 and 590 in element 9294 (5 owners) oddly related 1 times
Partitions 612 and 593 in element 9355 (5 owners) oddly related 1 times
Partitions 594 and 689 in element 9374 (5 owners) oddly related 1 times
Partitions 709 and 659 in element 9389 (5 owners) oddly related 1 times
Partitions 247 and 134 in element 9730 (5 owners) oddly related 1 times
Partitions 965 and 968 in element 9838 (4 owners) oddly related 1 times
Partitions 219 and 148 in element 9971 (6 owners) oddly related 1 times
Partitions 269 and 797 in element 10020 (6 owners) oddly related 1 times
Partitions 219 and 292 in element 10050 (5 owners) oddly related 1 times
Partitions 798 and 225 in element 10061 (5 owners) oddly related 1 times
Partitions 794 and 776 in element 10184 (5 owners) oddly related 1 times
Partitions 367 and 1 in element 10291 (4 owners) oddly related 1 times
Partitions 817 and 927 in element 10357 (6 owners) oddly related 1 times
Partitions 775 and 618 in element 10380 (5 owners) oddly related 2 times
Partitions 645 and 429 in element 10485 (6 owners) oddly related 1 times
Partitions 275 and 182 in element 10978 (5 owners) oddly related 1 times
Partitions 1029 and 1103 in element 11070 (6 owners) oddly related 1 times
Partitions 294 and 150 in element 11132 (5 owners) oddly related 1 times
Partitions 269 and 1106 in element 11140 (4 owners) oddly related 1 times
Partitions 365 and 39 in element 11285 (6 owners) oddly related 1 times
Partitions 293 and 363 in element 11289 (4 owners) oddly related 1 times
Partitions 340 and 39 in element 11445 (6 owners) oddly related 2 times
Partitions 822 and 838 in element 11516 (4 owners) oddly related 1 times
Partitions 361 and 581 in element 11532 (5 owners) oddly related 1 times
Partitions 777 and 202 in element 11619 (4 owners) oddly related 1 times
Partitions 629 and 407 in element 11705 (7 owners) oddly related 1 times
Partitions 629 and 407 in element 11706 (5 owners) oddly related 1 times
Partitions 401 and 655 in element 11725 (5 owners) oddly related 2 times
Partitions 768 and 555 in element 11824 (4 owners) oddly related 1 times
Partitions 766 and 767 in element 11843 (5 owners) oddly related 1 times
Partitions 183 and 1110 in element 12179 (5 owners) oddly related 1 times
Partitions 1110 and 186 in element 12219 (6 owners) oddly related 2 times
Partitions 1096 and 1100 in element 12230 (5 owners) oddly related 1 times
Partitions 980 and 1097 in element 12232 (5 owners) oddly related 1 times
Partitions 1103 and 1097 in element 12234 (4 owners) oddly related 1 times
Partitions 1017 and 1117 in element 12265 (4 owners) oddly related 1 times
Partitions 268 and 906 in element 12381 (5 owners) oddly related 1 times
Partitions 294 and 56 in element 12410 (4 owners) oddly related 1 times
Partitions 851 and 936 in element 12436 (4 owners) oddly related 1 times
Partitions 934 and 1058 in element 12476 (5 owners) oddly related 1 times
Partitions 348 and 40 in element 12484 (5 owners) oddly related 1 times
Partitions 38 and 4 in element 12525 (4 owners) oddly related 1 times
Partitions 875 and 799 in element 12586 (4 owners) oddly related 1 times
Partitions 821 and 921 in element 12598 (4 owners) oddly related 1 times
Partitions 648 and 8 in element 12604 (5 owners) oddly related 1 times
Partitions 914 and 835 in element 12634 (5 owners) oddly related 1 times
Partitions 931 and 927 in element 12637 (5 owners) oddly related 2 times
Partitions 840 and 920 in element 12674 (5 owners) oddly related 1 times
Partitions 838 and 835 in element 12714 (5 owners) oddly related 1 times
Partitions 370 and 9 in element 12726 (6 owners) oddly related 1 times
Partitions 630 and 399 in element 12767 (5 owners) oddly related 1 times
Partitions 594 and 467 in element 12952 (5 owners) oddly related 1 times
Partitions 592 and 466 in element 12994 (4 owners) oddly related 1 times
Partitions 532 and 556 in element 13023 (4 owners) oddly related 1 times
Partitions 493 and 466 in element 13036 (5 owners) oddly related 1 times
Partitions 183 and 180 in element 13336 (5 owners) oddly related 1 times
Partitions 1103 and 1064 in element 13433 (4 owners) oddly related 1 times
Partitions 1044 and 168 in element 13458 (5 owners) oddly related 1 times
Partitions 1105 and 1118 in element 13466 (5 owners) oddly related 1 times
Partitions 1096 and 1099 in element 13473 (5 owners) oddly related 2 times
Partitions 1104 and 1119 in element 13552 (5 owners) oddly related 1 times
Partitions 292 and 55 in element 13611 (6 owners) oddly related 2 times
Partitions 1062 and 842 in element 13637 (5 owners) oddly related 1 times
Partitions 822 and 930 in element 13798 (5 owners) oddly related 1 times
Partitions 803 and 888 in element 13826 (5 owners) oddly related 1 times
Partitions 931 and 927 in element 13837 (5 owners) oddly related 2 times
Partitions 845 and 922 in element 13874 (5 owners) oddly related 2 times
Partitions 837 and 929 in element 13875 (6 owners) oddly related 1 times
Partitions 340 and 6 in element 13886 (4 owners) oddly related 1 times
Partitions 9 and 370 in element 13926 (5 owners) oddly related 1 times
Partitions 592 and 405 in element 14152 (5 owners) oddly related 1 times
Partitions 592 and 395 in element 14153 (6 owners) oddly related 1 times
Partitions 560 and 463 in element 14171 (5 owners) oddly related 1 times
Partitions 404 and 468 in element 14172 (3 owners) oddly related 1 times
Partitions 462 and 467 in element 14195 (4 owners) oddly related 1 times
Partitions 685 and 514 in element 14235 (6 owners) oddly related 2 times
Partitions 687 and 494 in element 14278 (5 owners) oddly related 1 times
Partitions 512 and 511 in element 14291 (5 owners) oddly related 1 times
Partitions 503 and 497 in element 14299 (5 owners) oddly related 1 times
Partitions 273 and 168 in element 14575 (5 owners) oddly related 1 times
Partitions 915 and 1120 in element 14711 (5 owners) oddly related 2 times
Partitions 906 and 1109 in element 14782 (4 owners) oddly related 1 times
Partitions 1104 and 936 in element 14795 (5 owners) oddly related 1 times
Partitions 923 and 874 in element 15070 (5 owners) oddly related 1 times
Partitions 404 and 395 in element 15352 (5 owners) oddly related 1 times
Partitions 463 and 516 in element 15371 (4 owners) oddly related 1 times
Partitions 560 and 511 in element 15451 (5 owners) oddly related 1 times
Partitions 524 and 514 in element 15471 (5 owners) oddly related 1 times
Partitions 514 and 524 in element 15472 (5 owners) oddly related 1 times
Partitions 504 and 495 in element 15478 (5 owners) oddly related 1 times
Partitions 1147 and 1149 in element 15750 (3 owners) oddly related 1 times
Partitions 1106 and 1108 in element 15943 (5 owners) oddly related 1 times
Partitions 40 and 119 in element 15963 (5 owners) oddly related 1 times
Partitions 1058 and 951 in element 16035 (5 owners) oddly related 1 times
Partitions 914 and 956 in element 16114 (4 owners) oddly related 1 times
Partitions 920 and 917 in element 16153 (4 owners) oddly related 1 times
Partitions 920 and 917 in element 16154 (6 owners) oddly related 3 times
Partitions 78 and 69 in element 16216 (4 owners) oddly related 1 times
Partitions 884 and 876 in element 16229 (4 owners) oddly related 1 times
Partitions 908 and 911 in element 16264 (4 owners) oddly related 1 times
Partitions 888 and 903 in element 16265 (5 owners) oddly related 1 times
Partitions 401 and 389 in element 16446 (6 owners) oddly related 1 times
Partitions 554 and 530 in element 16727 (5 owners) oddly related 1 times
Partitions 522 and 547 in element 16748 (6 owners) oddly related 1 times
Partitions 143 and 109 in element 16964 (4 owners) oddly related 1 times
Partitions 1100 and 1107 in element 16989 (4 owners) oddly related 1 times
Partitions 37 and 113 in element 17124 (5 owners) oddly related 1 times
Partitions 147 and 159 in element 17136 (5 owners) oddly related 1 times
Partitions 1106 and 158 in element 17140 (5 owners) oddly related 1 times
Partitions 166 and 69 in element 17258 (5 owners) oddly related 1 times
Partitions 65 and 92 in element 17299 (5 owners) oddly related 2 times
Partitions 934 and 935 in element 17315 (6 owners) oddly related 2 times
Partitions 913 and 946 in element 17354 (4 owners) oddly related 1 times
Partitions 59 and 64 in element 17417 (5 owners) oddly related 1 times
Partitions 919 and 946 in element 17433 (5 owners) oddly related 1 times
Partitions 919 and 948 in element 17471 (5 owners) oddly related 1 times
Partitions 956 and 947 in element 17474 (5 owners) oddly related 1 times
Partitions 920 and 928 in element 17477 (6 owners) oddly related 2 times
Partitions 907 and 897 in element 17505 (5 owners) oddly related 1 times
Partitions 1147 and 1133 in element 18109 (5 owners) oddly related 1 times
Partitions 1150 and 1134 in element 18149 (6 owners) oddly related 1 times
Partitions 128 and 99 in element 18205 (5 owners) oddly related 1 times
Partitions 157 and 151 in element 18297 (5 owners) oddly related 1 times
Partitions 157 and 889 in element 18299 (5 owners) oddly related 1 times
Partitions 1113 and 1124 in element 18345 (5 owners) oddly related 1 times
Partitions 886 and 946 in element 18672 (6 owners) oddly related 2 times
Partitions 920 and 948 in element 18673 (5 owners) oddly related 1 times
Partitions 953 and 941 in element 18718 (5 owners) oddly related 1 times
Partitions 474 and 475 in element 18996 (4 owners) oddly related 1 times
Partitions 474 and 475 in element 19016 (5 owners) oddly related 1 times
Partitions 175 and 174 in element 19298 (5 owners) oddly related 1 times
Partitions 188 and 173 in element 19332 (6 owners) oddly related 1 times
Partitions 1132 and 1134 in element 19348 (4 owners) oddly related 1 times
Partitions 1107 and 1086 in element 19350 (6 owners) oddly related 1 times
Partitions 153 and 171 in element 19373 (6 owners) oddly related 1 times
Partitions 1113 and 893 in element 19544 (4 owners) oddly related 1 times
Partitions 1123 and 1111 in element 19546 (6 owners) oddly related 1 times
Partitions 1124 and 1115 in element 19585 (6 owners) oddly related 1 times
Partitions 1127 and 1128 in element 19586 (4 owners) oddly related 1 times
Partitions 575 and 409 in element 20142 (5 owners) oddly related 1 times
Partitions 479 and 491 in element 20217 (5 owners) oddly related 1 times
Partitions 180 and 1140 in element 20499 (5 owners) oddly related 1 times
Partitions 1107 and 1127 in element 20588 (5 owners) oddly related 1 times
Partitions 868 and 1123 in element 20705 (5 owners) oddly related 2 times
Partitions 158 and 63 in element 20778 (5 owners) oddly related 1 times
Partitions 411 and 414 in element 21323 (5 owners) oddly related 1 times
Partitions 1134 and 1123 in element 21827 (5 owners) oddly related 1 times
Partitions 65 and 1116 in element 21979 (4 owners) oddly related 1 times
Partitions 162 and 62 in element 22018 (5 owners) oddly related 1 times
Partitions 901 and 1315 in element 22021 (5 owners) oddly related 1 times
Partitions 1123 and 1312 in element 23066 (5 owners) oddly related 1 times
Partitions 889 and 1276 in element 23261 (5 owners) oddly related 1 times
Partitions 944 and 1282 in element 23388 (4 owners) oddly related 1 times
Partitions 1338 and 1448 in element 24049 (5 owners) oddly related 1 times
Partitions 1087 and 1444 in element 24113 (4 owners) oddly related 1 times
Partitions 1127 and 1316 in element 24146 (5 owners) oddly related 1 times
Partitions 865 and 1294 in element 24267 (4 owners) oddly related 1 times
Partitions 1449 and 1452 in element 24470 (5 owners) oddly related 1 times
Partitions 1445 and 1451 in element 24494 (6 owners) oddly related 2 times
Partitions 1399 and 1279 in element 24713 (6 owners) oddly related 1 times
Partitions 1408 and 1402 in element 25092 (5 owners) oddly related 1 times
Partitions 1453 and 1477 in element 25338 (4 owners) oddly related 1 times
Partitions 1415 and 1401 in element 25456 (4 owners) oddly related 1 times
Partitions 1279 and 1403 in element 25490 (4 owners) oddly related 1 times
Partitions 1335 and 1316 in element 25706 (5 owners) oddly related 1 times
Partitions 1316 and 1303 in element 25744 (4 owners) oddly related 1 times
Partitions 1456 and 1480 in element 25757 (5 owners) oddly related 1 times
Partitions 1275 and 1319 in element 25764 (4 owners) oddly related 1 times
Partitions 1283 and 1410 in element 25871 (5 owners) oddly related 1 times
Partitions 1405 and 1418 in element 25875 (5 owners) oddly related 1 times
Partitions 1423 and 1397 in element 25895 (4 owners) oddly related 1 times
Partitions 1292 and 1271 in element 25926 (5 owners) oddly related 1 times
Partitions 1310 and 1332 in element 26069 (4 owners) oddly related 1 times
Partitions 1335 and 1472 in element 26090 (5 owners) oddly related 1 times
Partitions 1319 and 1300 in element 26106 (6 owners) oddly related 3 times
Partitions 1464 and 1484 in element 26114 (5 owners) oddly related 1 times
Partitions 1313 and 1301 in element 26126 (5 owners) oddly related 1 times
Partitions 1326 and 1298 in element 26127 (5 owners) oddly related 1 times
Partitions 1318 and 1305 in element 26143 (5 owners) oddly related 1 times
Partitions 1457 and 1488 in element 26174 (4 owners) oddly related 1 times
Partitions 1289 and 1251 in element 26306 (5 owners) oddly related 2 times
Partitions 1401 and 1429 in element 26316 (5 owners) oddly related 1 times
Partitions 1249 and 1256 in element 26326 (7 owners) oddly related 2 times
Partitions 1425 and 1252 in element 26330 (5 owners) oddly related 1 times
Partitions 1253 and 1403 in element 26349 (4 owners) oddly related 1 times
Partitions 1486 and 1488 in element 26535 (6 owners) oddly related 1 times
Partitions 1487 and 1478 in element 26555 (5 owners) oddly related 2 times
Partitions 1253 and 1270 in element 26705 (5 owners) oddly related 1 times
Partitions 1300 and 1302 in element 26948 (4 owners) oddly related 1 times
Partitions 1480 and 1483 in element 26976 (5 owners) oddly related 1 times
Partitions 1422 and 1482 in element 26999 (5 owners) oddly related 1 times
Partitions 1300 and 1298 in element 27328 (6 owners) oddly related 1 times
Partitions 1298 and 1307 in element 27346 (7 owners) oddly related 1 times
Partitions 1488 and 1495 in element 27356 (6 owners) oddly related 1 times
Partitions 1479 and 1480 in element 27379 (4 owners) oddly related 1 times
Partitions 1304 and 1214 in element 27725 (5 owners) oddly related 1 times
Partitions 1424 and 1190 in element 27832 (4 owners) oddly related 1 times
Partitions 1428 and 1437 in element 27872 (4 owners) oddly related 1 times
Partitions 1434 and 1363 in element 27936 (6 owners) oddly related 1 times
Partitions 1485 and 1248 in element 28169 (5 owners) oddly related 1 times
Partitions 1261 and 1247 in element 28188 (5 owners) oddly related 1 times
Partitions 1485 and 1248 in element 28189 (5 owners) oddly related 1 times
Partitions 1361 and 1429 in element 28315 (5 owners) oddly related 1 times
Partitions 1214 and 1248 in element 28525 (5 owners) oddly related 1 times
Partitions 1262 and 1245 in element 28568 (4 owners) oddly related 1 times
Partitions 1190 and 1365 in element 28652 (5 owners) oddly related 1 times
Partitions 1424 and 1366 in element 28673 (5 owners) oddly related 1 times
Partitions 1220 and 1243 in element 28946 (5 owners) oddly related 1 times
Partitions 1176 and 1185 in element 29045 (6 owners) oddly related 1 times
Partitions 1187 and 1185 in element 29147 (5 owners) oddly related 1 times
Partitions 1175 and 1192 in element 29466 (6 owners) oddly related 1 times
Partitions 1170 and 1177 in element 29526 (4 owners) oddly related 1 times
Partitions 1241 and 1513 in element 30092 (6 owners) oddly related 2 times
Partitions 1529 and 1238 in element 30111 (6 owners) oddly related 2 times
Partitions 1496 and 1514 in element 30116 (4 owners) oddly related 1 times
Partitions 1351 and 1355 in element 30331 (5 owners) oddly related 1 times
Partitions 1362 and 1178 in element 30332 (5 owners) oddly related 1 times
Partitions 1359 and 1184 in element 30352 (5 owners) oddly related 1 times
Partitions 1508 and 1521 in element 30495 (4 owners) oddly related 1 times
Partitions 1238 and 1204 in element 30526 (7 owners) oddly related 1 times
Partitions 1200 and 1164 in element 30646 (5 owners) oddly related 1 times
Partitions 1185 and 1198 in element 30665 (5 owners) oddly related 1 times
Partitions 1185 and 1198 in element 30666 (6 owners) oddly related 2 times
Partitions 1195 and 1178 in element 30707 (4 owners) oddly related 1 times
Partitions 1360 and 1353 in element 30731 (4 owners) oddly related 1 times
Partitions 1360 and 1353 in element 30732 (6 owners) oddly related 1 times
Partitions 1222 and 1206 in element 30945 (5 owners) oddly related 1 times
Partitions 1174 and 1197 in element 31047 (4 owners) oddly related 1 times
Partitions 1196 and 1180 in element 31128 (4 owners) oddly related 1 times
Partitions 1352 and 1180 in element 31151 (5 owners) oddly related 1 times
Partitions 1510 and 1515 in element 31374 (5 owners) oddly related 1 times
Partitions 1513 and 1522 in element 31753 (3 owners) oddly related 1 times
Changed the ownership of 348 nodes
348 problematic sharings may still exist
The partitioning was optimized: 1916
Checking partitioning after optimization
Checking for partitioning
Information on partition bandwidth
Average 20 elements with range 1 in partition
Average 23 nodes with range 24 in partition
Average 44 shared nodes with range 59 in partition
Partitioning routines finished!
Bounding box of all nodes in mesh:
X:[0,2] Y:[0,2] Z:[0,2]
Calculate Mesh Pieces in mesh:
There is a single piece in the mesh, so the mesh is conforming.

Elmergrid saving data with method 2:
-------------------------------------
Saving Elmer mesh in partitioned format
Number of boundary nodes at the boundary: 7202
Number of additional interface nodes: 0
Reusing existing subdirectory: partitioning.1536
Saving mesh in parallel ElmerSolver format to directory winkel/partitioning.1536.
Saving 1536 partitions in maximum sets of 512
Nodes belong to 8 partitions in maximum
Saving mesh for 1536 partitions
   part  elements   nodes      shared   bc elems
   1     21         22         39       0       
   2     21         22         46       0       
   3     21         24         41       0       
   4     21         21         52       0       
   5     21         19         49       0       
   6     20         15         53       0       
   7     20         18         54       6       
   8     21         22         38       0       
   9     21         23         42       0       
   10    21         24         46       10      
   11    21         22         49       2       
   12    20         21         50       5       
   13    21         24         49       0       
   14    21         21         41       0       
   15    20         24         42       4       
   16    21         28         40       7       
   17    21         22         53       6       
   18    20         22         40       5       
   19    21         25         41       10      
   20    21         21         38       0       
   21    21         21         50       4       
   22    21         29         37       6       
   23    21         26         36       13      
   24    21         29         38       15      
   25    21         26         51       13      
   26    21         23         43       7       
   27    20         20         48       0       
   28    20         22         47       6       
   29    21         20         53       0       
   30    21         24         49       8       
   31    21         22         42       7       
   32    21         27         40       3       
   33    21         22         41       0       
   34    21         31         32       17      
   35    21         29         37       15      
   36    20         22         43       6       
   37    21         25         37       9       
   38    21         17         56       0       
   39    21         22         42       0       
   40    21         25         43       0       
   41    21         20         50       9       
   42    21         27         43       8       
   43    21         18         52       0       
   44    21         22         42       0       
   45    20         21         40       0       
   46    21         20         45       0       
   47    21         20         41       0       
   48    20         19         44       0       
   49    21         19         45       0       
   50    21         25         39       12      
   51    20         20         51       0       
   52    21         20         50       1       
   53    21         30         31       12      
   54    21         20         40       0       
   55    20         19         50       0       
   56    21         22         50       0       
   57    21         20         46       0       
   58    20         20         39       0       
   59    21         19         46       0       
   60    21         25         41       0       
   61    21         27         36       14      
   62    21         22         50       1       
   63    21         23         56       5       
   64    21         18         47       0       
   65    21         21         50       0       
   66    21         23         43       0       
   67    21         13         68       0       
   68    21         23         40       0       
   69    20         22         42       0       
   70    20         20         47       0       
   71    21         24         48       0       
   72    21         24         41       0       
   73    20         18         48       0       
   74    21         20         42       0       
   75    21         18         46       0       
   76    21         22         45       0       
   77    21         20         42       0       
   78    21         23         37       0       
   79    21         22         46       0       
   80    20         18         48       0       
   81    21         21         47       0       
   82    21         20         47       0       
   83    21         24         39       1       
   84    21         19         48       0       
   85    20         22         37       0       
   86    21         29         37       13      
   87    21         19         44       0       
   88    21         25         42       12      
   89    20         20         46       0       
   90    20         19         44       0       
   91    21         22         37       9       
   92    21         22         54       0       
   93    20         20         54       2       
   94    20         18         56       0       
   95    20         24         49       8       
   96    21         22         40       5       
   97    21         24         42       9       
   98    21         24         38       7       
   99    20         17         41       0       
   100   20         29         29       17      
   101   21         22         58       9       
   102   21         29         35       5       
   103   21         23         43       4       
   104   21         24         50       11      
   105   20         20         42       0       
   106   20         22         48       4       
   107   21         23         44       0       
   108   21         24         36       6       
   109   21         20         44       0       
   110   21         19         54       0       
   111   20         20         44       0       
   112   21         19         52       0       
   113   21         22         45       0       
   114   21         23         41       0       
   115   21         26         51       9       
   116   21         25         35       11      
   117   21         20         44       0       
   118   21         23         39       7       
   119   21         25         48       6       
   120   21         22         43       0       
   121   21         23         41       8       
   122   21         20         39       0       
   123   21         23         42       0       
   124   21         28         33       9       
   125   21         27         49       17      
   126   21         27         45       14      
   127   21         19         42       0       
   128   20         23         46       7       
   129   20         28         34       12      
   130   21         32         32       15      
   131   20         31         31       19      
   132   20         34         21       24      
   133   21         24         33       9       
   134   20         24         39       3       
   135   21         25         41       0       
   136   21         22         42       0       
   137   21         25         40       6       
   138   21         26         43       6       
   139   21         31         29       18      
   140   21         26         55       10      
   141   21         25         49       11      
   142   21         20         48       0       
   143   20         20         50       2       
   144   21         24         42       6       
   145   21         23         41       0       
   146   21         21         50       0       
   147   21         21         42       0       
   148   21         21         59       0       
   149   20         22         39       0       
   150   21         16         46       0       
   151   21         16         60       0       
   152   21         22         40       0       
   153   21         22         44       0       
   154   21         24         37       8       
   155   21         25         45       8       
   156   21         23         41       8       
   157   21         19         57       0       
   158   21         22         40       0       
   159   21         19         53       1       
   160   21         28         37       10      
   161   21         25         45       12      
   162   21         22         55       8       
   163   21         21         45       0       
   164   20         21         41       0       
   165   21         17         66       0       
   166   21         23         45       0       
   167   21         19         49       0       
   168   21         23         39       0       
   169   21         28         34       12      
   170   21         20         56       3       
   171   21         26         36       8       
   172   21         21         46       0       
   173   21         27         39       14      
   174   20         27         57       12      
   175   21         22         45       6       
   176   20         30         35       20      
   177   20         23         43       9       
   178   21         24         44       4       
   179   21         28         39       7       
   180   21         21         55       0       
   181   21         23         52       7       
   182   21         23         42       0       
   183   21         20         44       0       
   184   20         21         47       3       
   185   21         24         34       10      
   186   20         19         55       2       
   187   20         19         45       5       
   188   20         21         45       3       
   189   21         30         35       12      
   190   21         23         43       0       
   191   21         19         67       3       
   192   20         22         40       0       
   193   21         19         51       0       
   194   21         20         54       0       
   195   21         26         38       0       
   196   21         23         45       0       
   197   20         19         42       0       
   198   21         21         61       0       
   199   21         22         47       0       
   200   21         19         49       0       
   201   21         20         51       1       
   202   21         23         46       0       
   203   21         21         42       0       
   204   21         21         43       0       
   205   21         25         43       8       
   206   20         22         40       5       
   207   21         21         54       3       
   208   21         22         48       0       
   209   20         23         53       15      
   210   21         19         48       0       
   211   20         17         64       6       
   212   21         22         50       2       
   213   21         20         51       4       
   214   21         31         39       12      
   215   21         22         49       0       
   216   21         22         41       5       
   217   21         22         39       0       
   218   21         21         56       0       
   219   21         21         50       0       
   220   21         22         43       0       
   221   21         20         44       0       
   222   21         21         51       0       
   223   21         20         44       0       
   224   21         20         46       0       
   225   21         16         49       0       
   226   21         22         53       0       
   227   21         21         47       0       
   228   21         26         46       0       
   229   21         24         41       10      
   230   21         24         46       7       
   231   21         20         48       0       
   232   20         21         48       5       
   233   21         26         35       11      
   234   20         24         43       0       
   235   20         21         44       6       
   236   21         25         35       9       
   237   21         26         39       6       
   238   21         23         48       1       
   239   21         20         47       0       
   240   21         21         45       0       
   241   21         20         55       0       
   242   21         18         49       0       
   243   21         21         47       0       
   244   21         23         41       0       
   245   21         23         48       0       
   246   21         21         44       0       
   247   21         20         53       0       
   248   20         19         46       0       
   249   20         26         49       6       
   250   20         26         34       10      
   251   20         21         54       5       
   252   20         25         42       9       
   253   20         19         53       0       
   254   21         24         39       6       
   255   21         24         45       5       
   256   21         21         48       0       
   257   21         19         66       3       
   258   21         28         33       7       
   259   20         19         43       0       
   260   21         32         36       17      
   261   21         24         46       0       
   262   21         30         36       10      
   263   21         26         42       12      
   264   20         22         47       5       
   265   21         22         42       0       
   266   20         19         45       0       
   267   21         20         43       0       
   268   20         23         39       0       
   269   21         16         62       0       
   270   21         21         42       0       
   271   21         18         54       2       
   272   21         25         38       9       
   273   21         19         62       0       
   274   21         32         33       11      
   275   21         25         44       0       
   276   20         17         56       0       
   277   21         30         29       17      
   278   21         27         41       10      
   279   21         27         41       10      
   280   21         27         32       10      
   281   20         18         47       0       
   282   21         24         72       15      
   283   21         28         36       10      
   284   20         20         43       5       
   285   21         24         43       0       
   286   21         22         48       7       
   287   20         24         46       0       
   288   21         28         39       10      
   289   21         24         40       0       
   290   21         22         40       0       
   291   20         20         44       0       
   292   21         20         51       0       
   293   21         19         52       0       
   294   21         21         44       0       
   295   21         25         49       1       
   296   21         24         48       5       
   297   21         21         46       0       
   298   21         23         47       8       
   299   21         25         43       10      
   300   21         23         46       0       
   301   20         25         38       10      
   302   21         20         47       0       
   303   20         32         23       19      
   304   20         25         41       10      
   305   21         21         44       0       
   306   20         29         28       15      
   307   21         23         47       0       
   308   21         25         41       7       
   309   21         27         49       5       
   310   20         20         42       0       
   311   21         22         45       8       
   312   21         22         45       0       
   313   20         34         23       24      
   314   21         27         35       6       
   315   21         30         28       17      
   316   21         23         42       4       
   317   21         27         40       9       
   318   21         27         35       13      
   319   21         33         30       18      
   320   21         21         55       4       
   321   21         27         37       10      
   322   21         21         44       0       
   323   21         17         57       1       
   324   21         27         44       13      
   325   21         32         27       18      
   326   20         30         34       19      
   327   20         20         46       0       
   328   21         20         48       0       
   329   21         23         37       9       
   330   21         29         32       7       
   331   21         21         44       0       
   332   20         22         43       0       
   333   21         19         45       0       
   334   20         28         35       7       
   335   21         27         39       10      
   336   21         24         39       9       
   337   21         24         43       6       
   338   21         23         44       4       
   339   21         29         39       11      
   340   21         18         47       0       
   341   21         21         43       0       
   342   21         20         49       0       
   343   20         23         44       6       
   344   21         27         40       10      
   345   21         27         43       11      
   346   21         21         44       0       
   347   21         22         47       2       
   348   21         19         62       0       
   349   21         31         30       20      
   350   20         24         36       8       
   351   21         25         38       6       
   352   20         22         52       7       
   353   21         20         43       0       
   354   21         28         34       8       
   355   21         25         40       11      
   356   21         31         32       12      
   357   20         27         38       14      
   358   21         22         44       0       
   359   21         20         57       0       
   360   21         26         45       11      
   361   21         19         45       0       
   362   21         23         48       0       
   363   21         20         50       0       
   364   21         21         45       0       
   365   21         23         46       0       
   366   21         21         45       0       
   367   21         21         50       0       
   368   21         21         43       0       
   369   21         23         41       0       
   370   21         21         56       0       
   371   20         24         40       0       
   372   21         25         39       0       
   373   21         23         43       6       
   374   20         21         54       0       
   375   21         22         44       0       
   376   21         25         34       10      
   377   21         19         53       0       
   378   21         20         43       0       
   379   21         24         42       3       
   380   20         19         47       0       
   381   21         28         31       10      
   382   20         22         50       6       
   383   20         27         44       12      
   384   21         25         41       0       
   385   20         18         62       3       
   386   21         25         36       11      
   387   20         17         44       0       
   388   21         26         42       10      
   389   21         24         44       0       
   390   20         16         52       0       
   391   20         23         39       8       
   392   21         22         43       7       
   393   21         24         45       3       
   394   21         21         47       0       
   395   21         19         49       0       
   396   21         23         45       0       
   397   21         21         44       0       
   398   20         18         47       0       
   399   20         19         42       0       
   400   21         22         40       0       
   401   21         19         43       0       
   402   21         20         43       0       
   403   21         23         48       0       
   404   21         18         48       0       
   405   21         20         51       0       
   406   21         20         48       0       
   407   20         19         53       0       
   408   21         20         41       0       
   409   21         25         40       7       
   410   21         22         47       8       
   411   21         29         36       18      
   412   21         26         46       4       
   413   21         21         45       0       
   414   21         26         37       9       
   415   21         24         43       0       
   416   21         27         49       17      
   417   21         28         37       13      
   418   21         22         55       0       
   419   21         21         45       0       
   420   21         29         36       10      
   421   21         21         53       0       
   422   21         27         41       11      
   423   21         20         51       2       
   424   20         20         43       0       
   425   21         28         32       11      
   426   21         23         39       0       
   427   21         22         45       8       
   428   21         24         40       0       
   429   21         20         55       0       
   430   21         22         42       0       
   431   21         26         41       8       
   432   21         29         34       11      
   433   20         28         31       17      
   434   21         19         47       0       
   435   21         28         35       10      
   436   21         29         34       15      
   437   21         20         46       1       
   438   21         27         39       9       
   439   21         21         49       2       
   440   21         22         44       2       
   441   20         28         35       12      
   442   21         27         34       10      
   443   21         21         43       0       
   444   21         30         35       12      
   445   20         23         43       0       
   446   21         20         43       0       
   447   21         22         38       0       
   448   21         23         49       0       
   449   20         18         60       0       
   450   21         19         50       0       
   451   20         22         38       0       
   452   21         26         43       8       
   453   21         26         33       8       
   454   21         27         39       12      
   455   21         16         54       1       
   456   21         25         41       0       
   457   20         22         45       8       
   458   21         29         37       9       
   459   21         20         48       0       
   460   21         21         52       0       
   461   21         28         36       10      
   462   20         20         45       0       
   463   21         17         51       0       
   464   20         22         41       0       
   465   21         24         40       0       
   466   20         17         50       0       
   467   21         20         46       0       
   468   21         21         46       0       
   469   21         25         45       5       
   470   21         25         39       7       
   471   21         25         41       11      
   472   21         21         46       0       
   473   20         19         51       0       
   474   21         24         42       0       
   475   21         22         57       2       
   476   21         21         42       7       
   477   21         30         30       17      
   478   20         28         35       9       
   479   21         18         56       0       
   480   21         26         42       11      
   481   21         27         43       11      
   482   20         28         28       14      
   483   21         34         25       24      
   484   21         29         38       15      
   485   21         24         45       0       
   486   21         26         50       5       
   487   21         28         36       10      
   488   21         21         50       0       
   489   21         24         47       6       
   490   21         31         37       18      
   491   21         24         48       7       
   492   20         24         43       8       
   493   21         27         48       7       
   494   21         24         37       6       
   495   21         23         43       5       
   496   20         20         51       0       
   497   21         20         44       0       
   498   21         22         50       0       
   499   21         27         39       11      
   500   21         26         38       6       
   501   21         29         31       17      
   502   21         26         38       7       
   503   21         24         36       9       
   504   21         21         43       0       
   505   21         30         32       14      
   506   21         21         53       0       
   507   21         22         52       0       
   508   21         23         43       6       
   509   21         21         49       0       
   510   21         26         39       11      
   511   21         20         49       0       
   512   21         21         48       0       
   513   21         23         42       0       
   514   21         20         47       0       
   515   21         20         45       0       
   516   21         20         50       0       
   517   21         30         35       15      
   518   20         23         60       14      
   519   21         22         40       0       
   520   21         27         35       16      
   521   21         22         45       0       
   522   21         24         38       9       
   523   21         22         53       3       
   524   21         23         40       0       
   525   21         25         40       9       
   526   21         21         52       6       
   527   21         20         48       0       
   528   21         24         45       8       
   529   21         25         36       7       
   530   20         22         40       8       
   531   21         18         47       2       
   532   20         19         47       0       
   533   21         22         45       0       
   534   20         20         45       0       
   535   21         24         41       10      
   536   21         21         47       0       
   537   20         19         43       0       
   538   21         32         29       19      
   539   21         26         40       8       
   540   21         28         34       10      
   541   21         37         22       26      
   542   21         30         36       16      
   543   21         23         45       6       
   544   21         25         47       11      
   545   21         20         45       4       
   546   21         30         32       18      
   547   20         20         43       0       
   548   20         23         45       9       
   549   20         22         45       10      
   550   21         32         31       18      
   551   21         28         36       8       
   552   21         26         37       6       
   553   20         25         37       7       
   554   21         17         55       0       
   555   21         23         40       6       
   556   21         27         42       11      
   557   21         21         42       0       
   558   20         17         52       0       
   559   20         19         46       0       
   560   21         21         46       0       
   561   21         20         45       0       
   562   21         21         45       0       
   563   21         24         41       0       
   564   21         20         58       0       
   565   21         24         40       8       
   566   21         25         41       0       
   567   21         27         39       10      
   568   21         25         43       0       
   569   20         19         51       2       
   570   21         25         36       8       
   571   21         25         44       1       
   572   21         25         47       4       
   573   21         29         30       16      
   574   21         31         31       16      
   575   21         29         38       7       
   576   21         24         37       7       
   577   21         22         47       0       
   578   21         19         54       0       
   579   21         19         45       0       
   580   21         21         52       0       
   581   21         20         56       0       
   582   20         19         58       0       
   583   20         17         48       2       
   584   21         27         44       5       
   585   21         22         56       0       
   586   20         29         33       12      
   587   21         25         53       7       
   588   21         20         48       1       
   589   21         20         50       0       
   590   21         21         45       0       
   591   21         18         57       0       
   592   21         24         40       0       
   593   21         17         46       0       
   594   20         20         50       0       
   595   21         24         45       14      
   596   21         25         42       6       
   597   21         26         35       6       
   598   21         22         46       0       
   599   21         25         51       0       
   600   21         22         55       0       
   601   21         25         40       14      
   602   21         30         34       16      
   603   21         28         37       12      
   604   21         24         44       9       
   605   21         21         55       1       
   606   21         25         45       4       
   607   21         23         47       3       
   608   21         24         47       7       
   609   21         26         49       11      
   610   21         25         50       0       
   611   20         20         45       0       
   612   21         19         48       0       
   613   21         22         49       9       
   614   21         19         59       0       
   615   21         24         49       0       
   616   21         23         51       0       
   617   21         27         37       8       
   618   21         22         55       2       
   619   21         21         54       0       
   620   21         20         61       0       
   621   21         28         42       9       
   622   21         27         35       9       
   623   21         34         40       19      
   624   20         21         55       4       
   625   21         22         42       0       
   626   21         21         57       0       
   627   21         23         54       0       
   628   21         21         48       0       
   629   21         23         43       0       
   630   21         20         55       0       
   631   21         21         45       0       
   632   20         24         36       9       
   633   20         26         34       10      
   634   21         23         47       5       
   635   20         20         46       0       
   636   21         21         44       0       
   637   21         29         42       14      
   638   21         31         36       12      
   639   21         25         50       8       
   640   21         21         42       0       
   641   21         25         56       13      
   642   21         30         35       12      
   643   21         22         43       0       
   644   20         22         47       8       
   645   21         20         43       0       
   646   21         21         57       7       
   647   21         28         37       12      
   648   20         21         52       0       
   649   20         23         40       8       
   650   21         26         38       6       
   651   21         24         47       7       
   652   21         21         46       2       
   653   21         27         37       12      
   654   21         24         40       0       
   655   21         23         46       0       
   656   21         16         49       0       
   657   21         23         38       0       
   658   21         23         45       0       
   659   21         20         47       0       
   660   21         21         55       0       
   661   21         18         46       0       
   662   21         19         42       0       
   663   20         17         56       0       
   664   20         26         34       10      
   665   21         20         48       6       
   666   21         27         39       8       
   667   21         22         39       0       
   668   21         27         33       5       
   669   21         26         46       10      
   670   21         28         36       18      
   671   21         22         52       3       
   672   21         22         52       0       
   673   21         20         44       0       
   674   21         26         43       9       
   675   21         28         34       15      
   676   21         29         38       15      
   677   21         21         47       0       
   678   21         24         37       0       
   679   21         34         34       22      
   680   21         28         32       10      
   681   21         23         48       8       
   682   21         24         42       5       
   683   21         27         42       14      
   684   21         30         39       19      
   685   21         22         43       0       
   686   21         23         46       7       
   687   21         25         36       9       
   688   21         25         46       11      
   689   21         23         46       0       
   690   21         21         46       0       
   691   20         21         44       8       
   692   21         29         41       7       
   693   21         27         39       14      
   694   21         29         33       16      
   695   21         20         55       0       
   696   21         29         28       8       
   697   21         20         46       5       
   698   21         22         45       5       
   699   21         21         49       2       
   700   21         24         47       10      
   701   21         20         53       0       
   702   21         27         45       6       
   703   20         24         42       8       
   704   21         21         43       0       
   705   20         19         50       0       
   706   21         30         33       10      
   707   21         32         38       13      
   708   21         35         32       22      
   709   21         19         48       0       
   710   20         21         47       0       
   711   21         23         40       0       
   712   21         17         65       0       
   713   21         27         37       0       
   714   21         22         41       0       
   715   21         22         45       6       
   716   21         26         37       9       
   717   20         18         59       0       
   718   21         22         47       2       
   719   21         24         51       9       
   720   21         24         42       0       
   721   20         26         45       15      
   722   20         20         53       6       
   723   21         23         38       7       
   724   21         22         41       0       
   725   21         27         39       12      
   726   20         21         40       6       
   727   21         24         52       11      
   728   21         22         49       0       
   729   21         27         32       9       
   730   21         25         41       8       
   731   21         23         42       6       
   732   20         22         43       0       
   733   21         20         49       0       
   734   21         23         45       0       
   735   20         20         48       0       
   736   21         21         53       0       
   737   20         21         42       0       
   738   21         22         47       0       
   739   21         26         35       10      
   740   20         23         49       0       
   741   21         21         45       0       
   742   21         21         46       0       
   743   21         25         41       8       
   744   21         25         37       5       
   745   21         31         30       18      
   746   20         22         43       0       
   747   21         26         33       6       
   748   21         29         44       16      
   749   21         35         27       25      
   750   21         30         29       15      
   751   21         31         36       12      
   752   21         26         37       10      
   753   20         22         39       0       
   754   21         20         67       3       
   755   21         23         44       5       
   756   21         27         35       17      
   757   21         26         43       0       
   758   21         23         45       3       
   759   20         26         35       11      
   760   21         25         46       9       
   761   21         26         37       5       
   762   20         30         27       16      
   763   20         20         42       9       
   764   21         21         46       0       
   765   21         26         40       4       
   766   21         23         36       7       
   767   21         20         46       0       
   768   21         30         32       11      
   769   21         27         38       7       
   770   21         23         48       8       
   771   21         24         57       11      
   772   21         29         41       15      
   773   21         25         37       8       
   774   21         22         60       7       
   775   20         26         45       10      
   776   21         22         55       0       
   777   21         19         60       4       
   778   21         19         49       0       
   779   20         20         66       0       
   780   21         28         37       9       
   781   20         18         45       0       
   782   21         19         52       0       
   783   21         20         58       1       
   784   21         22         46       6       
   785   21         24         53       3       
   786   21         27         41       7       
   787   21         21         45       0       
   788   21         25         53       6       
   789   21         28         45       13      
   790   21         31         32       15      
   791   21         26         36       7       
   792   21         27         34       10      
   793   21         18         49       0       
   794   21         21         55       0       
   795   21         22         43       0       
   796   20         20         43       0       
   797   21         20         42       0       
   798   21         19         48       0       
   799   20         17         56       0       
   800   21         20         46       0       
   801   21         20         49       0       
   802   21         18         52       0       
   803   21         24         44       0       
   804   20         20         55       0       
   805   21         22         61       7       
   806   21         23         49       5       
   807   20         19         50       5       
   808   21         26         39       13      
   809   20         19         38       0       
   810   21         22         44       0       
   811   21         23         39       6       
   812   21         21         48       0       
   813   21         24         44       0       
   814   21         24         51       10      
   815   20         22         41       3       
   816   21         21         49       0       
   817   21         29         45       9       
   818   21         24         58       5       
   819   21         32         38       17      
   820   21         26         52       11      
   821   20         27         36       7       
   822   21         19         49       0       
   823   21         24         59       4       
   824   21         34         37       25      
   825   21         26         42       11      
   826   21         28         54       14      
   827   21         16         59       0       
   828   21         27         39       5       
   829   21         29         33       12      
   830   21         20         60       2       
   831   21         22         49       3       
   832   21         26         45       10      
   833   21         27         42       16      
   834   21         32         31       19      
   835   21         22         58       0       
   836   21         26         40       9       
   837   21         24         54       0       
   838   21         22         45       11      
   839   21         27         37       8       
   840   21         17         68       0       
   841   21         17         51       0       
   842   21         21         46       0       
   843   21         23         39       0       
   844   21         22         47       0       
   845   21         22         48       0       
   846   20         20         45       0       
   847   20         19         43       0       
   848   20         22         46       9       
   849   21         21         50       6       
   850   21         25         37       9       
   851   21         22         41       0       
   852   21         25         39       0       
   853   21         20         50       0       
   854   21         24         46       6       
   855   21         27         43       10      
   856   21         27         40       9       
   857   20         23         44       0       
   858   21         21         46       0       
   859   21         32         39       16      
   860   20         26         44       10      
   861   21         24         45       3       
   862   21         29         37       14      
   863   20         24         48       10      
   864   21         19         50       0       
   865   21         20         52       0       
   866   21         21         52       0       
   867   21         22         40       0       
   868   21         20         62       0       
   869   21         19         51       0       
   870   21         21         49       0       
   871   21         20         51       0       
   872   21         21         51       0       
   873   21         20         55       0       
   874   21         19         47       0       
   875   21         26         45       0       
   876   21         21         48       0       
   877   21         25         39       6       
   878   21         19         58       0       
   879   20         24         42       6       
   880   21         23         56       9       
   881   21         25         39       12      
   882   21         19         43       0       
   883   20         26         40       9       
   884   21         21         45       0       
   885   21         20         56       5       
   886   21         24         43       4       
   887   21         25         40       7       
   888   20         23         56       0       
   889   21         21         60       0       
   890   21         22         52       0       
   891   21         24         45       0       
   892   21         24         41       0       
   893   20         19         47       0       
   894   21         19         58       0       
   895   21         21         52       8       
   896   21         19         49       0       
   897   21         22         42       0       
   898   21         21         45       5       
   899   21         25         39       11      
   900   21         25         37       6       
   901   21         19         50       0       
   902   21         18         53       0       
   903   21         18         49       0       
   904   21         21         49       0       
   905   21         21         45       0       
   906   20         22         42       0       
   907   21         22         52       0       
   908   21         24         43       0       
   909   21         20         43       0       
   910   21         25         38       11      
   911   21         30         48       11      
   912   21         27         54       6       
   913   21         18         50       0       
   914   21         23         40       0       
   915   21         21         49       0       
   916   21         20         53       0       
   917   21         20         49       0       
   918   21         22         52       0       
   919   21         23         39       0       
   920   21         28         45       0       
   921   21         20         57       1       
   922   21         28         52       6       
   923   21         24         56       9       
   924   21         25         49       9       
   925   21         24         64       11      
   926   21         25         49       10      
   927   21         25         51       8       
   928   21         30         33       14      
   929   20         23         44       3       
   930   21         28         45       11      
   931   21         21         48       5       
   932   21         24         47       6       
   933   21         29         39       15      
   934   21         19         53       0       
   935   21         23         50       0       
   936   21         23         47       0       
   937   21         25         38       12      
   938   21         20         50       8       
   939   21         19         59       2       
   940   21         24         38       7       
   941   21         36         31       18      
   942   21         21         59       3       
   943   21         26         35       10      
   944   21         26         40       0       
   945   21         19         50       0       
   946   21         19         64       0       
   947   21         21         48       6       
   948   20         26         36       4       
   949   21         26         42       9       
   950   20         19         53       0       
   951   21         22         49       0       
   952   21         24         49       0       
   953   20         23         43       4       
   954   21         27         44       10      
   955   21         20         53       0       
   956   21         25         46       0       
   957   21         19         50       0       
   958   21         23         51       0       
   959   21         22         44       0       
   960   21         23         63       0       
   961   20         26         34       11      
   962   20         26         34       15      
   963   21         29         34       18      
   964   20         20         41       7       
   965   21         20         51       0       
   966   21         25         37       11      
   967   21         24         47       8       
   968   20         21         47       0       
   969   21         29         38       10      
   970   21         17         56       0       
   971   21         27         46       11      
   972   21         23         45       0       
   973   21         18         61       1       
   974   21         26         39       9       
   975   20         25         34       10      
   976   21         20         49       0       
   977   20         15         71       0       
   978   21         18         58       0       
   979   21         24         43       0       
   980   21         21         50       0       
   981   21         23         54       0       
   982   21         19         49       0       
   983   20         23         43       0       
   984   20         18         51       0       
   985   21         23         63       10      
   986   21         21         46       0       
   987   21         21         52       0       
   988   21         23         41       0       
   989   21         25         39       9       
   990   21         31         34       7       
   991   21         23         42       0       
   992   21         27         42       12      
   993   21         18         66       2       
   994   21         27         41       12      
   995   21         24         55       11      
   996   21         33         34       20      
   997   21         23         42       0       
   998   21         27         35       11      
   999   21         34         27       19      
   1000  21         25         46       13      
   1001  21         24         46       4       
   1002  21         19         55       0       
   1003  21         30         26       14      
   1004  20         31         26       22      
   1005  20         21         49       10      
   1006  20         22         41       1       
   1007  21         30         32       13      
   1008  20         22         40       0       
   1009  21         22         50       9       
   1010  21         24         44       0       
   1011  21         26         47       0       
   1012  21         21         47       0       
   1013  21         25         38       8       
   1014  20         27         32       10      
   1015  21         19         49       0       
   1016  21         19         47       0       
   1017  21         22         47       0       
   1018  21         24         47       0       
   1019  21         22         49       0       
   1020  21         21         50       0       
   1021  21         26         38       8       
   1022  20         22         40       5       
   1023  20         24         42       9       
   1024  21         21         48       0       
   1025  20         23         41       0       
   1026  21         21         46       0       
   1027  21         25         39       0       
   1028  21         19         57       0       
   1029  21         22         48       0       
   1030  21         20         51       0       
   1031  21         20         55       0       
   1032  21         22         41       0       
   1033  21         24         41       6       
   1034  21         27         40       0       
   1035  21         23         44       0       
   1036  21         20         57       7       
   1037  21         27         33       9       
   1038  21         20         49       0       
   1039  21         21         47       0       
   1040  21         23         48       6       
   1041  20         24         47       5       
   1042  21         27         42       13      
   1043  21         22         50       0       
   1044  21         19         59       0       
   1045  21         21         50       1       
   1046  21         27         42       13      
   1047  20         24         44       0       
   1048  21         33         32       17      
   1049  21         30         39       18      
   1050  21         22         46       1       
   1051  21         26         41       5       
   1052  21         27         33       10      
   1053  21         29         31       15      
   1054  21         29         33       15      
   1055  21         21         48       0       
   1056  21         26         44       8       
   1057  21         17         59       0       
   1058  20         17         57       0       
   1059  21         21         44       0       
   1060  21         20         68       9       
   1061  21         28         45       10      
   1062  21         24         42       6       
   1063  21         26         38       3       
   1064  21         21         49       0       
   1065  21         23         42       7       
   1066  21         22         44       0       
   1067  20         29         41       12      
   1068  21         30         42       13      
   1069  21         24         53       7       
   1070  21         29         37       11      
   1071  21         21         51       0       
   1072  21         18         59       0       
   1073  21         26         39       6       
   1074  21         28         45       8       
   1075  20         29         30       15      
   1076  21         20         42       0       
   1077  21         29         30       12      
   1078  21         20         47       0       
   1079  21         32         40       12      
   1080  21         23         55       12      
   1081  21         18         60       0       
   1082  21         25         41       7       
   1083  21         28         38       11      
   1084  21         30         38       10      
   1085  21         21         56       0       
   1086  21         17         53       1       
   1087  21         20         51       0       
   1088  20         23         56       0       
   1089  21         22         52       0       
   1090  21         18         67       0       
   1091  21         20         47       0       
   1092  21         21         57       1       
   1093  21         24         42       5       
   1094  20         21         60       9       
   1095  21         23         45       0       
   1096  20         21         51       0       
   1097  21         25         39       0       
   1098  21         28         35       11      
   1099  21         23         60       0       
   1100  21         20         47       0       
   1101  21         25         45       0       
   1102  21         19         63       0       
   1103  21         20         51       0       
   1104  20         20         55       0       
   1105  21         20         52       0       
   1106  20         22         42       0       
   1107  20         15         66       0       
   1108  20         21         48       0       
   1109  21         19         43       0       
   1110  21         23         37       0       
   1111  21         22         54       0       
   1112  21         19         48       0       
   1113  21         21         41       0       
   1114  21         19         61       0       
   1115  20         19         49       0       
   1116  21         25         39       4       
   1117  21         20         44       0       
   1118  21         21         49       0       
   1119  21         21         43       0       
   1120  21         19         47       0       
   1121  21         22         43       0       
   1122  21         24         44       0       
   1123  21         21         51       0       
   1124  21         23         48       0       
   1125  20         19         56       0       
   1126  21         23         39       0       
   1127  21         17         75       0       
   1128  21         19         46       0       
   1129  21         17         52       0       
   1130  21         23         56       5       
   1131  21         27         40       8       
   1132  21         27         38       10      
   1133  21         23         46       0       
   1134  21         24         45       0       
   1135  21         22         40       8       
   1136  21         21         48       0       
   1137  21         28         35       10      
   1138  21         24         45       7       
   1139  21         23         52       0       
   1140  21         28         36       5       
   1141  20         23         42       7       
   1142  21         26         39       6       
   1143  21         21         44       8       
   1144  21         21         49       0       
   1145  21         28         38       7       
   1146  21         26         52       0       
   1147  21         24         47       4       
   1148  21         25         38       5       
   1149  21         21         42       0       
   1150  20         23         45       0       
   1151  20         18         60       0       
   1152  21         26         37       8       
   1153  21         30         29       13      
   1154  21         26         37       8       
   1155  21         18         63       1       
   1156  21         25         45       14      
   1157  21         35         29       24      
   1158  20         28         32       15      
   1159  21         31         34       19      
   1160  21         26         39       10      
   1161  21         25         43       12      
   1162  21         23         41       4       
   1163  21         32         36       11      
   1164  21         19         59       2       
   1165  21         16         56       0       
   1166  21         22         53       5       
   1167  21         33         37       13      
   1168  21         25         38       8       
   1169  21         33         33       17      
   1170  21         26         41       8       
   1171  21         21         48       10      
   1172  20         25         50       10      
   1173  21         26         33       6       
   1174  21         20         52       0       
   1175  21         20         53       0       
   1176  21         21         50       0       
   1177  21         23         43       4       
   1178  21         22         45       0       
   1179  21         20         49       8       
   1180  20         26         35       11      
   1181  21         28         35       17      
   1182  21         26         48       10      
   1183  21         22         50       0       
   1184  21         22         54       0       
   1185  21         23         56       0       
   1186  21         26         40       11      
   1187  21         27         39       10      
   1188  21         24         43       4       
   1189  21         17         55       0       
   1190  21         24         41       0       
   1191  21         19         46       0       
   1192  21         25         39       0       
   1193  21         23         42       0       
   1194  21         21         49       0       
   1195  21         24         40       6       
   1196  21         21         48       0       
   1197  21         24         42       4       
   1198  20         23         42       4       
   1199  21         24         43       12      
   1200  21         25         40       0       
   1201  21         27         41       11      
   1202  21         26         36       10      
   1203  21         31         32       19      
   1204  21         24         41       8       
   1205  21         21         47       0       
   1206  21         22         52       2       
   1207  21         19         53       9       
   1208  21         22         46       0       
   1209  21         32         36       19      
   1210  21         29         35       15      
   1211  21         29         33       17      
   1212  20         36         22       23      
   1213  21         32         29       15      
   1214  21         21         40       0       
   1215  21         31         36       11      
   1216  20         21         43       2       
   1217  21         29         33       16      
   1218  21         27         34       8       
   1219  21         26         35       10      
   1220  21         22         42       0       
   1221  21         26         43       9       
   1222  20         18         54       0       
   1223  20         22         38       6       
   1224  21         21         54       4       
   1225  21         21         52       1       
   1226  21         23         49       0       
   1227  20         21         45       0       
   1228  21         18         80       6       
   1229  20         22         43       7       
   1230  21         29         35       6       
   1231  21         22         46       0       
   1232  20         24         39       7       
   1233  21         25         38       6       
   1234  20         29         36       15      
   1235  21         27         38       9       
   1236  20         24         40       5       
   1237  21         24         52       6       
   1238  20         17         58       0       
   1239  21         25         43       9       
   1240  21         27         45       6       
   1241  21         21         61       0       
   1242  21         21         43       0       
   1243  21         20         44       0       
   1244  21         19         58       0       
   1245  20         22         52       0       
   1246  21         22         45       0       
   1247  21         20         65       0       
   1248  21         22         44       0       
   1249  21         19         44       0       
   1250  21         21         51       0       
   1251  21         20         44       0       
   1252  21         26         38       9       
   1253  21         22         53       6       
   1254  21         25         42       4       
   1255  21         26         38       10      
   1256  21         23         43       4       
   1257  21         23         42       0       
   1258  20         25         46       6       
   1259  21         29         41       13      
   1260  20         29         35       17      
   1261  21         20         48       0       
   1262  21         23         42       0       
   1263  21         19         51       0       
   1264  20         20         62       0       
   1265  21         21         49       0       
   1266  21         22         47       0       
   1267  21         28         45       10      
   1268  21         24         43       2       
   1269  21         26         39       6       
   1270  21         23         52       0       
   1271  21         21         50       0       
   1272  21         21         49       0       
   1273  20         17         55       0       
   1274  21         20         45       0       
   1275  21         23         49       0       
   1276  21         26         44       11      
   1277  21         25         41       8       
   1278  21         26         39       5       
   1279  21         20         50       0       
   1280  21         19         45       0       
   1281  21         20         56       0       
   1282  21         21         43       0       
   1283  21         24         51       0       
   1284  21         19         51       0       
   1285  21         28         37       12      
   1286  21         29         39       15      
   1287  21         24         37       7       
   1288  21         22         52       3       
   1289  20         20         40       0       
   1290  21         19         57       0       
   1291  21         23         55       11      
   1292  21         27         40       9       
   1293  21         25         40       7       
   1294  20         23         37       0       
   1295  21         20         46       0       
   1296  21         20         50       3       
   1297  21         19         54       0       
   1298  21         19         43       0       
   1299  21         19         46       0       
   1300  21         21         58       0       
   1301  21         21         41       0       
   1302  21         19         47       0       
   1303  21         23         41       9       
   1304  20         18         55       0       
   1305  21         26         37       6       
   1306  20         22         46       4       
   1307  21         24         43       5       
   1308  21         22         48       0       
   1309  21         20         52       0       
   1310  21         21         52       0       
   1311  21         20         54       0       
   1312  21         23         43       0       
   1313  21         20         45       0       
   1314  21         24         42       0       
   1315  21         24         47       0       
   1316  21         23         53       0       
   1317  21         21         49       5       
   1318  21         22         42       6       
   1319  21         16         54       1       
   1320  21         27         36       8       
   1321  21         25         38       10      
   1322  20         30         33       18      
   1323  21         27         37       14      
   1324  21         29         32       13      
   1325  21         22         43       0       
   1326  21         22         43       0       
   1327  20         26         42       9       
   1328  21         22         49       0       
   1329  21         19         51       0       
   1330  21         23         45       0       
   1331  21         20         59       10      
   1332  21         26         35       11      
   1333  21         22         42       0       
   1334  21         23         50       0       
   1335  20         23         43       0       
   1336  21         24         46       10      
   1337  20         24         37       7       
   1338  20         21         50       1       
   1339  21         29         38       18      
   1340  21         27         42       7       
   1341  21         26         37       7       
   1342  21         22         41       0       
   1343  21         24         41       8       
   1344  20         23         40       5       
   1345  21         21         54       8       
   1346  21         23         56       7       
   1347  21         27         39       9       
   1348  21         21         47       0       
   1349  21         18         57       2       
   1350  21         22         43       0       
   1351  21         21         47       0       
   1352  21         24         45       8       
   1353  21         26         43       10      
   1354  21         32         30       22      
   1355  21         27         35       10      
   1356  21         22         47       5       
   1357  21         25         42       11      
   1358  21         27         40       10      
   1359  21         24         43       9       
   1360  20         23         44       0       
   1361  21         23         40       0       
   1362  21         19         43       0       
   1363  21         23         47       0       
   1364  21         21         47       0       
   1365  21         20         55       0       
   1366  21         18         45       0       
   1367  21         19         44       0       
   1368  21         23         45       0       
   1369  21         22         48       4       
   1370  21         18         53       0       
   1371  21         24         35       6       
   1372  21         30         42       19      
   1373  21         26         51       8       
   1374  21         25         40       7       
   1375  20         32         30       20      
   1376  21         30         31       12      
   1377  21         33         24       24      
   1378  21         29         31       14      
   1379  21         27         33       7       
   1380  21         22         42       0       
   1381  21         19         52       0       
   1382  21         19         50       0       
   1383  20         24         39       8       
   1384  21         22         46       10      
   1385  20         21         47       0       
   1386  21         25         38       10      
   1387  21         23         46       4       
   1388  21         26         43       3       
   1389  21         27         36       16      
   1390  21         28         45       14      
   1391  21         20         43       0       
   1392  21         28         31       9       
   1393  21         28         38       14      
   1394  21         23         45       11      
   1395  21         30         42       12      
   1396  21         23         45       3       
   1397  21         21         47       0       
   1398  21         29         36       9       
   1399  21         24         47       1       
   1400  21         25         39       11      
   1401  21         18         47       0       
   1402  20         20         47       3       
   1403  21         17         68       0       
   1404  21         27         41       10      
   1405  21         21         55       0       
   1406  21         18         56       0       
   1407  21         22         50       0       
   1408  21         21         56       0       
   1409  21         21         50       0       
   1410  21         23         45       0       
   1411  21         25         39       6       
   1412  21         22         43       0       
   1413  21         24         37       7       
   1414  21         24         40       0       
   1415  21         20         49       0       
   1416  20         23         48       12      
   1417  21         24         40       12      
   1418  21         16         56       0       
   1419  20         21         45       0       
   1420  21         21         47       0       
   1421  21         22         49       10      
   1422  21         28         36       5       
   1423  20         20         50       0       
   1424  21         20         44       0       
   1425  21         20         51       0       
   1426  21         22         44       0       
   1427  21         21         59       0       
   1428  21         22         52       0       
   1429  20         19         47       0       
   1430  21         25         45       4       
   1431  21         29         41       11      
   1432  21         31         30       18      
   1433  21         22         50       4       
   1434  21         26         37       9       
   1435  21         23         48       3       
   1436  21         24         44       7       
   1437  21         19         48       0       
   1438  21         25         39       6       
   1439  21         22         45       0       
   1440  21         27         43       9       
   1441  21         20         43       0       
   1442  21         22         42       0       
   1443  20         15         64       0       
   1444  21         19         54       0       
   1445  20         20         49       0       
   1446  21         18         71       0       
   1447  21         25         38       10      
   1448  21         22         44       0       
   1449  21         29         43       11      
   1450  21         25         44       10      
   1451  21         24         44       0       
   1452  21         26         44       0       
   1453  21         24         50       0       
   1454  20         26         37       10      
   1455  21         28         41       10      
   1456  21         20         49       5       
   1457  21         24         40       0       
   1458  21         25         52       5       
   1459  21         20         53       0       
   1460  21         26         45       2       
   1461  21         28         34       16      
   1462  21         23         36       8       
   1463  21         27         42       10      
   1464  21         20         42       0       
   1465  21         27         43       10      
   1466  21         19         49       0       
   1467  21         33         30       20      
   1468  21         27         40       13      
   1469  21         17         57       0       
   1470  21         27         39       11      
   1471  20         22         57       8       
   1472  21         22         42       0       
   1473  21         23         46       1       
   1474  21         22         46       0       
   1475  21         23         37       8       
   1476  21         27         40       8       
   1477  21         23         51       0       
   1478  21         20         46       0       
   1479  21         29         35       10      
   1480  21         21         49       0       
   1481  21         27         36       11      
   1482  20         24         46       0       
   1483  21         22         44       0       
   1484  21         20         52       0       
   1485  21         22         55       0       
   1486  20         20         43       0       
   1487  21         22         50       0       
   1488  21         20         57       0       
   1489  21         20         52       8       
   1490  21         27         38       14      
   1491  21         34         31       17      
   1492  21         19         56       0       
   1493  21         26         42       7       
   1494  21         21         53       0       
   1495  21         21         46       0       
   1496  20         20         53       0       
   1497  21         21         52       0       
   1498  21         27         35       9       
   1499  21         28         36       8       
   1500  20         26         41       9       
   1501  21         24         44       3       
   1502  21         33         36       25      
   1503  21         30         26       16      
   1504  21         24         44       6       
   1505  20         26         34       9       
   1506  21         29         38       13      
   1507  21         30         36       17      
   1508  21         21         50       0       
   1509  21         25         57       5       
   1510  21         24         40       10      
   1511  21         33         30       19      
   1512  21         27         43       9       
   1513  21         21         64       0       
   1514  21         19         69       5       
   1515  21         24         42       9       
   1516  20         22         59       7       
   1517  21         20         47       0       
   1518  21         21         45       0       
   1519  21         21         46       9       
   1520  21         22         40       0       
   1521  21         19         43       0       
   1522  21         29         48       14      
   1523  21         32         34       16      
   1524  21         33         33       16      
   1525  21         24         39       7       
   1526  21         19         49       0       
   1527  21         24         37       7       
   1528  21         25         42       8       
   1529  21         23         42       0       
   1530  21         27         43       5       
   1531  21         21         53       0       
   1532  21         22         49       0       
   1533  21         20         51       0       
   1534  21         20         50       0       
   1535  21         21         49       0       
   1536  21         23         43       0       
----------------------------------------------------------------------------------------------
   ave   20.8       23.3       44.7     4.7     
Writing of partitioned mesh finished

Thank you for using Elmergrid!
Send bug reports and feature wishes to elmeradm@csc.fi
Running ElmerSolver...

Solver linsys/BPC_BiCGStab2_ILU0.sif not recommended for given problem. Ignoring it


Solver linsys/BPC_BiCGStab2_ILU1.sif not recommended for given problem. Ignoring it


Solver linsys/BPC_BiCGStab2_none.sif not recommended for given problem. Ignoring it


Solver linsys/BPC_BiCGStab4_ILU0.sif not recommended for given problem. Ignoring it


Solver linsys/BPC_BiCGStab4_ILU1.sif not recommended for given problem. Ignoring it


Solver linsys/BPC_BiCGStab4_none.sif not recommended for given problem. Ignoring it


Solver linsys/BPC_BiCGStab_BoomerAMG.sif not recommended for given problem. Ignoring it


Solver linsys/BPC_BiCGStab_BoomerAMG_wos.sif not recommended for given problem. Ignoring it


Solver linsys/BPC_CG_ILU0.sif not recommended for given problem. Ignoring it


Solver linsys/BPC_CG_ILU1.sif not recommended for given problem. Ignoring it


Solver linsys/BPC_CG_none.sif not recommended for given problem. Ignoring it


Solver linsys/BPC_GCR_Z_Quadratic_Hcurl_GCR_mumps.sif not recommended for given problem. Ignoring it


Solver linsys/BPC_GCR_Z_Quadratic_Hcurl_GCR_umfpack.sif not recommended for given problem. Ignoring it


Solver linsys/BPC_Gmres_ILU0.sif not recommended for given problem. Ignoring it


Solver linsys/BPC_idrs5_ILU0.sif not recommended for given problem. Ignoring it


Solver linsys/BPC_idrs5_vanka.sif not recommended for given problem. Ignoring it


Solver linsys/direct_MUMPS.sif not recommended for given problem. Ignoring it


Solver linsys/direct_umfpack.sif not recommended for given problem. Ignoring it


Solver linsys/elmer_BPC.sif not recommended for given problem. Ignoring it


Solver linsys/elmer_feti_mumps_10.sif not recommended for given problem. Ignoring it


Solver linsys/elmer_feti_mumps.sif not recommended for given problem. Ignoring it


Solver linsys/elmer_GCR_GMG_jacobi_BiCGStab_none.sif not recommended for given problem. Ignoring it


Solver linsys/elmer_GCR_GMG_wjacobi_CG.sif not recommended for given problem. Ignoring it


Solver linsys/elmer_GMG_sgs_BiCGStab_none.sif not recommended for given problem. Ignoring it


Solver linsys/elmer_iter_BiCGStab2_BILU0.sif not recommended for given problem. Ignoring it


Solver linsys/elmer_iter_BiCGStab2_BILU1.sif not recommended for given problem. Ignoring it


Solver linsys/elmer_iter_BiCGStab2_ILU0.sif not recommended for given problem. Ignoring it


Solver linsys/elmer_iter_BiCGStab2_ILU1.sif not recommended for given problem. Ignoring it


Solver linsys/elmer_iter_BiCGStab2_ILUT_1.sif not recommended for given problem. Ignoring it


Solver linsys/elmer_iter_BiCGStab2_ILUT_2.sif not recommended for given problem. Ignoring it


Solver linsys/elmer_iter_BiCGStab2_ILUT_3.sif not recommended for given problem. Ignoring it


Solver linsys/elmer_iter_BiCGStab2_ILUT_4.sif not recommended for given problem. Ignoring it


Solver linsys/elmer_iter_BiCGStab2_ILUT_5.sif not recommended for given problem. Ignoring it


Solver linsys/elmer_iter_BiCGStab2_ILUT_6.sif not recommended for given problem. Ignoring it


Solver linsys/elmer_iter_BiCGStab2_ILUT_7.sif not recommended for given problem. Ignoring it


Solver linsys/elmer_iter_BiCGStab2_none.sif not recommended for given problem. Ignoring it


Solver linsys/elmer_iter_BiCGStab2_vanka1.sif not recommended for given problem. Ignoring it


Solver linsys/elmer_iter_BiCGStab2_vanka2.sif not recommended for given problem. Ignoring it


Solver linsys/elmer_iter_BiCGStab2_vanka.sif not recommended for given problem. Ignoring it


Solver linsys/elmer_iter_BiCGStab4_ILU0.sif not recommended for given problem. Ignoring it


Solver linsys/elmer_iter_BiCGStab4_ILU1.sif not recommended for given problem. Ignoring it


Solver linsys/elmer_iter_BiCGStab4_none.sif not recommended for given problem. Ignoring it


Solver linsys/elmer_iter_BiCGStab_ILU0.sif not recommended for given problem. Ignoring it


Solver linsys/elmer_iter_BiCGStab_ILU1.sif not recommended for given problem. Ignoring it


Solver linsys/elmer_iter_BiCGStab_none.sif not recommended for given problem. Ignoring it



-----------------------------------
Starting linsys/elmer_iter_CG_ILU0.sif with mesh level 3

ELMER SOLVER (v 26.2) STARTED AT: 2026/07/28 13:55:55
ELMER SOLVER (v 26.2) STARTED AT: 2026/07/28 13:55:55
ELMER SOLVER (v 26.2) STARTED AT: 2026/07/28 13:55:55
ELMER SOLVER (v 26.2) STARTED AT: 2026/07/28 13:55:55
ELMER SOLVER (v 26.2) STARTED AT: 2026/07/28 13:55:55
ELMER SOLVER (v 26.2) STARTED AT: 2026/07/28 13:55:55
ELMER SOLVER (v 26.2) STARTED AT: 2026/07/28 13:55:55
ELMER SOLVER (v 26.2) STARTED AT: 2026/07/28 13:55:55
ELMER SOLVER (v 26.2) STARTED AT: 2026/07/28 13:55:55
ELMER SOLVER (v 26.2) STARTED AT: 2026/07/28 13:55:55
ELMER SOLVER (v 26.2) STARTED AT: 2026/07/28 13:55:55
ELMER SOLVER (v 26.2) STARTED AT: 2026/07/28 13:55:55
ELMER SOLVER (v 26.2) STARTED AT: 2026/07/28 13:55:55
ELMER SOLVER (v 26.2) STARTED AT: 2026/07/28 13:55:55
ELMER SOLVER (v 26.2) STARTED AT: 2026/07/28 13:55:55
ELMER SOLVER (v 26.2) STARTED AT: 2026/07/28 13:55:55
ELMER SOLVER (v 26.2) STARTED AT: 2026/07/28 13:55:55
ELMER SOLVER (v 26.2) STARTED AT: 2026/07/28 13:55:55
ELMER SOLVER (v 26.2) STARTED AT: 2026/07/28 13:55:55
ELMER SOLVER (v 26.2) STARTED AT: 2026/07/28 13:55:55
ELMER SOLVER (v 26.2) STARTED AT: 2026/07/28 13:55:55
ELMER SOLVER (v 26.2) STARTED AT: 2026/07/28 13:55:55
ELMER SOLVER (v 26.2) STARTED AT: 2026/07/28 13:55:55
ELMER SOLVER (v 26.2) STARTED AT: 2026/07/28 13:55:55
ELMER SOLVER (v 26.2) STARTED AT: 2026/07/28 13:55:55
ELMER SOLVER (v 26.2) STARTED AT: 2026/07/28 13:55:55
ELMER SOLVER (v 26.2) STARTED AT: 2026/07/28 13:55:55
ELMER SOLVER (v 26.2) STARTED AT: 2026/07/28 13:55:55
ELMER SOLVER (v 26.2) STARTED AT: 2026/07/28 13:55:55
ELMER SOLVER (v 26.2) STARTED AT: 2026/07/28 13:55:55
ELMER SOLVER (v 26.2) STARTED AT: 2026/07/28 13:55:55
ELMER SOLVER (v 26.2) STARTED AT: 2026/07/28 13:55:55
ELMER SOLVER (v 26.2) STARTED AT: 2026/07/28 13:55:55
ELMER SOLVER (v 26.2) STARTED AT: 2026/07/28 13:55:55
ELMER SOLVER (v 26.2) STARTED AT: 2026/07/28 13:55:55
ELMER SOLVER (v 26.2) STARTED AT: 2026/07/28 13:55:55
ELMER SOLVER (v 26.2) STARTED AT: 2026/07/28 13:55:55
ELMER SOLVER (v 26.2) STARTED AT: 2026/07/28 13:55:55
ELMER SOLVER (v 26.2) STARTED AT: 2026/07/28 13:55:55
ELMER SOLVER (v 26.2) STARTED AT: 2026/07/28 13:55:55
ELMER SOLVER (v 26.2) STARTED AT: 2026/07/28 13:55:55
ELMER SOLVER (v 26.2) STARTED AT: 2026/07/28 13:55:55
ELMER SOLVER (v 26.2) STARTED AT: 2026/07/28 13:55:55
ELMER SOLVER (v 26.2) STARTED AT: 2026/07/28 13:55:55
ELMER SOLVER (v 26.2) STARTED AT: 2026/07/28 13:55:55
ELMER SOLVER (v 26.2) STARTED AT: 2026/07/28 13:55:55
ELMER SOLVER (v 26.2) STARTED AT: 2026/07/28 13:55:55
ELMER SOLVER (v 26.2) STARTED AT: 2026/07/28 13:55:55
ELMER SOLVER (v 26.2) STARTED AT: 2026/07/28 13:55:55
ELMER SOLVER (v 26.2) STARTED AT: 2026/07/28 13:55:55
ELMER SOLVER (v 26.2) STARTED AT: 2026/07/28 13:55:55
ELMER SOLVER (v 26.2) STARTED AT: 2026/07/28 13:55:55
ELMER SOLVER (v 26.2) STARTED AT: 2026/07/28 13:55:55
ELMER SOLVER (v 26.2) STARTED AT: 2026/07/28 13:55:55
ELMER SOLVER (v 26.2) STARTED AT: 2026/07/28 13:55:55
ELMER SOLVER (v 26.2) STARTED AT: 2026/07/28 13:55:55
ELMER SOLVER (v 26.2) STARTED AT: 2026/07/28 13:55:55
ELMER SOLVER (v 26.2) STARTED AT: 2026/07/28 13:55:55
ELMER SOLVER (v 26.2) STARTED AT: 2026/07/28 13:55:55
ELMER SOLVER (v 26.2) STARTED AT: 2026/07/28 13:55:55
ELMER SOLVER (v 26.2) STARTED AT: 2026/07/28 13:55:55
ELMER SOLVER (v 26.2) STARTED AT: 2026/07/28 13:55:55
ELMER SOLVER (v 26.2) STARTED AT: 2026/07/28 13:55:55
ELMER SOLVER (v 26.2) STARTED AT: 2026/07/28 13:55:55
ELMER SOLVER (v 26.2) STARTED AT: 2026/07/28 13:55:55
ELMER SOLVER (v 26.2) STARTED AT: 2026/07/28 13:55:55
ELMER SOLVER (v 26.2) STARTED AT: 2026/07/28 13:55:55
ELMER SOLVER (v 26.2) STARTED AT: 2026/07/28 13:55:55
ELMER SOLVER (v 26.2) STARTED AT: 2026/07/28 13:55:55
ELMER SOLVER (v 26.2) STARTED AT: 2026/07/28 13:55:55
ELMER SOLVER (v 26.2) STARTED AT: 2026/07/28 13:55:55
ELMER SOLVER (v 26.2) STARTED AT: 2026/07/28 13:55:55
ELMER SOLVER (v 26.2) STARTED AT: 2026/07/28 13:55:55
ELMER SOLVER (v 26.2) STARTED AT: 2026/07/28 13:55:55
ELMER SOLVER (v 26.2) STARTED AT: 2026/07/28 13:55:55
ELMER SOLVER (v 26.2) STARTED AT: 2026/07/28 13:55:55
ELMER SOLVER (v 26.2) STARTED AT: 2026/07/28 13:55:55
ELMER SOLVER (v 26.2) STARTED AT: 2026/07/28 13:55:55
ELMER SOLVER (v 26.2) STARTED AT: 2026/07/28 13:55:55
ELMER SOLVER (v 26.2) STARTED AT: 2026/07/28 13:55:55
ELMER SOLVER (v 26.2) STARTED AT: 2026/07/28 13:55:55
ELMER SOLVER (v 26.2) STARTED AT: 2026/07/28 13:55:55
ELMER SOLVER (v 26.2) STARTED AT: 2026/07/28 13:55:55
ELMER SOLVER (v 26.2) STARTED AT: 2026/07/28 13:55:55
ELMER SOLVER (v 26.2) STARTED AT: 2026/07/28 13:55:55
ELMER SOLVER (v 26.2) STARTED AT: 2026/07/28 13:55:55
ELMER SOLVER (v 26.2) STARTED AT: 2026/07/28 13:55:55
ELMER SOLVER (v 26.2) STARTED AT: 2026/07/28 13:55:55
ELMER SOLVER (v 26.2) STARTED AT: 2026/07/28 13:55:55
ELMER SOLVER (v 26.2) STARTED AT: 2026/07/28 13:55:55
ELMER SOLVER (v 26.2) STARTED AT: 2026/07/28 13:55:55
ELMER SOLVER (v 26.2) STARTED AT: 2026/07/28 13:55:55
ELMER SOLVER (v 26.2) STARTED AT: 2026/07/28 13:55:55
ELMER SOLVER (v 26.2) STARTED AT: 2026/07/28 13:55:55
ELMER SOLVER (v 26.2) STARTED AT: 2026/07/28 13:55:55
ELMER SOLVER (v 26.2) STARTED AT: 2026/07/28 13:55:55
ELMER SOLVER (v 26.2) STARTED AT: 2026/07/28 13:55:55
ELMER SOLVER (v 26.2) STARTED AT: 2026/07/28 13:55:55
ELMER SOLVER (v 26.2) STARTED AT: 2026/07/28 13:55:55
ELMER SOLVER (v 26.2) STARTED AT: 2026/07/28 13:55:55
ELMER SOLVER (v 26.2) STARTED AT: 2026/07/28 13:55:55
ELMER SOLVER (v 26.2) STARTED AT: 2026/07/28 13:55:55
ELMER SOLVER (v 26.2) STARTED AT: 2026/07/28 13:55:55
ELMER SOLVER (v 26.2) STARTED AT: 2026/07/28 13:55:55
ELMER SOLVER (v 26.2) STARTED AT: 2026/07/28 13:55:55
ELMER SOLVER (v 26.2) STARTED AT: 2026/07/28 13:55:55
ELMER SOLVER (v 26.2) STARTED AT: 2026/07/28 13:55:55
ELMER SOLVER (v 26.2) STARTED AT: 2026/07/28 13:55:55
ELMER SOLVER (v 26.2) STARTED AT: 2026/07/28 13:55:55
ELMER SOLVER (v 26.2) STARTED AT: 2026/07/28 13:55:55
ELMER SOLVER (v 26.2) STARTED AT: 2026/07/28 13:55:55
ELMER SOLVER (v 26.2) STARTED AT: 2026/07/28 13:55:55
ELMER SOLVER (v 26.2) STARTED AT: 2026/07/28 13:55:55
ELMER SOLVER (v 26.2) STARTED AT: 2026/07/28 13:55:55
ELMER SOLVER (v 26.2) STARTED AT: 2026/07/28 13:55:55
ELMER SOLVER (v 26.2) STARTED AT: 2026/07/28 13:55:55
ELMER SOLVER (v 26.2) STARTED AT: 2026/07/28 13:55:55
ELMER SOLVER (v 26.2) STARTED AT: 2026/07/28 13:55:55
ELMER SOLVER (v 26.2) STARTED AT: 2026/07/28 13:55:55
ELMER SOLVER (v 26.2) STARTED AT: 2026/07/28 13:55:55
ELMER SOLVER (v 26.2) STARTED AT: 2026/07/28 13:55:55
ELMER SOLVER (v 26.2) STARTED AT: 2026/07/28 13:55:55
ELMER SOLVER (v 26.2) STARTED AT: 2026/07/28 13:55:55
ELMER SOLVER (v 26.2) STARTED AT: 2026/07/28 13:55:55
ELMER SOLVER (v 26.2) STARTED AT: 2026/07/28 13:55:55
ELMER SOLVER (v 26.2) STARTED AT: 2026/07/28 13:55:55
ELMER SOLVER (v 26.2) STARTED AT: 2026/07/28 13:55:55
ELMER SOLVER (v 26.2) STARTED AT: 2026/07/28 13:55:55
ELMER SOLVER (v 26.2) STARTED AT: 2026/07/28 13:55:55
ELMER SOLVER (v 26.2) STARTED AT: 2026/07/28 13:55:55
ELMER SOLVER (v 26.2) STARTED AT: 2026/07/28 13:55:55
ELMER SOLVER (v 26.2) STARTED AT: 2026/07/28 13:55:55
ELMER SOLVER (v 26.2) STARTED AT: 2026/07/28 13:55:55
ELMER SOLVER (v 26.2) STARTED AT: 2026/07/28 13:55:55
ELMER SOLVER (v 26.2) STARTED AT: 2026/07/28 13:55:55
ELMER SOLVER (v 26.2) STARTED AT: 2026/07/28 13:55:55
ELMER SOLVER (v 26.2) STARTED AT: 2026/07/28 13:55:55
ELMER SOLVER (v 26.2) STARTED AT: 2026/07/28 13:55:55
ELMER SOLVER (v 26.2) STARTED AT: 2026/07/28 13:55:55
ELMER SOLVER (v 26.2) STARTED AT: 2026/07/28 13:55:55
ELMER SOLVER (v 26.2) STARTED AT: 2026/07/28 13:55:55
ELMER SOLVER (v 26.2) STARTED AT: 2026/07/28 13:55:55
ELMER SOLVER (v 26.2) STARTED AT: 2026/07/28 13:55:55
ELMER SOLVER (v 26.2) STARTED AT: 2026/07/28 13:55:55
ELMER SOLVER (v 26.2) STARTED AT: 2026/07/28 13:55:55
ELMER SOLVER (v 26.2) STARTED AT: 2026/07/28 13:55:55
ELMER SOLVER (v 26.2) STARTED AT: 2026/07/28 13:55:55
ELMER SOLVER (v 26.2) STARTED AT: 2026/07/28 13:55:55
ELMER SOLVER (v 26.2) STARTED AT: 2026/07/28 13:55:55
ELMER SOLVER (v 26.2) STARTED AT: 2026/07/28 13:55:55
ELMER SOLVER (v 26.2) STARTED AT: 2026/07/28 13:55:55
ELMER SOLVER (v 26.2) STARTED AT: 2026/07/28 13:55:55
ELMER SOLVER (v 26.2) STARTED AT: 2026/07/28 13:55:55
ELMER SOLVER (v 26.2) STARTED AT: 2026/07/28 13:55:55
ELMER SOLVER (v 26.2) STARTED AT: 2026/07/28 13:55:55
ELMER SOLVER (v 26.2) STARTED AT: 2026/07/28 13:55:55
ELMER SOLVER (v 26.2) STARTED AT: 2026/07/28 13:55:55
ELMER SOLVER (v 26.2) STARTED AT: 2026/07/28 13:55:55
ELMER SOLVER (v 26.2) STARTED AT: 2026/07/28 13:55:55
ELMER SOLVER (v 26.2) STARTED AT: 2026/07/28 13:55:55
ELMER SOLVER (v 26.2) STARTED AT: 2026/07/28 13:55:55
ELMER SOLVER (v 26.2) STARTED AT: 2026/07/28 13:55:55
ELMER SOLVER (v 26.2) STARTED AT: 2026/07/28 13:55:55
ELMER SOLVER (v 26.2) STARTED AT: 2026/07/28 13:55:55
ELMER SOLVER (v 26.2) STARTED AT: 2026/07/28 13:55:55
ELMER SOLVER (v 26.2) STARTED AT: 2026/07/28 13:55:55
ELMER SOLVER (v 26.2) STARTED AT: 2026/07/28 13:55:55
ELMER SOLVER (v 26.2) STARTED AT: 2026/07/28 13:55:55
ELMER SOLVER (v 26.2) STARTED AT: 2026/07/28 13:55:55
ELMER SOLVER (v 26.2) STARTED AT: 2026/07/28 13:55:55
ELMER SOLVER (v 26.2) STARTED AT: 2026/07/28 13:55:55
ELMER SOLVER (v 26.2) STARTED AT: 2026/07/28 13:55:55
ELMER SOLVER (v 26.2) STARTED AT: 2026/07/28 13:55:55
ELMER SOLVER (v 26.2) STARTED AT: 2026/07/28 13:55:55
ELMER SOLVER (v 26.2) STARTED AT: 2026/07/28 13:55:55
ELMER SOLVER (v 26.2) STARTED AT: 2026/07/28 13:55:55
ELMER SOLVER (v 26.2) STARTED AT: 2026/07/28 13:55:55
ELMER SOLVER (v 26.2) STARTED AT: 2026/07/28 13:55:55
ELMER SOLVER (v 26.2) STARTED AT: 2026/07/28 13:55:55
ELMER SOLVER (v 26.2) STARTED AT: 2026/07/28 13:55:55
ELMER SOLVER (v 26.2) STARTED AT: 2026/07/28 13:55:55
ELMER SOLVER (v 26.2) STARTED AT: 2026/07/28 13:55:55
ELMER SOLVER (v 26.2) STARTED AT: 2026/07/28 13:55:55
ELMER SOLVER (v 26.2) STARTED AT: 2026/07/28 13:55:55
ELMER SOLVER (v 26.2) STARTED AT: 2026/07/28 13:55:55
ELMER SOLVER (v 26.2) STARTED AT: 2026/07/28 13:55:55
ELMER SOLVER (v 26.2) STARTED AT: 2026/07/28 13:55:55
ELMER SOLVER (v 26.2) STARTED AT: 2026/07/28 13:55:55
ELMER SOLVER (v 26.2) STARTED AT: 2026/07/28 13:55:55
ELMER SOLVER (v 26.2) STARTED AT: 2026/07/28 13:55:55
ELMER SOLVER (v 26.2) STARTED AT: 2026/07/28 13:55:55
ELMER SOLVER (v 26.2) STARTED AT: 2026/07/28 13:55:55
ELMER SOLVER (v 26.2) STARTED AT: 2026/07/28 13:55:55
ELMER SOLVER (v 26.2) STARTED AT: 2026/07/28 13:55:55
ELMER SOLVER (v 26.2) STARTED AT: 2026/07/28 13:55:55
ELMER SOLVER (v 26.2) STARTED AT: 2026/07/28 13:55:55
ELMER SOLVER (v 26.2) STARTED AT: 2026/07/28 13:55:55
ELMER SOLVER (v 26.2) STARTED AT: 2026/07/28 13:55:55
ELMER SOLVER (v 26.2) STARTED AT: 2026/07/28 13:55:55
ELMER SOLVER (v 26.2) STARTED AT: 2026/07/28 13:55:55
ELMER SOLVER (v 26.2) STARTED AT: 2026/07/28 13:55:55
ELMER SOLVER (v 26.2) STARTED AT: 2026/07/28 13:55:55
ELMER SOLVER (v 26.2) STARTED AT: 2026/07/28 13:55:55
ELMER SOLVER (v 26.2) STARTED AT: 2026/07/28 13:55:55
ELMER SOLVER (v 26.2) STARTED AT: 2026/07/28 13:55:55
ELMER SOLVER (v 26.2) STARTED AT: 2026/07/28 13:55:55
ELMER SOLVER (v 26.2) STARTED AT: 2026/07/28 13:55:55
ELMER SOLVER (v 26.2) STARTED AT: 2026/07/28 13:55:55
ELMER SOLVER (v 26.2) STARTED AT: 2026/07/28 13:55:55
ELMER SOLVER (v 26.2) STARTED AT: 2026/07/28 13:55:55
ELMER SOLVER (v 26.2) STARTED AT: 2026/07/28 13:55:55
ELMER SOLVER (v 26.2) STARTED AT: 2026/07/28 13:55:55
ELMER SOLVER (v 26.2) STARTED AT: 2026/07/28 13:55:55
ELMER SOLVER (v 26.2) STARTED AT: 2026/07/28 13:55:55
ELMER SOLVER (v 26.2) STARTED AT: 2026/07/28 13:55:55
ELMER SOLVER (v 26.2) STARTED AT: 2026/07/28 13:55:55
ELMER SOLVER (v 26.2) STARTED AT: 2026/07/28 13:55:55
ELMER SOLVER (v 26.2) STARTED AT: 2026/07/28 13:55:55
ELMER SOLVER (v 26.2) STARTED AT: 2026/07/28 13:55:55
ELMER SOLVER (v 26.2) STARTED AT: 2026/07/28 13:55:55
ELMER SOLVER (v 26.2) STARTED AT: 2026/07/28 13:55:55
ELMER SOLVER (v 26.2) STARTED AT: 2026/07/28 13:55:55
ELMER SOLVER (v 26.2) STARTED AT: 2026/07/28 13:55:55
ELMER SOLVER (v 26.2) STARTED AT: 2026/07/28 13:55:55
ELMER SOLVER (v 26.2) STARTED AT: 2026/07/28 13:55:55
ELMER SOLVER (v 26.2) STARTED AT: 2026/07/28 13:55:55
ELMER SOLVER (v 26.2) STARTED AT: 2026/07/28 13:55:55
ELMER SOLVER (v 26.2) STARTED AT: 2026/07/28 13:55:55
ELMER SOLVER (v 26.2) STARTED AT: 2026/07/28 13:55:55
ELMER SOLVER (v 26.2) STARTED AT: 2026/07/28 13:55:55
ELMER SOLVER (v 26.2) STARTED AT: 2026/07/28 13:55:55
ELMER SOLVER (v 26.2) STARTED AT: 2026/07/28 13:55:55
ELMER SOLVER (v 26.2) STARTED AT: 2026/07/28 13:55:55
ELMER SOLVER (v 26.2) STARTED AT: 2026/07/28 13:55:55
ELMER SOLVER (v 26.2) STARTED AT: 2026/07/28 13:55:55
ELMER SOLVER (v 26.2) STARTED AT: 2026/07/28 13:55:55
ELMER SOLVER (v 26.2) STARTED AT: 2026/07/28 13:55:55
ELMER SOLVER (v 26.2) STARTED AT: 2026/07/28 13:55:55
ELMER SOLVER (v 26.2) STARTED AT: 2026/07/28 13:55:55
ELMER SOLVER (v 26.2) STARTED AT: 2026/07/28 13:55:55
ELMER SOLVER (v 26.2) STARTED AT: 2026/07/28 13:55:55
ELMER SOLVER (v 26.2) STARTED AT: 2026/07/28 13:55:55
ELMER SOLVER (v 26.2) STARTED AT: 2026/07/28 13:55:55
ELMER SOLVER (v 26.2) STARTED AT: 2026/07/28 13:55:55
ELMER SOLVER (v 26.2) STARTED AT: 2026/07/28 13:55:55
ELMER SOLVER (v 26.2) STARTED AT: 2026/07/28 13:55:55
ELMER SOLVER (v 26.2) STARTED AT: 2026/07/28 13:55:55
ELMER SOLVER (v 26.2) STARTED AT: 2026/07/28 13:55:55
ELMER SOLVER (v 26.2) STARTED AT: 2026/07/28 13:55:55
ELMER SOLVER (v 26.2) STARTED AT: 2026/07/28 13:55:55
ELMER SOLVER (v 26.2) STARTED AT: 2026/07/28 13:55:55
ELMER SOLVER (v 26.2) STARTED AT: 2026/07/28 13:55:55
ELMER SOLVER (v 26.2) STARTED AT: 2026/07/28 13:55:55
ELMER SOLVER (v 26.2) STARTED AT: 2026/07/28 13:55:55
ELMER SOLVER (v 26.2) STARTED AT: 2026/07/28 13:55:55
ELMER SOLVER (v 26.2) STARTED AT: 2026/07/28 13:55:55
ELMER SOLVER (v 26.2) STARTED AT: 2026/07/28 13:55:55
ELMER SOLVER (v 26.2) STARTED AT: 2026/07/28 13:55:55
ELMER SOLVER (v 26.2) STARTED AT: 2026/07/28 13:55:55
ELMER SOLVER (v 26.2) STARTED AT: 2026/07/28 13:55:55
ELMER SOLVER (v 26.2) STARTED AT: 2026/07/28 13:55:55
ELMER SOLVER (v 26.2) STARTED AT: 2026/07/28 13:55:55
ELMER SOLVER (v 26.2) STARTED AT: 2026/07/28 13:55:55
ELMER SOLVER (v 26.2) STARTED AT: 2026/07/28 13:55:55
ELMER SOLVER (v 26.2) STARTED AT: 2026/07/28 13:55:55
ELMER SOLVER (v 26.2) STARTED AT: 2026/07/28 13:55:55
ELMER SOLVER (v 26.2) STARTED AT: 2026/07/28 13:55:55
ELMER SOLVER (v 26.2) STARTED AT: 2026/07/28 13:55:55
ELMER SOLVER (v 26.2) STARTED AT: 2026/07/28 13:55:55
ELMER SOLVER (v 26.2) STARTED AT: 2026/07/28 13:55:55
ELMER SOLVER (v 26.2) STARTED AT: 2026/07/28 13:55:55
ELMER SOLVER (v 26.2) STARTED AT: 2026/07/28 13:55:55
ELMER SOLVER (v 26.2) STARTED AT: 2026/07/28 13:55:55
ELMER SOLVER (v 26.2) STARTED AT: 2026/07/28 13:55:55
ELMER SOLVER (v 26.2) STARTED AT: 2026/07/28 13:55:55
ELMER SOLVER (v 26.2) STARTED AT: 2026/07/28 13:55:55
ELMER SOLVER (v 26.2) STARTED AT: 2026/07/28 13:55:55
ELMER SOLVER (v 26.2) STARTED AT: 2026/07/28 13:55:55
ELMER SOLVER (v 26.2) STARTED AT: 2026/07/28 13:55:55
ELMER SOLVER (v 26.2) STARTED AT: 2026/07/28 13:55:56
ELMER SOLVER (v 26.2) STARTED AT: 2026/07/28 13:55:56
ELMER SOLVER (v 26.2) STARTED AT: 2026/07/28 13:55:56
ELMER SOLVER (v 26.2) STARTED AT: 2026/07/28 13:55:56
ELMER SOLVER (v 26.2) STARTED AT: 2026/07/28 13:55:56
ELMER SOLVER (v 26.2) STARTED AT: 2026/07/28 13:55:56
ELMER SOLVER (v 26.2) STARTED AT: 2026/07/28 13:55:56
ELMER SOLVER (v 26.2) STARTED AT: 2026/07/28 13:55:56
ELMER SOLVER (v 26.2) STARTED AT: 2026/07/28 13:55:56
ELMER SOLVER (v 26.2) STARTED AT: 2026/07/28 13:55:56
ELMER SOLVER (v 26.2) STARTED AT: 2026/07/28 13:55:56
ELMER SOLVER (v 26.2) STARTED AT: 2026/07/28 13:55:56
ELMER SOLVER (v 26.2) STARTED AT: 2026/07/28 13:55:56
ELMER SOLVER (v 26.2) STARTED AT: 2026/07/28 13:55:56
ELMER SOLVER (v 26.2) STARTED AT: 2026/07/28 13:55:56
ELMER SOLVER (v 26.2) STARTED AT: 2026/07/28 13:55:56
ELMER SOLVER (v 26.2) STARTED AT: 2026/07/28 13:55:56
ELMER SOLVER (v 26.2) STARTED AT: 2026/07/28 13:55:56
ELMER SOLVER (v 26.2) STARTED AT: 2026/07/28 13:55:56
ELMER SOLVER (v 26.2) STARTED AT: 2026/07/28 13:55:56
ELMER SOLVER (v 26.2) STARTED AT: 2026/07/28 13:55:56
ELMER SOLVER (v 26.2) STARTED AT: 2026/07/28 13:55:56
ELMER SOLVER (v 26.2) STARTED AT: 2026/07/28 13:55:56
ELMER SOLVER (v 26.2) STARTED AT: 2026/07/28 13:55:56
ELMER SOLVER (v 26.2) STARTED AT: 2026/07/28 13:55:56
ELMER SOLVER (v 26.2) STARTED AT: 2026/07/28 13:55:56
ELMER SOLVER (v 26.2) STARTED AT: 2026/07/28 13:55:56
ELMER SOLVER (v 26.2) STARTED AT: 2026/07/28 13:55:56
ELMER SOLVER (v 26.2) STARTED AT: 2026/07/28 13:55:56
ELMER SOLVER (v 26.2) STARTED AT: 2026/07/28 13:55:56
ELMER SOLVER (v 26.2) STARTED AT: 2026/07/28 13:55:56
ELMER SOLVER (v 26.2) STARTED AT: 2026/07/28 13:55:56
ELMER SOLVER (v 26.2) STARTED AT: 2026/07/28 13:55:56
ELMER SOLVER (v 26.2) STARTED AT: 2026/07/28 13:55:56
ELMER SOLVER (v 26.2) STARTED AT: 2026/07/28 13:55:56
ELMER SOLVER (v 26.2) STARTED AT: 2026/07/28 13:55:56
ELMER SOLVER (v 26.2) STARTED AT: 2026/07/28 13:55:56
ELMER SOLVER (v 26.2) STARTED AT: 2026/07/28 13:55:56
ELMER SOLVER (v 26.2) STARTED AT: 2026/07/28 13:55:56
ELMER SOLVER (v 26.2) STARTED AT: 2026/07/28 13:55:56
ELMER SOLVER (v 26.2) STARTED AT: 2026/07/28 13:55:56
ELMER SOLVER (v 26.2) STARTED AT: 2026/07/28 13:55:56
ELMER SOLVER (v 26.2) STARTED AT: 2026/07/28 13:55:56
ELMER SOLVER (v 26.2) STARTED AT: 2026/07/28 13:55:56
ELMER SOLVER (v 26.2) STARTED AT: 2026/07/28 13:55:56
ELMER SOLVER (v 26.2) STARTED AT: 2026/07/28 13:55:56
ELMER SOLVER (v 26.2) STARTED AT: 2026/07/28 13:55:56
ELMER SOLVER (v 26.2) STARTED AT: 2026/07/28 13:55:56
ELMER SOLVER (v 26.2) STARTED AT: 2026/07/28 13:55:56
ELMER SOLVER (v 26.2) STARTED AT: 2026/07/28 13:55:56
ELMER SOLVER (v 26.2) STARTED AT: 2026/07/28 13:55:56
ELMER SOLVER (v 26.2) STARTED AT: 2026/07/28 13:55:56
ELMER SOLVER (v 26.2) STARTED AT: 2026/07/28 13:55:56
ELMER SOLVER (v 26.2) STARTED AT: 2026/07/28 13:55:56
ELMER SOLVER (v 26.2) STARTED AT: 2026/07/28 13:55:56
ELMER SOLVER (v 26.2) STARTED AT: 2026/07/28 13:55:56
ELMER SOLVER (v 26.2) STARTED AT: 2026/07/28 13:55:56
ELMER SOLVER (v 26.2) STARTED AT: 2026/07/28 13:55:56
ELMER SOLVER (v 26.2) STARTED AT: 2026/07/28 13:55:56
ELMER SOLVER (v 26.2) STARTED AT: 2026/07/28 13:55:56
ELMER SOLVER (v 26.2) STARTED AT: 2026/07/28 13:55:56
ELMER SOLVER (v 26.2) STARTED AT: 2026/07/28 13:55:56
ELMER SOLVER (v 26.2) STARTED AT: 2026/07/28 13:55:56
ELMER SOLVER (v 26.2) STARTED AT: 2026/07/28 13:55:56
ELMER SOLVER (v 26.2) STARTED AT: 2026/07/28 13:55:56
ELMER SOLVER (v 26.2) STARTED AT: 2026/07/28 13:55:56
ELMER SOLVER (v 26.2) STARTED AT: 2026/07/28 13:55:56
ELMER SOLVER (v 26.2) STARTED AT: 2026/07/28 13:55:56
ELMER SOLVER (v 26.2) STARTED AT: 2026/07/28 13:55:56
ELMER SOLVER (v 26.2) STARTED AT: 2026/07/28 13:55:56
ELMER SOLVER (v 26.2) STARTED AT: 2026/07/28 13:55:56
ELMER SOLVER (v 26.2) STARTED AT: 2026/07/28 13:55:56
ELMER SOLVER (v 26.2) STARTED AT: 2026/07/28 13:55:56
ELMER SOLVER (v 26.2) STARTED AT: 2026/07/28 13:55:56
ELMER SOLVER (v 26.2) STARTED AT: 2026/07/28 13:55:56
ELMER SOLVER (v 26.2) STARTED AT: 2026/07/28 13:55:56
ELMER SOLVER (v 26.2) STARTED AT: 2026/07/28 13:55:56
ELMER SOLVER (v 26.2) STARTED AT: 2026/07/28 13:55:56
ELMER SOLVER (v 26.2) STARTED AT: 2026/07/28 13:55:56
ELMER SOLVER (v 26.2) STARTED AT: 2026/07/28 13:55:56
ELMER SOLVER (v 26.2) STARTED AT: 2026/07/28 13:55:56
ELMER SOLVER (v 26.2) STARTED AT: 2026/07/28 13:55:56
ELMER SOLVER (v 26.2) STARTED AT: 2026/07/28 13:55:56
ELMER SOLVER (v 26.2) STARTED AT: 2026/07/28 13:55:56
ELMER SOLVER (v 26.2) STARTED AT: 2026/07/28 13:55:56
ELMER SOLVER (v 26.2) STARTED AT: 2026/07/28 13:55:56
ELMER SOLVER (v 26.2) STARTED AT: 2026/07/28 13:55:56
ELMER SOLVER (v 26.2) STARTED AT: 2026/07/28 13:55:56
ELMER SOLVER (v 26.2) STARTED AT: 2026/07/28 13:55:56
ELMER SOLVER (v 26.2) STARTED AT: 2026/07/28 13:55:56
ELMER SOLVER (v 26.2) STARTED AT: 2026/07/28 13:55:56
ELMER SOLVER (v 26.2) STARTED AT: 2026/07/28 13:55:56
ELMER SOLVER (v 26.2) STARTED AT: 2026/07/28 13:55:56
ELMER SOLVER (v 26.2) STARTED AT: 2026/07/28 13:55:56
ELMER SOLVER (v 26.2) STARTED AT: 2026/07/28 13:55:56
ELMER SOLVER (v 26.2) STARTED AT: 2026/07/28 13:55:56
ELMER SOLVER (v 26.2) STARTED AT: 2026/07/28 13:55:56
ELMER SOLVER (v 26.2) STARTED AT: 2026/07/28 13:55:56
ELMER SOLVER (v 26.2) STARTED AT: 2026/07/28 13:55:56
ELMER SOLVER (v 26.2) STARTED AT: 2026/07/28 13:55:56
ELMER SOLVER (v 26.2) STARTED AT: 2026/07/28 13:55:56
ELMER SOLVER (v 26.2) STARTED AT: 2026/07/28 13:55:56
ELMER SOLVER (v 26.2) STARTED AT: 2026/07/28 13:55:56
ELMER SOLVER (v 26.2) STARTED AT: 2026/07/28 13:55:56
ELMER SOLVER (v 26.2) STARTED AT: 2026/07/28 13:55:56
ELMER SOLVER (v 26.2) STARTED AT: 2026/07/28 13:55:56
ELMER SOLVER (v 26.2) STARTED AT: 2026/07/28 13:55:56
ELMER SOLVER (v 26.2) STARTED AT: 2026/07/28 13:55:56
ELMER SOLVER (v 26.2) STARTED AT: 2026/07/28 13:55:56
ELMER SOLVER (v 26.2) STARTED AT: 2026/07/28 13:55:56
ELMER SOLVER (v 26.2) STARTED AT: 2026/07/28 13:55:56
ELMER SOLVER (v 26.2) STARTED AT: 2026/07/28 13:55:56
ELMER SOLVER (v 26.2) STARTED AT: 2026/07/28 13:55:56
ELMER SOLVER (v 26.2) STARTED AT: 2026/07/28 13:55:56
ELMER SOLVER (v 26.2) STARTED AT: 2026/07/28 13:55:56
ELMER SOLVER (v 26.2) STARTED AT: 2026/07/28 13:55:56
ELMER SOLVER (v 26.2) STARTED AT: 2026/07/28 13:55:56
ELMER SOLVER (v 26.2) STARTED AT: 2026/07/28 13:55:56
ELMER SOLVER (v 26.2) STARTED AT: 2026/07/28 13:55:56
ELMER SOLVER (v 26.2) STARTED AT: 2026/07/28 13:55:56
ELMER SOLVER (v 26.2) STARTED AT: 2026/07/28 13:55:56
ELMER SOLVER (v 26.2) STARTED AT: 2026/07/28 13:55:56
ELMER SOLVER (v 26.2) STARTED AT: 2026/07/28 13:55:56
ELMER SOLVER (v 26.2) STARTED AT: 2026/07/28 13:55:56
ELMER SOLVER (v 26.2) STARTED AT: 2026/07/28 13:55:56
ELMER SOLVER (v 26.2) STARTED AT: 2026/07/28 13:55:56
ELMER SOLVER (v 26.2) STARTED AT: 2026/07/28 13:55:56
ELMER SOLVER (v 26.2) STARTED AT: 2026/07/28 13:55:56
ELMER SOLVER (v 26.2) STARTED AT: 2026/07/28 13:55:56
ELMER SOLVER (v 26.2) STARTED AT: 2026/07/28 13:55:56
ELMER SOLVER (v 26.2) STARTED AT: 2026/07/28 13:55:56
ELMER SOLVER (v 26.2) STARTED AT: 2026/07/28 13:55:56
ELMER SOLVER (v 26.2) STARTED AT: 2026/07/28 13:55:56
ELMER SOLVER (v 26.2) STARTED AT: 2026/07/28 13:55:56
ELMER SOLVER (v 26.2) STARTED AT: 2026/07/28 13:55:56
ELMER SOLVER (v 26.2) STARTED AT: 2026/07/28 13:55:56
ELMER SOLVER (v 26.2) STARTED AT: 2026/07/28 13:55:56
ELMER SOLVER (v 26.2) STARTED AT: 2026/07/28 13:55:56
ELMER SOLVER (v 26.2) STARTED AT: 2026/07/28 13:55:56
ELMER SOLVER (v 26.2) STARTED AT: 2026/07/28 13:55:56
ELMER SOLVER (v 26.2) STARTED AT: 2026/07/28 13:55:56
ELMER SOLVER (v 26.2) STARTED AT: 2026/07/28 13:55:56
ELMER SOLVER (v 26.2) STARTED AT: 2026/07/28 13:55:56
ELMER SOLVER (v 26.2) STARTED AT: 2026/07/28 13:55:56
ELMER SOLVER (v 26.2) STARTED AT: 2026/07/28 13:55:56
ELMER SOLVER (v 26.2) STARTED AT: 2026/07/28 13:55:56
ELMER SOLVER (v 26.2) STARTED AT: 2026/07/28 13:55:56
ELMER SOLVER (v 26.2) STARTED AT: 2026/07/28 13:55:56
ELMER SOLVER (v 26.2) STARTED AT: 2026/07/28 13:55:56
ELMER SOLVER (v 26.2) STARTED AT: 2026/07/28 13:55:56
ELMER SOLVER (v 26.2) STARTED AT: 2026/07/28 13:55:56
ELMER SOLVER (v 26.2) STARTED AT: 2026/07/28 13:55:56
ELMER SOLVER (v 26.2) STARTED AT: 2026/07/28 13:55:56
ELMER SOLVER (v 26.2) STARTED AT: 2026/07/28 13:55:56
ELMER SOLVER (v 26.2) STARTED AT: 2026/07/28 13:55:56
ELMER SOLVER (v 26.2) STARTED AT: 2026/07/28 13:55:56
ELMER SOLVER (v 26.2) STARTED AT: 2026/07/28 13:55:56
ELMER SOLVER (v 26.2) STARTED AT: 2026/07/28 13:55:56
ELMER SOLVER (v 26.2) STARTED AT: 2026/07/28 13:55:56
ELMER SOLVER (v 26.2) STARTED AT: 2026/07/28 13:55:56
ELMER SOLVER (v 26.2) STARTED AT: 2026/07/28 13:55:56
ELMER SOLVER (v 26.2) STARTED AT: 2026/07/28 13:55:56
ELMER SOLVER (v 26.2) STARTED AT: 2026/07/28 13:55:56
ELMER SOLVER (v 26.2) STARTED AT: 2026/07/28 13:55:56
ELMER SOLVER (v 26.2) STARTED AT: 2026/07/28 13:55:56
ELMER SOLVER (v 26.2) STARTED AT: 2026/07/28 13:55:56
ELMER SOLVER (v 26.2) STARTED AT: 2026/07/28 13:55:56
ELMER SOLVER (v 26.2) STARTED AT: 2026/07/28 13:55:56
ELMER SOLVER (v 26.2) STARTED AT: 2026/07/28 13:55:56
ELMER SOLVER (v 26.2) STARTED AT: 2026/07/28 13:55:56
ELMER SOLVER (v 26.2) STARTED AT: 2026/07/28 13:55:56
ELMER SOLVER (v 26.2) STARTED AT: 2026/07/28 13:55:56
ELMER SOLVER (v 26.2) STARTED AT: 2026/07/28 13:55:56
ELMER SOLVER (v 26.2) STARTED AT: 2026/07/28 13:55:56
ELMER SOLVER (v 26.2) STARTED AT: 2026/07/28 13:55:56
ELMER SOLVER (v 26.2) STARTED AT: 2026/07/28 13:55:56
ELMER SOLVER (v 26.2) STARTED AT: 2026/07/28 13:55:56
ELMER SOLVER (v 26.2) STARTED AT: 2026/07/28 13:55:56
ELMER SOLVER (v 26.2) STARTED AT: 2026/07/28 13:55:56
ELMER SOLVER (v 26.2) STARTED AT: 2026/07/28 13:55:56
ELMER SOLVER (v 26.2) STARTED AT: 2026/07/28 13:55:56
ELMER SOLVER (v 26.2) STARTED AT: 2026/07/28 13:55:56
ELMER SOLVER (v 26.2) STARTED AT: 2026/07/28 13:55:56
ELMER SOLVER (v 26.2) STARTED AT: 2026/07/28 13:55:56
ELMER SOLVER (v 26.2) STARTED AT: 2026/07/28 13:55:56
ELMER SOLVER (v 26.2) STARTED AT: 2026/07/28 13:55:56
ELMER SOLVER (v 26.2) STARTED AT: 2026/07/28 13:55:56
ELMER SOLVER (v 26.2) STARTED AT: 2026/07/28 13:55:56
ELMER SOLVER (v 26.2) STARTED AT: 2026/07/28 13:55:56
ELMER SOLVER (v 26.2) STARTED AT: 2026/07/28 13:55:56
ELMER SOLVER (v 26.2) STARTED AT: 2026/07/28 13:55:56
ELMER SOLVER (v 26.2) STARTED AT: 2026/07/28 13:55:56
ELMER SOLVER (v 26.2) STARTED AT: 2026/07/28 13:55:56
ELMER SOLVER (v 26.2) STARTED AT: 2026/07/28 13:55:56
ELMER SOLVER (v 26.2) STARTED AT: 2026/07/28 13:55:56
ELMER SOLVER (v 26.2) STARTED AT: 2026/07/28 13:55:56
ELMER SOLVER (v 26.2) STARTED AT: 2026/07/28 13:55:56
ELMER SOLVER (v 26.2) STARTED AT: 2026/07/28 13:55:56
ELMER SOLVER (v 26.2) STARTED AT: 2026/07/28 13:55:56
ELMER SOLVER (v 26.2) STARTED AT: 2026/07/28 13:55:56
ELMER SOLVER (v 26.2) STARTED AT: 2026/07/28 13:55:56
ELMER SOLVER (v 26.2) STARTED AT: 2026/07/28 13:55:56
ELMER SOLVER (v 26.2) STARTED AT: 2026/07/28 13:55:56
ELMER SOLVER (v 26.2) STARTED AT: 2026/07/28 13:55:56
ELMER SOLVER (v 26.2) STARTED AT: 2026/07/28 13:55:56
ELMER SOLVER (v 26.2) STARTED AT: 2026/07/28 13:55:56
ELMER SOLVER (v 26.2) STARTED AT: 2026/07/28 13:55:56
ELMER SOLVER (v 26.2) STARTED AT: 2026/07/28 13:55:56
ELMER SOLVER (v 26.2) STARTED AT: 2026/07/28 13:55:56
ELMER SOLVER (v 26.2) STARTED AT: 2026/07/28 13:55:56
ELMER SOLVER (v 26.2) STARTED AT: 2026/07/28 13:55:56
ELMER SOLVER (v 26.2) STARTED AT: 2026/07/28 13:55:56
ELMER SOLVER (v 26.2) STARTED AT: 2026/07/28 13:55:56
ELMER SOLVER (v 26.2) STARTED AT: 2026/07/28 13:55:56
ELMER SOLVER (v 26.2) STARTED AT: 2026/07/28 13:55:56
ELMER SOLVER (v 26.2) STARTED AT: 2026/07/28 13:55:56
ELMER SOLVER (v 26.2) STARTED AT: 2026/07/28 13:55:56
ELMER SOLVER (v 26.2) STARTED AT: 2026/07/28 13:55:56
ELMER SOLVER (v 26.2) STARTED AT: 2026/07/28 13:55:56
ELMER SOLVER (v 26.2) STARTED AT: 2026/07/28 13:55:56
ELMER SOLVER (v 26.2) STARTED AT: 2026/07/28 13:55:56
ELMER SOLVER (v 26.2) STARTED AT: 2026/07/28 13:55:56
ELMER SOLVER (v 26.2) STARTED AT: 2026/07/28 13:55:56
ELMER SOLVER (v 26.2) STARTED AT: 2026/07/28 13:55:56
ELMER SOLVER (v 26.2) STARTED AT: 2026/07/28 13:55:56
ELMER SOLVER (v 26.2) STARTED AT: 2026/07/28 13:55:56
ELMER SOLVER (v 26.2) STARTED AT: 2026/07/28 13:55:56
ELMER SOLVER (v 26.2) STARTED AT: 2026/07/28 13:55:56
ELMER SOLVER (v 26.2) STARTED AT: 2026/07/28 13:55:56
ELMER SOLVER (v 26.2) STARTED AT: 2026/07/28 13:55:56
ELMER SOLVER (v 26.2) STARTED AT: 2026/07/28 13:55:56
ELMER SOLVER (v 26.2) STARTED AT: 2026/07/28 13:55:56
ELMER SOLVER (v 26.2) STARTED AT: 2026/07/28 13:55:56
ELMER SOLVER (v 26.2) STARTED AT: 2026/07/28 13:55:56
ELMER SOLVER (v 26.2) STARTED AT: 2026/07/28 13:55:56
ELMER SOLVER (v 26.2) STARTED AT: 2026/07/28 13:55:56
ELMER SOLVER (v 26.2) STARTED AT: 2026/07/28 13:55:56
ELMER SOLVER (v 26.2) STARTED AT: 2026/07/28 13:55:56
ELMER SOLVER (v 26.2) STARTED AT: 2026/07/28 13:55:56
ELMER SOLVER (v 26.2) STARTED AT: 2026/07/28 13:55:56
ELMER SOLVER (v 26.2) STARTED AT: 2026/07/28 13:55:56
ELMER SOLVER (v 26.2) STARTED AT: 2026/07/28 13:55:56
ELMER SOLVER (v 26.2) STARTED AT: 2026/07/28 13:55:56
ELMER SOLVER (v 26.2) STARTED AT: 2026/07/28 13:55:56
ELMER SOLVER (v 26.2) STARTED AT: 2026/07/28 13:55:56
ELMER SOLVER (v 26.2) STARTED AT: 2026/07/28 13:55:56
ELMER SOLVER (v 26.2) STARTED AT: 2026/07/28 13:55:56
ELMER SOLVER (v 26.2) STARTED AT: 2026/07/28 13:55:56
ELMER SOLVER (v 26.2) STARTED AT: 2026/07/28 13:55:56
ELMER SOLVER (v 26.2) STARTED AT: 2026/07/28 13:55:56
ELMER SOLVER (v 26.2) STARTED AT: 2026/07/28 13:55:56
ELMER SOLVER (v 26.2) STARTED AT: 2026/07/28 13:55:56
ELMER SOLVER (v 26.2) STARTED AT: 2026/07/28 13:55:56
ELMER SOLVER (v 26.2) STARTED AT: 2026/07/28 13:55:56
ELMER SOLVER (v 26.2) STARTED AT: 2026/07/28 13:55:56
ELMER SOLVER (v 26.2) STARTED AT: 2026/07/28 13:55:56
ELMER SOLVER (v 26.2) STARTED AT: 2026/07/28 13:55:56
ELMER SOLVER (v 26.2) STARTED AT: 2026/07/28 13:55:56
ELMER SOLVER (v 26.2) STARTED AT: 2026/07/28 13:55:56
ELMER SOLVER (v 26.2) STARTED AT: 2026/07/28 13:55:56
ELMER SOLVER (v 26.2) STARTED AT: 2026/07/28 13:55:56
ELMER SOLVER (v 26.2) STARTED AT: 2026/07/28 13:55:56
ELMER SOLVER (v 26.2) STARTED AT: 2026/07/28 13:55:56
ELMER SOLVER (v 26.2) STARTED AT: 2026/07/28 13:55:56
ELMER SOLVER (v 26.2) STARTED AT: 2026/07/28 13:55:56
ELMER SOLVER (v 26.2) STARTED AT: 2026/07/28 13:55:56
ELMER SOLVER (v 26.2) STARTED AT: 2026/07/28 13:55:56
ELMER SOLVER (v 26.2) STARTED AT: 2026/07/28 13:55:56
ELMER SOLVER (v 26.2) STARTED AT: 2026/07/28 13:55:56
ELMER SOLVER (v 26.2) STARTED AT: 2026/07/28 13:55:56
ELMER SOLVER (v 26.2) STARTED AT: 2026/07/28 13:55:56
ELMER SOLVER (v 26.2) STARTED AT: 2026/07/28 13:55:56
ELMER SOLVER (v 26.2) STARTED AT: 2026/07/28 13:55:56
ELMER SOLVER (v 26.2) STARTED AT: 2026/07/28 13:55:56
ELMER SOLVER (v 26.2) STARTED AT: 2026/07/28 13:55:56
ELMER SOLVER (v 26.2) STARTED AT: 2026/07/28 13:55:56
ELMER SOLVER (v 26.2) STARTED AT: 2026/07/28 13:55:56
ELMER SOLVER (v 26.2) STARTED AT: 2026/07/28 13:55:56
ELMER SOLVER (v 26.2) STARTED AT: 2026/07/28 13:55:56
ELMER SOLVER (v 26.2) STARTED AT: 2026/07/28 13:55:56
ELMER SOLVER (v 26.2) STARTED AT: 2026/07/28 13:55:56
ELMER SOLVER (v 26.2) STARTED AT: 2026/07/28 13:55:56
ELMER SOLVER (v 26.2) STARTED AT: 2026/07/28 13:55:56
ELMER SOLVER (v 26.2) STARTED AT: 2026/07/28 13:55:56
ELMER SOLVER (v 26.2) STARTED AT: 2026/07/28 13:55:56
ELMER SOLVER (v 26.2) STARTED AT: 2026/07/28 13:55:56
ELMER SOLVER (v 26.2) STARTED AT: 2026/07/28 13:55:56
ELMER SOLVER (v 26.2) STARTED AT: 2026/07/28 13:55:56
ELMER SOLVER (v 26.2) STARTED AT: 2026/07/28 13:55:56
ELMER SOLVER (v 26.2) STARTED AT: 2026/07/28 13:55:56
ELMER SOLVER (v 26.2) STARTED AT: 2026/07/28 13:55:56
ELMER SOLVER (v 26.2) STARTED AT: 2026/07/28 13:55:56
ELMER SOLVER (v 26.2) STARTED AT: 2026/07/28 13:55:56
ELMER SOLVER (v 26.2) STARTED AT: 2026/07/28 13:55:56
ELMER SOLVER (v 26.2) STARTED AT: 2026/07/28 13:55:56
ELMER SOLVER (v 26.2) STARTED AT: 2026/07/28 13:55:56
ELMER SOLVER (v 26.2) STARTED AT: 2026/07/28 13:55:56
ELMER SOLVER (v 26.2) STARTED AT: 2026/07/28 13:55:56
ELMER SOLVER (v 26.2) STARTED AT: 2026/07/28 13:55:56
ELMER SOLVER (v 26.2) STARTED AT: 2026/07/28 13:55:56
ELMER SOLVER (v 26.2) STARTED AT: 2026/07/28 13:55:56
ELMER SOLVER (v 26.2) STARTED AT: 2026/07/28 13:55:56
ELMER SOLVER (v 26.2) STARTED AT: 2026/07/28 13:55:56
ELMER SOLVER (v 26.2) STARTED AT: 2026/07/28 13:55:56
ELMER SOLVER (v 26.2) STARTED AT: 2026/07/28 13:55:56
ELMER SOLVER (v 26.2) STARTED AT: 2026/07/28 13:55:56
ELMER SOLVER (v 26.2) STARTED AT: 2026/07/28 13:55:56
ELMER SOLVER (v 26.2) STARTED AT: 2026/07/28 13:55:56
ELMER SOLVER (v 26.2) STARTED AT: 2026/07/28 13:55:56
ELMER SOLVER (v 26.2) STARTED AT: 2026/07/28 13:55:56
ELMER SOLVER (v 26.2) STARTED AT: 2026/07/28 13:55:56
ELMER SOLVER (v 26.2) STARTED AT: 2026/07/28 13:55:56
ELMER SOLVER (v 26.2) STARTED AT: 2026/07/28 13:55:56
ELMER SOLVER (v 26.2) STARTED AT: 2026/07/28 13:55:56
ELMER SOLVER (v 26.2) STARTED AT: 2026/07/28 13:55:56
ELMER SOLVER (v 26.2) STARTED AT: 2026/07/28 13:55:56
ELMER SOLVER (v 26.2) STARTED AT: 2026/07/28 13:55:56
ELMER SOLVER (v 26.2) STARTED AT: 2026/07/28 13:55:56
ELMER SOLVER (v 26.2) STARTED AT: 2026/07/28 13:55:56
ELMER SOLVER (v 26.2) STARTED AT: 2026/07/28 13:55:56
ELMER SOLVER (v 26.2) STARTED AT: 2026/07/28 13:55:56
ELMER SOLVER (v 26.2) STARTED AT: 2026/07/28 13:55:56
ELMER SOLVER (v 26.2) STARTED AT: 2026/07/28 13:55:56
ELMER SOLVER (v 26.2) STARTED AT: 2026/07/28 13:55:56
ELMER SOLVER (v 26.2) STARTED AT: 2026/07/28 13:55:56
ELMER SOLVER (v 26.2) STARTED AT: 2026/07/28 13:55:56
ELMER SOLVER (v 26.2) STARTED AT: 2026/07/28 13:55:56
ELMER SOLVER (v 26.2) STARTED AT: 2026/07/28 13:55:56
ELMER SOLVER (v 26.2) STARTED AT: 2026/07/28 13:55:56
ELMER SOLVER (v 26.2) STARTED AT: 2026/07/28 13:55:56
ELMER SOLVER (v 26.2) STARTED AT: 2026/07/28 13:55:56
ELMER SOLVER (v 26.2) STARTED AT: 2026/07/28 13:55:56
ELMER SOLVER (v 26.2) STARTED AT: 2026/07/28 13:55:56
ELMER SOLVER (v 26.2) STARTED AT: 2026/07/28 13:55:56
ELMER SOLVER (v 26.2) STARTED AT: 2026/07/28 13:55:56
ELMER SOLVER (v 26.2) STARTED AT: 2026/07/28 13:55:56
ELMER SOLVER (v 26.2) STARTED AT: 2026/07/28 13:55:56
ELMER SOLVER (v 26.2) STARTED AT: 2026/07/28 13:55:56
ELMER SOLVER (v 26.2) STARTED AT: 2026/07/28 13:55:56
ELMER SOLVER (v 26.2) STARTED AT: 2026/07/28 13:55:56
ELMER SOLVER (v 26.2) STARTED AT: 2026/07/28 13:55:56
ELMER SOLVER (v 26.2) STARTED AT: 2026/07/28 13:55:56
ELMER SOLVER (v 26.2) STARTED AT: 2026/07/28 13:55:56
ELMER SOLVER (v 26.2) STARTED AT: 2026/07/28 13:55:56
ELMER SOLVER (v 26.2) STARTED AT: 2026/07/28 13:55:56
ELMER SOLVER (v 26.2) STARTED AT: 2026/07/28 13:55:56
ELMER SOLVER (v 26.2) STARTED AT: 2026/07/28 13:55:56
ELMER SOLVER (v 26.2) STARTED AT: 2026/07/28 13:55:56
ELMER SOLVER (v 26.2) STARTED AT: 2026/07/28 13:55:56
ELMER SOLVER (v 26.2) STARTED AT: 2026/07/28 13:55:56
ELMER SOLVER (v 26.2) STARTED AT: 2026/07/28 13:55:56
ELMER SOLVER (v 26.2) STARTED AT: 2026/07/28 13:55:56
ELMER SOLVER (v 26.2) STARTED AT: 2026/07/28 13:55:56
ELMER SOLVER (v 26.2) STARTED AT: 2026/07/28 13:55:56
ELMER SOLVER (v 26.2) STARTED AT: 2026/07/28 13:55:56
ELMER SOLVER (v 26.2) STARTED AT: 2026/07/28 13:55:56
ELMER SOLVER (v 26.2) STARTED AT: 2026/07/28 13:55:56
ELMER SOLVER (v 26.2) STARTED AT: 2026/07/28 13:55:56
ELMER SOLVER (v 26.2) STARTED AT: 2026/07/28 13:55:56
ELMER SOLVER (v 26.2) STARTED AT: 2026/07/28 13:55:56
ELMER SOLVER (v 26.2) STARTED AT: 2026/07/28 13:55:56
ELMER SOLVER (v 26.2) STARTED AT: 2026/07/28 13:55:56
ELMER SOLVER (v 26.2) STARTED AT: 2026/07/28 13:55:56
ELMER SOLVER (v 26.2) STARTED AT: 2026/07/28 13:55:56
ELMER SOLVER (v 26.2) STARTED AT: 2026/07/28 13:55:56
ELMER SOLVER (v 26.2) STARTED AT: 2026/07/28 13:55:56
ELMER SOLVER (v 26.2) STARTED AT: 2026/07/28 13:55:56
ELMER SOLVER (v 26.2) STARTED AT: 2026/07/28 13:55:56
ELMER SOLVER (v 26.2) STARTED AT: 2026/07/28 13:55:56
ELMER SOLVER (v 26.2) STARTED AT: 2026/07/28 13:55:56
ELMER SOLVER (v 26.2) STARTED AT: 2026/07/28 13:55:56
ELMER SOLVER (v 26.2) STARTED AT: 2026/07/28 13:55:56
ELMER SOLVER (v 26.2) STARTED AT: 2026/07/28 13:55:56
ELMER SOLVER (v 26.2) STARTED AT: 2026/07/28 13:55:56
ELMER SOLVER (v 26.2) STARTED AT: 2026/07/28 13:55:56
ELMER SOLVER (v 26.2) STARTED AT: 2026/07/28 13:55:56
ELMER SOLVER (v 26.2) STARTED AT: 2026/07/28 13:55:56
ELMER SOLVER (v 26.2) STARTED AT: 2026/07/28 13:55:56
ELMER SOLVER (v 26.2) STARTED AT: 2026/07/28 13:55:56
ELMER SOLVER (v 26.2) STARTED AT: 2026/07/28 13:55:56
ELMER SOLVER (v 26.2) STARTED AT: 2026/07/28 13:55:56
ELMER SOLVER (v 26.2) STARTED AT: 2026/07/28 13:55:56
ELMER SOLVER (v 26.2) STARTED AT: 2026/07/28 13:55:56
ELMER SOLVER (v 26.2) STARTED AT: 2026/07/28 13:55:56
ELMER SOLVER (v 26.2) STARTED AT: 2026/07/28 13:55:56
ELMER SOLVER (v 26.2) STARTED AT: 2026/07/28 13:55:56
ELMER SOLVER (v 26.2) STARTED AT: 2026/07/28 13:55:56
ELMER SOLVER (v 26.2) STARTED AT: 2026/07/28 13:55:56
ELMER SOLVER (v 26.2) STARTED AT: 2026/07/28 13:55:56
ELMER SOLVER (v 26.2) STARTED AT: 2026/07/28 13:55:56
ELMER SOLVER (v 26.2) STARTED AT: 2026/07/28 13:55:56
ELMER SOLVER (v 26.2) STARTED AT: 2026/07/28 13:55:56
ELMER SOLVER (v 26.2) STARTED AT: 2026/07/28 13:55:56
ELMER SOLVER (v 26.2) STARTED AT: 2026/07/28 13:55:56
ELMER SOLVER (v 26.2) STARTED AT: 2026/07/28 13:55:56
ELMER SOLVER (v 26.2) STARTED AT: 2026/07/28 13:55:56
ELMER SOLVER (v 26.2) STARTED AT: 2026/07/28 13:55:56
ELMER SOLVER (v 26.2) STARTED AT: 2026/07/28 13:55:56
ELMER SOLVER (v 26.2) STARTED AT: 2026/07/28 13:55:56
ELMER SOLVER (v 26.2) STARTED AT: 2026/07/28 13:55:56
ELMER SOLVER (v 26.2) STARTED AT: 2026/07/28 13:55:56
ELMER SOLVER (v 26.2) STARTED AT: 2026/07/28 13:55:56
ELMER SOLVER (v 26.2) STARTED AT: 2026/07/28 13:55:56
ELMER SOLVER (v 26.2) STARTED AT: 2026/07/28 13:55:56
ELMER SOLVER (v 26.2) STARTED AT: 2026/07/28 13:55:56
ELMER SOLVER (v 26.2) STARTED AT: 2026/07/28 13:55:56
ELMER SOLVER (v 26.2) STARTED AT: 2026/07/28 13:55:56
ELMER SOLVER (v 26.2) STARTED AT: 2026/07/28 13:55:56
ELMER SOLVER (v 26.2) STARTED AT: 2026/07/28 13:55:56
ELMER SOLVER (v 26.2) STARTED AT: 2026/07/28 13:55:56
ELMER SOLVER (v 26.2) STARTED AT: 2026/07/28 13:55:56
ELMER SOLVER (v 26.2) STARTED AT: 2026/07/28 13:55:56
ELMER SOLVER (v 26.2) STARTED AT: 2026/07/28 13:55:56
ELMER SOLVER (v 26.2) STARTED AT: 2026/07/28 13:55:56
ELMER SOLVER (v 26.2) STARTED AT: 2026/07/28 13:55:56
ELMER SOLVER (v 26.2) STARTED AT: 2026/07/28 13:55:56
ELMER SOLVER (v 26.2) STARTED AT: 2026/07/28 13:55:56
ELMER SOLVER (v 26.2) STARTED AT: 2026/07/28 13:55:56
ELMER SOLVER (v 26.2) STARTED AT: 2026/07/28 13:55:56
ELMER SOLVER (v 26.2) STARTED AT: 2026/07/28 13:55:56
ELMER SOLVER (v 26.2) STARTED AT: 2026/07/28 13:55:56
ELMER SOLVER (v 26.2) STARTED AT: 2026/07/28 13:55:56
ELMER SOLVER (v 26.2) STARTED AT: 2026/07/28 13:55:56
ELMER SOLVER (v 26.2) STARTED AT: 2026/07/28 13:55:56
ELMER SOLVER (v 26.2) STARTED AT: 2026/07/28 13:55:56
ELMER SOLVER (v 26.2) STARTED AT: 2026/07/28 13:55:56
ELMER SOLVER (v 26.2) STARTED AT: 2026/07/28 13:55:56
ELMER SOLVER (v 26.2) STARTED AT: 2026/07/28 13:55:56
ELMER SOLVER (v 26.2) STARTED AT: 2026/07/28 13:55:56
ELMER SOLVER (v 26.2) STARTED AT: 2026/07/28 13:55:56
ELMER SOLVER (v 26.2) STARTED AT: 2026/07/28 13:55:56
ELMER SOLVER (v 26.2) STARTED AT: 2026/07/28 13:55:56
ELMER SOLVER (v 26.2) STARTED AT: 2026/07/28 13:55:56
ELMER SOLVER (v 26.2) STARTED AT: 2026/07/28 13:55:56
ELMER SOLVER (v 26.2) STARTED AT: 2026/07/28 13:55:56
ELMER SOLVER (v 26.2) STARTED AT: 2026/07/28 13:55:56
ELMER SOLVER (v 26.2) STARTED AT: 2026/07/28 13:55:56
ELMER SOLVER (v 26.2) STARTED AT: 2026/07/28 13:55:56
ELMER SOLVER (v 26.2) STARTED AT: 2026/07/28 13:55:56
ELMER SOLVER (v 26.2) STARTED AT: 2026/07/28 13:55:56
ELMER SOLVER (v 26.2) STARTED AT: 2026/07/28 13:55:56
ELMER SOLVER (v 26.2) STARTED AT: 2026/07/28 13:55:56
ELMER SOLVER (v 26.2) STARTED AT: 2026/07/28 13:55:56
ELMER SOLVER (v 26.2) STARTED AT: 2026/07/28 13:55:56
ELMER SOLVER (v 26.2) STARTED AT: 2026/07/28 13:55:56
ELMER SOLVER (v 26.2) STARTED AT: 2026/07/28 13:55:56
ELMER SOLVER (v 26.2) STARTED AT: 2026/07/28 13:55:56
ELMER SOLVER (v 26.2) STARTED AT: 2026/07/28 13:55:56
ELMER SOLVER (v 26.2) STARTED AT: 2026/07/28 13:55:56
ELMER SOLVER (v 26.2) STARTED AT: 2026/07/28 13:55:56
ELMER SOLVER (v 26.2) STARTED AT: 2026/07/28 13:55:56
ELMER SOLVER (v 26.2) STARTED AT: 2026/07/28 13:55:56
ELMER SOLVER (v 26.2) STARTED AT: 2026/07/28 13:55:56
ELMER SOLVER (v 26.2) STARTED AT: 2026/07/28 13:55:56
ELMER SOLVER (v 26.2) STARTED AT: 2026/07/28 13:55:56
ELMER SOLVER (v 26.2) STARTED AT: 2026/07/28 13:55:56
ELMER SOLVER (v 26.2) STARTED AT: 2026/07/28 13:55:56
ELMER SOLVER (v 26.2) STARTED AT: 2026/07/28 13:55:56
ELMER SOLVER (v 26.2) STARTED AT: 2026/07/28 13:55:56
ELMER SOLVER (v 26.2) STARTED AT: 2026/07/28 13:55:56
ELMER SOLVER (v 26.2) STARTED AT: 2026/07/28 13:55:56
ELMER SOLVER (v 26.2) STARTED AT: 2026/07/28 13:55:56
ELMER SOLVER (v 26.2) STARTED AT: 2026/07/28 13:55:56
ELMER SOLVER (v 26.2) STARTED AT: 2026/07/28 13:55:56
ELMER SOLVER (v 26.2) STARTED AT: 2026/07/28 13:55:56
ELMER SOLVER (v 26.2) STARTED AT: 2026/07/28 13:55:56
ELMER SOLVER (v 26.2) STARTED AT: 2026/07/28 13:55:56
ELMER SOLVER (v 26.2) STARTED AT: 2026/07/28 13:55:56
ELMER SOLVER (v 26.2) STARTED AT: 2026/07/28 13:55:56
ELMER SOLVER (v 26.2) STARTED AT: 2026/07/28 13:55:56
ELMER SOLVER (v 26.2) STARTED AT: 2026/07/28 13:55:56
ELMER SOLVER (v 26.2) STARTED AT: 2026/07/28 13:55:56
ELMER SOLVER (v 26.2) STARTED AT: 2026/07/28 13:55:56
ELMER SOLVER (v 26.2) STARTED AT: 2026/07/28 13:55:56
ELMER SOLVER (v 26.2) STARTED AT: 2026/07/28 13:55:56
ELMER SOLVER (v 26.2) STARTED AT: 2026/07/28 13:55:56
ELMER SOLVER (v 26.2) STARTED AT: 2026/07/28 13:55:56
ELMER SOLVER (v 26.2) STARTED AT: 2026/07/28 13:55:56
ELMER SOLVER (v 26.2) STARTED AT: 2026/07/28 13:55:56
ELMER SOLVER (v 26.2) STARTED AT: 2026/07/28 13:55:56
ELMER SOLVER (v 26.2) STARTED AT: 2026/07/28 13:55:56
ELMER SOLVER (v 26.2) STARTED AT: 2026/07/28 13:55:56
ELMER SOLVER (v 26.2) STARTED AT: 2026/07/28 13:55:56
ELMER SOLVER (v 26.2) STARTED AT: 2026/07/28 13:55:56
ELMER SOLVER (v 26.2) STARTED AT: 2026/07/28 13:55:56
ELMER SOLVER (v 26.2) STARTED AT: 2026/07/28 13:55:56
ELMER SOLVER (v 26.2) STARTED AT: 2026/07/28 13:55:56
ELMER SOLVER (v 26.2) STARTED AT: 2026/07/28 13:55:56
ELMER SOLVER (v 26.2) STARTED AT: 2026/07/28 13:55:56
ELMER SOLVER (v 26.2) STARTED AT: 2026/07/28 13:55:56
ELMER SOLVER (v 26.2) STARTED AT: 2026/07/28 13:55:56
ELMER SOLVER (v 26.2) STARTED AT: 2026/07/28 13:55:56
ELMER SOLVER (v 26.2) STARTED AT: 2026/07/28 13:55:56
ELMER SOLVER (v 26.2) STARTED AT: 2026/07/28 13:55:56
ELMER SOLVER (v 26.2) STARTED AT: 2026/07/28 13:55:56
ELMER SOLVER (v 26.2) STARTED AT: 2026/07/28 13:55:56
ELMER SOLVER (v 26.2) STARTED AT: 2026/07/28 13:55:56
ELMER SOLVER (v 26.2) STARTED AT: 2026/07/28 13:55:56
ELMER SOLVER (v 26.2) STARTED AT: 2026/07/28 13:55:56
ELMER SOLVER (v 26.2) STARTED AT: 2026/07/28 13:55:56
ELMER SOLVER (v 26.2) STARTED AT: 2026/07/28 13:55:56
ELMER SOLVER (v 26.2) STARTED AT: 2026/07/28 13:55:56
ELMER SOLVER (v 26.2) STARTED AT: 2026/07/28 13:55:56
ELMER SOLVER (v 26.2) STARTED AT: 2026/07/28 13:55:56
ELMER SOLVER (v 26.2) STARTED AT: 2026/07/28 13:55:56
ELMER SOLVER (v 26.2) STARTED AT: 2026/07/28 13:55:56
ELMER SOLVER (v 26.2) STARTED AT: 2026/07/28 13:55:56
ELMER SOLVER (v 26.2) STARTED AT: 2026/07/28 13:55:56
ELMER SOLVER (v 26.2) STARTED AT: 2026/07/28 13:55:56
ELMER SOLVER (v 26.2) STARTED AT: 2026/07/28 13:55:56
ELMER SOLVER (v 26.2) STARTED AT: 2026/07/28 13:55:56
ELMER SOLVER (v 26.2) STARTED AT: 2026/07/28 13:55:56
ELMER SOLVER (v 26.2) STARTED AT: 2026/07/28 13:55:56
ELMER SOLVER (v 26.2) STARTED AT: 2026/07/28 13:55:56
ELMER SOLVER (v 26.2) STARTED AT: 2026/07/28 13:55:56
ELMER SOLVER (v 26.2) STARTED AT: 2026/07/28 13:55:56
ELMER SOLVER (v 26.2) STARTED AT: 2026/07/28 13:55:56
ELMER SOLVER (v 26.2) STARTED AT: 2026/07/28 13:55:56
ELMER SOLVER (v 26.2) STARTED AT: 2026/07/28 13:55:56
ELMER SOLVER (v 26.2) STARTED AT: 2026/07/28 13:55:56
ELMER SOLVER (v 26.2) STARTED AT: 2026/07/28 13:55:56
ELMER SOLVER (v 26.2) STARTED AT: 2026/07/28 13:55:56
ELMER SOLVER (v 26.2) STARTED AT: 2026/07/28 13:55:56
ELMER SOLVER (v 26.2) STARTED AT: 2026/07/28 13:55:56
ELMER SOLVER (v 26.2) STARTED AT: 2026/07/28 13:55:56
ELMER SOLVER (v 26.2) STARTED AT: 2026/07/28 13:55:56
ELMER SOLVER (v 26.2) STARTED AT: 2026/07/28 13:55:56
ELMER SOLVER (v 26.2) STARTED AT: 2026/07/28 13:55:56
ELMER SOLVER (v 26.2) STARTED AT: 2026/07/28 13:55:56
ELMER SOLVER (v 26.2) STARTED AT: 2026/07/28 13:55:56
ELMER SOLVER (v 26.2) STARTED AT: 2026/07/28 13:55:56
ELMER SOLVER (v 26.2) STARTED AT: 2026/07/28 13:55:56
ELMER SOLVER (v 26.2) STARTED AT: 2026/07/28 13:55:56
ELMER SOLVER (v 26.2) STARTED AT: 2026/07/28 13:55:56
ELMER SOLVER (v 26.2) STARTED AT: 2026/07/28 13:55:56
ELMER SOLVER (v 26.2) STARTED AT: 2026/07/28 13:55:56
ELMER SOLVER (v 26.2) STARTED AT: 2026/07/28 13:55:56
ELMER SOLVER (v 26.2) STARTED AT: 2026/07/28 13:55:56
ELMER SOLVER (v 26.2) STARTED AT: 2026/07/28 13:55:56
ELMER SOLVER (v 26.2) STARTED AT: 2026/07/28 13:55:56
ELMER SOLVER (v 26.2) STARTED AT: 2026/07/28 13:55:56
ELMER SOLVER (v 26.2) STARTED AT: 2026/07/28 13:55:56
ELMER SOLVER (v 26.2) STARTED AT: 2026/07/28 13:55:56
ELMER SOLVER (v 26.2) STARTED AT: 2026/07/28 13:55:56
ELMER SOLVER (v 26.2) STARTED AT: 2026/07/28 13:55:56
ELMER SOLVER (v 26.2) STARTED AT: 2026/07/28 13:55:56
ELMER SOLVER (v 26.2) STARTED AT: 2026/07/28 13:55:56
ELMER SOLVER (v 26.2) STARTED AT: 2026/07/28 13:55:56
ELMER SOLVER (v 26.2) STARTED AT: 2026/07/28 13:55:56
ELMER SOLVER (v 26.2) STARTED AT: 2026/07/28 13:55:56
ELMER SOLVER (v 26.2) STARTED AT: 2026/07/28 13:55:56
ELMER SOLVER (v 26.2) STARTED AT: 2026/07/28 13:55:56
ELMER SOLVER (v 26.2) STARTED AT: 2026/07/28 13:55:56
ELMER SOLVER (v 26.2) STARTED AT: 2026/07/28 13:55:56
ELMER SOLVER (v 26.2) STARTED AT: 2026/07/28 13:55:56
ELMER SOLVER (v 26.2) STARTED AT: 2026/07/28 13:55:56
ELMER SOLVER (v 26.2) STARTED AT: 2026/07/28 13:55:56
ELMER SOLVER (v 26.2) STARTED AT: 2026/07/28 13:55:56
ELMER SOLVER (v 26.2) STARTED AT: 2026/07/28 13:55:56
ELMER SOLVER (v 26.2) STARTED AT: 2026/07/28 13:55:56
ELMER SOLVER (v 26.2) STARTED AT: 2026/07/28 13:55:56
ELMER SOLVER (v 26.2) STARTED AT: 2026/07/28 13:55:56
ELMER SOLVER (v 26.2) STARTED AT: 2026/07/28 13:55:56
ELMER SOLVER (v 26.2) STARTED AT: 2026/07/28 13:55:56
ELMER SOLVER (v 26.2) STARTED AT: 2026/07/28 13:55:56
ELMER SOLVER (v 26.2) STARTED AT: 2026/07/28 13:55:56
ELMER SOLVER (v 26.2) STARTED AT: 2026/07/28 13:55:56
ELMER SOLVER (v 26.2) STARTED AT: 2026/07/28 13:55:56
ELMER SOLVER (v 26.2) STARTED AT: 2026/07/28 13:55:56
ELMER SOLVER (v 26.2) STARTED AT: 2026/07/28 13:55:56
ELMER SOLVER (v 26.2) STARTED AT: 2026/07/28 13:55:56
ELMER SOLVER (v 26.2) STARTED AT: 2026/07/28 13:55:56
ELMER SOLVER (v 26.2) STARTED AT: 2026/07/28 13:55:56
ELMER SOLVER (v 26.2) STARTED AT: 2026/07/28 13:55:56
ELMER SOLVER (v 26.2) STARTED AT: 2026/07/28 13:55:56
ELMER SOLVER (v 26.2) STARTED AT: 2026/07/28 13:55:56
ELMER SOLVER (v 26.2) STARTED AT: 2026/07/28 13:55:56
ELMER SOLVER (v 26.2) STARTED AT: 2026/07/28 13:55:56
ELMER SOLVER (v 26.2) STARTED AT: 2026/07/28 13:55:56
ELMER SOLVER (v 26.2) STARTED AT: 2026/07/28 13:55:56
ELMER SOLVER (v 26.2) STARTED AT: 2026/07/28 13:55:56
ELMER SOLVER (v 26.2) STARTED AT: 2026/07/28 13:55:56
ELMER SOLVER (v 26.2) STARTED AT: 2026/07/28 13:55:56
ELMER SOLVER (v 26.2) STARTED AT: 2026/07/28 13:55:56
ELMER SOLVER (v 26.2) STARTED AT: 2026/07/28 13:55:56
ELMER SOLVER (v 26.2) STARTED AT: 2026/07/28 13:55:56
ELMER SOLVER (v 26.2) STARTED AT: 2026/07/28 13:55:56
ELMER SOLVER (v 26.2) STARTED AT: 2026/07/28 13:55:56
ELMER SOLVER (v 26.2) STARTED AT: 2026/07/28 13:55:56
ELMER SOLVER (v 26.2) STARTED AT: 2026/07/28 13:55:56
ELMER SOLVER (v 26.2) STARTED AT: 2026/07/28 13:55:56
ELMER SOLVER (v 26.2) STARTED AT: 2026/07/28 13:55:56
ELMER SOLVER (v 26.2) STARTED AT: 2026/07/28 13:55:56
ELMER SOLVER (v 26.2) STARTED AT: 2026/07/28 13:55:56
ELMER SOLVER (v 26.2) STARTED AT: 2026/07/28 13:55:56
ELMER SOLVER (v 26.2) STARTED AT: 2026/07/28 13:55:56
ELMER SOLVER (v 26.2) STARTED AT: 2026/07/28 13:55:56
ELMER SOLVER (v 26.2) STARTED AT: 2026/07/28 13:55:56
ELMER SOLVER (v 26.2) STARTED AT: 2026/07/28 13:55:56
ELMER SOLVER (v 26.2) STARTED AT: 2026/07/28 13:55:56
ELMER SOLVER (v 26.2) STARTED AT: 2026/07/28 13:55:56
ELMER SOLVER (v 26.2) STARTED AT: 2026/07/28 13:55:56
ELMER SOLVER (v 26.2) STARTED AT: 2026/07/28 13:55:56
ELMER SOLVER (v 26.2) STARTED AT: 2026/07/28 13:55:56
ELMER SOLVER (v 26.2) STARTED AT: 2026/07/28 13:55:56
ELMER SOLVER (v 26.2) STARTED AT: 2026/07/28 13:55:56
ELMER SOLVER (v 26.2) STARTED AT: 2026/07/28 13:55:56
ELMER SOLVER (v 26.2) STARTED AT: 2026/07/28 13:55:56
ELMER SOLVER (v 26.2) STARTED AT: 2026/07/28 13:55:56
ELMER SOLVER (v 26.2) STARTED AT: 2026/07/28 13:55:56
ELMER SOLVER (v 26.2) STARTED AT: 2026/07/28 13:55:56
ELMER SOLVER (v 26.2) STARTED AT: 2026/07/28 13:55:56
ELMER SOLVER (v 26.2) STARTED AT: 2026/07/28 13:55:56
ELMER SOLVER (v 26.2) STARTED AT: 2026/07/28 13:55:56
ELMER SOLVER (v 26.2) STARTED AT: 2026/07/28 13:55:56
ELMER SOLVER (v 26.2) STARTED AT: 2026/07/28 13:55:56
ELMER SOLVER (v 26.2) STARTED AT: 2026/07/28 13:55:56
ELMER SOLVER (v 26.2) STARTED AT: 2026/07/28 13:55:56
ELMER SOLVER (v 26.2) STARTED AT: 2026/07/28 13:55:56
ELMER SOLVER (v 26.2) STARTED AT: 2026/07/28 13:55:56
ELMER SOLVER (v 26.2) STARTED AT: 2026/07/28 13:55:56
ELMER SOLVER (v 26.2) STARTED AT: 2026/07/28 13:55:56
ELMER SOLVER (v 26.2) STARTED AT: 2026/07/28 13:55:56
ELMER SOLVER (v 26.2) STARTED AT: 2026/07/28 13:55:56
ELMER SOLVER (v 26.2) STARTED AT: 2026/07/28 13:55:56
ELMER SOLVER (v 26.2) STARTED AT: 2026/07/28 13:55:56
ELMER SOLVER (v 26.2) STARTED AT: 2026/07/28 13:55:56
ELMER SOLVER (v 26.2) STARTED AT: 2026/07/28 13:55:56
ELMER SOLVER (v 26.2) STARTED AT: 2026/07/28 13:55:56
ELMER SOLVER (v 26.2) STARTED AT: 2026/07/28 13:55:56
ELMER SOLVER (v 26.2) STARTED AT: 2026/07/28 13:55:56
ELMER SOLVER (v 26.2) STARTED AT: 2026/07/28 13:55:56
ELMER SOLVER (v 26.2) STARTED AT: 2026/07/28 13:55:56
ELMER SOLVER (v 26.2) STARTED AT: 2026/07/28 13:55:56
ELMER SOLVER (v 26.2) STARTED AT: 2026/07/28 13:55:56
ELMER SOLVER (v 26.2) STARTED AT: 2026/07/28 13:55:56
ELMER SOLVER (v 26.2) STARTED AT: 2026/07/28 13:55:56
ELMER SOLVER (v 26.2) STARTED AT: 2026/07/28 13:55:56
ELMER SOLVER (v 26.2) STARTED AT: 2026/07/28 13:55:56
ELMER SOLVER (v 26.2) STARTED AT: 2026/07/28 13:55:56
ELMER SOLVER (v 26.2) STARTED AT: 2026/07/28 13:55:56
ELMER SOLVER (v 26.2) STARTED AT: 2026/07/28 13:55:56
ELMER SOLVER (v 26.2) STARTED AT: 2026/07/28 13:55:56
ELMER SOLVER (v 26.2) STARTED AT: 2026/07/28 13:55:56
ELMER SOLVER (v 26.2) STARTED AT: 2026/07/28 13:55:56
ELMER SOLVER (v 26.2) STARTED AT: 2026/07/28 13:55:56
ELMER SOLVER (v 26.2) STARTED AT: 2026/07/28 13:55:56
ELMER SOLVER (v 26.2) STARTED AT: 2026/07/28 13:55:56
ELMER SOLVER (v 26.2) STARTED AT: 2026/07/28 13:55:56
ELMER SOLVER (v 26.2) STARTED AT: 2026/07/28 13:55:56
ELMER SOLVER (v 26.2) STARTED AT: 2026/07/28 13:55:56
ELMER SOLVER (v 26.2) STARTED AT: 2026/07/28 13:55:56
ELMER SOLVER (v 26.2) STARTED AT: 2026/07/28 13:55:56
ELMER SOLVER (v 26.2) STARTED AT: 2026/07/28 13:55:56
ELMER SOLVER (v 26.2) STARTED AT: 2026/07/28 13:55:56
ELMER SOLVER (v 26.2) STARTED AT: 2026/07/28 13:55:56
ELMER SOLVER (v 26.2) STARTED AT: 2026/07/28 13:55:56
ELMER SOLVER (v 26.2) STARTED AT: 2026/07/28 13:55:56
ELMER SOLVER (v 26.2) STARTED AT: 2026/07/28 13:55:56
ELMER SOLVER (v 26.2) STARTED AT: 2026/07/28 13:55:56
ELMER SOLVER (v 26.2) STARTED AT: 2026/07/28 13:55:56
ELMER SOLVER (v 26.2) STARTED AT: 2026/07/28 13:55:56
ELMER SOLVER (v 26.2) STARTED AT: 2026/07/28 13:55:56
ELMER SOLVER (v 26.2) STARTED AT: 2026/07/28 13:55:56
ELMER SOLVER (v 26.2) STARTED AT: 2026/07/28 13:55:56
ELMER SOLVER (v 26.2) STARTED AT: 2026/07/28 13:55:56
ELMER SOLVER (v 26.2) STARTED AT: 2026/07/28 13:55:56
ELMER SOLVER (v 26.2) STARTED AT: 2026/07/28 13:55:56
ELMER SOLVER (v 26.2) STARTED AT: 2026/07/28 13:55:56
ELMER SOLVER (v 26.2) STARTED AT: 2026/07/28 13:55:56
ELMER SOLVER (v 26.2) STARTED AT: 2026/07/28 13:55:56
ELMER SOLVER (v 26.2) STARTED AT: 2026/07/28 13:55:56
ELMER SOLVER (v 26.2) STARTED AT: 2026/07/28 13:55:56
ELMER SOLVER (v 26.2) STARTED AT: 2026/07/28 13:55:56
ELMER SOLVER (v 26.2) STARTED AT: 2026/07/28 13:55:56
ELMER SOLVER (v 26.2) STARTED AT: 2026/07/28 13:55:56
ELMER SOLVER (v 26.2) STARTED AT: 2026/07/28 13:55:56
ELMER SOLVER (v 26.2) STARTED AT: 2026/07/28 13:55:56
ELMER SOLVER (v 26.2) STARTED AT: 2026/07/28 13:55:56
ELMER SOLVER (v 26.2) STARTED AT: 2026/07/28 13:55:56
ELMER SOLVER (v 26.2) STARTED AT: 2026/07/28 13:55:56
ELMER SOLVER (v 26.2) STARTED AT: 2026/07/28 13:55:56
ELMER SOLVER (v 26.2) STARTED AT: 2026/07/28 13:55:56
ELMER SOLVER (v 26.2) STARTED AT: 2026/07/28 13:55:56
ELMER SOLVER (v 26.2) STARTED AT: 2026/07/28 13:55:56
ELMER SOLVER (v 26.2) STARTED AT: 2026/07/28 13:55:56
ELMER SOLVER (v 26.2) STARTED AT: 2026/07/28 13:55:56
ELMER SOLVER (v 26.2) STARTED AT: 2026/07/28 13:55:56
ELMER SOLVER (v 26.2) STARTED AT: 2026/07/28 13:55:56
ELMER SOLVER (v 26.2) STARTED AT: 2026/07/28 13:55:56
ELMER SOLVER (v 26.2) STARTED AT: 2026/07/28 13:55:56
ELMER SOLVER (v 26.2) STARTED AT: 2026/07/28 13:55:56
ELMER SOLVER (v 26.2) STARTED AT: 2026/07/28 13:55:56
ELMER SOLVER (v 26.2) STARTED AT: 2026/07/28 13:55:56
ELMER SOLVER (v 26.2) STARTED AT: 2026/07/28 13:55:56
ELMER SOLVER (v 26.2) STARTED AT: 2026/07/28 13:55:56
ELMER SOLVER (v 26.2) STARTED AT: 2026/07/28 13:55:56
ELMER SOLVER (v 26.2) STARTED AT: 2026/07/28 13:55:56
ELMER SOLVER (v 26.2) STARTED AT: 2026/07/28 13:55:56
ELMER SOLVER (v 26.2) STARTED AT: 2026/07/28 13:55:56
ELMER SOLVER (v 26.2) STARTED AT: 2026/07/28 13:55:56
ELMER SOLVER (v 26.2) STARTED AT: 2026/07/28 13:55:56
ELMER SOLVER (v 26.2) STARTED AT: 2026/07/28 13:55:56
ELMER SOLVER (v 26.2) STARTED AT: 2026/07/28 13:55:56
ELMER SOLVER (v 26.2) STARTED AT: 2026/07/28 13:55:56
ELMER SOLVER (v 26.2) STARTED AT: 2026/07/28 13:55:56
ELMER SOLVER (v 26.2) STARTED AT: 2026/07/28 13:55:56
ELMER SOLVER (v 26.2) STARTED AT: 2026/07/28 13:55:56
ELMER SOLVER (v 26.2) STARTED AT: 2026/07/28 13:55:56
ELMER SOLVER (v 26.2) STARTED AT: 2026/07/28 13:55:56
ELMER SOLVER (v 26.2) STARTED AT: 2026/07/28 13:55:56
ELMER SOLVER (v 26.2) STARTED AT: 2026/07/28 13:55:56
ELMER SOLVER (v 26.2) STARTED AT: 2026/07/28 13:55:56
ELMER SOLVER (v 26.2) STARTED AT: 2026/07/28 13:55:56
ELMER SOLVER (v 26.2) STARTED AT: 2026/07/28 13:55:56
ELMER SOLVER (v 26.2) STARTED AT: 2026/07/28 13:55:56
ELMER SOLVER (v 26.2) STARTED AT: 2026/07/28 13:55:56
ELMER SOLVER (v 26.2) STARTED AT: 2026/07/28 13:55:56
ELMER SOLVER (v 26.2) STARTED AT: 2026/07/28 13:55:56
ELMER SOLVER (v 26.2) STARTED AT: 2026/07/28 13:55:56
ELMER SOLVER (v 26.2) STARTED AT: 2026/07/28 13:55:56
ELMER SOLVER (v 26.2) STARTED AT: 2026/07/28 13:55:56
ELMER SOLVER (v 26.2) STARTED AT: 2026/07/28 13:55:56
ELMER SOLVER (v 26.2) STARTED AT: 2026/07/28 13:55:56
ELMER SOLVER (v 26.2) STARTED AT: 2026/07/28 13:55:56
ELMER SOLVER (v 26.2) STARTED AT: 2026/07/28 13:55:56
ELMER SOLVER (v 26.2) STARTED AT: 2026/07/28 13:55:56
ELMER SOLVER (v 26.2) STARTED AT: 2026/07/28 13:55:56
ELMER SOLVER (v 26.2) STARTED AT: 2026/07/28 13:55:56
ELMER SOLVER (v 26.2) STARTED AT: 2026/07/28 13:55:56
ELMER SOLVER (v 26.2) STARTED AT: 2026/07/28 13:55:56
ELMER SOLVER (v 26.2) STARTED AT: 2026/07/28 13:55:56
ELMER SOLVER (v 26.2) STARTED AT: 2026/07/28 13:55:56
ELMER SOLVER (v 26.2) STARTED AT: 2026/07/28 13:55:56
ELMER SOLVER (v 26.2) STARTED AT: 2026/07/28 13:55:56
ELMER SOLVER (v 26.2) STARTED AT: 2026/07/28 13:55:56
ELMER SOLVER (v 26.2) STARTED AT: 2026/07/28 13:55:56
ELMER SOLVER (v 26.2) STARTED AT: 2026/07/28 13:55:56
ELMER SOLVER (v 26.2) STARTED AT: 2026/07/28 13:55:56
ELMER SOLVER (v 26.2) STARTED AT: 2026/07/28 13:55:56
ELMER SOLVER (v 26.2) STARTED AT: 2026/07/28 13:55:56
ELMER SOLVER (v 26.2) STARTED AT: 2026/07/28 13:55:56
ELMER SOLVER (v 26.2) STARTED AT: 2026/07/28 13:55:56
ELMER SOLVER (v 26.2) STARTED AT: 2026/07/28 13:55:56
ELMER SOLVER (v 26.2) STARTED AT: 2026/07/28 13:55:56
ELMER SOLVER (v 26.2) STARTED AT: 2026/07/28 13:55:56
ELMER SOLVER (v 26.2) STARTED AT: 2026/07/28 13:55:56
ELMER SOLVER (v 26.2) STARTED AT: 2026/07/28 13:55:56
ELMER SOLVER (v 26.2) STARTED AT: 2026/07/28 13:55:56
ELMER SOLVER (v 26.2) STARTED AT: 2026/07/28 13:55:56
ELMER SOLVER (v 26.2) STARTED AT: 2026/07/28 13:55:56
ELMER SOLVER (v 26.2) STARTED AT: 2026/07/28 13:55:56
ELMER SOLVER (v 26.2) STARTED AT: 2026/07/28 13:55:56
ELMER SOLVER (v 26.2) STARTED AT: 2026/07/28 13:55:56
ELMER SOLVER (v 26.2) STARTED AT: 2026/07/28 13:55:56
ELMER SOLVER (v 26.2) STARTED AT: 2026/07/28 13:55:56
ELMER SOLVER (v 26.2) STARTED AT: 2026/07/28 13:55:56
ELMER SOLVER (v 26.2) STARTED AT: 2026/07/28 13:55:56
ELMER SOLVER (v 26.2) STARTED AT: 2026/07/28 13:55:56
ELMER SOLVER (v 26.2) STARTED AT: 2026/07/28 13:55:56
ELMER SOLVER (v 26.2) STARTED AT: 2026/07/28 13:55:56
ELMER SOLVER (v 26.2) STARTED AT: 2026/07/28 13:55:56
ELMER SOLVER (v 26.2) STARTED AT: 2026/07/28 13:55:56
ELMER SOLVER (v 26.2) STARTED AT: 2026/07/28 13:55:56
ELMER SOLVER (v 26.2) STARTED AT: 2026/07/28 13:55:56
ELMER SOLVER (v 26.2) STARTED AT: 2026/07/28 13:55:56
ELMER SOLVER (v 26.2) STARTED AT: 2026/07/28 13:55:56
ELMER SOLVER (v 26.2) STARTED AT: 2026/07/28 13:55:56
ELMER SOLVER (v 26.2) STARTED AT: 2026/07/28 13:55:56
ELMER SOLVER (v 26.2) STARTED AT: 2026/07/28 13:55:56
ELMER SOLVER (v 26.2) STARTED AT: 2026/07/28 13:55:56
ELMER SOLVER (v 26.2) STARTED AT: 2026/07/28 13:55:56
ELMER SOLVER (v 26.2) STARTED AT: 2026/07/28 13:55:56
ELMER SOLVER (v 26.2) STARTED AT: 2026/07/28 13:55:56
ELMER SOLVER (v 26.2) STARTED AT: 2026/07/28 13:55:56
ELMER SOLVER (v 26.2) STARTED AT: 2026/07/28 13:55:56
ELMER SOLVER (v 26.2) STARTED AT: 2026/07/28 13:55:56
ELMER SOLVER (v 26.2) STARTED AT: 2026/07/28 13:55:56
ELMER SOLVER (v 26.2) STARTED AT: 2026/07/28 13:55:56
ELMER SOLVER (v 26.2) STARTED AT: 2026/07/28 13:55:56
ELMER SOLVER (v 26.2) STARTED AT: 2026/07/28 13:55:56
ELMER SOLVER (v 26.2) STARTED AT: 2026/07/28 13:55:56
ELMER SOLVER (v 26.2) STARTED AT: 2026/07/28 13:55:56
ELMER SOLVER (v 26.2) STARTED AT: 2026/07/28 13:55:56
ELMER SOLVER (v 26.2) STARTED AT: 2026/07/28 13:55:56
ELMER SOLVER (v 26.2) STARTED AT: 2026/07/28 13:55:56
ELMER SOLVER (v 26.2) STARTED AT: 2026/07/28 13:55:56
ELMER SOLVER (v 26.2) STARTED AT: 2026/07/28 13:55:56
ELMER SOLVER (v 26.2) STARTED AT: 2026/07/28 13:55:56
ELMER SOLVER (v 26.2) STARTED AT: 2026/07/28 13:55:56
ELMER SOLVER (v 26.2) STARTED AT: 2026/07/28 13:55:56
ELMER SOLVER (v 26.2) STARTED AT: 2026/07/28 13:55:56
ELMER SOLVER (v 26.2) STARTED AT: 2026/07/28 13:55:56
ELMER SOLVER (v 26.2) STARTED AT: 2026/07/28 13:55:56
ELMER SOLVER (v 26.2) STARTED AT: 2026/07/28 13:55:56
ELMER SOLVER (v 26.2) STARTED AT: 2026/07/28 13:55:56
ELMER SOLVER (v 26.2) STARTED AT: 2026/07/28 13:55:56
ELMER SOLVER (v 26.2) STARTED AT: 2026/07/28 13:55:56
ELMER SOLVER (v 26.2) STARTED AT: 2026/07/28 13:55:56
ELMER SOLVER (v 26.2) STARTED AT: 2026/07/28 13:55:56
ELMER SOLVER (v 26.2) STARTED AT: 2026/07/28 13:55:56
ELMER SOLVER (v 26.2) STARTED AT: 2026/07/28 13:55:56
ELMER SOLVER (v 26.2) STARTED AT: 2026/07/28 13:55:56
ELMER SOLVER (v 26.2) STARTED AT: 2026/07/28 13:55:56
ELMER SOLVER (v 26.2) STARTED AT: 2026/07/28 13:55:56
ELMER SOLVER (v 26.2) STARTED AT: 2026/07/28 13:55:56
ELMER SOLVER (v 26.2) STARTED AT: 2026/07/28 13:55:56
ELMER SOLVER (v 26.2) STARTED AT: 2026/07/28 13:55:56
ELMER SOLVER (v 26.2) STARTED AT: 2026/07/28 13:55:56
ELMER SOLVER (v 26.2) STARTED AT: 2026/07/28 13:55:56
ELMER SOLVER (v 26.2) STARTED AT: 2026/07/28 13:55:56
ELMER SOLVER (v 26.2) STARTED AT: 2026/07/28 13:55:56
ELMER SOLVER (v 26.2) STARTED AT: 2026/07/28 13:55:56
ELMER SOLVER (v 26.2) STARTED AT: 2026/07/28 13:55:56
ELMER SOLVER (v 26.2) STARTED AT: 2026/07/28 13:55:56
ELMER SOLVER (v 26.2) STARTED AT: 2026/07/28 13:55:56
ELMER SOLVER (v 26.2) STARTED AT: 2026/07/28 13:55:56
ELMER SOLVER (v 26.2) STARTED AT: 2026/07/28 13:55:56
ELMER SOLVER (v 26.2) STARTED AT: 2026/07/28 13:55:56
ELMER SOLVER (v 26.2) STARTED AT: 2026/07/28 13:55:56
ELMER SOLVER (v 26.2) STARTED AT: 2026/07/28 13:55:56
ELMER SOLVER (v 26.2) STARTED AT: 2026/07/28 13:55:56
ELMER SOLVER (v 26.2) STARTED AT: 2026/07/28 13:55:56
ELMER SOLVER (v 26.2) STARTED AT: 2026/07/28 13:55:56
ELMER SOLVER (v 26.2) STARTED AT: 2026/07/28 13:55:56
ELMER SOLVER (v 26.2) STARTED AT: 2026/07/28 13:55:56
ELMER SOLVER (v 26.2) STARTED AT: 2026/07/28 13:55:56
ELMER SOLVER (v 26.2) STARTED AT: 2026/07/28 13:55:56
ELMER SOLVER (v 26.2) STARTED AT: 2026/07/28 13:55:56
ELMER SOLVER (v 26.2) STARTED AT: 2026/07/28 13:55:56
ELMER SOLVER (v 26.2) STARTED AT: 2026/07/28 13:55:56
ELMER SOLVER (v 26.2) STARTED AT: 2026/07/28 13:55:56
ELMER SOLVER (v 26.2) STARTED AT: 2026/07/28 13:55:56
ELMER SOLVER (v 26.2) STARTED AT: 2026/07/28 13:55:56
ELMER SOLVER (v 26.2) STARTED AT: 2026/07/28 13:55:56
ELMER SOLVER (v 26.2) STARTED AT: 2026/07/28 13:55:56
ELMER SOLVER (v 26.2) STARTED AT: 2026/07/28 13:55:56
ELMER SOLVER (v 26.2) STARTED AT: 2026/07/28 13:55:56
ELMER SOLVER (v 26.2) STARTED AT: 2026/07/28 13:55:56
ELMER SOLVER (v 26.2) STARTED AT: 2026/07/28 13:55:56
ELMER SOLVER (v 26.2) STARTED AT: 2026/07/28 13:55:56
ELMER SOLVER (v 26.2) STARTED AT: 2026/07/28 13:55:56
ELMER SOLVER (v 26.2) STARTED AT: 2026/07/28 13:55:57
ELMER SOLVER (v 26.2) STARTED AT: 2026/07/28 13:55:56
ELMER SOLVER (v 26.2) STARTED AT: 2026/07/28 13:55:57
ELMER SOLVER (v 26.2) STARTED AT: 2026/07/28 13:55:57
ELMER SOLVER (v 26.2) STARTED AT: 2026/07/28 13:55:57
ELMER SOLVER (v 26.2) STARTED AT: 2026/07/28 13:55:57
ELMER SOLVER (v 26.2) STARTED AT: 2026/07/28 13:55:57
ELMER SOLVER (v 26.2) STARTED AT: 2026/07/28 13:55:57
ELMER SOLVER (v 26.2) STARTED AT: 2026/07/28 13:55:57
ELMER SOLVER (v 26.2) STARTED AT: 2026/07/28 13:55:57
ELMER SOLVER (v 26.2) STARTED AT: 2026/07/28 13:55:57
ELMER SOLVER (v 26.2) STARTED AT: 2026/07/28 13:55:57
ELMER SOLVER (v 26.2) STARTED AT: 2026/07/28 13:55:57
ELMER SOLVER (v 26.2) STARTED AT: 2026/07/28 13:55:57
ELMER SOLVER (v 26.2) STARTED AT: 2026/07/28 13:55:57
ELMER SOLVER (v 26.2) STARTED AT: 2026/07/28 13:55:57
ELMER SOLVER (v 26.2) STARTED AT: 2026/07/28 13:55:57
ELMER SOLVER (v 26.2) STARTED AT: 2026/07/28 13:55:57
ELMER SOLVER (v 26.2) STARTED AT: 2026/07/28 13:55:57
ELMER SOLVER (v 26.2) STARTED AT: 2026/07/28 13:55:57
ELMER SOLVER (v 26.2) STARTED AT: 2026/07/28 13:55:57
ELMER SOLVER (v 26.2) STARTED AT: 2026/07/28 13:55:57
ELMER SOLVER (v 26.2) STARTED AT: 2026/07/28 13:55:57
ELMER SOLVER (v 26.2) STARTED AT: 2026/07/28 13:55:57
ELMER SOLVER (v 26.2) STARTED AT: 2026/07/28 13:55:57
ELMER SOLVER (v 26.2) STARTED AT: 2026/07/28 13:55:57
ELMER SOLVER (v 26.2) STARTED AT: 2026/07/28 13:55:57
ELMER SOLVER (v 26.2) STARTED AT: 2026/07/28 13:55:57
ELMER SOLVER (v 26.2) STARTED AT: 2026/07/28 13:55:57
ELMER SOLVER (v 26.2) STARTED AT: 2026/07/28 13:55:57
ELMER SOLVER (v 26.2) STARTED AT: 2026/07/28 13:55:57
ELMER SOLVER (v 26.2) STARTED AT: 2026/07/28 13:55:57
ELMER SOLVER (v 26.2) STARTED AT: 2026/07/28 13:55:57
ELMER SOLVER (v 26.2) STARTED AT: 2026/07/28 13:55:57
ELMER SOLVER (v 26.2) STARTED AT: 2026/07/28 13:55:57
ELMER SOLVER (v 26.2) STARTED AT: 2026/07/28 13:55:57
ELMER SOLVER (v 26.2) STARTED AT: 2026/07/28 13:55:57
ELMER SOLVER (v 26.2) STARTED AT: 2026/07/28 13:55:57
ELMER SOLVER (v 26.2) STARTED AT: 2026/07/28 13:55:57
ELMER SOLVER (v 26.2) STARTED AT: 2026/07/28 13:55:57
ELMER SOLVER (v 26.2) STARTED AT: 2026/07/28 13:55:57
ELMER SOLVER (v 26.2) STARTED AT: 2026/07/28 13:55:57
ELMER SOLVER (v 26.2) STARTED AT: 2026/07/28 13:55:57
ELMER SOLVER (v 26.2) STARTED AT: 2026/07/28 13:55:57
ELMER SOLVER (v 26.2) STARTED AT: 2026/07/28 13:55:57
ELMER SOLVER (v 26.2) STARTED AT: 2026/07/28 13:55:57
ELMER SOLVER (v 26.2) STARTED AT: 2026/07/28 13:55:57
ELMER SOLVER (v 26.2) STARTED AT: 2026/07/28 13:55:57
ELMER SOLVER (v 26.2) STARTED AT: 2026/07/28 13:55:57
ELMER SOLVER (v 26.2) STARTED AT: 2026/07/28 13:55:57
ELMER SOLVER (v 26.2) STARTED AT: 2026/07/28 13:55:57
ELMER SOLVER (v 26.2) STARTED AT: 2026/07/28 13:55:57
ELMER SOLVER (v 26.2) STARTED AT: 2026/07/28 13:55:57
ELMER SOLVER (v 26.2) STARTED AT: 2026/07/28 13:55:57
ELMER SOLVER (v 26.2) STARTED AT: 2026/07/28 13:55:57
ELMER SOLVER (v 26.2) STARTED AT: 2026/07/28 13:55:57
ELMER SOLVER (v 26.2) STARTED AT: 2026/07/28 13:55:57
ELMER SOLVER (v 26.2) STARTED AT: 2026/07/28 13:55:57
ELMER SOLVER (v 26.2) STARTED AT: 2026/07/28 13:55:57
ELMER SOLVER (v 26.2) STARTED AT: 2026/07/28 13:55:57
ELMER SOLVER (v 26.2) STARTED AT: 2026/07/28 13:55:57
ELMER SOLVER (v 26.2) STARTED AT: 2026/07/28 13:55:57
ELMER SOLVER (v 26.2) STARTED AT: 2026/07/28 13:55:57
ELMER SOLVER (v 26.2) STARTED AT: 2026/07/28 13:55:57
ELMER SOLVER (v 26.2) STARTED AT: 2026/07/28 13:55:57
ELMER SOLVER (v 26.2) STARTED AT: 2026/07/28 13:55:57
ELMER SOLVER (v 26.2) STARTED AT: 2026/07/28 13:55:57
ELMER SOLVER (v 26.2) STARTED AT: 2026/07/28 13:55:57
ELMER SOLVER (v 26.2) STARTED AT: 2026/07/28 13:55:57
ELMER SOLVER (v 26.2) STARTED AT: 2026/07/28 13:55:57
ELMER SOLVER (v 26.2) STARTED AT: 2026/07/28 13:55:57
ELMER SOLVER (v 26.2) STARTED AT: 2026/07/28 13:55:57
ELMER SOLVER (v 26.2) STARTED AT: 2026/07/28 13:55:57
ELMER SOLVER (v 26.2) STARTED AT: 2026/07/28 13:55:57
ELMER SOLVER (v 26.2) STARTED AT: 2026/07/28 13:55:57
ELMER SOLVER (v 26.2) STARTED AT: 2026/07/28 13:55:57
ELMER SOLVER (v 26.2) STARTED AT: 2026/07/28 13:55:57
ELMER SOLVER (v 26.2) STARTED AT: 2026/07/28 13:55:57
ELMER SOLVER (v 26.2) STARTED AT: 2026/07/28 13:55:57
ELMER SOLVER (v 26.2) STARTED AT: 2026/07/28 13:55:57
ELMER SOLVER (v 26.2) STARTED AT: 2026/07/28 13:55:57
ELMER SOLVER (v 26.2) STARTED AT: 2026/07/28 13:55:57
ELMER SOLVER (v 26.2) STARTED AT: 2026/07/28 13:55:57
ELMER SOLVER (v 26.2) STARTED AT: 2026/07/28 13:55:57
ELMER SOLVER (v 26.2) STARTED AT: 2026/07/28 13:55:57
ELMER SOLVER (v 26.2) STARTED AT: 2026/07/28 13:55:57
ELMER SOLVER (v 26.2) STARTED AT: 2026/07/28 13:55:57
ELMER SOLVER (v 26.2) STARTED AT: 2026/07/28 13:55:57
ELMER SOLVER (v 26.2) STARTED AT: 2026/07/28 13:55:57
ELMER SOLVER (v 26.2) STARTED AT: 2026/07/28 13:55:57
ELMER SOLVER (v 26.2) STARTED AT: 2026/07/28 13:55:57
ELMER SOLVER (v 26.2) STARTED AT: 2026/07/28 13:55:57
ELMER SOLVER (v 26.2) STARTED AT: 2026/07/28 13:55:57
ELMER SOLVER (v 26.2) STARTED AT: 2026/07/28 13:55:57
ELMER SOLVER (v 26.2) STARTED AT: 2026/07/28 13:55:57
ELMER SOLVER (v 26.2) STARTED AT: 2026/07/28 13:55:57
ELMER SOLVER (v 26.2) STARTED AT: 2026/07/28 13:55:57
ELMER SOLVER (v 26.2) STARTED AT: 2026/07/28 13:55:57
ELMER SOLVER (v 26.2) STARTED AT: 2026/07/28 13:55:57
ELMER SOLVER (v 26.2) STARTED AT: 2026/07/28 13:55:57
ELMER SOLVER (v 26.2) STARTED AT: 2026/07/28 13:55:57
ELMER SOLVER (v 26.2) STARTED AT: 2026/07/28 13:55:57
ELMER SOLVER (v 26.2) STARTED AT: 2026/07/28 13:55:57
ELMER SOLVER (v 26.2) STARTED AT: 2026/07/28 13:55:57
ELMER SOLVER (v 26.2) STARTED AT: 2026/07/28 13:55:57
ELMER SOLVER (v 26.2) STARTED AT: 2026/07/28 13:55:57
ELMER SOLVER (v 26.2) STARTED AT: 2026/07/28 13:55:57
ELMER SOLVER (v 26.2) STARTED AT: 2026/07/28 13:55:57
ELMER SOLVER (v 26.2) STARTED AT: 2026/07/28 13:55:57
ELMER SOLVER (v 26.2) STARTED AT: 2026/07/28 13:55:57
ELMER SOLVER (v 26.2) STARTED AT: 2026/07/28 13:55:57
ELMER SOLVER (v 26.2) STARTED AT: 2026/07/28 13:55:57
ELMER SOLVER (v 26.2) STARTED AT: 2026/07/28 13:55:57
ELMER SOLVER (v 26.2) STARTED AT: 2026/07/28 13:55:57
ELMER SOLVER (v 26.2) STARTED AT: 2026/07/28 13:55:57
ELMER SOLVER (v 26.2) STARTED AT: 2026/07/28 13:55:57
ELMER SOLVER (v 26.2) STARTED AT: 2026/07/28 13:55:57
ELMER SOLVER (v 26.2) STARTED AT: 2026/07/28 13:55:57
ELMER SOLVER (v 26.2) STARTED AT: 2026/07/28 13:55:57
ELMER SOLVER (v 26.2) STARTED AT: 2026/07/28 13:55:57
ELMER SOLVER (v 26.2) STARTED AT: 2026/07/28 13:55:57
ELMER SOLVER (v 26.2) STARTED AT: 2026/07/28 13:55:57
ELMER SOLVER (v 26.2) STARTED AT: 2026/07/28 13:55:57
ELMER SOLVER (v 26.2) STARTED AT: 2026/07/28 13:55:57
ELMER SOLVER (v 26.2) STARTED AT: 2026/07/28 13:55:57
ELMER SOLVER (v 26.2) STARTED AT: 2026/07/28 13:55:57
ELMER SOLVER (v 26.2) STARTED AT: 2026/07/28 13:55:57
ELMER SOLVER (v 26.2) STARTED AT: 2026/07/28 13:55:57
ELMER SOLVER (v 26.2) STARTED AT: 2026/07/28 13:55:57
ELMER SOLVER (v 26.2) STARTED AT: 2026/07/28 13:55:57
ELMER SOLVER (v 26.2) STARTED AT: 2026/07/28 13:55:57
ELMER SOLVER (v 26.2) STARTED AT: 2026/07/28 13:55:57
ELMER SOLVER (v 26.2) STARTED AT: 2026/07/28 13:55:57
ELMER SOLVER (v 26.2) STARTED AT: 2026/07/28 13:55:57
ELMER SOLVER (v 26.2) STARTED AT: 2026/07/28 13:55:57
ELMER SOLVER (v 26.2) STARTED AT: 2026/07/28 13:55:57
ELMER SOLVER (v 26.2) STARTED AT: 2026/07/28 13:55:57
ELMER SOLVER (v 26.2) STARTED AT: 2026/07/28 13:55:57
ELMER SOLVER (v 26.2) STARTED AT: 2026/07/28 13:55:57
ELMER SOLVER (v 26.2) STARTED AT: 2026/07/28 13:55:57
ELMER SOLVER (v 26.2) STARTED AT: 2026/07/28 13:55:57
ELMER SOLVER (v 26.2) STARTED AT: 2026/07/28 13:55:57
ELMER SOLVER (v 26.2) STARTED AT: 2026/07/28 13:55:57
ELMER SOLVER (v 26.2) STARTED AT: 2026/07/28 13:55:57
ELMER SOLVER (v 26.2) STARTED AT: 2026/07/28 13:55:57
ELMER SOLVER (v 26.2) STARTED AT: 2026/07/28 13:55:57
ELMER SOLVER (v 26.2) STARTED AT: 2026/07/28 13:55:57
ELMER SOLVER (v 26.2) STARTED AT: 2026/07/28 13:55:57
ELMER SOLVER (v 26.2) STARTED AT: 2026/07/28 13:55:57
ELMER SOLVER (v 26.2) STARTED AT: 2026/07/28 13:55:57
ELMER SOLVER (v 26.2) STARTED AT: 2026/07/28 13:55:57
ELMER SOLVER (v 26.2) STARTED AT: 2026/07/28 13:55:57
ELMER SOLVER (v 26.2) STARTED AT: 2026/07/28 13:55:57
ELMER SOLVER (v 26.2) STARTED AT: 2026/07/28 13:55:57
ELMER SOLVER (v 26.2) STARTED AT: 2026/07/28 13:55:57
ELMER SOLVER (v 26.2) STARTED AT: 2026/07/28 13:55:57
ELMER SOLVER (v 26.2) STARTED AT: 2026/07/28 13:55:57
ELMER SOLVER (v 26.2) STARTED AT: 2026/07/28 13:55:57
ELMER SOLVER (v 26.2) STARTED AT: 2026/07/28 13:55:57
ELMER SOLVER (v 26.2) STARTED AT: 2026/07/28 13:55:57
ELMER SOLVER (v 26.2) STARTED AT: 2026/07/28 13:55:57
ELMER SOLVER (v 26.2) STARTED AT: 2026/07/28 13:55:57
ELMER SOLVER (v 26.2) STARTED AT: 2026/07/28 13:55:57
ELMER SOLVER (v 26.2) STARTED AT: 2026/07/28 13:55:57
ELMER SOLVER (v 26.2) STARTED AT: 2026/07/28 13:55:57
ELMER SOLVER (v 26.2) STARTED AT: 2026/07/28 13:55:57
ELMER SOLVER (v 26.2) STARTED AT: 2026/07/28 13:55:57
ELMER SOLVER (v 26.2) STARTED AT: 2026/07/28 13:55:57
ELMER SOLVER (v 26.2) STARTED AT: 2026/07/28 13:55:57
ELMER SOLVER (v 26.2) STARTED AT: 2026/07/28 13:55:57
ELMER SOLVER (v 26.2) STARTED AT: 2026/07/28 13:55:57
ELMER SOLVER (v 26.2) STARTED AT: 2026/07/28 13:55:57
ELMER SOLVER (v 26.2) STARTED AT: 2026/07/28 13:55:57
ELMER SOLVER (v 26.2) STARTED AT: 2026/07/28 13:55:57
ELMER SOLVER (v 26.2) STARTED AT: 2026/07/28 13:55:57
ELMER SOLVER (v 26.2) STARTED AT: 2026/07/28 13:55:57
ELMER SOLVER (v 26.2) STARTED AT: 2026/07/28 13:55:57
ELMER SOLVER (v 26.2) STARTED AT: 2026/07/28 13:55:57
ELMER SOLVER (v 26.2) STARTED AT: 2026/07/28 13:55:57
ELMER SOLVER (v 26.2) STARTED AT: 2026/07/28 13:55:57
ELMER SOLVER (v 26.2) STARTED AT: 2026/07/28 13:55:57
ELMER SOLVER (v 26.2) STARTED AT: 2026/07/28 13:55:57
ELMER SOLVER (v 26.2) STARTED AT: 2026/07/28 13:55:57
ELMER SOLVER (v 26.2) STARTED AT: 2026/07/28 13:55:57
ELMER SOLVER (v 26.2) STARTED AT: 2026/07/28 13:55:57
ELMER SOLVER (v 26.2) STARTED AT: 2026/07/28 13:55:57
ELMER SOLVER (v 26.2) STARTED AT: 2026/07/28 13:55:57
ELMER SOLVER (v 26.2) STARTED AT: 2026/07/28 13:55:57
ELMER SOLVER (v 26.2) STARTED AT: 2026/07/28 13:55:57
ELMER SOLVER (v 26.2) STARTED AT: 2026/07/28 13:55:57
ELMER SOLVER (v 26.2) STARTED AT: 2026/07/28 13:55:57
ELMER SOLVER (v 26.2) STARTED AT: 2026/07/28 13:55:57
ELMER SOLVER (v 26.2) STARTED AT: 2026/07/28 13:55:57
ELMER SOLVER (v 26.2) STARTED AT: 2026/07/28 13:55:57
ELMER SOLVER (v 26.2) STARTED AT: 2026/07/28 13:55:57
ELMER SOLVER (v 26.2) STARTED AT: 2026/07/28 13:55:57
ELMER SOLVER (v 26.2) STARTED AT: 2026/07/28 13:55:57
ELMER SOLVER (v 26.2) STARTED AT: 2026/07/28 13:55:57
ELMER SOLVER (v 26.2) STARTED AT: 2026/07/28 13:55:57
ELMER SOLVER (v 26.2) STARTED AT: 2026/07/28 13:55:57
ELMER SOLVER (v 26.2) STARTED AT: 2026/07/28 13:55:57
ELMER SOLVER (v 26.2) STARTED AT: 2026/07/28 13:55:57
ELMER SOLVER (v 26.2) STARTED AT: 2026/07/28 13:55:57
ELMER SOLVER (v 26.2) STARTED AT: 2026/07/28 13:55:57
ELMER SOLVER (v 26.2) STARTED AT: 2026/07/28 13:55:57
ELMER SOLVER (v 26.2) STARTED AT: 2026/07/28 13:55:57
ELMER SOLVER (v 26.2) STARTED AT: 2026/07/28 13:55:57
ELMER SOLVER (v 26.2) STARTED AT: 2026/07/28 13:55:57
ELMER SOLVER (v 26.2) STARTED AT: 2026/07/28 13:55:57
ELMER SOLVER (v 26.2) STARTED AT: 2026/07/28 13:55:57
ELMER SOLVER (v 26.2) STARTED AT: 2026/07/28 13:55:57
ELMER SOLVER (v 26.2) STARTED AT: 2026/07/28 13:55:57
ELMER SOLVER (v 26.2) STARTED AT: 2026/07/28 13:55:57
ELMER SOLVER (v 26.2) STARTED AT: 2026/07/28 13:55:57
ELMER SOLVER (v 26.2) STARTED AT: 2026/07/28 13:55:57
ELMER SOLVER (v 26.2) STARTED AT: 2026/07/28 13:55:57
ELMER SOLVER (v 26.2) STARTED AT: 2026/07/28 13:55:57
ELMER SOLVER (v 26.2) STARTED AT: 2026/07/28 13:55:57
ELMER SOLVER (v 26.2) STARTED AT: 2026/07/28 13:55:57
ELMER SOLVER (v 26.2) STARTED AT: 2026/07/28 13:55:57
ELMER SOLVER (v 26.2) STARTED AT: 2026/07/28 13:55:57
ELMER SOLVER (v 26.2) STARTED AT: 2026/07/28 13:55:57
ELMER SOLVER (v 26.2) STARTED AT: 2026/07/28 13:55:57
ELMER SOLVER (v 26.2) STARTED AT: 2026/07/28 13:55:57
ELMER SOLVER (v 26.2) STARTED AT: 2026/07/28 13:55:57
ELMER SOLVER (v 26.2) STARTED AT: 2026/07/28 13:55:57
ELMER SOLVER (v 26.2) STARTED AT: 2026/07/28 13:55:57
ELMER SOLVER (v 26.2) STARTED AT: 2026/07/28 13:55:57
ELMER SOLVER (v 26.2) STARTED AT: 2026/07/28 13:55:57
ELMER SOLVER (v 26.2) STARTED AT: 2026/07/28 13:55:57
ELMER SOLVER (v 26.2) STARTED AT: 2026/07/28 13:55:57
ELMER SOLVER (v 26.2) STARTED AT: 2026/07/28 13:55:57
ELMER SOLVER (v 26.2) STARTED AT: 2026/07/28 13:55:57
ELMER SOLVER (v 26.2) STARTED AT: 2026/07/28 13:55:57
ELMER SOLVER (v 26.2) STARTED AT: 2026/07/28 13:55:57
ELMER SOLVER (v 26.2) STARTED AT: 2026/07/28 13:55:57
ELMER SOLVER (v 26.2) STARTED AT: 2026/07/28 13:55:57
ELMER SOLVER (v 26.2) STARTED AT: 2026/07/28 13:55:57
ELMER SOLVER (v 26.2) STARTED AT: 2026/07/28 13:55:57
ELMER SOLVER (v 26.2) STARTED AT: 2026/07/28 13:55:57
ELMER SOLVER (v 26.2) STARTED AT: 2026/07/28 13:55:57
ELMER SOLVER (v 26.2) STARTED AT: 2026/07/28 13:55:57
ELMER SOLVER (v 26.2) STARTED AT: 2026/07/28 13:55:57
ELMER SOLVER (v 26.2) STARTED AT: 2026/07/28 13:55:57
ELMER SOLVER (v 26.2) STARTED AT: 2026/07/28 13:55:57
ELMER SOLVER (v 26.2) STARTED AT: 2026/07/28 13:55:57
ELMER SOLVER (v 26.2) STARTED AT: 2026/07/28 13:55:57
ELMER SOLVER (v 26.2) STARTED AT: 2026/07/28 13:55:57
ELMER SOLVER (v 26.2) STARTED AT: 2026/07/28 13:55:57
ELMER SOLVER (v 26.2) STARTED AT: 2026/07/28 13:55:57
ELMER SOLVER (v 26.2) STARTED AT: 2026/07/28 13:55:57
ELMER SOLVER (v 26.2) STARTED AT: 2026/07/28 13:55:57
ELMER SOLVER (v 26.2) STARTED AT: 2026/07/28 13:55:57
ELMER SOLVER (v 26.2) STARTED AT: 2026/07/28 13:55:57
ELMER SOLVER (v 26.2) STARTED AT: 2026/07/28 13:55:57
ELMER SOLVER (v 26.2) STARTED AT: 2026/07/28 13:55:57
ELMER SOLVER (v 26.2) STARTED AT: 2026/07/28 13:55:57
ELMER SOLVER (v 26.2) STARTED AT: 2026/07/28 13:55:57
ELMER SOLVER (v 26.2) STARTED AT: 2026/07/28 13:55:57
ELMER SOLVER (v 26.2) STARTED AT: 2026/07/28 13:55:57
ELMER SOLVER (v 26.2) STARTED AT: 2026/07/28 13:55:57
ELMER SOLVER (v 26.2) STARTED AT: 2026/07/28 13:55:57
ELMER SOLVER (v 26.2) STARTED AT: 2026/07/28 13:55:57
ELMER SOLVER (v 26.2) STARTED AT: 2026/07/28 13:55:57
ELMER SOLVER (v 26.2) STARTED AT: 2026/07/28 13:55:57
ELMER SOLVER (v 26.2) STARTED AT: 2026/07/28 13:55:57
ELMER SOLVER (v 26.2) STARTED AT: 2026/07/28 13:55:57
ELMER SOLVER (v 26.2) STARTED AT: 2026/07/28 13:55:57
ELMER SOLVER (v 26.2) STARTED AT: 2026/07/28 13:55:57
ELMER SOLVER (v 26.2) STARTED AT: 2026/07/28 13:55:57
ELMER SOLVER (v 26.2) STARTED AT: 2026/07/28 13:55:57
ELMER SOLVER (v 26.2) STARTED AT: 2026/07/28 13:55:57
ELMER SOLVER (v 26.2) STARTED AT: 2026/07/28 13:55:57
ELMER SOLVER (v 26.2) STARTED AT: 2026/07/28 13:55:57
ELMER SOLVER (v 26.2) STARTED AT: 2026/07/28 13:55:57
ELMER SOLVER (v 26.2) STARTED AT: 2026/07/28 13:55:57
ELMER SOLVER (v 26.2) STARTED AT: 2026/07/28 13:55:57
ELMER SOLVER (v 26.2) STARTED AT: 2026/07/28 13:55:57
ELMER SOLVER (v 26.2) STARTED AT: 2026/07/28 13:55:57
ELMER SOLVER (v 26.2) STARTED AT: 2026/07/28 13:55:57
ELMER SOLVER (v 26.2) STARTED AT: 2026/07/28 13:55:57
ELMER SOLVER (v 26.2) STARTED AT: 2026/07/28 13:55:57
ELMER SOLVER (v 26.2) STARTED AT: 2026/07/28 13:55:57
ELMER SOLVER (v 26.2) STARTED AT: 2026/07/28 13:55:57
ELMER SOLVER (v 26.2) STARTED AT: 2026/07/28 13:55:57
ELMER SOLVER (v 26.2) STARTED AT: 2026/07/28 13:55:57
ELMER SOLVER (v 26.2) STARTED AT: 2026/07/28 13:55:57
ELMER SOLVER (v 26.2) STARTED AT: 2026/07/28 13:55:57
ELMER SOLVER (v 26.2) STARTED AT: 2026/07/28 13:55:57
ELMER SOLVER (v 26.2) STARTED AT: 2026/07/28 13:55:57
ELMER SOLVER (v 26.2) STARTED AT: 2026/07/28 13:55:57
ELMER SOLVER (v 26.2) STARTED AT: 2026/07/28 13:55:57
ELMER SOLVER (v 26.2) STARTED AT: 2026/07/28 13:55:57
ELMER SOLVER (v 26.2) STARTED AT: 2026/07/28 13:55:57
ELMER SOLVER (v 26.2) STARTED AT: 2026/07/28 13:55:57
ELMER SOLVER (v 26.2) STARTED AT: 2026/07/28 13:55:57
ELMER SOLVER (v 26.2) STARTED AT: 2026/07/28 13:55:57
ELMER SOLVER (v 26.2) STARTED AT: 2026/07/28 13:55:57
ELMER SOLVER (v 26.2) STARTED AT: 2026/07/28 13:55:57
ELMER SOLVER (v 26.2) STARTED AT: 2026/07/28 13:55:57
ELMER SOLVER (v 26.2) STARTED AT: 2026/07/28 13:55:57
ELMER SOLVER (v 26.2) STARTED AT: 2026/07/28 13:55:57
ELMER SOLVER (v 26.2) STARTED AT: 2026/07/28 13:55:57
ELMER SOLVER (v 26.2) STARTED AT: 2026/07/28 13:55:57
ELMER SOLVER (v 26.2) STARTED AT: 2026/07/28 13:55:57
ELMER SOLVER (v 26.2) STARTED AT: 2026/07/28 13:55:57
ELMER SOLVER (v 26.2) STARTED AT: 2026/07/28 13:55:57
ELMER SOLVER (v 26.2) STARTED AT: 2026/07/28 13:55:57
ELMER SOLVER (v 26.2) STARTED AT: 2026/07/28 13:55:57
ELMER SOLVER (v 26.2) STARTED AT: 2026/07/28 13:55:57
ELMER SOLVER (v 26.2) STARTED AT: 2026/07/28 13:55:57
ELMER SOLVER (v 26.2) STARTED AT: 2026/07/28 13:55:57
ELMER SOLVER (v 26.2) STARTED AT: 2026/07/28 13:55:57
ELMER SOLVER (v 26.2) STARTED AT: 2026/07/28 13:55:57
ELMER SOLVER (v 26.2) STARTED AT: 2026/07/28 13:55:57
ELMER SOLVER (v 26.2) STARTED AT: 2026/07/28 13:55:57
ELMER SOLVER (v 26.2) STARTED AT: 2026/07/28 13:55:57
ELMER SOLVER (v 26.2) STARTED AT: 2026/07/28 13:55:57
ELMER SOLVER (v 26.2) STARTED AT: 2026/07/28 13:55:57
ELMER SOLVER (v 26.2) STARTED AT: 2026/07/28 13:55:57
ELMER SOLVER (v 26.2) STARTED AT: 2026/07/28 13:55:57
ELMER SOLVER (v 26.2) STARTED AT: 2026/07/28 13:55:57
ELMER SOLVER (v 26.2) STARTED AT: 2026/07/28 13:55:57
ELMER SOLVER (v 26.2) STARTED AT: 2026/07/28 13:55:57
ELMER SOLVER (v 26.2) STARTED AT: 2026/07/28 13:55:57
ELMER SOLVER (v 26.2) STARTED AT: 2026/07/28 13:55:57
ELMER SOLVER (v 26.2) STARTED AT: 2026/07/28 13:55:57
ELMER SOLVER (v 26.2) STARTED AT: 2026/07/28 13:55:57
ELMER SOLVER (v 26.2) STARTED AT: 2026/07/28 13:55:57
ELMER SOLVER (v 26.2) STARTED AT: 2026/07/28 13:55:57
ELMER SOLVER (v 26.2) STARTED AT: 2026/07/28 13:55:57
ELMER SOLVER (v 26.2) STARTED AT: 2026/07/28 13:55:57
ELMER SOLVER (v 26.2) STARTED AT: 2026/07/28 13:55:57
ELMER SOLVER (v 26.2) STARTED AT: 2026/07/28 13:55:57
ELMER SOLVER (v 26.2) STARTED AT: 2026/07/28 13:55:57
ELMER SOLVER (v 26.2) STARTED AT: 2026/07/28 13:55:57
ELMER SOLVER (v 26.2) STARTED AT: 2026/07/28 13:55:57
ELMER SOLVER (v 26.2) STARTED AT: 2026/07/28 13:55:57
ELMER SOLVER (v 26.2) STARTED AT: 2026/07/28 13:55:57
ELMER SOLVER (v 26.2) STARTED AT: 2026/07/28 13:55:57
ELMER SOLVER (v 26.2) STARTED AT: 2026/07/28 13:55:57
ELMER SOLVER (v 26.2) STARTED AT: 2026/07/28 13:55:57
ELMER SOLVER (v 26.2) STARTED AT: 2026/07/28 13:55:57
ELMER SOLVER (v 26.2) STARTED AT: 2026/07/28 13:55:57
ELMER SOLVER (v 26.2) STARTED AT: 2026/07/28 13:55:57
ELMER SOLVER (v 26.2) STARTED AT: 2026/07/28 13:55:57
ELMER SOLVER (v 26.2) STARTED AT: 2026/07/28 13:55:57
ELMER SOLVER (v 26.2) STARTED AT: 2026/07/28 13:55:57
ELMER SOLVER (v 26.2) STARTED AT: 2026/07/28 13:55:57
ELMER SOLVER (v 26.2) STARTED AT: 2026/07/28 13:55:57
ELMER SOLVER (v 26.2) STARTED AT: 2026/07/28 13:55:57
ELMER SOLVER (v 26.2) STARTED AT: 2026/07/28 13:55:57
ELMER SOLVER (v 26.2) STARTED AT: 2026/07/28 13:55:57
ELMER SOLVER (v 26.2) STARTED AT: 2026/07/28 13:55:57
ELMER SOLVER (v 26.2) STARTED AT: 2026/07/28 13:55:57
ELMER SOLVER (v 26.2) STARTED AT: 2026/07/28 13:55:57
ELMER SOLVER (v 26.2) STARTED AT: 2026/07/28 13:55:57
ELMER SOLVER (v 26.2) STARTED AT: 2026/07/28 13:55:57
ELMER SOLVER (v 26.2) STARTED AT: 2026/07/28 13:55:57
ELMER SOLVER (v 26.2) STARTED AT: 2026/07/28 13:55:57
ELMER SOLVER (v 26.2) STARTED AT: 2026/07/28 13:55:57
ELMER SOLVER (v 26.2) STARTED AT: 2026/07/28 13:55:57
ELMER SOLVER (v 26.2) STARTED AT: 2026/07/28 13:55:57
ELMER SOLVER (v 26.2) STARTED AT: 2026/07/28 13:55:57
ELMER SOLVER (v 26.2) STARTED AT: 2026/07/28 13:55:57
ELMER SOLVER (v 26.2) STARTED AT: 2026/07/28 13:55:57
ELMER SOLVER (v 26.2) STARTED AT: 2026/07/28 13:55:57
ELMER SOLVER (v 26.2) STARTED AT: 2026/07/28 13:55:57
ELMER SOLVER (v 26.2) STARTED AT: 2026/07/28 13:55:57
ELMER SOLVER (v 26.2) STARTED AT: 2026/07/28 13:55:57
ELMER SOLVER (v 26.2) STARTED AT: 2026/07/28 13:55:57
ELMER SOLVER (v 26.2) STARTED AT: 2026/07/28 13:55:57
ELMER SOLVER (v 26.2) STARTED AT: 2026/07/28 13:55:57
ELMER SOLVER (v 26.2) STARTED AT: 2026/07/28 13:55:57
ELMER SOLVER (v 26.2) STARTED AT: 2026/07/28 13:55:57
ELMER SOLVER (v 26.2) STARTED AT: 2026/07/28 13:55:57
ELMER SOLVER (v 26.2) STARTED AT: 2026/07/28 13:55:57
ELMER SOLVER (v 26.2) STARTED AT: 2026/07/28 13:55:57
ELMER SOLVER (v 26.2) STARTED AT: 2026/07/28 13:55:57
ELMER SOLVER (v 26.2) STARTED AT: 2026/07/28 13:55:57
ELMER SOLVER (v 26.2) STARTED AT: 2026/07/28 13:55:57
ELMER SOLVER (v 26.2) STARTED AT: 2026/07/28 13:55:57
ELMER SOLVER (v 26.2) STARTED AT: 2026/07/28 13:55:57
ELMER SOLVER (v 26.2) STARTED AT: 2026/07/28 13:55:57
ELMER SOLVER (v 26.2) STARTED AT: 2026/07/28 13:55:57
ELMER SOLVER (v 26.2) STARTED AT: 2026/07/28 13:55:57
ELMER SOLVER (v 26.2) STARTED AT: 2026/07/28 13:55:57
ELMER SOLVER (v 26.2) STARTED AT: 2026/07/28 13:55:57
ELMER SOLVER (v 26.2) STARTED AT: 2026/07/28 13:55:57
ELMER SOLVER (v 26.2) STARTED AT: 2026/07/28 13:55:57
ELMER SOLVER (v 26.2) STARTED AT: 2026/07/28 13:55:57
ELMER SOLVER (v 26.2) STARTED AT: 2026/07/28 13:55:57
ELMER SOLVER (v 26.2) STARTED AT: 2026/07/28 13:55:57
ELMER SOLVER (v 26.2) STARTED AT: 2026/07/28 13:55:57
ELMER SOLVER (v 26.2) STARTED AT: 2026/07/28 13:55:57
ELMER SOLVER (v 26.2) STARTED AT: 2026/07/28 13:55:57
ELMER SOLVER (v 26.2) STARTED AT: 2026/07/28 13:55:57
ELMER SOLVER (v 26.2) STARTED AT: 2026/07/28 13:55:57
ELMER SOLVER (v 26.2) STARTED AT: 2026/07/28 13:55:57
ELMER SOLVER (v 26.2) STARTED AT: 2026/07/28 13:55:57
ELMER SOLVER (v 26.2) STARTED AT: 2026/07/28 13:55:57
ELMER SOLVER (v 26.2) STARTED AT: 2026/07/28 13:55:57
ELMER SOLVER (v 26.2) STARTED AT: 2026/07/28 13:55:57
ELMER SOLVER (v 26.2) STARTED AT: 2026/07/28 13:55:57
ELMER SOLVER (v 26.2) STARTED AT: 2026/07/28 13:55:57
ELMER SOLVER (v 26.2) STARTED AT: 2026/07/28 13:55:57
ELMER SOLVER (v 26.2) STARTED AT: 2026/07/28 13:55:57
ELMER SOLVER (v 26.2) STARTED AT: 2026/07/28 13:55:57
ELMER SOLVER (v 26.2) STARTED AT: 2026/07/28 13:55:57
ELMER SOLVER (v 26.2) STARTED AT: 2026/07/28 13:55:57
ELMER SOLVER (v 26.2) STARTED AT: 2026/07/28 13:55:57
ELMER SOLVER (v 26.2) STARTED AT: 2026/07/28 13:55:57
ELMER SOLVER (v 26.2) STARTED AT: 2026/07/28 13:55:57
ELMER SOLVER (v 26.2) STARTED AT: 2026/07/28 13:55:57
ELMER SOLVER (v 26.2) STARTED AT: 2026/07/28 13:55:57
 2
 2
 2
 2
 2
 2
 2
 2
 2
 2
 2
 2
 2
 2
 2
 2
 2
 2
 2
 2
 2
 2
 2
 2
 2
 2
 2
 2
 2
 2
 2
 2
 2
 2
 2
 2
 2
 2
 2
 2
 2
 2
 2
 2
 2
 2
 2
 2
 2
 2
 2
 2
 2
 2
 2
 2
 2
 2
 2
 2
 2
 2
 2
 2
 2
 2
 2
 2
 2
 2
 2
 2
 2
 2
 2
 2
 2
 2
 2
 2
 2
 2
 2
 2
 2
ParCommInit: Initialize #PEs: 1536
 2
 2
 2
 2
 2
 2
 2
 2
 2
 2
 2
 2
 2
 2
 2
 2
 2
 2
 2
 2
 2
 2
 2
 2
 2
 2
 2
 2
 2
 2
 2
 2
 2
 2
 2
 2
 2
 2
 2
 2
 2
 2
 2
 2
 2
 2
 2
 2
 2
 2
 2
 2
 2
 2
 2
 2
 2
 2
 2
 2
 2
 2
 2
 2
 2
 2
 2
 2
 2
 2
 2
 2
 2
 2
 2
 2
 2
 2
 2
 2
 2
 2
 2
ParCommInit: Initialize #PEs: 1536
 2
MAIN: Read 2 integer parameters from command line!
 2
 2
 2
 2
 2
 2
 2
 2
 2
 2
 2
 2
 2
 2
 2
 2
 2
 2
 2
 2
 2
 2
 2
 2
 2
 2
 2
 2
 2
 2
 2
 2
 2
 2
 2
 2
 2
 2
 2
 2
 2
 2
 2
 2
 2
 2
 2
 2
 2
 2
 2
 2
 2
 2
 2
 2
 2
 2
 2
 2
 2
 2
 2
 2
 2
 2
 2
 2
 2
 2
 2
 2
 2
 2
 2
 2
 2
 2
 2
 2
 2
 2
 2
 2
 2
 2
 2
 2
 2
 2
 2
 2
 2
 2
 2
 2
 2
 2
 2
 2
 2
 2
 2
 2
 2
 2
 2
 2
 2
 2
 2
 2
 2
 2
 2
 2
 2
 2
 2
 2
 2
 2
 2
 2
 2
 2
 2
 2
 2
 2
 2
 2
 2
 2
 2
 2
 2
 2
 2
 2
 2
 2
 2
 2
 2
 2
 2
 2
 2
 2
 2
 2
 2
 2
 2
 2
 2
 2
 2
 2
 2
MAIN: 
MAIN: =============================================================
 2
 2
 2
 2
 2
 2
 2
 2
 2
 2
 2
 2
 2
 2
 2
 2
 2
 2
 2
 2
 2
 2
 2
 2
 2
 2
 2
 2
 2
 2
 2
 2
 2
 2
 2
 2
 2
 2
 2
 2
 2
 2
 2
 2
 2
 2
 2
MAIN: ElmerSolver finite element software, Welcome!
MAIN: This program is free software licensed under (L)GPL
MAIN: Copyright 1st April 1995 - , CSC - IT Center for Science Ltd.
MAIN: Webpage http://www.csc.fi/elmer, Email elmeradm@csc.fi
 2
 2
 2
 2
 2
 2
 2
 2
 2
 2
 2
 2
 2
 2
MAIN: Version: 26.2-unknown (Rev: a19504ac5, Compiled: 2026-06-16)
MAIN:  Running in parallel using 1536 tasks.
 2
 2
 2
 2
 2
 2
 2
 2
 2
 2
 2
 2
 2
 2
 2
 2
 2
 2
 2
 2
 2
 2
 2
 2
 2
 2
 2
 2
 2
 2
 2
 2
 2
 2
 2
 2
 2
 2
 2
 2
 2
 2
 2
 2
 2
 2
 2
 2
 2
 2
 2
 2
 2
 2
 2
 2
 2
 2
 2
 2
 2
 2
 2
 2
 2
 2
 2
 2
 2
 2
 2
 2
 2
 2
 2
 2
 2
 2
 2
 2
 2
 2
 2
 2
 2
 2
 2
 2
 2
 2
 2
 2
 2
 2
 2
 2
 2
 2
 2
 2
 2
 2
 2
 2
 2
 2
 2
 2
 2
 2
 2
 2
 2
 2
 2
 2
 2
 2
 2
 2
 2
 2
 2
 2
 2
 2
 2
 2
 2
 2
 2
 2
 2
 2
 2
 2
 2
 2
 2
 2
 2
 2
 2
 2
 2
 2
 2
 2
 2
 2
 2
 2
 2
 2
 2
 2
 2
 2
 2
 2
 2
 2
 2
 2
 2
 2
 2
 2
 2
 2
 2
 2
 2
 2
 2
 2
 2
 2
 2
 2
 2
 2
 2
 2
 2
 2
 2
 2
 2
 2
 2
 2
 2
 2
 2
 2
 2
 2
 2
 2
 2
 2
 2
 2
 2
 2
 2
 2
 2
 2
 2
 2
 2
 2
 2
 2
 2
 2
 2
 2
 2
 2
 2
 2
 2
 2
 2
 2
 2
 2
 2
 2
 2
 2
 2
 2
 2
 2
 2
 2
 2
 2
 2
 2
 2
 2
 2
 2
 2
 2
 2
 2
 2
 2
 2
 2
 2
 2
 2
 2
 2
 2
 2
 2
 2
 2
 2
 2
 2
 2
 2
MAIN:  Running with just one thread per task.
MAIN:  HYPRE library linked in.
MAIN:  MUMPS library linked in.
MAIN:  Lua interpreter linked in.
MAIN:  Zoltan library linked in.
MAIN:  ADIOS2 library linked in.
MAIN: =============================================================
 2
 2
 2
 2
 2
 2
 2
 2
 2
 2
 2
 2
 2
 2
 2
 2
 2
 2
 2
 2
 2
 2
 2
 2
 2
 2
 2
 2
 2
 2
 2
 2
 2
 2
 2
 2
 2
 2
 2
 2
 2
 2
 2
 2
 2
 2
 2
 2
 2
 2
 2
 2
 2
 2
 2
 2
 2
 2
 2
 2
 2
 2
 2
 2
 2
 2
 2
 2
 2
 2
 2
 2
 2
 2
 2
 2
 2
 2
 2
 2
 2
 2
 2
 2
 2
 2
 2
 2
 2
 2
 2
 2
 2
 2
 2
 2
 2
 2
 2
 2
 2
 2
 2
 2
 2
 2
 2
 2
 2
 2
 2
 2
 2
 2
 2
 2
 2
 2
 2
 2
 2
 2
 2
 2
 2
 2
 2
 2
 2
 2
 2
 2
 2
 2
 2
 2
 2
 2
 2
 2
 2
 2
 2
 2
 2
 2
 2
 2
 2
 2
 2
 2
 2
 2
 2
 2
 2
 2
 2
 2
 2
 2
 2
 2
 2
 2
 2
 2
 2
 2
 2
 2
 2
 2
 2
 2
 2
 2
 2
 2
 2
 2
 2
 2
 2
 2
 2
 2
 2
 2
 2
 2
 2
 2
 2
 2
 2
 2
 2
 2
 2
 2
 2
 2
 2
 2
 2
 2
 2
 2
 2
 2
 2
 2
 2
 2
 2
 2
 2
 2
 2
 2
 2
 2
 2
 2
 2
 2
 2
 2
 2
 2
 2
 2
 2
 2
 2
 2
 2
 2
 2
 2
 2
 2
 2
 2
 2
 2
 2
 2
 2
 2
 2
 2
 2
 2
 2
 2
 2
 2
 2
 2
ParCommInit: Initialize #PEs: 1536
 2
 2
 2
 2
 2
 2
 2
 2
 2
 2
 2
 2
 2
 2
 2
 2
 2
 2
 2
 2
 2
 2
 2
 2
 2
 2
 2
 2
 2
 2
 2
 2
 2
 2
 2
 2
 2
 2
 2
 2
 2
 2
 2
 2
 2
 2
 2
 2
 2
 2
 2
 2
 2
 2
 2
 2
 2
 2
 2
 2
 2
 2
 2
 2
 2
 2
 2
 2
 2
 2
 2
 2
 2
 2
 2
 2
 2
 2
 2
 2
 2
 2
 2
 2
 2
 2
 2
 2
 2
 2
 2
 2
 2
 2
 2
 2
 2
 2
 2
 2
 2
 2
 2
 2
 2
 2
 2
 2
 2
 2
 2
 2
 2
 2
 2
 2
 2
 2
 2
 2
 2
 2
 2
 2
 2
 2
 2
 2
 2
 2
 2
 2
 2
 2
 2
 2
 2
 2
 2
 2
 2
 2
 2
 2
 2
 2
 2
 2
 2
 2
 2
 2
 2
 2
 2
 2
 2
 2
 2
 2
 2
 2
 2
 2
 2
 2
 2
 2
 2
 2
 2
 2
 2
 2
 2
 2
 2
 2
 2
 2
 2
 2
 2
 2
 2
 2
 2
 2
 2
 2
 2
 2
 2
 2
 2
 2
 2
 2
 2
 2
 2
 2
 2
 2
 2
 2
 2
 2
 2
 2
 2
 2
 2
 2
 2
 2
 2
 2
 2
 2
 2
 2
 2
 2
 2
 2
 2
 2
 2
 2
 2
 2
 2
 2
 2
 2
 2
 2
 2
 2
 2
 2
 2
 2
 2
 2
 2
 2
 2
 2
 2
 2
 2
 2
 2
 2
 2
 2
 2
 2
 2
 2
 2
 2
 2
 2
 2
 2
 2
 2
 2
 2
 2
 2
 2
 2
 2
 2
 2
 2
 2
 2
 2
 2
 2
 2
 2
 2
 2
 2
 2
 2
 2
ParCommInit: Initialize #PEs: 1536
 2
 2
 2
 2
 2
 2
 2
 2
 2
 2
 2
 2
 2
 2
 2
 2
 2
 2
 2
 2
 2
 2
 2
 2
 2
 2
 2
 2
 2
 2
 2
 2
 2
 2
 2
 2
 2
 2
 2
 2
 2
 2
 2
 2
 2
 2
 2
 2
 2
 2
 2
 2
 2
 2
 2
 2
 2
 2
 2
 2
 2
 2
 2
 2
 2
 2
 2
 2
 2
 2
 2
 2
 2
 2
 2
 2
 2
 2
 2
 2
 2
 2
 2
 2
 2
 2
 2
 2
 2
 2
 2
 2
 2
 2
 2
 2
 2
 2
 2
 2
 2
 2
 2
 2
 2
 2
 2
 2
 2
 2
 2
 2
 2
 2
 2
 2
 2
 2
 2
 2
 2
 2
 2
 2
 2
 2
 2
 2
 2
 2
 2
 2
 2
 2
 2
 2
 2
 2
 2
 2
 2
 2
 2
 2
 2
 2
 2
 2
 2
 2
 2
 2
 2
 2
 2
 2
 2
 2
 2
 2
 2
 2
 2
 2
 2
 2
 2
 2
 2
 2
 2
 2
 2
 2
 2
 2
 2
 2
 2
 2
 2
 2
 2
 2
 2
 2
 2
 2
 2
 2
 2
 2
 2
 2
 2
 2
 2
 2
 2
 2
 2
 2
 2
 2
 2
 2
 2
 2
 2
 2
 2
 2
 2
 2
 2
 2
 2
 2
 2
 2
 2
 2
 2
 2
 2
MAIN: 
MAIN: 
 2
 2
 2
 2
 2
MAIN: -------------------------------------
MAIN: Reading Model: case_cpu_367273.sif
 2
 2
 2
 2
 2
 2
 2
 2
 2
 2
 2
 2
 2
 2
 2
 2
 2
 2
 2
 2
 2
 2
 2
 2
 2
 2
 2
 2
 2
 2
 2
 2
 2
 2
 2
 2
 2
 2
 2
 2
 2
 2
 2
 2
 2
 2
 2
 2
 2
 2
 2
 2
 2
 2
 2
 2
 2
 2
 2
 2
 2
 2
 2
 2
 2
 2
 2
 2
 2
 2
 2
 2
 2
 2
LoadInputFile: Scanning input file: case_cpu_367273.sif
LoadInputFile: Scanning only size info
LoadInputFile: First time visiting
LoadInputFile: Reading base load of sif file
 2
 2
 2
 2
OpenIncludeFile: Trying to include file: linsys_367273.sif
 2
 2
 2
 2
 2
 2
 2
 2
 2
 2
CheckKeyword: Found keyword type assuming suffix 1 for: operator 2
CheckKeyword: Found keyword type assuming suffix 1 for: operator 2
CheckKeyword: Found keyword type assuming suffix 1 for: operator 3
CheckKeyword: Found keyword type assuming suffix 1 for: operator 3
CheckKeyword: Found keyword type assuming suffix 1 for: operator 4
CheckKeyword: Found keyword type assuming suffix 1 for: operator 4
CheckKeyword: Found keyword type assuming suffix 1 for: operator 5
CheckKeyword: Found keyword type assuming suffix 1 for: operator 5
LoadInputFile: Loading input file: case_cpu_367273.sif
LoadInputFile: Reading base load of sif file
 2
OpenIncludeFile: Trying to include file: linsys_367273.sif
CheckKeyword: Found keyword type assuming suffix 1 for: operator 2
CheckKeyword: Found keyword type assuming suffix 1 for: operator 2
CheckKeyword: Found keyword type assuming suffix 1 for: operator 3
CheckKeyword: Found keyword type assuming suffix 1 for: operator 3
CheckKeyword: Found keyword type assuming suffix 1 for: operator 4
CheckKeyword: Found keyword type assuming suffix 1 for: operator 4
CheckKeyword: Found keyword type assuming suffix 1 for: operator 5
CheckKeyword: Found keyword type assuming suffix 1 for: operator 5
CheckKeyword:  Unlisted keyword: [line marker] in section: [solver 2]
LoadInputFile: Number of BCs: 3
LoadInputFile: Number of Body Forces: 0
LoadInputFile: Number of Initial Conditions: 0
LoadInputFile: Number of Materials: 1
LoadInputFile: Number of Equations: 1
LoadInputFile: Number of Solvers: 2
LoadInputFile: Number of Bodies: 1
Loading user function library: [StressSolve]...[StressSolver_Init0]
Loading user function library: [SaveData]...[SaveScalars_Init0]
Loading user function library: [SaveData]...[SaveScalars_Init0]
LoadMesh: Loading parallel mesh for 1536 partitions
ElmerMeshReader: Performing step: 1
ElmerMeshReader: Base mesh name: ./winkel
ReadHeaderFile: Reading header info from file: ./winkel/partitioning.1536/part.1.header
InitializeMesh: Number of nodes in mesh: 61
InitializeMesh: Number of bulk elements in mesh: 21
InitializeMesh: Number of boundary elements in mesh: 0
InitializeMesh: Initial number of max element nodes: 8
ElmerMeshReader: Performing step: 2
ReadNodesFile: Reading nodes from file: ./winkel/partitioning.1536/part.1.nodes
SetMeshDimension: Dimension of mesh is: 3
SetMeshDimension: Max dimension of mesh is: 3
ElmerMeshReader: Performing step: 3
ReadElementsFile: Reading bulk elements from file: ./winkel/partitioning.1536/part.1.elements
ElmerMeshReader: Performing step: 4
ReadBoundaryFile: Reading boundary elements from file: ./winkel/partitioning.1536/part.1.boundary
PermuteNodeNumbering: Performing node mapping
MapBodiesAndBCs: Skipping remapping of bodies
ElmerMeshReader: Performing step: 5
ReadSharedFile: Reading nodes from file: ./winkel/partitioning.1536/part.1.shared
ElmerMeshReader: Performing step: 6
LoadMesh: Loading mesh done
NonNodalElements: Element dofs max: 8
SParFaceNumbering: Elapsed REAL time:     0.0000 (s)
SParEdgeNumbering: Elapsed REAL time:     0.0000 (s)
ParallelNonNodalElements: Number of initial nodes: 61
ParallelNonNodalElements: Number of initial faces: 0
ParallelNonNodalElements: Number of initial edges: 0
ParallelNonNodalElements: Number of shared nodes: 58
ParallelNonNodalElements: Number of owned shared nodes: 19
ParallelNonNodal: Elapsed REAL time:     0.0001 (s)
LoadMesh: Preparing mesh done
LoadMesh: Elapsed REAL time:     6.0862 (s)
LoadModel: Creating hierarchy of meshes by mesh multiplication: 3
LoadModel: Keeping number of meshes: 3
LoadModel: Performing splitting at level: 2
SplitMeshEqual: Mesh splitting works for first order elements 303, 404, 504, (706) and 808.
FindMeshEdges: Determining faces in 3D mesh
FindMeshFaces3D: Finding mesh faces in 3D mesh
FindMeshFaces3D: Number of faces found: 91
FindMeshEdges: Determining edges in 3D mesh
FindMeshEdges3D: Finding mesh edges in 3D mesh
FindMeshEdges3D: Number of edges found: 130
SplitMeshEqual: ******** Old mesh ********
SplitMeshEqual:  Nodes             :           61
SplitMeshEqual:  Bulk elements     :           21
SplitMeshEqual:  Boundary elements :            0
SplitMeshEqual:  Edges             :          130
SplitMeshEqual:  Faces             :           91
SplitMeshEqual: Added 91 nodes in the center of faces
SplitMeshEqual: Added 21 nodes in the center of bulks
SplitMeshEqual: Added edge centers to the nodes list.
SplitMeshEqual: Added face centers to the nodes list.
SplitMeshEqual: Added quad and brick centers to the nodes list.
SplitMeshEqual:  Count of new elements :          168
SplitMeshEqual: New mesh allocated.
SplitMeshEqual: Array for bulk elements allocated.
SplitMeshEqual: ******** New mesh ********
SplitMeshEqual:  Nodes             :          303
SplitMeshEqual:  Bulk elements     :          168
SplitMeshEqual:  Boundary elements :            0
SplitMeshEqual: Elapsed REAL time:     0.0007 (s)
SParIterGlobalNumbering:  Numbering seems consistent, advancing...
ParallelGlobalNumbering: Elapsed REAL time:     0.3673 (s)
ReleaseMeshFaceTables: Releasing number of faces: 91
SetMeshDimension: Dimension of mesh is: 3
SetMeshDimension: Max dimension of mesh is: 3
NonNodalElements: Element dofs max: 8
SParFaceNumbering: Elapsed REAL time:     0.0000 (s)
SParEdgeNumbering: Elapsed REAL time:     0.0000 (s)
ParallelNonNodalElements: Number of initial nodes: 303
ParallelNonNodalElements: Number of initial faces: 0
ParallelNonNodalElements: Number of initial edges: 0
ParallelNonNodalElements: Number of shared nodes: 226
ParallelNonNodalElements: Number of owned shared nodes: 187
ParallelNonNodal: Elapsed REAL time:     0.0000 (s)
LoadModel: Performing splitting at level: 3
SplitMeshEqual: Mesh splitting works for first order elements 303, 404, 504, (706) and 808.
FindMeshEdges: Determining faces in 3D mesh
FindMeshFaces3D: Finding mesh faces in 3D mesh
FindMeshFaces3D: Number of faces found: 616
FindMeshEdges: Determining edges in 3D mesh
FindMeshEdges3D: Finding mesh edges in 3D mesh
FindMeshEdges3D: Number of edges found: 750
SplitMeshEqual: ******** Old mesh ********
SplitMeshEqual:  Nodes             :          303
SplitMeshEqual:  Bulk elements     :          168
SplitMeshEqual:  Boundary elements :            0
SplitMeshEqual:  Edges             :          750
SplitMeshEqual:  Faces             :          616
SplitMeshEqual: Added 616 nodes in the center of faces
SplitMeshEqual: Added 168 nodes in the center of bulks
SplitMeshEqual: Added edge centers to the nodes list.
SplitMeshEqual: Added face centers to the nodes list.
SplitMeshEqual: Added quad and brick centers to the nodes list.
SplitMeshEqual:  Count of new elements :         1344
SplitMeshEqual: New mesh allocated.
SplitMeshEqual: Array for bulk elements allocated.
SplitMeshEqual: ******** New mesh ********
SplitMeshEqual:  Nodes             :         1837
SplitMeshEqual:  Bulk elements     :         1344
SplitMeshEqual:  Boundary elements :            0
SplitMeshEqual: Elapsed REAL time:     0.0003 (s)
SParIterGlobalNumbering:  Numbering seems consistent, advancing...
ParallelGlobalNumbering: Elapsed REAL time:     0.0357 (s)
ReleaseMeshFaceTables: Releasing number of faces: 616
SetMeshDimension: Dimension of mesh is: 3
SetMeshDimension: Max dimension of mesh is: 3
NonNodalElements: Element dofs max: 8
SParFaceNumbering: Elapsed REAL time:     0.0000 (s)
SParEdgeNumbering: Elapsed REAL time:     0.0000 (s)
ParallelNonNodalElements: Number of initial nodes: 1837
ParallelNonNodalElements: Number of initial faces: 0
ParallelNonNodalElements: Number of initial edges: 0
ParallelNonNodalElements: Number of shared nodes: 898
ParallelNonNodalElements: Number of owned shared nodes: 859
ParallelNonNodal: Elapsed REAL time:     0.0000 (s)
MeshStabParams: Computing stabilization parameters
MeshStabParams: Elapsed REAL time:     0.0002 (s)
MeshStabParams: Computing stabilization parameters
MeshStabParams: Elapsed REAL time:     0.0000 (s)
MeshStabParams: Computing stabilization parameters
MeshStabParams: Elapsed REAL time:     0.0000 (s)
CompleteModelKeywords: Completing keywords for mortars and mechanics!
MAIN: -------------------------------------
AddMeshCoordinates: Setting mesh coordinates and time
VariableAdd: Adding variable > Coordinate 1 < of size 1837
VariableAdd: Adding variable > Coordinate 2 < of size 1837
VariableAdd: Adding variable > Coordinate 3 < of size 1837
VariableAdd: Adding variable > Coordinate 1 < of size 303
VariableAdd: Adding variable > Coordinate 2 < of size 303
VariableAdd: Adding variable > Coordinate 3 < of size 303
VariableAdd: Adding variable > Coordinate 1 < of size 61
VariableAdd: Adding variable > Coordinate 2 < of size 61
VariableAdd: Adding variable > Coordinate 3 < of size 61
AddSolvers: Setting up 2 solvers
AddSolvers: Setting up solver 1: linelast
AddEquationBasics: Using procedure: StressSolve StressSolver
AddEquationBasics: Setting up solver: linelast
Loading user function library: [StressSolve]...[StressSolver_Init]
AddEquationBasics: Checking for _init solver
StressSolve_init: --------------------------------------------------
StressSolve_init: Solving displacements from linear elasticity model
StressSolve_init: --------------------------------------------------
Loading user function library: [StressSolve]...[StressSolver_bulk]
Loading user function library: [StressSolve]...[StressSolver_bulk]
AddEquationBasics: Checking for _bulk solver
Loading user function library: [StressSolve]...[StressSolver]
AddEquationBasics: Treating variable string: -dofs 3 displacement
AddEquationBasics: Creating standard variable: displacement
AddEquationBasics: Computing size of permutation vector
AddEquationBasics: Maximum size of permutation vector is: 1837
AddEquationBasics: Creating solver matrix topology
CreateMatrix: Creating initial permutation
CreateMatrix: Creating inverse of initial order of size: 1837
CreateMatrix: Creating list matrix for equation: linelast
MakeListMatrix: Creating list matrix
OptimizeBandwidth: ---------------------------------------------------------
OptimizeBandwidth: Computing matrix structure for: linelast
OptimizeBandwidth: Initial bandwidth for linelast: 1785
OptimizeBandwidth: Optimized bandwidth for linelast: 253
OptimizeBandwidth: ---------------------------------------------------------
CreateMatrix: Initializing list matrix for equation
CRS_CreateMatrix: Creating CRS Matrix of size: 5511
CRS_CreateMatrix: Creating CRS Matrix with nofs: 364077
CreateMatrix: Sparse matrix created
AddEquationBasics: Number of rows in CRS matrix: 5511
AddEquationBasics: Creating solver variable
VariableAdd: Adding variable > displacement < of size 5511
VariableAdd: Adding variable > displacement 1 < of size 1837
VariableAdd: Adding variable > displacement 2 < of size 1837
VariableAdd: Adding variable > displacement 3 < of size 1837
SolverInitialization: Elapsed REAL time:     0.2767 (s)
AddSolvers: Setting up solver 2: savescalars
AddEquationBasics: Using procedure: SaveData SaveScalars
AddEquationBasics: Setting up solver: savescalars
Loading user function library: [SaveData]...[SaveScalars_Init]
AddEquationBasics: Checking for _init solver
Loading user function library: [SaveData]...[SaveScalars_bulk]
Loading user function library: [SaveData]...[SaveScalars_bulk]
AddEquationBasics: Checking for _bulk solver
Loading user function library: [SaveData]...[SaveScalars]
AddEquationBasics: Creating null variable with no name
AddSolvers: Setting up solvers done
AddTimeEtc: Setting time and other global variables
VariableAdd: Adding variable > Time < of size 1
VariableAdd: Adding variable > Timestep < of size 1
VariableAdd: Adding variable > Timestep size < of size 1
VariableAdd: Adding variable > Timestep interval < of size 1
VariableAdd: Adding variable > nonlin iter < of size 1
VariableAdd: Adding variable > coupled iter < of size 1
VariableAdd: Adding variable > Partition < of size 1
VariableAdd: Adding variable > Time < of size 1
VariableAdd: Adding variable > Timestep < of size 1
VariableAdd: Adding variable > Timestep size < of size 1
VariableAdd: Adding variable > Timestep interval < of size 1
VariableAdd: Adding variable > nonlin iter < of size 1
VariableAdd: Adding variable > coupled iter < of size 1
VariableAdd: Adding variable > Partition < of size 1
VariableAdd: Adding variable > Time < of size 1
VariableAdd: Adding variable > Timestep < of size 1
VariableAdd: Adding variable > Timestep size < of size 1
VariableAdd: Adding variable > Timestep interval < of size 1
VariableAdd: Adding variable > nonlin iter < of size 1
VariableAdd: Adding variable > coupled iter < of size 1
VariableAdd: Adding variable > Partition < of size 1
MAIN: Random seed initialized to: 314159265
SetInitialConditions: Setting up initial conditions (if any)
MAIN: Number of timesteps to be saved: 1
MAIN: 
MAIN: -------------------------------------
MAIN:  Steady state iteration:            1
MAIN: -------------------------------------
MAIN: 
SolveEquations: Solvers before timestep
SolveEquations: Solvers in main iteration loop
SolveEquations: Performing set of solvers in sequence
ListTagCount: Counting tags for keyword normalization!
SetActiveElementsTable: Creating active element table for: linelast
SetActiveElementsTable: Number of active elements found : 1344
ParallelInitMatrix: Creating communication structures for matrix!
ParallelInitMatrix: Allocating communication structures for matrix!
SplitMatrix: Splitting parallel matrix
SplitMatrix: Allocating split stuff for 1536 partitions!
List_ToListMatrix: Matrix format changed from CRS to List
List_ToCRSMatrix: Changing matrix type with number of non-zeros: 359910
List_ToCRSMatrix: Matrix format changed from List to CRS
SingleSolver: Attempting to call solver: 1
SingleSolver: Solver Equation string is: linelast
StressSolve: 
StressSolve: --------------------------------------------------
StressSolve: Solving displacements from linear elasticity model
StressSolve: --------------------------------------------------
DefaultStart: Starting solver: linelast
StressSolve: Starting assembly...
InitializeToZero: Initializing the linear system to zero
StressSolve: Assembly:
SetNodalLoads: Finished checking for nodal loads
SetNodalLoads: Finished checking for nodal loads
SetNodalLoads: Finished checking for nodal loads
SetDirichletBoundaries: Number of dofs set for displacement: 0
DefUtils::DefaultDirichletBCs: Setting Dirichlet boundary conditions
SetDirichletBoundaries: Number of dofs set for displacement 1: 25600
DefUtils::DefaultDirichletBCs: p-element condition setup: displacement 1
SetDirichletBoundaries: Number of dofs set for displacement 2: 25600
DefUtils::DefaultDirichletBCs: p-element condition setup: displacement 2
SetDirichletBoundaries: Number of dofs set for displacement 3: 25600
DefUtils::DefaultDirichletBCs: p-element condition setup: displacement 3
EnforceDirichletConditions: Enforcing total of 24027 Dirichlet conditions.
EnforceDirichletConditions: Applying Dirichlet conditions using scaled diagonal
ScaleLinearSystem: Creating > DiagScaling < vector of size 5511
EnforceDirichletConditions: Dirichlet conditions enforced for dofs: 19683
EnforceDirichletConditions: Dirichlet conditions shared count: 4344
DefUtils::DefaultDirichletBCs: Dirichlet boundary conditions set
DefaultSolve: Solving linear system with default routines
GenerateConstraintMatrix: Nothing to do for now
SolveSystem: Solving linear system
SolveSystem: Solving linear system in standard way
SolveLinearSystem: Assuming real valued linear system
SolveLinearSystem: Using previously created parallel matrix structures!
SolveLinearSystem: Assuming parallel linear system
ScaleLinearSystem: Creating > DiagScaling < vector of size 5511
SolveLinearSystem: Linear System Preconditioning: ilu0
Prec0-ilu0: Elapsed REAL time:     0.0000 (s)
SolveLinearSystem: CRS matrix passed the dense test of size 3
SolveLinearSystem: Parallel linear System Solver: iterative
SParIterSolver: Solving linear in parallel with iterative methods
SplittedMatrix: Elapsed REAL time:     0.0641 (s)
IterSolver: Using iterative method: cg
IterSolver: Matrix is real valued
CRS_IncompleteLU: ILU(0) (Real), Performing Factorization:
CRS_IncompleteLU: Allocated LU matrix of size: 359910
CRS_IncompleteLU: Performing incomplete LU
CRS_IncompleteLU: ILU(0) (Real), NOF nonzeros:    359911
CRS_IncompleteLU: ILU(0) (Real), filling (%) :       100
CRS_IncompleteLU: ILU(0) (Real), Factorization time (s):     0.01
Prec-ilu0: Elapsed REAL time:     0.0092 (s)
      20 0.1430E+01
      40 0.2137E+01
      60 0.2201E+01
      80 0.2200E+01
     100 0.2672E+01
     120 0.3972E+01
     140 0.2586E+01
     160 0.2843E+01
     180 0.1949E+01
     200 0.1616E+01
     220 0.1752E+01
     240 0.1617E+01
     260 0.1231E+01
     280 0.1758E+01
     300 0.2336E+01
     320 0.2870E+01
     340 0.2481E+01
     360 0.2029E+01
     380 0.1196E+01
     400 0.1015E+01
     420 0.1289E+01
     440 0.1496E+01
     460 0.1676E+01
     480 0.1209E+01
     500 0.1107E+01
     520 0.1523E+01
     540 0.1893E+01
     560 0.1494E+01
     580 0.1197E+01
     600 0.1481E+01
     620 0.1584E+01
     640 0.9982E+00
     660 0.1042E+01
     680 0.9079E+00
     700 0.7198E+00
     720 0.4789E+00
     740 0.3396E+00
     760 0.3146E+00
     780 0.4811E+00
     800 0.7044E+00
     820 0.9248E+00
     840 0.9659E+00
     860 0.8165E+00
     880 0.6046E+00
     900 0.3259E+00
     920 0.1748E+00
     940 0.1628E+00
     960 0.1556E+00
     980 0.1333E+00
    1000 0.1337E+00
    1020 0.9542E-01
    1040 0.6499E-01
    1060 0.3444E-01
    1080 0.2056E-01
    1100 0.1437E-01
    1120 0.1170E-01
    1140 0.1309E-01
    1160 0.1686E-01
    1180 0.3488E-01
    1200 0.5651E-01
    1220 0.6337E-01
    1240 0.6309E-01
    1260 0.7002E-01
    1280 0.4912E-01
    1300 0.2183E-01
    1320 0.9223E-02
    1340 0.3411E-02
    1360 0.1541E-02
    1380 0.6275E-03
    1400 0.1965E-03
    1420 0.6580E-04
    1440 0.2454E-04
    1460 0.1254E-04
    1480 0.6564E-05
    1500 0.2995E-05
    1520 0.1013E-05
    1540 0.4034E-06
    1560 0.1480E-06
    1580 0.5461E-07
    1600 0.1608E-07
    1608 0.9661E-08
BackScaleLinearSystem: Scaling back to original scale
ComputeNorm: Computing norm of solution
ComputeNorm: Using consistent norm in parallel
ComputeChange: NS (ITER=1) (NRM,RELC): ( 0.23389156E-01  2.0000000     ) :: linelast
SolveSystem: System solved
SolveSystem: Linear system time (CPU,REAL) for displacement:     9.94   10.35 (s)
SolveSystem: Finished solving the system
DefaultFinish: Finished solver: linelast
StressSolver: All done
StressSolver: ------------------------------------------
SolverActivate: Solver time (CPU,REAL) for linelast:    10.38   11.06 (s)
ComputeNorm: Computing norm of solution
ComputeNorm: Using consistent norm in parallel
ComputeChange: SS (ITER=1) (NRM,RELC): ( 0.23389156E-01  2.0000000     ) :: linelast
SetActiveElementsTable: Creating active element table for: savescalars
SetActiveElementsTable: No active elements found
SingleSolver: Attempting to call solver: 2
SingleSolver: Solver Equation string is: savescalars
SaveScalars: -----------------------------------------
SaveScalars: Saving scalar values of various kinds
SolverOutputDirectory: Creating directory: results_cpu
SaveScalars: Treating variable: displacement
SaveScalars: Treating operator: dofs
OperToParOperMap: dofs -> sum
SaveScalars: Treating variable: displacement
SaveScalars: Treating operator: elements
OperToParOperMap: elements -> sum
SaveScalars: Treating variable: displacement
SaveScalars: Treating operator: partitions
OperToParOperMap: partitions -> none
SaveScalars: Treating variable: displacement
SaveScalars: Treating operator: norm
OperToParOperMap: norm -> none
SaveScalars: Treating variable: displacement
SaveScalars: Treating operator: cpu time
OperToParOperMap: cpu time -> none
SaveScalars: Performed 5 reduction operations
SaveScalars: Adding information on simulation timing
SaveScalars: Found 4 result scalars in simulation section
SaveScalars: Found 12 values to save in total
SaveScalars: Saving names of values to file: results_cpu/f1536.dat.names
SaveScalars: Parallel data is reduced into one file
SaveScalars: Data is appended to existing file
SaveScalars: Saving values to file: results_cpu/f1536.dat
SaveScalars: -----------------------------------------
SolveEquations: Solvers after timestep
WARNING:: CompareToReferenceSolution: Solver 1 FAILED:  Norm = 2.33891558E-02  RefNorm = 2.33900606E-02
CompareToReferenceSolution: Relative Error to reference norm: 3.868246E-05
ReloadInputFile: Reloading input file
LoadInputFile: Loading input file:
WARNING:: CompareToReferenceSolution: FAILED 1 tests out of 1!
MAIN: Reporting unused list entries for sif improvement!
MAIN: If you do not want these lines undefine > DEVEL_LISTUSAGE < !
   Unused keywords:
       Simulation            max output level
       Boundary Condition 2  force 2
       Solver 1              linear system ilut tolerance
       Solver 1              linear system abort not converged
MAIN: *** Elmer Solver: ALL DONE ***
FreeModel: Freeing meshes
ReleaseMesh: Releasing mesh variables
ReleaseMesh: Releasing mesh nodes
ReleaseMesh: Releasing mesh finished
ReleaseMesh: Releasing mesh variables
ReleaseMesh: Releasing mesh nodes
ReleaseMesh: Releasing mesh finished
ReleaseMesh: Releasing mesh variables
ReleaseMesh: Releasing mesh nodes
ReleaseMesh: Releasing mesh finished
FreeModel: Freeing constants list
FreeModel: Freeing simulation list
FreeModel: Freeing boundary lists
FreeModel: Freeing solvers
Loading user function library: [StressSolve]...[StressSolver_Finalize]
Loading user function library: [StressSolve]...[StressSolver_Finalize]
Loading user function library: [SaveData]...[SaveScalars_Finalize]
Loading user function library: [SaveData]...[SaveScalars_Finalize]
FreeModel: Freeing initial conditions lists
FreeModel: Freeing body lists
FreeModel: Freeing equations lists
FreeModel: Freeing body forces lists
ParallelFinalize: Final synchronization of the MPI system!
MAIN: The end
SOLVER TOTAL TIME(CPU,REAL):        12.29       62.28
ELMER SOLVER FINISHED AT: 2026/07/28 13:56:59

Ending linsys/elmer_iter_CG_ILU0.sif with mesh level 3
Elapsed time: 80 s
-----------------------------------


Solver linsys/elmer_iter_CG_ILUT_3.sif not recommended for given problem. Ignoring it


Solver linsys/elmer_iter_CG_ILUT_4.sif not recommended for given problem. Ignoring it


Solver linsys/elmer_iter_CG_ILUT_5.sif not recommended for given problem. Ignoring it


Solver linsys/elmer_iter_CG_ILUT_6.sif not recommended for given problem. Ignoring it


Solver linsys/elmer_iter_CG_ILUT_7.sif not recommended for given problem. Ignoring it


Solver linsys/elmer_iter_CG_none.sif not recommended for given problem. Ignoring it


Solver linsys/elmer_iter_CG_vanka1.sif not recommended for given problem. Ignoring it


Solver linsys/elmer_iter_CG_vanka2.sif not recommended for given problem. Ignoring it


Solver linsys/elmer_iter_CG_vanka.sif not recommended for given problem. Ignoring it


Solver linsys/elmer_iter_GCR_BP_CMG_SGS.sif not recommended for given problem. Ignoring it


Solver linsys/elmer_iter_GCR_GMG_BiCGStab_none.sif not recommended for given problem. Ignoring it


Solver linsys/elmer_iter_GCR_PMG_cjacobi_direct_mumps.sif not recommended for given problem. Ignoring it


Solver linsys/elmer_iter_GCR_PMG_cjacobi_direct_umfpack.sif not recommended for given problem. Ignoring it


Solver linsys/elmer_iter_Gmres_ILU0.sif not recommended for given problem. Ignoring it



-----------------------------------
Starting linsys/elmer_iter_Idrs5_ILU0.sif with mesh level 3

ELMER SOLVER (v 26.2) STARTED AT: 2026/07/28 13:57:14
ELMER SOLVER (v 26.2) STARTED AT: 2026/07/28 13:57:14
ELMER SOLVER (v 26.2) STARTED AT: 2026/07/28 13:57:14
ELMER SOLVER (v 26.2) STARTED AT: 2026/07/28 13:57:14
ELMER SOLVER (v 26.2) STARTED AT: 2026/07/28 13:57:14
ELMER SOLVER (v 26.2) STARTED AT: 2026/07/28 13:57:14
ELMER SOLVER (v 26.2) STARTED AT: 2026/07/28 13:57:14
ELMER SOLVER (v 26.2) STARTED AT: 2026/07/28 13:57:14
ELMER SOLVER (v 26.2) STARTED AT: 2026/07/28 13:57:14
ELMER SOLVER (v 26.2) STARTED AT: 2026/07/28 13:57:14
ELMER SOLVER (v 26.2) STARTED AT: 2026/07/28 13:57:14
ELMER SOLVER (v 26.2) STARTED AT: 2026/07/28 13:57:14
ELMER SOLVER (v 26.2) STARTED AT: 2026/07/28 13:57:14
ELMER SOLVER (v 26.2) STARTED AT: 2026/07/28 13:57:14
ELMER SOLVER (v 26.2) STARTED AT: 2026/07/28 13:57:14
ELMER SOLVER (v 26.2) STARTED AT: 2026/07/28 13:57:14
ELMER SOLVER (v 26.2) STARTED AT: 2026/07/28 13:57:14
ELMER SOLVER (v 26.2) STARTED AT: 2026/07/28 13:57:14
ELMER SOLVER (v 26.2) STARTED AT: 2026/07/28 13:57:14
ELMER SOLVER (v 26.2) STARTED AT: 2026/07/28 13:57:14
ELMER SOLVER (v 26.2) STARTED AT: 2026/07/28 13:57:14
ELMER SOLVER (v 26.2) STARTED AT: 2026/07/28 13:57:14
ELMER SOLVER (v 26.2) STARTED AT: 2026/07/28 13:57:14
ELMER SOLVER (v 26.2) STARTED AT: 2026/07/28 13:57:14
ELMER SOLVER (v 26.2) STARTED AT: 2026/07/28 13:57:14
ELMER SOLVER (v 26.2) STARTED AT: 2026/07/28 13:57:14
ELMER SOLVER (v 26.2) STARTED AT: 2026/07/28 13:57:14
ELMER SOLVER (v 26.2) STARTED AT: 2026/07/28 13:57:14
ELMER SOLVER (v 26.2) STARTED AT: 2026/07/28 13:57:14
ELMER SOLVER (v 26.2) STARTED AT: 2026/07/28 13:57:14
ELMER SOLVER (v 26.2) STARTED AT: 2026/07/28 13:57:14
ELMER SOLVER (v 26.2) STARTED AT: 2026/07/28 13:57:14
ELMER SOLVER (v 26.2) STARTED AT: 2026/07/28 13:57:14
ELMER SOLVER (v 26.2) STARTED AT: 2026/07/28 13:57:14
ELMER SOLVER (v 26.2) STARTED AT: 2026/07/28 13:57:14
ELMER SOLVER (v 26.2) STARTED AT: 2026/07/28 13:57:14
ELMER SOLVER (v 26.2) STARTED AT: 2026/07/28 13:57:14
ELMER SOLVER (v 26.2) STARTED AT: 2026/07/28 13:57:14
ELMER SOLVER (v 26.2) STARTED AT: 2026/07/28 13:57:14
ELMER SOLVER (v 26.2) STARTED AT: 2026/07/28 13:57:14
ELMER SOLVER (v 26.2) STARTED AT: 2026/07/28 13:57:14
ELMER SOLVER (v 26.2) STARTED AT: 2026/07/28 13:57:14
ELMER SOLVER (v 26.2) STARTED AT: 2026/07/28 13:57:14
ELMER SOLVER (v 26.2) STARTED AT: 2026/07/28 13:57:14
ELMER SOLVER (v 26.2) STARTED AT: 2026/07/28 13:57:14
ELMER SOLVER (v 26.2) STARTED AT: 2026/07/28 13:57:14
ELMER SOLVER (v 26.2) STARTED AT: 2026/07/28 13:57:14
ELMER SOLVER (v 26.2) STARTED AT: 2026/07/28 13:57:14
ELMER SOLVER (v 26.2) STARTED AT: 2026/07/28 13:57:14
ELMER SOLVER (v 26.2) STARTED AT: 2026/07/28 13:57:14
ELMER SOLVER (v 26.2) STARTED AT: 2026/07/28 13:57:14
ELMER SOLVER (v 26.2) STARTED AT: 2026/07/28 13:57:14
ELMER SOLVER (v 26.2) STARTED AT: 2026/07/28 13:57:14
ELMER SOLVER (v 26.2) STARTED AT: 2026/07/28 13:57:14
ELMER SOLVER (v 26.2) STARTED AT: 2026/07/28 13:57:14
ELMER SOLVER (v 26.2) STARTED AT: 2026/07/28 13:57:14
ELMER SOLVER (v 26.2) STARTED AT: 2026/07/28 13:57:14
ELMER SOLVER (v 26.2) STARTED AT: 2026/07/28 13:57:14
ELMER SOLVER (v 26.2) STARTED AT: 2026/07/28 13:57:14
ELMER SOLVER (v 26.2) STARTED AT: 2026/07/28 13:57:14
ELMER SOLVER (v 26.2) STARTED AT: 2026/07/28 13:57:14
ELMER SOLVER (v 26.2) STARTED AT: 2026/07/28 13:57:14
ELMER SOLVER (v 26.2) STARTED AT: 2026/07/28 13:57:14
ELMER SOLVER (v 26.2) STARTED AT: 2026/07/28 13:57:14
ELMER SOLVER (v 26.2) STARTED AT: 2026/07/28 13:57:14
ELMER SOLVER (v 26.2) STARTED AT: 2026/07/28 13:57:14
ELMER SOLVER (v 26.2) STARTED AT: 2026/07/28 13:57:14
ELMER SOLVER (v 26.2) STARTED AT: 2026/07/28 13:57:14
ELMER SOLVER (v 26.2) STARTED AT: 2026/07/28 13:57:14
ELMER SOLVER (v 26.2) STARTED AT: 2026/07/28 13:57:14
ELMER SOLVER (v 26.2) STARTED AT: 2026/07/28 13:57:14
ELMER SOLVER (v 26.2) STARTED AT: 2026/07/28 13:57:14
ELMER SOLVER (v 26.2) STARTED AT: 2026/07/28 13:57:14
ELMER SOLVER (v 26.2) STARTED AT: 2026/07/28 13:57:14
ELMER SOLVER (v 26.2) STARTED AT: 2026/07/28 13:57:14
ELMER SOLVER (v 26.2) STARTED AT: 2026/07/28 13:57:14
ELMER SOLVER (v 26.2) STARTED AT: 2026/07/28 13:57:14
ELMER SOLVER (v 26.2) STARTED AT: 2026/07/28 13:57:14
ELMER SOLVER (v 26.2) STARTED AT: 2026/07/28 13:57:14
ELMER SOLVER (v 26.2) STARTED AT: 2026/07/28 13:57:14
ELMER SOLVER (v 26.2) STARTED AT: 2026/07/28 13:57:14
ELMER SOLVER (v 26.2) STARTED AT: 2026/07/28 13:57:14
ELMER SOLVER (v 26.2) STARTED AT: 2026/07/28 13:57:14
ELMER SOLVER (v 26.2) STARTED AT: 2026/07/28 13:57:14
ELMER SOLVER (v 26.2) STARTED AT: 2026/07/28 13:57:14
ELMER SOLVER (v 26.2) STARTED AT: 2026/07/28 13:57:14
ELMER SOLVER (v 26.2) STARTED AT: 2026/07/28 13:57:14
ELMER SOLVER (v 26.2) STARTED AT: 2026/07/28 13:57:14
ELMER SOLVER (v 26.2) STARTED AT: 2026/07/28 13:57:14
ELMER SOLVER (v 26.2) STARTED AT: 2026/07/28 13:57:14
ELMER SOLVER (v 26.2) STARTED AT: 2026/07/28 13:57:14
ELMER SOLVER (v 26.2) STARTED AT: 2026/07/28 13:57:14
ELMER SOLVER (v 26.2) STARTED AT: 2026/07/28 13:57:14
ELMER SOLVER (v 26.2) STARTED AT: 2026/07/28 13:57:14
ELMER SOLVER (v 26.2) STARTED AT: 2026/07/28 13:57:14
ELMER SOLVER (v 26.2) STARTED AT: 2026/07/28 13:57:14
ELMER SOLVER (v 26.2) STARTED AT: 2026/07/28 13:57:14
ELMER SOLVER (v 26.2) STARTED AT: 2026/07/28 13:57:14
ELMER SOLVER (v 26.2) STARTED AT: 2026/07/28 13:57:14
ELMER SOLVER (v 26.2) STARTED AT: 2026/07/28 13:57:14
ELMER SOLVER (v 26.2) STARTED AT: 2026/07/28 13:57:14
ELMER SOLVER (v 26.2) STARTED AT: 2026/07/28 13:57:14
ELMER SOLVER (v 26.2) STARTED AT: 2026/07/28 13:57:14
ELMER SOLVER (v 26.2) STARTED AT: 2026/07/28 13:57:14
ELMER SOLVER (v 26.2) STARTED AT: 2026/07/28 13:57:14
ELMER SOLVER (v 26.2) STARTED AT: 2026/07/28 13:57:14
ELMER SOLVER (v 26.2) STARTED AT: 2026/07/28 13:57:14
ELMER SOLVER (v 26.2) STARTED AT: 2026/07/28 13:57:14
ELMER SOLVER (v 26.2) STARTED AT: 2026/07/28 13:57:14
ELMER SOLVER (v 26.2) STARTED AT: 2026/07/28 13:57:14
ELMER SOLVER (v 26.2) STARTED AT: 2026/07/28 13:57:14
ELMER SOLVER (v 26.2) STARTED AT: 2026/07/28 13:57:14
ELMER SOLVER (v 26.2) STARTED AT: 2026/07/28 13:57:14
ELMER SOLVER (v 26.2) STARTED AT: 2026/07/28 13:57:14
ELMER SOLVER (v 26.2) STARTED AT: 2026/07/28 13:57:14
ELMER SOLVER (v 26.2) STARTED AT: 2026/07/28 13:57:14
ELMER SOLVER (v 26.2) STARTED AT: 2026/07/28 13:57:14
ELMER SOLVER (v 26.2) STARTED AT: 2026/07/28 13:57:14
ELMER SOLVER (v 26.2) STARTED AT: 2026/07/28 13:57:14
ELMER SOLVER (v 26.2) STARTED AT: 2026/07/28 13:57:14
ELMER SOLVER (v 26.2) STARTED AT: 2026/07/28 13:57:14
ELMER SOLVER (v 26.2) STARTED AT: 2026/07/28 13:57:14
ELMER SOLVER (v 26.2) STARTED AT: 2026/07/28 13:57:14
ELMER SOLVER (v 26.2) STARTED AT: 2026/07/28 13:57:14
ELMER SOLVER (v 26.2) STARTED AT: 2026/07/28 13:57:14
ELMER SOLVER (v 26.2) STARTED AT: 2026/07/28 13:57:14
ELMER SOLVER (v 26.2) STARTED AT: 2026/07/28 13:57:14
ELMER SOLVER (v 26.2) STARTED AT: 2026/07/28 13:57:14
ELMER SOLVER (v 26.2) STARTED AT: 2026/07/28 13:57:14
ELMER SOLVER (v 26.2) STARTED AT: 2026/07/28 13:57:14
ELMER SOLVER (v 26.2) STARTED AT: 2026/07/28 13:57:14
ELMER SOLVER (v 26.2) STARTED AT: 2026/07/28 13:57:14
ELMER SOLVER (v 26.2) STARTED AT: 2026/07/28 13:57:14
ELMER SOLVER (v 26.2) STARTED AT: 2026/07/28 13:57:14
ELMER SOLVER (v 26.2) STARTED AT: 2026/07/28 13:57:14
ELMER SOLVER (v 26.2) STARTED AT: 2026/07/28 13:57:14
ELMER SOLVER (v 26.2) STARTED AT: 2026/07/28 13:57:14
ELMER SOLVER (v 26.2) STARTED AT: 2026/07/28 13:57:14
ELMER SOLVER (v 26.2) STARTED AT: 2026/07/28 13:57:14
ELMER SOLVER (v 26.2) STARTED AT: 2026/07/28 13:57:14
ELMER SOLVER (v 26.2) STARTED AT: 2026/07/28 13:57:14
ELMER SOLVER (v 26.2) STARTED AT: 2026/07/28 13:57:14
ELMER SOLVER (v 26.2) STARTED AT: 2026/07/28 13:57:14
ELMER SOLVER (v 26.2) STARTED AT: 2026/07/28 13:57:14
ELMER SOLVER (v 26.2) STARTED AT: 2026/07/28 13:57:14
ELMER SOLVER (v 26.2) STARTED AT: 2026/07/28 13:57:14
ELMER SOLVER (v 26.2) STARTED AT: 2026/07/28 13:57:14
ELMER SOLVER (v 26.2) STARTED AT: 2026/07/28 13:57:14
ELMER SOLVER (v 26.2) STARTED AT: 2026/07/28 13:57:14
ELMER SOLVER (v 26.2) STARTED AT: 2026/07/28 13:57:14
ELMER SOLVER (v 26.2) STARTED AT: 2026/07/28 13:57:14
ELMER SOLVER (v 26.2) STARTED AT: 2026/07/28 13:57:14
ELMER SOLVER (v 26.2) STARTED AT: 2026/07/28 13:57:14
ELMER SOLVER (v 26.2) STARTED AT: 2026/07/28 13:57:14
ELMER SOLVER (v 26.2) STARTED AT: 2026/07/28 13:57:14
ELMER SOLVER (v 26.2) STARTED AT: 2026/07/28 13:57:14
ELMER SOLVER (v 26.2) STARTED AT: 2026/07/28 13:57:14
ELMER SOLVER (v 26.2) STARTED AT: 2026/07/28 13:57:14
ELMER SOLVER (v 26.2) STARTED AT: 2026/07/28 13:57:14
ELMER SOLVER (v 26.2) STARTED AT: 2026/07/28 13:57:14
ELMER SOLVER (v 26.2) STARTED AT: 2026/07/28 13:57:14
ELMER SOLVER (v 26.2) STARTED AT: 2026/07/28 13:57:14
ELMER SOLVER (v 26.2) STARTED AT: 2026/07/28 13:57:14
ELMER SOLVER (v 26.2) STARTED AT: 2026/07/28 13:57:14
ELMER SOLVER (v 26.2) STARTED AT: 2026/07/28 13:57:14
ELMER SOLVER (v 26.2) STARTED AT: 2026/07/28 13:57:14
ELMER SOLVER (v 26.2) STARTED AT: 2026/07/28 13:57:14
ELMER SOLVER (v 26.2) STARTED AT: 2026/07/28 13:57:14
ELMER SOLVER (v 26.2) STARTED AT: 2026/07/28 13:57:14
ELMER SOLVER (v 26.2) STARTED AT: 2026/07/28 13:57:15
ELMER SOLVER (v 26.2) STARTED AT: 2026/07/28 13:57:15
ELMER SOLVER (v 26.2) STARTED AT: 2026/07/28 13:57:15
ELMER SOLVER (v 26.2) STARTED AT: 2026/07/28 13:57:15
ELMER SOLVER (v 26.2) STARTED AT: 2026/07/28 13:57:15
ELMER SOLVER (v 26.2) STARTED AT: 2026/07/28 13:57:15
ELMER SOLVER (v 26.2) STARTED AT: 2026/07/28 13:57:15
ELMER SOLVER (v 26.2) STARTED AT: 2026/07/28 13:57:15
ELMER SOLVER (v 26.2) STARTED AT: 2026/07/28 13:57:15
ELMER SOLVER (v 26.2) STARTED AT: 2026/07/28 13:57:15
ELMER SOLVER (v 26.2) STARTED AT: 2026/07/28 13:57:15
ELMER SOLVER (v 26.2) STARTED AT: 2026/07/28 13:57:15
ELMER SOLVER (v 26.2) STARTED AT: 2026/07/28 13:57:15
ELMER SOLVER (v 26.2) STARTED AT: 2026/07/28 13:57:15
ELMER SOLVER (v 26.2) STARTED AT: 2026/07/28 13:57:15
ELMER SOLVER (v 26.2) STARTED AT: 2026/07/28 13:57:15
ELMER SOLVER (v 26.2) STARTED AT: 2026/07/28 13:57:15
ELMER SOLVER (v 26.2) STARTED AT: 2026/07/28 13:57:15
ELMER SOLVER (v 26.2) STARTED AT: 2026/07/28 13:57:15
ELMER SOLVER (v 26.2) STARTED AT: 2026/07/28 13:57:15
ELMER SOLVER (v 26.2) STARTED AT: 2026/07/28 13:57:15
ELMER SOLVER (v 26.2) STARTED AT: 2026/07/28 13:57:15
ELMER SOLVER (v 26.2) STARTED AT: 2026/07/28 13:57:15
ELMER SOLVER (v 26.2) STARTED AT: 2026/07/28 13:57:15
ELMER SOLVER (v 26.2) STARTED AT: 2026/07/28 13:57:15
ELMER SOLVER (v 26.2) STARTED AT: 2026/07/28 13:57:15
ELMER SOLVER (v 26.2) STARTED AT: 2026/07/28 13:57:15
ELMER SOLVER (v 26.2) STARTED AT: 2026/07/28 13:57:15
ELMER SOLVER (v 26.2) STARTED AT: 2026/07/28 13:57:15
ELMER SOLVER (v 26.2) STARTED AT: 2026/07/28 13:57:15
ELMER SOLVER (v 26.2) STARTED AT: 2026/07/28 13:57:15
ELMER SOLVER (v 26.2) STARTED AT: 2026/07/28 13:57:15
ELMER SOLVER (v 26.2) STARTED AT: 2026/07/28 13:57:15
ELMER SOLVER (v 26.2) STARTED AT: 2026/07/28 13:57:15
ELMER SOLVER (v 26.2) STARTED AT: 2026/07/28 13:57:15
ELMER SOLVER (v 26.2) STARTED AT: 2026/07/28 13:57:15
ELMER SOLVER (v 26.2) STARTED AT: 2026/07/28 13:57:15
ELMER SOLVER (v 26.2) STARTED AT: 2026/07/28 13:57:15
ELMER SOLVER (v 26.2) STARTED AT: 2026/07/28 13:57:15
ELMER SOLVER (v 26.2) STARTED AT: 2026/07/28 13:57:15
ELMER SOLVER (v 26.2) STARTED AT: 2026/07/28 13:57:15
ELMER SOLVER (v 26.2) STARTED AT: 2026/07/28 13:57:15
ELMER SOLVER (v 26.2) STARTED AT: 2026/07/28 13:57:15
ELMER SOLVER (v 26.2) STARTED AT: 2026/07/28 13:57:15
ELMER SOLVER (v 26.2) STARTED AT: 2026/07/28 13:57:15
ELMER SOLVER (v 26.2) STARTED AT: 2026/07/28 13:57:15
ELMER SOLVER (v 26.2) STARTED AT: 2026/07/28 13:57:15
ELMER SOLVER (v 26.2) STARTED AT: 2026/07/28 13:57:15
ELMER SOLVER (v 26.2) STARTED AT: 2026/07/28 13:57:15
ELMER SOLVER (v 26.2) STARTED AT: 2026/07/28 13:57:15
ELMER SOLVER (v 26.2) STARTED AT: 2026/07/28 13:57:15
ELMER SOLVER (v 26.2) STARTED AT: 2026/07/28 13:57:15
ELMER SOLVER (v 26.2) STARTED AT: 2026/07/28 13:57:15
ELMER SOLVER (v 26.2) STARTED AT: 2026/07/28 13:57:15
ELMER SOLVER (v 26.2) STARTED AT: 2026/07/28 13:57:15
ELMER SOLVER (v 26.2) STARTED AT: 2026/07/28 13:57:15
ELMER SOLVER (v 26.2) STARTED AT: 2026/07/28 13:57:15
ELMER SOLVER (v 26.2) STARTED AT: 2026/07/28 13:57:15
ELMER SOLVER (v 26.2) STARTED AT: 2026/07/28 13:57:15
ELMER SOLVER (v 26.2) STARTED AT: 2026/07/28 13:57:15
ELMER SOLVER (v 26.2) STARTED AT: 2026/07/28 13:57:15
ELMER SOLVER (v 26.2) STARTED AT: 2026/07/28 13:57:15
ELMER SOLVER (v 26.2) STARTED AT: 2026/07/28 13:57:15
ELMER SOLVER (v 26.2) STARTED AT: 2026/07/28 13:57:15
ELMER SOLVER (v 26.2) STARTED AT: 2026/07/28 13:57:15
ELMER SOLVER (v 26.2) STARTED AT: 2026/07/28 13:57:15
ELMER SOLVER (v 26.2) STARTED AT: 2026/07/28 13:57:15
ELMER SOLVER (v 26.2) STARTED AT: 2026/07/28 13:57:15
ELMER SOLVER (v 26.2) STARTED AT: 2026/07/28 13:57:15
ELMER SOLVER (v 26.2) STARTED AT: 2026/07/28 13:57:15
ELMER SOLVER (v 26.2) STARTED AT: 2026/07/28 13:57:15
ELMER SOLVER (v 26.2) STARTED AT: 2026/07/28 13:57:15
ELMER SOLVER (v 26.2) STARTED AT: 2026/07/28 13:57:15
ELMER SOLVER (v 26.2) STARTED AT: 2026/07/28 13:57:15
ELMER SOLVER (v 26.2) STARTED AT: 2026/07/28 13:57:15
ELMER SOLVER (v 26.2) STARTED AT: 2026/07/28 13:57:15
ELMER SOLVER (v 26.2) STARTED AT: 2026/07/28 13:57:15
ELMER SOLVER (v 26.2) STARTED AT: 2026/07/28 13:57:15
ELMER SOLVER (v 26.2) STARTED AT: 2026/07/28 13:57:15
ELMER SOLVER (v 26.2) STARTED AT: 2026/07/28 13:57:15
ELMER SOLVER (v 26.2) STARTED AT: 2026/07/28 13:57:15
ELMER SOLVER (v 26.2) STARTED AT: 2026/07/28 13:57:15
ELMER SOLVER (v 26.2) STARTED AT: 2026/07/28 13:57:15
ELMER SOLVER (v 26.2) STARTED AT: 2026/07/28 13:57:15
ELMER SOLVER (v 26.2) STARTED AT: 2026/07/28 13:57:15
ELMER SOLVER (v 26.2) STARTED AT: 2026/07/28 13:57:15
ELMER SOLVER (v 26.2) STARTED AT: 2026/07/28 13:57:15
ELMER SOLVER (v 26.2) STARTED AT: 2026/07/28 13:57:15
ELMER SOLVER (v 26.2) STARTED AT: 2026/07/28 13:57:15
ELMER SOLVER (v 26.2) STARTED AT: 2026/07/28 13:57:15
ELMER SOLVER (v 26.2) STARTED AT: 2026/07/28 13:57:15
ELMER SOLVER (v 26.2) STARTED AT: 2026/07/28 13:57:15
ELMER SOLVER (v 26.2) STARTED AT: 2026/07/28 13:57:15
ELMER SOLVER (v 26.2) STARTED AT: 2026/07/28 13:57:15
ELMER SOLVER (v 26.2) STARTED AT: 2026/07/28 13:57:15
ELMER SOLVER (v 26.2) STARTED AT: 2026/07/28 13:57:15
ELMER SOLVER (v 26.2) STARTED AT: 2026/07/28 13:57:15
ELMER SOLVER (v 26.2) STARTED AT: 2026/07/28 13:57:15
ELMER SOLVER (v 26.2) STARTED AT: 2026/07/28 13:57:15
ELMER SOLVER (v 26.2) STARTED AT: 2026/07/28 13:57:15
ELMER SOLVER (v 26.2) STARTED AT: 2026/07/28 13:57:15
ELMER SOLVER (v 26.2) STARTED AT: 2026/07/28 13:57:15
ELMER SOLVER (v 26.2) STARTED AT: 2026/07/28 13:57:15
ELMER SOLVER (v 26.2) STARTED AT: 2026/07/28 13:57:15
ELMER SOLVER (v 26.2) STARTED AT: 2026/07/28 13:57:15
ELMER SOLVER (v 26.2) STARTED AT: 2026/07/28 13:57:15
ELMER SOLVER (v 26.2) STARTED AT: 2026/07/28 13:57:15
ELMER SOLVER (v 26.2) STARTED AT: 2026/07/28 13:57:15
ELMER SOLVER (v 26.2) STARTED AT: 2026/07/28 13:57:15
ELMER SOLVER (v 26.2) STARTED AT: 2026/07/28 13:57:15
ELMER SOLVER (v 26.2) STARTED AT: 2026/07/28 13:57:15
ELMER SOLVER (v 26.2) STARTED AT: 2026/07/28 13:57:15
ELMER SOLVER (v 26.2) STARTED AT: 2026/07/28 13:57:15
ELMER SOLVER (v 26.2) STARTED AT: 2026/07/28 13:57:15
ELMER SOLVER (v 26.2) STARTED AT: 2026/07/28 13:57:15
ELMER SOLVER (v 26.2) STARTED AT: 2026/07/28 13:57:15
ELMER SOLVER (v 26.2) STARTED AT: 2026/07/28 13:57:15
ELMER SOLVER (v 26.2) STARTED AT: 2026/07/28 13:57:15
ELMER SOLVER (v 26.2) STARTED AT: 2026/07/28 13:57:15
ELMER SOLVER (v 26.2) STARTED AT: 2026/07/28 13:57:15
ELMER SOLVER (v 26.2) STARTED AT: 2026/07/28 13:57:15
ELMER SOLVER (v 26.2) STARTED AT: 2026/07/28 13:57:15
ELMER SOLVER (v 26.2) STARTED AT: 2026/07/28 13:57:15
ELMER SOLVER (v 26.2) STARTED AT: 2026/07/28 13:57:15
ELMER SOLVER (v 26.2) STARTED AT: 2026/07/28 13:57:15
ELMER SOLVER (v 26.2) STARTED AT: 2026/07/28 13:57:15
ELMER SOLVER (v 26.2) STARTED AT: 2026/07/28 13:57:15
ELMER SOLVER (v 26.2) STARTED AT: 2026/07/28 13:57:15
ELMER SOLVER (v 26.2) STARTED AT: 2026/07/28 13:57:15
ELMER SOLVER (v 26.2) STARTED AT: 2026/07/28 13:57:15
ELMER SOLVER (v 26.2) STARTED AT: 2026/07/28 13:57:15
ELMER SOLVER (v 26.2) STARTED AT: 2026/07/28 13:57:15
ELMER SOLVER (v 26.2) STARTED AT: 2026/07/28 13:57:15
ELMER SOLVER (v 26.2) STARTED AT: 2026/07/28 13:57:15
ELMER SOLVER (v 26.2) STARTED AT: 2026/07/28 13:57:15
ELMER SOLVER (v 26.2) STARTED AT: 2026/07/28 13:57:15
ELMER SOLVER (v 26.2) STARTED AT: 2026/07/28 13:57:15
ELMER SOLVER (v 26.2) STARTED AT: 2026/07/28 13:57:15
ELMER SOLVER (v 26.2) STARTED AT: 2026/07/28 13:57:15
ELMER SOLVER (v 26.2) STARTED AT: 2026/07/28 13:57:15
ELMER SOLVER (v 26.2) STARTED AT: 2026/07/28 13:57:15
ELMER SOLVER (v 26.2) STARTED AT: 2026/07/28 13:57:15
ELMER SOLVER (v 26.2) STARTED AT: 2026/07/28 13:57:15
ELMER SOLVER (v 26.2) STARTED AT: 2026/07/28 13:57:15
ELMER SOLVER (v 26.2) STARTED AT: 2026/07/28 13:57:15
ELMER SOLVER (v 26.2) STARTED AT: 2026/07/28 13:57:15
ELMER SOLVER (v 26.2) STARTED AT: 2026/07/28 13:57:15
ELMER SOLVER (v 26.2) STARTED AT: 2026/07/28 13:57:15
ELMER SOLVER (v 26.2) STARTED AT: 2026/07/28 13:57:15
ELMER SOLVER (v 26.2) STARTED AT: 2026/07/28 13:57:15
ELMER SOLVER (v 26.2) STARTED AT: 2026/07/28 13:57:15
ELMER SOLVER (v 26.2) STARTED AT: 2026/07/28 13:57:15
ELMER SOLVER (v 26.2) STARTED AT: 2026/07/28 13:57:15
ELMER SOLVER (v 26.2) STARTED AT: 2026/07/28 13:57:15
ELMER SOLVER (v 26.2) STARTED AT: 2026/07/28 13:57:15
ELMER SOLVER (v 26.2) STARTED AT: 2026/07/28 13:57:15
ELMER SOLVER (v 26.2) STARTED AT: 2026/07/28 13:57:15
ELMER SOLVER (v 26.2) STARTED AT: 2026/07/28 13:57:15
ELMER SOLVER (v 26.2) STARTED AT: 2026/07/28 13:57:15
ELMER SOLVER (v 26.2) STARTED AT: 2026/07/28 13:57:15
ELMER SOLVER (v 26.2) STARTED AT: 2026/07/28 13:57:15
ELMER SOLVER (v 26.2) STARTED AT: 2026/07/28 13:57:15
ELMER SOLVER (v 26.2) STARTED AT: 2026/07/28 13:57:15
ELMER SOLVER (v 26.2) STARTED AT: 2026/07/28 13:57:15
ELMER SOLVER (v 26.2) STARTED AT: 2026/07/28 13:57:15
ELMER SOLVER (v 26.2) STARTED AT: 2026/07/28 13:57:15
ELMER SOLVER (v 26.2) STARTED AT: 2026/07/28 13:57:15
ELMER SOLVER (v 26.2) STARTED AT: 2026/07/28 13:57:15
ELMER SOLVER (v 26.2) STARTED AT: 2026/07/28 13:57:15
ELMER SOLVER (v 26.2) STARTED AT: 2026/07/28 13:57:15
ELMER SOLVER (v 26.2) STARTED AT: 2026/07/28 13:57:15
ELMER SOLVER (v 26.2) STARTED AT: 2026/07/28 13:57:15
ELMER SOLVER (v 26.2) STARTED AT: 2026/07/28 13:57:15
ELMER SOLVER (v 26.2) STARTED AT: 2026/07/28 13:57:15
ELMER SOLVER (v 26.2) STARTED AT: 2026/07/28 13:57:15
ELMER SOLVER (v 26.2) STARTED AT: 2026/07/28 13:57:15
ELMER SOLVER (v 26.2) STARTED AT: 2026/07/28 13:57:15
ELMER SOLVER (v 26.2) STARTED AT: 2026/07/28 13:57:15
ELMER SOLVER (v 26.2) STARTED AT: 2026/07/28 13:57:15
ELMER SOLVER (v 26.2) STARTED AT: 2026/07/28 13:57:15
ELMER SOLVER (v 26.2) STARTED AT: 2026/07/28 13:57:15
ELMER SOLVER (v 26.2) STARTED AT: 2026/07/28 13:57:15
ELMER SOLVER (v 26.2) STARTED AT: 2026/07/28 13:57:15
ELMER SOLVER (v 26.2) STARTED AT: 2026/07/28 13:57:15
ELMER SOLVER (v 26.2) STARTED AT: 2026/07/28 13:57:15
ELMER SOLVER (v 26.2) STARTED AT: 2026/07/28 13:57:15
ELMER SOLVER (v 26.2) STARTED AT: 2026/07/28 13:57:15
ELMER SOLVER (v 26.2) STARTED AT: 2026/07/28 13:57:15
ELMER SOLVER (v 26.2) STARTED AT: 2026/07/28 13:57:15
ELMER SOLVER (v 26.2) STARTED AT: 2026/07/28 13:57:15
ELMER SOLVER (v 26.2) STARTED AT: 2026/07/28 13:57:15
ELMER SOLVER (v 26.2) STARTED AT: 2026/07/28 13:57:15
ELMER SOLVER (v 26.2) STARTED AT: 2026/07/28 13:57:15
ELMER SOLVER (v 26.2) STARTED AT: 2026/07/28 13:57:15
ELMER SOLVER (v 26.2) STARTED AT: 2026/07/28 13:57:15
ELMER SOLVER (v 26.2) STARTED AT: 2026/07/28 13:57:15
ELMER SOLVER (v 26.2) STARTED AT: 2026/07/28 13:57:15
ELMER SOLVER (v 26.2) STARTED AT: 2026/07/28 13:57:15
ELMER SOLVER (v 26.2) STARTED AT: 2026/07/28 13:57:15
ELMER SOLVER (v 26.2) STARTED AT: 2026/07/28 13:57:15
ELMER SOLVER (v 26.2) STARTED AT: 2026/07/28 13:57:15
ELMER SOLVER (v 26.2) STARTED AT: 2026/07/28 13:57:15
ELMER SOLVER (v 26.2) STARTED AT: 2026/07/28 13:57:15
ELMER SOLVER (v 26.2) STARTED AT: 2026/07/28 13:57:15
ELMER SOLVER (v 26.2) STARTED AT: 2026/07/28 13:57:15
ELMER SOLVER (v 26.2) STARTED AT: 2026/07/28 13:57:15
ELMER SOLVER (v 26.2) STARTED AT: 2026/07/28 13:57:15
ELMER SOLVER (v 26.2) STARTED AT: 2026/07/28 13:57:15
ELMER SOLVER (v 26.2) STARTED AT: 2026/07/28 13:57:15
ELMER SOLVER (v 26.2) STARTED AT: 2026/07/28 13:57:15
ELMER SOLVER (v 26.2) STARTED AT: 2026/07/28 13:57:15
ELMER SOLVER (v 26.2) STARTED AT: 2026/07/28 13:57:15
ELMER SOLVER (v 26.2) STARTED AT: 2026/07/28 13:57:15
ELMER SOLVER (v 26.2) STARTED AT: 2026/07/28 13:57:15
ELMER SOLVER (v 26.2) STARTED AT: 2026/07/28 13:57:15
ELMER SOLVER (v 26.2) STARTED AT: 2026/07/28 13:57:15
ELMER SOLVER (v 26.2) STARTED AT: 2026/07/28 13:57:15
ELMER SOLVER (v 26.2) STARTED AT: 2026/07/28 13:57:15
ELMER SOLVER (v 26.2) STARTED AT: 2026/07/28 13:57:15
ELMER SOLVER (v 26.2) STARTED AT: 2026/07/28 13:57:15
ELMER SOLVER (v 26.2) STARTED AT: 2026/07/28 13:57:15
ELMER SOLVER (v 26.2) STARTED AT: 2026/07/28 13:57:15
ELMER SOLVER (v 26.2) STARTED AT: 2026/07/28 13:57:15
ELMER SOLVER (v 26.2) STARTED AT: 2026/07/28 13:57:15
ELMER SOLVER (v 26.2) STARTED AT: 2026/07/28 13:57:15
ELMER SOLVER (v 26.2) STARTED AT: 2026/07/28 13:57:15
ELMER SOLVER (v 26.2) STARTED AT: 2026/07/28 13:57:15
ELMER SOLVER (v 26.2) STARTED AT: 2026/07/28 13:57:15
ELMER SOLVER (v 26.2) STARTED AT: 2026/07/28 13:57:15
ELMER SOLVER (v 26.2) STARTED AT: 2026/07/28 13:57:15
ELMER SOLVER (v 26.2) STARTED AT: 2026/07/28 13:57:15
ELMER SOLVER (v 26.2) STARTED AT: 2026/07/28 13:57:15
ELMER SOLVER (v 26.2) STARTED AT: 2026/07/28 13:57:15
ELMER SOLVER (v 26.2) STARTED AT: 2026/07/28 13:57:15
ELMER SOLVER (v 26.2) STARTED AT: 2026/07/28 13:57:15
ELMER SOLVER (v 26.2) STARTED AT: 2026/07/28 13:57:15
ELMER SOLVER (v 26.2) STARTED AT: 2026/07/28 13:57:15
ELMER SOLVER (v 26.2) STARTED AT: 2026/07/28 13:57:15
ELMER SOLVER (v 26.2) STARTED AT: 2026/07/28 13:57:15
ELMER SOLVER (v 26.2) STARTED AT: 2026/07/28 13:57:15
ELMER SOLVER (v 26.2) STARTED AT: 2026/07/28 13:57:15
ELMER SOLVER (v 26.2) STARTED AT: 2026/07/28 13:57:15
ELMER SOLVER (v 26.2) STARTED AT: 2026/07/28 13:57:15
ELMER SOLVER (v 26.2) STARTED AT: 2026/07/28 13:57:15
ELMER SOLVER (v 26.2) STARTED AT: 2026/07/28 13:57:15
ELMER SOLVER (v 26.2) STARTED AT: 2026/07/28 13:57:15
ELMER SOLVER (v 26.2) STARTED AT: 2026/07/28 13:57:15
ELMER SOLVER (v 26.2) STARTED AT: 2026/07/28 13:57:15
ELMER SOLVER (v 26.2) STARTED AT: 2026/07/28 13:57:15
ELMER SOLVER (v 26.2) STARTED AT: 2026/07/28 13:57:15
ELMER SOLVER (v 26.2) STARTED AT: 2026/07/28 13:57:15
ELMER SOLVER (v 26.2) STARTED AT: 2026/07/28 13:57:15
ELMER SOLVER (v 26.2) STARTED AT: 2026/07/28 13:57:15
ELMER SOLVER (v 26.2) STARTED AT: 2026/07/28 13:57:15
ELMER SOLVER (v 26.2) STARTED AT: 2026/07/28 13:57:15
ELMER SOLVER (v 26.2) STARTED AT: 2026/07/28 13:57:15
ELMER SOLVER (v 26.2) STARTED AT: 2026/07/28 13:57:15
ELMER SOLVER (v 26.2) STARTED AT: 2026/07/28 13:57:15
ELMER SOLVER (v 26.2) STARTED AT: 2026/07/28 13:57:15
ELMER SOLVER (v 26.2) STARTED AT: 2026/07/28 13:57:15
ELMER SOLVER (v 26.2) STARTED AT: 2026/07/28 13:57:15
ELMER SOLVER (v 26.2) STARTED AT: 2026/07/28 13:57:15
ELMER SOLVER (v 26.2) STARTED AT: 2026/07/28 13:57:15
ELMER SOLVER (v 26.2) STARTED AT: 2026/07/28 13:57:15
ELMER SOLVER (v 26.2) STARTED AT: 2026/07/28 13:57:15
ELMER SOLVER (v 26.2) STARTED AT: 2026/07/28 13:57:15
ELMER SOLVER (v 26.2) STARTED AT: 2026/07/28 13:57:15
ELMER SOLVER (v 26.2) STARTED AT: 2026/07/28 13:57:15
ELMER SOLVER (v 26.2) STARTED AT: 2026/07/28 13:57:15
ELMER SOLVER (v 26.2) STARTED AT: 2026/07/28 13:57:15
ELMER SOLVER (v 26.2) STARTED AT: 2026/07/28 13:57:15
ELMER SOLVER (v 26.2) STARTED AT: 2026/07/28 13:57:15
ELMER SOLVER (v 26.2) STARTED AT: 2026/07/28 13:57:15
ELMER SOLVER (v 26.2) STARTED AT: 2026/07/28 13:57:15
ELMER SOLVER (v 26.2) STARTED AT: 2026/07/28 13:57:15
ELMER SOLVER (v 26.2) STARTED AT: 2026/07/28 13:57:15
ELMER SOLVER (v 26.2) STARTED AT: 2026/07/28 13:57:15
ELMER SOLVER (v 26.2) STARTED AT: 2026/07/28 13:57:15
ELMER SOLVER (v 26.2) STARTED AT: 2026/07/28 13:57:15
ELMER SOLVER (v 26.2) STARTED AT: 2026/07/28 13:57:15
ELMER SOLVER (v 26.2) STARTED AT: 2026/07/28 13:57:15
ELMER SOLVER (v 26.2) STARTED AT: 2026/07/28 13:57:15
ELMER SOLVER (v 26.2) STARTED AT: 2026/07/28 13:57:15
ELMER SOLVER (v 26.2) STARTED AT: 2026/07/28 13:57:15
ELMER SOLVER (v 26.2) STARTED AT: 2026/07/28 13:57:15
ELMER SOLVER (v 26.2) STARTED AT: 2026/07/28 13:57:15
ELMER SOLVER (v 26.2) STARTED AT: 2026/07/28 13:57:15
ELMER SOLVER (v 26.2) STARTED AT: 2026/07/28 13:57:15
ELMER SOLVER (v 26.2) STARTED AT: 2026/07/28 13:57:15
ELMER SOLVER (v 26.2) STARTED AT: 2026/07/28 13:57:15
ELMER SOLVER (v 26.2) STARTED AT: 2026/07/28 13:57:15
ELMER SOLVER (v 26.2) STARTED AT: 2026/07/28 13:57:15
ELMER SOLVER (v 26.2) STARTED AT: 2026/07/28 13:57:15
ELMER SOLVER (v 26.2) STARTED AT: 2026/07/28 13:57:15
ELMER SOLVER (v 26.2) STARTED AT: 2026/07/28 13:57:15
ELMER SOLVER (v 26.2) STARTED AT: 2026/07/28 13:57:15
ELMER SOLVER (v 26.2) STARTED AT: 2026/07/28 13:57:15
ELMER SOLVER (v 26.2) STARTED AT: 2026/07/28 13:57:15
ELMER SOLVER (v 26.2) STARTED AT: 2026/07/28 13:57:15
ELMER SOLVER (v 26.2) STARTED AT: 2026/07/28 13:57:15
ELMER SOLVER (v 26.2) STARTED AT: 2026/07/28 13:57:15
ELMER SOLVER (v 26.2) STARTED AT: 2026/07/28 13:57:15
ELMER SOLVER (v 26.2) STARTED AT: 2026/07/28 13:57:15
ELMER SOLVER (v 26.2) STARTED AT: 2026/07/28 13:57:15
ELMER SOLVER (v 26.2) STARTED AT: 2026/07/28 13:57:15
ELMER SOLVER (v 26.2) STARTED AT: 2026/07/28 13:57:15
ELMER SOLVER (v 26.2) STARTED AT: 2026/07/28 13:57:15
ELMER SOLVER (v 26.2) STARTED AT: 2026/07/28 13:57:15
ELMER SOLVER (v 26.2) STARTED AT: 2026/07/28 13:57:15
ELMER SOLVER (v 26.2) STARTED AT: 2026/07/28 13:57:15
ELMER SOLVER (v 26.2) STARTED AT: 2026/07/28 13:57:15
ELMER SOLVER (v 26.2) STARTED AT: 2026/07/28 13:57:15
ELMER SOLVER (v 26.2) STARTED AT: 2026/07/28 13:57:15
ELMER SOLVER (v 26.2) STARTED AT: 2026/07/28 13:57:15
ELMER SOLVER (v 26.2) STARTED AT: 2026/07/28 13:57:15
ELMER SOLVER (v 26.2) STARTED AT: 2026/07/28 13:57:15
ELMER SOLVER (v 26.2) STARTED AT: 2026/07/28 13:57:15
ELMER SOLVER (v 26.2) STARTED AT: 2026/07/28 13:57:15
ELMER SOLVER (v 26.2) STARTED AT: 2026/07/28 13:57:15
ELMER SOLVER (v 26.2) STARTED AT: 2026/07/28 13:57:15
ELMER SOLVER (v 26.2) STARTED AT: 2026/07/28 13:57:15
ELMER SOLVER (v 26.2) STARTED AT: 2026/07/28 13:57:15
ELMER SOLVER (v 26.2) STARTED AT: 2026/07/28 13:57:15
ELMER SOLVER (v 26.2) STARTED AT: 2026/07/28 13:57:15
ELMER SOLVER (v 26.2) STARTED AT: 2026/07/28 13:57:15
ELMER SOLVER (v 26.2) STARTED AT: 2026/07/28 13:57:15
ELMER SOLVER (v 26.2) STARTED AT: 2026/07/28 13:57:15
ELMER SOLVER (v 26.2) STARTED AT: 2026/07/28 13:57:15
ELMER SOLVER (v 26.2) STARTED AT: 2026/07/28 13:57:15
ELMER SOLVER (v 26.2) STARTED AT: 2026/07/28 13:57:15
ELMER SOLVER (v 26.2) STARTED AT: 2026/07/28 13:57:15
ELMER SOLVER (v 26.2) STARTED AT: 2026/07/28 13:57:15
ELMER SOLVER (v 26.2) STARTED AT: 2026/07/28 13:57:15
ELMER SOLVER (v 26.2) STARTED AT: 2026/07/28 13:57:15
ELMER SOLVER (v 26.2) STARTED AT: 2026/07/28 13:57:15
ELMER SOLVER (v 26.2) STARTED AT: 2026/07/28 13:57:15
ELMER SOLVER (v 26.2) STARTED AT: 2026/07/28 13:57:15
ELMER SOLVER (v 26.2) STARTED AT: 2026/07/28 13:57:15
ELMER SOLVER (v 26.2) STARTED AT: 2026/07/28 13:57:15
ELMER SOLVER (v 26.2) STARTED AT: 2026/07/28 13:57:15
ELMER SOLVER (v 26.2) STARTED AT: 2026/07/28 13:57:15
ELMER SOLVER (v 26.2) STARTED AT: 2026/07/28 13:57:15
ELMER SOLVER (v 26.2) STARTED AT: 2026/07/28 13:57:15
ELMER SOLVER (v 26.2) STARTED AT: 2026/07/28 13:57:15
ELMER SOLVER (v 26.2) STARTED AT: 2026/07/28 13:57:15
ELMER SOLVER (v 26.2) STARTED AT: 2026/07/28 13:57:15
ELMER SOLVER (v 26.2) STARTED AT: 2026/07/28 13:57:15
ELMER SOLVER (v 26.2) STARTED AT: 2026/07/28 13:57:15
ELMER SOLVER (v 26.2) STARTED AT: 2026/07/28 13:57:15
ELMER SOLVER (v 26.2) STARTED AT: 2026/07/28 13:57:15
ELMER SOLVER (v 26.2) STARTED AT: 2026/07/28 13:57:15
ELMER SOLVER (v 26.2) STARTED AT: 2026/07/28 13:57:15
ELMER SOLVER (v 26.2) STARTED AT: 2026/07/28 13:57:15
ELMER SOLVER (v 26.2) STARTED AT: 2026/07/28 13:57:15
ELMER SOLVER (v 26.2) STARTED AT: 2026/07/28 13:57:16
ELMER SOLVER (v 26.2) STARTED AT: 2026/07/28 13:57:16
ELMER SOLVER (v 26.2) STARTED AT: 2026/07/28 13:57:16
ELMER SOLVER (v 26.2) STARTED AT: 2026/07/28 13:57:16
ELMER SOLVER (v 26.2) STARTED AT: 2026/07/28 13:57:16
ELMER SOLVER (v 26.2) STARTED AT: 2026/07/28 13:57:16
ELMER SOLVER (v 26.2) STARTED AT: 2026/07/28 13:57:16
ELMER SOLVER (v 26.2) STARTED AT: 2026/07/28 13:57:16
ELMER SOLVER (v 26.2) STARTED AT: 2026/07/28 13:57:16
ELMER SOLVER (v 26.2) STARTED AT: 2026/07/28 13:57:16
ELMER SOLVER (v 26.2) STARTED AT: 2026/07/28 13:57:16
ELMER SOLVER (v 26.2) STARTED AT: 2026/07/28 13:57:16
ELMER SOLVER (v 26.2) STARTED AT: 2026/07/28 13:57:16
ELMER SOLVER (v 26.2) STARTED AT: 2026/07/28 13:57:16
ELMER SOLVER (v 26.2) STARTED AT: 2026/07/28 13:57:16
ELMER SOLVER (v 26.2) STARTED AT: 2026/07/28 13:57:16
ELMER SOLVER (v 26.2) STARTED AT: 2026/07/28 13:57:16
ELMER SOLVER (v 26.2) STARTED AT: 2026/07/28 13:57:16
ELMER SOLVER (v 26.2) STARTED AT: 2026/07/28 13:57:16
ELMER SOLVER (v 26.2) STARTED AT: 2026/07/28 13:57:16
ELMER SOLVER (v 26.2) STARTED AT: 2026/07/28 13:57:16
ELMER SOLVER (v 26.2) STARTED AT: 2026/07/28 13:57:16
ELMER SOLVER (v 26.2) STARTED AT: 2026/07/28 13:57:16
ELMER SOLVER (v 26.2) STARTED AT: 2026/07/28 13:57:16
ELMER SOLVER (v 26.2) STARTED AT: 2026/07/28 13:57:16
ELMER SOLVER (v 26.2) STARTED AT: 2026/07/28 13:57:16
ELMER SOLVER (v 26.2) STARTED AT: 2026/07/28 13:57:16
ELMER SOLVER (v 26.2) STARTED AT: 2026/07/28 13:57:16
ELMER SOLVER (v 26.2) STARTED AT: 2026/07/28 13:57:16
ELMER SOLVER (v 26.2) STARTED AT: 2026/07/28 13:57:16
ELMER SOLVER (v 26.2) STARTED AT: 2026/07/28 13:57:16
ELMER SOLVER (v 26.2) STARTED AT: 2026/07/28 13:57:16
ELMER SOLVER (v 26.2) STARTED AT: 2026/07/28 13:57:16
ELMER SOLVER (v 26.2) STARTED AT: 2026/07/28 13:57:16
ELMER SOLVER (v 26.2) STARTED AT: 2026/07/28 13:57:16
ELMER SOLVER (v 26.2) STARTED AT: 2026/07/28 13:57:16
ELMER SOLVER (v 26.2) STARTED AT: 2026/07/28 13:57:16
ELMER SOLVER (v 26.2) STARTED AT: 2026/07/28 13:57:16
ELMER SOLVER (v 26.2) STARTED AT: 2026/07/28 13:57:16
ELMER SOLVER (v 26.2) STARTED AT: 2026/07/28 13:57:16
ELMER SOLVER (v 26.2) STARTED AT: 2026/07/28 13:57:16
ELMER SOLVER (v 26.2) STARTED AT: 2026/07/28 13:57:16
ELMER SOLVER (v 26.2) STARTED AT: 2026/07/28 13:57:16
ELMER SOLVER (v 26.2) STARTED AT: 2026/07/28 13:57:16
ELMER SOLVER (v 26.2) STARTED AT: 2026/07/28 13:57:16
ELMER SOLVER (v 26.2) STARTED AT: 2026/07/28 13:57:16
ELMER SOLVER (v 26.2) STARTED AT: 2026/07/28 13:57:16
ELMER SOLVER (v 26.2) STARTED AT: 2026/07/28 13:57:16
ELMER SOLVER (v 26.2) STARTED AT: 2026/07/28 13:57:16
ELMER SOLVER (v 26.2) STARTED AT: 2026/07/28 13:57:16
ELMER SOLVER (v 26.2) STARTED AT: 2026/07/28 13:57:16
ELMER SOLVER (v 26.2) STARTED AT: 2026/07/28 13:57:16
ELMER SOLVER (v 26.2) STARTED AT: 2026/07/28 13:57:16
ELMER SOLVER (v 26.2) STARTED AT: 2026/07/28 13:57:16
ELMER SOLVER (v 26.2) STARTED AT: 2026/07/28 13:57:16
ELMER SOLVER (v 26.2) STARTED AT: 2026/07/28 13:57:16
ELMER SOLVER (v 26.2) STARTED AT: 2026/07/28 13:57:16
ELMER SOLVER (v 26.2) STARTED AT: 2026/07/28 13:57:16
ELMER SOLVER (v 26.2) STARTED AT: 2026/07/28 13:57:16
ELMER SOLVER (v 26.2) STARTED AT: 2026/07/28 13:57:16
ELMER SOLVER (v 26.2) STARTED AT: 2026/07/28 13:57:16
ELMER SOLVER (v 26.2) STARTED AT: 2026/07/28 13:57:16
ELMER SOLVER (v 26.2) STARTED AT: 2026/07/28 13:57:16
ELMER SOLVER (v 26.2) STARTED AT: 2026/07/28 13:57:16
ELMER SOLVER (v 26.2) STARTED AT: 2026/07/28 13:57:16
ELMER SOLVER (v 26.2) STARTED AT: 2026/07/28 13:57:16
ELMER SOLVER (v 26.2) STARTED AT: 2026/07/28 13:57:16
ELMER SOLVER (v 26.2) STARTED AT: 2026/07/28 13:57:16
ELMER SOLVER (v 26.2) STARTED AT: 2026/07/28 13:57:16
ELMER SOLVER (v 26.2) STARTED AT: 2026/07/28 13:57:16
ELMER SOLVER (v 26.2) STARTED AT: 2026/07/28 13:57:16
ELMER SOLVER (v 26.2) STARTED AT: 2026/07/28 13:57:16
ELMER SOLVER (v 26.2) STARTED AT: 2026/07/28 13:57:16
ELMER SOLVER (v 26.2) STARTED AT: 2026/07/28 13:57:16
ELMER SOLVER (v 26.2) STARTED AT: 2026/07/28 13:57:16
ELMER SOLVER (v 26.2) STARTED AT: 2026/07/28 13:57:16
ELMER SOLVER (v 26.2) STARTED AT: 2026/07/28 13:57:16
ELMER SOLVER (v 26.2) STARTED AT: 2026/07/28 13:57:16
ELMER SOLVER (v 26.2) STARTED AT: 2026/07/28 13:57:16
ELMER SOLVER (v 26.2) STARTED AT: 2026/07/28 13:57:16
ELMER SOLVER (v 26.2) STARTED AT: 2026/07/28 13:57:16
ELMER SOLVER (v 26.2) STARTED AT: 2026/07/28 13:57:16
ELMER SOLVER (v 26.2) STARTED AT: 2026/07/28 13:57:16
ELMER SOLVER (v 26.2) STARTED AT: 2026/07/28 13:57:16
ELMER SOLVER (v 26.2) STARTED AT: 2026/07/28 13:57:16
ELMER SOLVER (v 26.2) STARTED AT: 2026/07/28 13:57:16
ELMER SOLVER (v 26.2) STARTED AT: 2026/07/28 13:57:16
ELMER SOLVER (v 26.2) STARTED AT: 2026/07/28 13:57:16
ELMER SOLVER (v 26.2) STARTED AT: 2026/07/28 13:57:16
ELMER SOLVER (v 26.2) STARTED AT: 2026/07/28 13:57:16
ELMER SOLVER (v 26.2) STARTED AT: 2026/07/28 13:57:16
ELMER SOLVER (v 26.2) STARTED AT: 2026/07/28 13:57:16
ELMER SOLVER (v 26.2) STARTED AT: 2026/07/28 13:57:16
ELMER SOLVER (v 26.2) STARTED AT: 2026/07/28 13:57:16
ELMER SOLVER (v 26.2) STARTED AT: 2026/07/28 13:57:16
ELMER SOLVER (v 26.2) STARTED AT: 2026/07/28 13:57:16
ELMER SOLVER (v 26.2) STARTED AT: 2026/07/28 13:57:16
ELMER SOLVER (v 26.2) STARTED AT: 2026/07/28 13:57:16
ELMER SOLVER (v 26.2) STARTED AT: 2026/07/28 13:57:16
ELMER SOLVER (v 26.2) STARTED AT: 2026/07/28 13:57:16
ELMER SOLVER (v 26.2) STARTED AT: 2026/07/28 13:57:16
ELMER SOLVER (v 26.2) STARTED AT: 2026/07/28 13:57:16
ELMER SOLVER (v 26.2) STARTED AT: 2026/07/28 13:57:16
ELMER SOLVER (v 26.2) STARTED AT: 2026/07/28 13:57:16
ELMER SOLVER (v 26.2) STARTED AT: 2026/07/28 13:57:16
ELMER SOLVER (v 26.2) STARTED AT: 2026/07/28 13:57:16
ELMER SOLVER (v 26.2) STARTED AT: 2026/07/28 13:57:16
ELMER SOLVER (v 26.2) STARTED AT: 2026/07/28 13:57:16
ELMER SOLVER (v 26.2) STARTED AT: 2026/07/28 13:57:16
ELMER SOLVER (v 26.2) STARTED AT: 2026/07/28 13:57:16
ELMER SOLVER (v 26.2) STARTED AT: 2026/07/28 13:57:16
ELMER SOLVER (v 26.2) STARTED AT: 2026/07/28 13:57:16
ELMER SOLVER (v 26.2) STARTED AT: 2026/07/28 13:57:16
ELMER SOLVER (v 26.2) STARTED AT: 2026/07/28 13:57:16
ELMER SOLVER (v 26.2) STARTED AT: 2026/07/28 13:57:16
ELMER SOLVER (v 26.2) STARTED AT: 2026/07/28 13:57:16
ELMER SOLVER (v 26.2) STARTED AT: 2026/07/28 13:57:16
ELMER SOLVER (v 26.2) STARTED AT: 2026/07/28 13:57:16
ELMER SOLVER (v 26.2) STARTED AT: 2026/07/28 13:57:16
ELMER SOLVER (v 26.2) STARTED AT: 2026/07/28 13:57:16
ELMER SOLVER (v 26.2) STARTED AT: 2026/07/28 13:57:16
ELMER SOLVER (v 26.2) STARTED AT: 2026/07/28 13:57:16
ELMER SOLVER (v 26.2) STARTED AT: 2026/07/28 13:57:16
ELMER SOLVER (v 26.2) STARTED AT: 2026/07/28 13:57:16
ELMER SOLVER (v 26.2) STARTED AT: 2026/07/28 13:57:16
ELMER SOLVER (v 26.2) STARTED AT: 2026/07/28 13:57:16
ELMER SOLVER (v 26.2) STARTED AT: 2026/07/28 13:57:16
ELMER SOLVER (v 26.2) STARTED AT: 2026/07/28 13:57:16
ELMER SOLVER (v 26.2) STARTED AT: 2026/07/28 13:57:16
ELMER SOLVER (v 26.2) STARTED AT: 2026/07/28 13:57:16
ELMER SOLVER (v 26.2) STARTED AT: 2026/07/28 13:57:16
ELMER SOLVER (v 26.2) STARTED AT: 2026/07/28 13:57:16
ELMER SOLVER (v 26.2) STARTED AT: 2026/07/28 13:57:16
ELMER SOLVER (v 26.2) STARTED AT: 2026/07/28 13:57:16
ELMER SOLVER (v 26.2) STARTED AT: 2026/07/28 13:57:16
ELMER SOLVER (v 26.2) STARTED AT: 2026/07/28 13:57:16
ELMER SOLVER (v 26.2) STARTED AT: 2026/07/28 13:57:16
ELMER SOLVER (v 26.2) STARTED AT: 2026/07/28 13:57:16
ELMER SOLVER (v 26.2) STARTED AT: 2026/07/28 13:57:16
ELMER SOLVER (v 26.2) STARTED AT: 2026/07/28 13:57:16
ELMER SOLVER (v 26.2) STARTED AT: 2026/07/28 13:57:16
ELMER SOLVER (v 26.2) STARTED AT: 2026/07/28 13:57:16
ELMER SOLVER (v 26.2) STARTED AT: 2026/07/28 13:57:16
ELMER SOLVER (v 26.2) STARTED AT: 2026/07/28 13:57:16
ELMER SOLVER (v 26.2) STARTED AT: 2026/07/28 13:57:16
ELMER SOLVER (v 26.2) STARTED AT: 2026/07/28 13:57:16
ELMER SOLVER (v 26.2) STARTED AT: 2026/07/28 13:57:16
ELMER SOLVER (v 26.2) STARTED AT: 2026/07/28 13:57:16
ELMER SOLVER (v 26.2) STARTED AT: 2026/07/28 13:57:16
ELMER SOLVER (v 26.2) STARTED AT: 2026/07/28 13:57:16
ELMER SOLVER (v 26.2) STARTED AT: 2026/07/28 13:57:16
ELMER SOLVER (v 26.2) STARTED AT: 2026/07/28 13:57:16
ELMER SOLVER (v 26.2) STARTED AT: 2026/07/28 13:57:16
ELMER SOLVER (v 26.2) STARTED AT: 2026/07/28 13:57:16
ELMER SOLVER (v 26.2) STARTED AT: 2026/07/28 13:57:16
ELMER SOLVER (v 26.2) STARTED AT: 2026/07/28 13:57:16
ELMER SOLVER (v 26.2) STARTED AT: 2026/07/28 13:57:16
ELMER SOLVER (v 26.2) STARTED AT: 2026/07/28 13:57:16
ELMER SOLVER (v 26.2) STARTED AT: 2026/07/28 13:57:16
ELMER SOLVER (v 26.2) STARTED AT: 2026/07/28 13:57:16
ELMER SOLVER (v 26.2) STARTED AT: 2026/07/28 13:57:16
ELMER SOLVER (v 26.2) STARTED AT: 2026/07/28 13:57:16
ELMER SOLVER (v 26.2) STARTED AT: 2026/07/28 13:57:16
ELMER SOLVER (v 26.2) STARTED AT: 2026/07/28 13:57:16
ELMER SOLVER (v 26.2) STARTED AT: 2026/07/28 13:57:16
ELMER SOLVER (v 26.2) STARTED AT: 2026/07/28 13:57:16
ELMER SOLVER (v 26.2) STARTED AT: 2026/07/28 13:57:16
ELMER SOLVER (v 26.2) STARTED AT: 2026/07/28 13:57:16
ELMER SOLVER (v 26.2) STARTED AT: 2026/07/28 13:57:16
ELMER SOLVER (v 26.2) STARTED AT: 2026/07/28 13:57:16
ELMER SOLVER (v 26.2) STARTED AT: 2026/07/28 13:57:16
ELMER SOLVER (v 26.2) STARTED AT: 2026/07/28 13:57:16
ELMER SOLVER (v 26.2) STARTED AT: 2026/07/28 13:57:16
ELMER SOLVER (v 26.2) STARTED AT: 2026/07/28 13:57:16
ELMER SOLVER (v 26.2) STARTED AT: 2026/07/28 13:57:16
ELMER SOLVER (v 26.2) STARTED AT: 2026/07/28 13:57:16
ELMER SOLVER (v 26.2) STARTED AT: 2026/07/28 13:57:16
ELMER SOLVER (v 26.2) STARTED AT: 2026/07/28 13:57:16
ELMER SOLVER (v 26.2) STARTED AT: 2026/07/28 13:57:16
ELMER SOLVER (v 26.2) STARTED AT: 2026/07/28 13:57:16
ELMER SOLVER (v 26.2) STARTED AT: 2026/07/28 13:57:16
ELMER SOLVER (v 26.2) STARTED AT: 2026/07/28 13:57:16
ELMER SOLVER (v 26.2) STARTED AT: 2026/07/28 13:57:16
ELMER SOLVER (v 26.2) STARTED AT: 2026/07/28 13:57:16
ELMER SOLVER (v 26.2) STARTED AT: 2026/07/28 13:57:16
ELMER SOLVER (v 26.2) STARTED AT: 2026/07/28 13:57:16
ELMER SOLVER (v 26.2) STARTED AT: 2026/07/28 13:57:16
ELMER SOLVER (v 26.2) STARTED AT: 2026/07/28 13:57:16
ELMER SOLVER (v 26.2) STARTED AT: 2026/07/28 13:57:16
ELMER SOLVER (v 26.2) STARTED AT: 2026/07/28 13:57:16
ELMER SOLVER (v 26.2) STARTED AT: 2026/07/28 13:57:16
ELMER SOLVER (v 26.2) STARTED AT: 2026/07/28 13:57:16
ELMER SOLVER (v 26.2) STARTED AT: 2026/07/28 13:57:16
ELMER SOLVER (v 26.2) STARTED AT: 2026/07/28 13:57:16
ELMER SOLVER (v 26.2) STARTED AT: 2026/07/28 13:57:16
ELMER SOLVER (v 26.2) STARTED AT: 2026/07/28 13:57:16
ELMER SOLVER (v 26.2) STARTED AT: 2026/07/28 13:57:16
ELMER SOLVER (v 26.2) STARTED AT: 2026/07/28 13:57:16
ELMER SOLVER (v 26.2) STARTED AT: 2026/07/28 13:57:16
ELMER SOLVER (v 26.2) STARTED AT: 2026/07/28 13:57:16
ELMER SOLVER (v 26.2) STARTED AT: 2026/07/28 13:57:16
ELMER SOLVER (v 26.2) STARTED AT: 2026/07/28 13:57:16
ELMER SOLVER (v 26.2) STARTED AT: 2026/07/28 13:57:16
ELMER SOLVER (v 26.2) STARTED AT: 2026/07/28 13:57:16
ELMER SOLVER (v 26.2) STARTED AT: 2026/07/28 13:57:16
ELMER SOLVER (v 26.2) STARTED AT: 2026/07/28 13:57:16
ELMER SOLVER (v 26.2) STARTED AT: 2026/07/28 13:57:16
ELMER SOLVER (v 26.2) STARTED AT: 2026/07/28 13:57:16
ELMER SOLVER (v 26.2) STARTED AT: 2026/07/28 13:57:16
ELMER SOLVER (v 26.2) STARTED AT: 2026/07/28 13:57:16
ELMER SOLVER (v 26.2) STARTED AT: 2026/07/28 13:57:16
ELMER SOLVER (v 26.2) STARTED AT: 2026/07/28 13:57:16
ELMER SOLVER (v 26.2) STARTED AT: 2026/07/28 13:57:16
ELMER SOLVER (v 26.2) STARTED AT: 2026/07/28 13:57:16
ELMER SOLVER (v 26.2) STARTED AT: 2026/07/28 13:57:16
ELMER SOLVER (v 26.2) STARTED AT: 2026/07/28 13:57:16
ELMER SOLVER (v 26.2) STARTED AT: 2026/07/28 13:57:16
ELMER SOLVER (v 26.2) STARTED AT: 2026/07/28 13:57:16
ELMER SOLVER (v 26.2) STARTED AT: 2026/07/28 13:57:16
ELMER SOLVER (v 26.2) STARTED AT: 2026/07/28 13:57:16
ELMER SOLVER (v 26.2) STARTED AT: 2026/07/28 13:57:16
ELMER SOLVER (v 26.2) STARTED AT: 2026/07/28 13:57:16
ELMER SOLVER (v 26.2) STARTED AT: 2026/07/28 13:57:16
ELMER SOLVER (v 26.2) STARTED AT: 2026/07/28 13:57:16
ELMER SOLVER (v 26.2) STARTED AT: 2026/07/28 13:57:16
ELMER SOLVER (v 26.2) STARTED AT: 2026/07/28 13:57:16
ELMER SOLVER (v 26.2) STARTED AT: 2026/07/28 13:57:16
ELMER SOLVER (v 26.2) STARTED AT: 2026/07/28 13:57:16
ELMER SOLVER (v 26.2) STARTED AT: 2026/07/28 13:57:16
ELMER SOLVER (v 26.2) STARTED AT: 2026/07/28 13:57:16
ELMER SOLVER (v 26.2) STARTED AT: 2026/07/28 13:57:16
ELMER SOLVER (v 26.2) STARTED AT: 2026/07/28 13:57:16
ELMER SOLVER (v 26.2) STARTED AT: 2026/07/28 13:57:16
ELMER SOLVER (v 26.2) STARTED AT: 2026/07/28 13:57:16
ELMER SOLVER (v 26.2) STARTED AT: 2026/07/28 13:57:16
ELMER SOLVER (v 26.2) STARTED AT: 2026/07/28 13:57:16
ELMER SOLVER (v 26.2) STARTED AT: 2026/07/28 13:57:16
ELMER SOLVER (v 26.2) STARTED AT: 2026/07/28 13:57:16
ELMER SOLVER (v 26.2) STARTED AT: 2026/07/28 13:57:16
ELMER SOLVER (v 26.2) STARTED AT: 2026/07/28 13:57:16
ELMER SOLVER (v 26.2) STARTED AT: 2026/07/28 13:57:16
ELMER SOLVER (v 26.2) STARTED AT: 2026/07/28 13:57:16
ELMER SOLVER (v 26.2) STARTED AT: 2026/07/28 13:57:16
ELMER SOLVER (v 26.2) STARTED AT: 2026/07/28 13:57:16
ELMER SOLVER (v 26.2) STARTED AT: 2026/07/28 13:57:16
ELMER SOLVER (v 26.2) STARTED AT: 2026/07/28 13:57:16
ELMER SOLVER (v 26.2) STARTED AT: 2026/07/28 13:57:16
ELMER SOLVER (v 26.2) STARTED AT: 2026/07/28 13:57:16
ELMER SOLVER (v 26.2) STARTED AT: 2026/07/28 13:57:16
ELMER SOLVER (v 26.2) STARTED AT: 2026/07/28 13:57:16
ELMER SOLVER (v 26.2) STARTED AT: 2026/07/28 13:57:16
ELMER SOLVER (v 26.2) STARTED AT: 2026/07/28 13:57:16
ELMER SOLVER (v 26.2) STARTED AT: 2026/07/28 13:57:16
ELMER SOLVER (v 26.2) STARTED AT: 2026/07/28 13:57:16
ELMER SOLVER (v 26.2) STARTED AT: 2026/07/28 13:57:16
ELMER SOLVER (v 26.2) STARTED AT: 2026/07/28 13:57:16
ELMER SOLVER (v 26.2) STARTED AT: 2026/07/28 13:57:16
ELMER SOLVER (v 26.2) STARTED AT: 2026/07/28 13:57:16
ELMER SOLVER (v 26.2) STARTED AT: 2026/07/28 13:57:16
ELMER SOLVER (v 26.2) STARTED AT: 2026/07/28 13:57:16
ELMER SOLVER (v 26.2) STARTED AT: 2026/07/28 13:57:16
ELMER SOLVER (v 26.2) STARTED AT: 2026/07/28 13:57:16
ELMER SOLVER (v 26.2) STARTED AT: 2026/07/28 13:57:16
ELMER SOLVER (v 26.2) STARTED AT: 2026/07/28 13:57:16
ELMER SOLVER (v 26.2) STARTED AT: 2026/07/28 13:57:16
ELMER SOLVER (v 26.2) STARTED AT: 2026/07/28 13:57:16
ELMER SOLVER (v 26.2) STARTED AT: 2026/07/28 13:57:16
ELMER SOLVER (v 26.2) STARTED AT: 2026/07/28 13:57:16
ELMER SOLVER (v 26.2) STARTED AT: 2026/07/28 13:57:16
ELMER SOLVER (v 26.2) STARTED AT: 2026/07/28 13:57:16
ELMER SOLVER (v 26.2) STARTED AT: 2026/07/28 13:57:16
ELMER SOLVER (v 26.2) STARTED AT: 2026/07/28 13:57:16
ELMER SOLVER (v 26.2) STARTED AT: 2026/07/28 13:57:16
ELMER SOLVER (v 26.2) STARTED AT: 2026/07/28 13:57:16
ELMER SOLVER (v 26.2) STARTED AT: 2026/07/28 13:57:16
ELMER SOLVER (v 26.2) STARTED AT: 2026/07/28 13:57:16
ELMER SOLVER (v 26.2) STARTED AT: 2026/07/28 13:57:16
ELMER SOLVER (v 26.2) STARTED AT: 2026/07/28 13:57:16
ELMER SOLVER (v 26.2) STARTED AT: 2026/07/28 13:57:16
ELMER SOLVER (v 26.2) STARTED AT: 2026/07/28 13:57:16
ELMER SOLVER (v 26.2) STARTED AT: 2026/07/28 13:57:16
ELMER SOLVER (v 26.2) STARTED AT: 2026/07/28 13:57:16
ELMER SOLVER (v 26.2) STARTED AT: 2026/07/28 13:57:16
ELMER SOLVER (v 26.2) STARTED AT: 2026/07/28 13:57:16
ELMER SOLVER (v 26.2) STARTED AT: 2026/07/28 13:57:16
ELMER SOLVER (v 26.2) STARTED AT: 2026/07/28 13:57:16
ELMER SOLVER (v 26.2) STARTED AT: 2026/07/28 13:57:16
ELMER SOLVER (v 26.2) STARTED AT: 2026/07/28 13:57:16
ELMER SOLVER (v 26.2) STARTED AT: 2026/07/28 13:57:16
ELMER SOLVER (v 26.2) STARTED AT: 2026/07/28 13:57:16
ELMER SOLVER (v 26.2) STARTED AT: 2026/07/28 13:57:16
ELMER SOLVER (v 26.2) STARTED AT: 2026/07/28 13:57:16
ELMER SOLVER (v 26.2) STARTED AT: 2026/07/28 13:57:16
ELMER SOLVER (v 26.2) STARTED AT: 2026/07/28 13:57:16
ELMER SOLVER (v 26.2) STARTED AT: 2026/07/28 13:57:16
ELMER SOLVER (v 26.2) STARTED AT: 2026/07/28 13:57:16
ELMER SOLVER (v 26.2) STARTED AT: 2026/07/28 13:57:16
ELMER SOLVER (v 26.2) STARTED AT: 2026/07/28 13:57:16
ELMER SOLVER (v 26.2) STARTED AT: 2026/07/28 13:57:16
ELMER SOLVER (v 26.2) STARTED AT: 2026/07/28 13:57:16
ELMER SOLVER (v 26.2) STARTED AT: 2026/07/28 13:57:16
ELMER SOLVER (v 26.2) STARTED AT: 2026/07/28 13:57:16
ELMER SOLVER (v 26.2) STARTED AT: 2026/07/28 13:57:16
ELMER SOLVER (v 26.2) STARTED AT: 2026/07/28 13:57:16
ELMER SOLVER (v 26.2) STARTED AT: 2026/07/28 13:57:16
ELMER SOLVER (v 26.2) STARTED AT: 2026/07/28 13:57:16
ELMER SOLVER (v 26.2) STARTED AT: 2026/07/28 13:57:16
ELMER SOLVER (v 26.2) STARTED AT: 2026/07/28 13:57:16
ELMER SOLVER (v 26.2) STARTED AT: 2026/07/28 13:57:16
ELMER SOLVER (v 26.2) STARTED AT: 2026/07/28 13:57:16
ELMER SOLVER (v 26.2) STARTED AT: 2026/07/28 13:57:16
ELMER SOLVER (v 26.2) STARTED AT: 2026/07/28 13:57:16
ELMER SOLVER (v 26.2) STARTED AT: 2026/07/28 13:57:16
ELMER SOLVER (v 26.2) STARTED AT: 2026/07/28 13:57:16
ELMER SOLVER (v 26.2) STARTED AT: 2026/07/28 13:57:16
ELMER SOLVER (v 26.2) STARTED AT: 2026/07/28 13:57:16
ELMER SOLVER (v 26.2) STARTED AT: 2026/07/28 13:57:16
ELMER SOLVER (v 26.2) STARTED AT: 2026/07/28 13:57:16
ELMER SOLVER (v 26.2) STARTED AT: 2026/07/28 13:57:16
ELMER SOLVER (v 26.2) STARTED AT: 2026/07/28 13:57:16
ELMER SOLVER (v 26.2) STARTED AT: 2026/07/28 13:57:16
ELMER SOLVER (v 26.2) STARTED AT: 2026/07/28 13:57:16
ELMER SOLVER (v 26.2) STARTED AT: 2026/07/28 13:57:16
ELMER SOLVER (v 26.2) STARTED AT: 2026/07/28 13:57:16
ELMER SOLVER (v 26.2) STARTED AT: 2026/07/28 13:57:16
ELMER SOLVER (v 26.2) STARTED AT: 2026/07/28 13:57:16
ELMER SOLVER (v 26.2) STARTED AT: 2026/07/28 13:57:16
ELMER SOLVER (v 26.2) STARTED AT: 2026/07/28 13:57:16
ELMER SOLVER (v 26.2) STARTED AT: 2026/07/28 13:57:16
ELMER SOLVER (v 26.2) STARTED AT: 2026/07/28 13:57:16
ELMER SOLVER (v 26.2) STARTED AT: 2026/07/28 13:57:16
ELMER SOLVER (v 26.2) STARTED AT: 2026/07/28 13:57:16
ELMER SOLVER (v 26.2) STARTED AT: 2026/07/28 13:57:16
ELMER SOLVER (v 26.2) STARTED AT: 2026/07/28 13:57:16
ELMER SOLVER (v 26.2) STARTED AT: 2026/07/28 13:57:16
ELMER SOLVER (v 26.2) STARTED AT: 2026/07/28 13:57:16
ELMER SOLVER (v 26.2) STARTED AT: 2026/07/28 13:57:16
ELMER SOLVER (v 26.2) STARTED AT: 2026/07/28 13:57:16
ELMER SOLVER (v 26.2) STARTED AT: 2026/07/28 13:57:16
ELMER SOLVER (v 26.2) STARTED AT: 2026/07/28 13:57:16
ELMER SOLVER (v 26.2) STARTED AT: 2026/07/28 13:57:16
ELMER SOLVER (v 26.2) STARTED AT: 2026/07/28 13:57:16
ELMER SOLVER (v 26.2) STARTED AT: 2026/07/28 13:57:16
ELMER SOLVER (v 26.2) STARTED AT: 2026/07/28 13:57:16
ELMER SOLVER (v 26.2) STARTED AT: 2026/07/28 13:57:16
ELMER SOLVER (v 26.2) STARTED AT: 2026/07/28 13:57:16
ELMER SOLVER (v 26.2) STARTED AT: 2026/07/28 13:57:16
ELMER SOLVER (v 26.2) STARTED AT: 2026/07/28 13:57:16
ELMER SOLVER (v 26.2) STARTED AT: 2026/07/28 13:57:16
ELMER SOLVER (v 26.2) STARTED AT: 2026/07/28 13:57:16
ELMER SOLVER (v 26.2) STARTED AT: 2026/07/28 13:57:16
ELMER SOLVER (v 26.2) STARTED AT: 2026/07/28 13:57:16
ELMER SOLVER (v 26.2) STARTED AT: 2026/07/28 13:57:16
ELMER SOLVER (v 26.2) STARTED AT: 2026/07/28 13:57:16
ELMER SOLVER (v 26.2) STARTED AT: 2026/07/28 13:57:16
ELMER SOLVER (v 26.2) STARTED AT: 2026/07/28 13:57:16
ELMER SOLVER (v 26.2) STARTED AT: 2026/07/28 13:57:16
ELMER SOLVER (v 26.2) STARTED AT: 2026/07/28 13:57:16
ELMER SOLVER (v 26.2) STARTED AT: 2026/07/28 13:57:16
ELMER SOLVER (v 26.2) STARTED AT: 2026/07/28 13:57:16
ELMER SOLVER (v 26.2) STARTED AT: 2026/07/28 13:57:16
ELMER SOLVER (v 26.2) STARTED AT: 2026/07/28 13:57:16
ELMER SOLVER (v 26.2) STARTED AT: 2026/07/28 13:57:16
ELMER SOLVER (v 26.2) STARTED AT: 2026/07/28 13:57:16
ELMER SOLVER (v 26.2) STARTED AT: 2026/07/28 13:57:16
ELMER SOLVER (v 26.2) STARTED AT: 2026/07/28 13:57:16
ELMER SOLVER (v 26.2) STARTED AT: 2026/07/28 13:57:16
ELMER SOLVER (v 26.2) STARTED AT: 2026/07/28 13:57:16
ELMER SOLVER (v 26.2) STARTED AT: 2026/07/28 13:57:16
ELMER SOLVER (v 26.2) STARTED AT: 2026/07/28 13:57:16
ELMER SOLVER (v 26.2) STARTED AT: 2026/07/28 13:57:16
ELMER SOLVER (v 26.2) STARTED AT: 2026/07/28 13:57:16
ELMER SOLVER (v 26.2) STARTED AT: 2026/07/28 13:57:16
ELMER SOLVER (v 26.2) STARTED AT: 2026/07/28 13:57:16
ELMER SOLVER (v 26.2) STARTED AT: 2026/07/28 13:57:16
ELMER SOLVER (v 26.2) STARTED AT: 2026/07/28 13:57:16
ELMER SOLVER (v 26.2) STARTED AT: 2026/07/28 13:57:16
ELMER SOLVER (v 26.2) STARTED AT: 2026/07/28 13:57:16
ELMER SOLVER (v 26.2) STARTED AT: 2026/07/28 13:57:16
ELMER SOLVER (v 26.2) STARTED AT: 2026/07/28 13:57:16
ELMER SOLVER (v 26.2) STARTED AT: 2026/07/28 13:57:16
ELMER SOLVER (v 26.2) STARTED AT: 2026/07/28 13:57:16
ELMER SOLVER (v 26.2) STARTED AT: 2026/07/28 13:57:16
ELMER SOLVER (v 26.2) STARTED AT: 2026/07/28 13:57:16
ELMER SOLVER (v 26.2) STARTED AT: 2026/07/28 13:57:16
ELMER SOLVER (v 26.2) STARTED AT: 2026/07/28 13:57:16
ELMER SOLVER (v 26.2) STARTED AT: 2026/07/28 13:57:16
ELMER SOLVER (v 26.2) STARTED AT: 2026/07/28 13:57:16
ELMER SOLVER (v 26.2) STARTED AT: 2026/07/28 13:57:16
ELMER SOLVER (v 26.2) STARTED AT: 2026/07/28 13:57:16
ELMER SOLVER (v 26.2) STARTED AT: 2026/07/28 13:57:16
ELMER SOLVER (v 26.2) STARTED AT: 2026/07/28 13:57:16
ELMER SOLVER (v 26.2) STARTED AT: 2026/07/28 13:57:16
ELMER SOLVER (v 26.2) STARTED AT: 2026/07/28 13:57:16
ELMER SOLVER (v 26.2) STARTED AT: 2026/07/28 13:57:16
ELMER SOLVER (v 26.2) STARTED AT: 2026/07/28 13:57:16
ELMER SOLVER (v 26.2) STARTED AT: 2026/07/28 13:57:16
ELMER SOLVER (v 26.2) STARTED AT: 2026/07/28 13:57:16
ELMER SOLVER (v 26.2) STARTED AT: 2026/07/28 13:57:16
ELMER SOLVER (v 26.2) STARTED AT: 2026/07/28 13:57:16
ELMER SOLVER (v 26.2) STARTED AT: 2026/07/28 13:57:16
ELMER SOLVER (v 26.2) STARTED AT: 2026/07/28 13:57:16
ELMER SOLVER (v 26.2) STARTED AT: 2026/07/28 13:57:16
ELMER SOLVER (v 26.2) STARTED AT: 2026/07/28 13:57:16
ELMER SOLVER (v 26.2) STARTED AT: 2026/07/28 13:57:16
ELMER SOLVER (v 26.2) STARTED AT: 2026/07/28 13:57:16
ELMER SOLVER (v 26.2) STARTED AT: 2026/07/28 13:57:16
ELMER SOLVER (v 26.2) STARTED AT: 2026/07/28 13:57:16
ELMER SOLVER (v 26.2) STARTED AT: 2026/07/28 13:57:16
ELMER SOLVER (v 26.2) STARTED AT: 2026/07/28 13:57:16
ELMER SOLVER (v 26.2) STARTED AT: 2026/07/28 13:57:16
ELMER SOLVER (v 26.2) STARTED AT: 2026/07/28 13:57:16
ELMER SOLVER (v 26.2) STARTED AT: 2026/07/28 13:57:16
ELMER SOLVER (v 26.2) STARTED AT: 2026/07/28 13:57:16
ELMER SOLVER (v 26.2) STARTED AT: 2026/07/28 13:57:16
ELMER SOLVER (v 26.2) STARTED AT: 2026/07/28 13:57:16
ELMER SOLVER (v 26.2) STARTED AT: 2026/07/28 13:57:16
ELMER SOLVER (v 26.2) STARTED AT: 2026/07/28 13:57:16
ELMER SOLVER (v 26.2) STARTED AT: 2026/07/28 13:57:16
ELMER SOLVER (v 26.2) STARTED AT: 2026/07/28 13:57:16
ELMER SOLVER (v 26.2) STARTED AT: 2026/07/28 13:57:16
ELMER SOLVER (v 26.2) STARTED AT: 2026/07/28 13:57:16
ELMER SOLVER (v 26.2) STARTED AT: 2026/07/28 13:57:16
ELMER SOLVER (v 26.2) STARTED AT: 2026/07/28 13:57:16
ELMER SOLVER (v 26.2) STARTED AT: 2026/07/28 13:57:16
ELMER SOLVER (v 26.2) STARTED AT: 2026/07/28 13:57:16
ELMER SOLVER (v 26.2) STARTED AT: 2026/07/28 13:57:16
ELMER SOLVER (v 26.2) STARTED AT: 2026/07/28 13:57:16
ELMER SOLVER (v 26.2) STARTED AT: 2026/07/28 13:57:16
ELMER SOLVER (v 26.2) STARTED AT: 2026/07/28 13:57:16
ELMER SOLVER (v 26.2) STARTED AT: 2026/07/28 13:57:16
ELMER SOLVER (v 26.2) STARTED AT: 2026/07/28 13:57:16
ELMER SOLVER (v 26.2) STARTED AT: 2026/07/28 13:57:16
ELMER SOLVER (v 26.2) STARTED AT: 2026/07/28 13:57:16
ELMER SOLVER (v 26.2) STARTED AT: 2026/07/28 13:57:16
ELMER SOLVER (v 26.2) STARTED AT: 2026/07/28 13:57:16
ELMER SOLVER (v 26.2) STARTED AT: 2026/07/28 13:57:16
ELMER SOLVER (v 26.2) STARTED AT: 2026/07/28 13:57:16
ELMER SOLVER (v 26.2) STARTED AT: 2026/07/28 13:57:16
ELMER SOLVER (v 26.2) STARTED AT: 2026/07/28 13:57:16
ELMER SOLVER (v 26.2) STARTED AT: 2026/07/28 13:57:16
ELMER SOLVER (v 26.2) STARTED AT: 2026/07/28 13:57:16
ELMER SOLVER (v 26.2) STARTED AT: 2026/07/28 13:57:16
ELMER SOLVER (v 26.2) STARTED AT: 2026/07/28 13:57:16
ELMER SOLVER (v 26.2) STARTED AT: 2026/07/28 13:57:16
ELMER SOLVER (v 26.2) STARTED AT: 2026/07/28 13:57:16
ELMER SOLVER (v 26.2) STARTED AT: 2026/07/28 13:57:16
ELMER SOLVER (v 26.2) STARTED AT: 2026/07/28 13:57:16
ELMER SOLVER (v 26.2) STARTED AT: 2026/07/28 13:57:16
ELMER SOLVER (v 26.2) STARTED AT: 2026/07/28 13:57:16
ELMER SOLVER (v 26.2) STARTED AT: 2026/07/28 13:57:16
ELMER SOLVER (v 26.2) STARTED AT: 2026/07/28 13:57:16
ELMER SOLVER (v 26.2) STARTED AT: 2026/07/28 13:57:16
ELMER SOLVER (v 26.2) STARTED AT: 2026/07/28 13:57:16
ELMER SOLVER (v 26.2) STARTED AT: 2026/07/28 13:57:16
ELMER SOLVER (v 26.2) STARTED AT: 2026/07/28 13:57:16
ELMER SOLVER (v 26.2) STARTED AT: 2026/07/28 13:57:16
ELMER SOLVER (v 26.2) STARTED AT: 2026/07/28 13:57:16
ELMER SOLVER (v 26.2) STARTED AT: 2026/07/28 13:57:16
ELMER SOLVER (v 26.2) STARTED AT: 2026/07/28 13:57:16
ELMER SOLVER (v 26.2) STARTED AT: 2026/07/28 13:57:16
ELMER SOLVER (v 26.2) STARTED AT: 2026/07/28 13:57:16
ELMER SOLVER (v 26.2) STARTED AT: 2026/07/28 13:57:16
ELMER SOLVER (v 26.2) STARTED AT: 2026/07/28 13:57:16
ELMER SOLVER (v 26.2) STARTED AT: 2026/07/28 13:57:16
ELMER SOLVER (v 26.2) STARTED AT: 2026/07/28 13:57:16
ELMER SOLVER (v 26.2) STARTED AT: 2026/07/28 13:57:16
ELMER SOLVER (v 26.2) STARTED AT: 2026/07/28 13:57:16
ELMER SOLVER (v 26.2) STARTED AT: 2026/07/28 13:57:16
ELMER SOLVER (v 26.2) STARTED AT: 2026/07/28 13:57:16
ELMER SOLVER (v 26.2) STARTED AT: 2026/07/28 13:57:16
ELMER SOLVER (v 26.2) STARTED AT: 2026/07/28 13:57:16
ELMER SOLVER (v 26.2) STARTED AT: 2026/07/28 13:57:16
ELMER SOLVER (v 26.2) STARTED AT: 2026/07/28 13:57:16
ELMER SOLVER (v 26.2) STARTED AT: 2026/07/28 13:57:16
ELMER SOLVER (v 26.2) STARTED AT: 2026/07/28 13:57:16
ELMER SOLVER (v 26.2) STARTED AT: 2026/07/28 13:57:16
ELMER SOLVER (v 26.2) STARTED AT: 2026/07/28 13:57:16
ELMER SOLVER (v 26.2) STARTED AT: 2026/07/28 13:57:16
ELMER SOLVER (v 26.2) STARTED AT: 2026/07/28 13:57:16
ELMER SOLVER (v 26.2) STARTED AT: 2026/07/28 13:57:16
ELMER SOLVER (v 26.2) STARTED AT: 2026/07/28 13:57:16
ELMER SOLVER (v 26.2) STARTED AT: 2026/07/28 13:57:16
ELMER SOLVER (v 26.2) STARTED AT: 2026/07/28 13:57:16
ELMER SOLVER (v 26.2) STARTED AT: 2026/07/28 13:57:16
ELMER SOLVER (v 26.2) STARTED AT: 2026/07/28 13:57:16
ELMER SOLVER (v 26.2) STARTED AT: 2026/07/28 13:57:16
ELMER SOLVER (v 26.2) STARTED AT: 2026/07/28 13:57:16
ELMER SOLVER (v 26.2) STARTED AT: 2026/07/28 13:57:16
ELMER SOLVER (v 26.2) STARTED AT: 2026/07/28 13:57:16
ELMER SOLVER (v 26.2) STARTED AT: 2026/07/28 13:57:16
ELMER SOLVER (v 26.2) STARTED AT: 2026/07/28 13:57:16
ELMER SOLVER (v 26.2) STARTED AT: 2026/07/28 13:57:16
ELMER SOLVER (v 26.2) STARTED AT: 2026/07/28 13:57:16
ELMER SOLVER (v 26.2) STARTED AT: 2026/07/28 13:57:16
ELMER SOLVER (v 26.2) STARTED AT: 2026/07/28 13:57:16
ELMER SOLVER (v 26.2) STARTED AT: 2026/07/28 13:57:16
ELMER SOLVER (v 26.2) STARTED AT: 2026/07/28 13:57:16
ELMER SOLVER (v 26.2) STARTED AT: 2026/07/28 13:57:16
ELMER SOLVER (v 26.2) STARTED AT: 2026/07/28 13:57:16
ELMER SOLVER (v 26.2) STARTED AT: 2026/07/28 13:57:16
ELMER SOLVER (v 26.2) STARTED AT: 2026/07/28 13:57:16
ELMER SOLVER (v 26.2) STARTED AT: 2026/07/28 13:57:16
ELMER SOLVER (v 26.2) STARTED AT: 2026/07/28 13:57:16
ELMER SOLVER (v 26.2) STARTED AT: 2026/07/28 13:57:16
ELMER SOLVER (v 26.2) STARTED AT: 2026/07/28 13:57:16
ELMER SOLVER (v 26.2) STARTED AT: 2026/07/28 13:57:16
ELMER SOLVER (v 26.2) STARTED AT: 2026/07/28 13:57:16
ELMER SOLVER (v 26.2) STARTED AT: 2026/07/28 13:57:16
ELMER SOLVER (v 26.2) STARTED AT: 2026/07/28 13:57:16
ELMER SOLVER (v 26.2) STARTED AT: 2026/07/28 13:57:16
ELMER SOLVER (v 26.2) STARTED AT: 2026/07/28 13:57:16
ELMER SOLVER (v 26.2) STARTED AT: 2026/07/28 13:57:16
ELMER SOLVER (v 26.2) STARTED AT: 2026/07/28 13:57:16
ELMER SOLVER (v 26.2) STARTED AT: 2026/07/28 13:57:16
ELMER SOLVER (v 26.2) STARTED AT: 2026/07/28 13:57:16
ELMER SOLVER (v 26.2) STARTED AT: 2026/07/28 13:57:16
ELMER SOLVER (v 26.2) STARTED AT: 2026/07/28 13:57:16
ELMER SOLVER (v 26.2) STARTED AT: 2026/07/28 13:57:16
ELMER SOLVER (v 26.2) STARTED AT: 2026/07/28 13:57:16
ELMER SOLVER (v 26.2) STARTED AT: 2026/07/28 13:57:16
ELMER SOLVER (v 26.2) STARTED AT: 2026/07/28 13:57:16
ELMER SOLVER (v 26.2) STARTED AT: 2026/07/28 13:57:16
ELMER SOLVER (v 26.2) STARTED AT: 2026/07/28 13:57:16
ELMER SOLVER (v 26.2) STARTED AT: 2026/07/28 13:57:16
ELMER SOLVER (v 26.2) STARTED AT: 2026/07/28 13:57:16
ELMER SOLVER (v 26.2) STARTED AT: 2026/07/28 13:57:16
ELMER SOLVER (v 26.2) STARTED AT: 2026/07/28 13:57:16
ELMER SOLVER (v 26.2) STARTED AT: 2026/07/28 13:57:16
ELMER SOLVER (v 26.2) STARTED AT: 2026/07/28 13:57:16
ELMER SOLVER (v 26.2) STARTED AT: 2026/07/28 13:57:16
ELMER SOLVER (v 26.2) STARTED AT: 2026/07/28 13:57:16
ELMER SOLVER (v 26.2) STARTED AT: 2026/07/28 13:57:16
ELMER SOLVER (v 26.2) STARTED AT: 2026/07/28 13:57:16
ELMER SOLVER (v 26.2) STARTED AT: 2026/07/28 13:57:16
ELMER SOLVER (v 26.2) STARTED AT: 2026/07/28 13:57:16
ELMER SOLVER (v 26.2) STARTED AT: 2026/07/28 13:57:16
ELMER SOLVER (v 26.2) STARTED AT: 2026/07/28 13:57:16
ELMER SOLVER (v 26.2) STARTED AT: 2026/07/28 13:57:16
ELMER SOLVER (v 26.2) STARTED AT: 2026/07/28 13:57:16
ELMER SOLVER (v 26.2) STARTED AT: 2026/07/28 13:57:16
ELMER SOLVER (v 26.2) STARTED AT: 2026/07/28 13:57:16
ELMER SOLVER (v 26.2) STARTED AT: 2026/07/28 13:57:16
ELMER SOLVER (v 26.2) STARTED AT: 2026/07/28 13:57:17
ELMER SOLVER (v 26.2) STARTED AT: 2026/07/28 13:57:17
ELMER SOLVER (v 26.2) STARTED AT: 2026/07/28 13:57:17
ELMER SOLVER (v 26.2) STARTED AT: 2026/07/28 13:57:17
ELMER SOLVER (v 26.2) STARTED AT: 2026/07/28 13:57:17
ELMER SOLVER (v 26.2) STARTED AT: 2026/07/28 13:57:17
ELMER SOLVER (v 26.2) STARTED AT: 2026/07/28 13:57:17
ELMER SOLVER (v 26.2) STARTED AT: 2026/07/28 13:57:17
ELMER SOLVER (v 26.2) STARTED AT: 2026/07/28 13:57:17
ELMER SOLVER (v 26.2) STARTED AT: 2026/07/28 13:57:17
ELMER SOLVER (v 26.2) STARTED AT: 2026/07/28 13:57:17
ELMER SOLVER (v 26.2) STARTED AT: 2026/07/28 13:57:17
ELMER SOLVER (v 26.2) STARTED AT: 2026/07/28 13:57:17
ELMER SOLVER (v 26.2) STARTED AT: 2026/07/28 13:57:17
ELMER SOLVER (v 26.2) STARTED AT: 2026/07/28 13:57:17
ELMER SOLVER (v 26.2) STARTED AT: 2026/07/28 13:57:17
ELMER SOLVER (v 26.2) STARTED AT: 2026/07/28 13:57:17
ELMER SOLVER (v 26.2) STARTED AT: 2026/07/28 13:57:17
ELMER SOLVER (v 26.2) STARTED AT: 2026/07/28 13:57:17
ELMER SOLVER (v 26.2) STARTED AT: 2026/07/28 13:57:17
ELMER SOLVER (v 26.2) STARTED AT: 2026/07/28 13:57:17
ELMER SOLVER (v 26.2) STARTED AT: 2026/07/28 13:57:17
ELMER SOLVER (v 26.2) STARTED AT: 2026/07/28 13:57:17
ELMER SOLVER (v 26.2) STARTED AT: 2026/07/28 13:57:17
ELMER SOLVER (v 26.2) STARTED AT: 2026/07/28 13:57:17
ELMER SOLVER (v 26.2) STARTED AT: 2026/07/28 13:57:17
ELMER SOLVER (v 26.2) STARTED AT: 2026/07/28 13:57:17
ELMER SOLVER (v 26.2) STARTED AT: 2026/07/28 13:57:17
ELMER SOLVER (v 26.2) STARTED AT: 2026/07/28 13:57:17
ELMER SOLVER (v 26.2) STARTED AT: 2026/07/28 13:57:17
ELMER SOLVER (v 26.2) STARTED AT: 2026/07/28 13:57:17
ELMER SOLVER (v 26.2) STARTED AT: 2026/07/28 13:57:17
ELMER SOLVER (v 26.2) STARTED AT: 2026/07/28 13:57:17
ELMER SOLVER (v 26.2) STARTED AT: 2026/07/28 13:57:17
ELMER SOLVER (v 26.2) STARTED AT: 2026/07/28 13:57:17
ELMER SOLVER (v 26.2) STARTED AT: 2026/07/28 13:57:17
ELMER SOLVER (v 26.2) STARTED AT: 2026/07/28 13:57:17
ELMER SOLVER (v 26.2) STARTED AT: 2026/07/28 13:57:17
ELMER SOLVER (v 26.2) STARTED AT: 2026/07/28 13:57:17
ELMER SOLVER (v 26.2) STARTED AT: 2026/07/28 13:57:17
ELMER SOLVER (v 26.2) STARTED AT: 2026/07/28 13:57:17
ELMER SOLVER (v 26.2) STARTED AT: 2026/07/28 13:57:17
ELMER SOLVER (v 26.2) STARTED AT: 2026/07/28 13:57:17
ELMER SOLVER (v 26.2) STARTED AT: 2026/07/28 13:57:17
ELMER SOLVER (v 26.2) STARTED AT: 2026/07/28 13:57:17
ELMER SOLVER (v 26.2) STARTED AT: 2026/07/28 13:57:17
ELMER SOLVER (v 26.2) STARTED AT: 2026/07/28 13:57:17
ELMER SOLVER (v 26.2) STARTED AT: 2026/07/28 13:57:17
ELMER SOLVER (v 26.2) STARTED AT: 2026/07/28 13:57:17
ELMER SOLVER (v 26.2) STARTED AT: 2026/07/28 13:57:17
ELMER SOLVER (v 26.2) STARTED AT: 2026/07/28 13:57:17
ELMER SOLVER (v 26.2) STARTED AT: 2026/07/28 13:57:17
ELMER SOLVER (v 26.2) STARTED AT: 2026/07/28 13:57:17
ELMER SOLVER (v 26.2) STARTED AT: 2026/07/28 13:57:17
ELMER SOLVER (v 26.2) STARTED AT: 2026/07/28 13:57:17
ELMER SOLVER (v 26.2) STARTED AT: 2026/07/28 13:57:17
ELMER SOLVER (v 26.2) STARTED AT: 2026/07/28 13:57:17
ELMER SOLVER (v 26.2) STARTED AT: 2026/07/28 13:57:17
ELMER SOLVER (v 26.2) STARTED AT: 2026/07/28 13:57:17
ELMER SOLVER (v 26.2) STARTED AT: 2026/07/28 13:57:17
ELMER SOLVER (v 26.2) STARTED AT: 2026/07/28 13:57:17
ELMER SOLVER (v 26.2) STARTED AT: 2026/07/28 13:57:17
ELMER SOLVER (v 26.2) STARTED AT: 2026/07/28 13:57:17
ELMER SOLVER (v 26.2) STARTED AT: 2026/07/28 13:57:17
ELMER SOLVER (v 26.2) STARTED AT: 2026/07/28 13:57:17
ELMER SOLVER (v 26.2) STARTED AT: 2026/07/28 13:57:17
ELMER SOLVER (v 26.2) STARTED AT: 2026/07/28 13:57:17
ELMER SOLVER (v 26.2) STARTED AT: 2026/07/28 13:57:17
ELMER SOLVER (v 26.2) STARTED AT: 2026/07/28 13:57:17
ELMER SOLVER (v 26.2) STARTED AT: 2026/07/28 13:57:17
ELMER SOLVER (v 26.2) STARTED AT: 2026/07/28 13:57:17
ELMER SOLVER (v 26.2) STARTED AT: 2026/07/28 13:57:17
ELMER SOLVER (v 26.2) STARTED AT: 2026/07/28 13:57:17
ELMER SOLVER (v 26.2) STARTED AT: 2026/07/28 13:57:17
ELMER SOLVER (v 26.2) STARTED AT: 2026/07/28 13:57:17
ELMER SOLVER (v 26.2) STARTED AT: 2026/07/28 13:57:17
ELMER SOLVER (v 26.2) STARTED AT: 2026/07/28 13:57:17
ELMER SOLVER (v 26.2) STARTED AT: 2026/07/28 13:57:17
ELMER SOLVER (v 26.2) STARTED AT: 2026/07/28 13:57:17
ELMER SOLVER (v 26.2) STARTED AT: 2026/07/28 13:57:17
ELMER SOLVER (v 26.2) STARTED AT: 2026/07/28 13:57:17
ELMER SOLVER (v 26.2) STARTED AT: 2026/07/28 13:57:17
ELMER SOLVER (v 26.2) STARTED AT: 2026/07/28 13:57:17
ELMER SOLVER (v 26.2) STARTED AT: 2026/07/28 13:57:17
ELMER SOLVER (v 26.2) STARTED AT: 2026/07/28 13:57:17
ELMER SOLVER (v 26.2) STARTED AT: 2026/07/28 13:57:17
ELMER SOLVER (v 26.2) STARTED AT: 2026/07/28 13:57:17
ELMER SOLVER (v 26.2) STARTED AT: 2026/07/28 13:57:17
ELMER SOLVER (v 26.2) STARTED AT: 2026/07/28 13:57:17
ELMER SOLVER (v 26.2) STARTED AT: 2026/07/28 13:57:17
ELMER SOLVER (v 26.2) STARTED AT: 2026/07/28 13:57:17
ELMER SOLVER (v 26.2) STARTED AT: 2026/07/28 13:57:17
ELMER SOLVER (v 26.2) STARTED AT: 2026/07/28 13:57:17
ELMER SOLVER (v 26.2) STARTED AT: 2026/07/28 13:57:17
ELMER SOLVER (v 26.2) STARTED AT: 2026/07/28 13:57:17
ELMER SOLVER (v 26.2) STARTED AT: 2026/07/28 13:57:17
ELMER SOLVER (v 26.2) STARTED AT: 2026/07/28 13:57:17
ELMER SOLVER (v 26.2) STARTED AT: 2026/07/28 13:57:17
ELMER SOLVER (v 26.2) STARTED AT: 2026/07/28 13:57:17
ELMER SOLVER (v 26.2) STARTED AT: 2026/07/28 13:57:17
ELMER SOLVER (v 26.2) STARTED AT: 2026/07/28 13:57:17
ELMER SOLVER (v 26.2) STARTED AT: 2026/07/28 13:57:17
ELMER SOLVER (v 26.2) STARTED AT: 2026/07/28 13:57:17
ELMER SOLVER (v 26.2) STARTED AT: 2026/07/28 13:57:17
ELMER SOLVER (v 26.2) STARTED AT: 2026/07/28 13:57:17
ELMER SOLVER (v 26.2) STARTED AT: 2026/07/28 13:57:17
ELMER SOLVER (v 26.2) STARTED AT: 2026/07/28 13:57:17
ELMER SOLVER (v 26.2) STARTED AT: 2026/07/28 13:57:17
ELMER SOLVER (v 26.2) STARTED AT: 2026/07/28 13:57:17
ELMER SOLVER (v 26.2) STARTED AT: 2026/07/28 13:57:17
ELMER SOLVER (v 26.2) STARTED AT: 2026/07/28 13:57:17
ELMER SOLVER (v 26.2) STARTED AT: 2026/07/28 13:57:17
ELMER SOLVER (v 26.2) STARTED AT: 2026/07/28 13:57:17
ELMER SOLVER (v 26.2) STARTED AT: 2026/07/28 13:57:17
ELMER SOLVER (v 26.2) STARTED AT: 2026/07/28 13:57:17
ELMER SOLVER (v 26.2) STARTED AT: 2026/07/28 13:57:17
ELMER SOLVER (v 26.2) STARTED AT: 2026/07/28 13:57:17
ELMER SOLVER (v 26.2) STARTED AT: 2026/07/28 13:57:17
ELMER SOLVER (v 26.2) STARTED AT: 2026/07/28 13:57:17
ELMER SOLVER (v 26.2) STARTED AT: 2026/07/28 13:57:17
ELMER SOLVER (v 26.2) STARTED AT: 2026/07/28 13:57:17
ELMER SOLVER (v 26.2) STARTED AT: 2026/07/28 13:57:17
ELMER SOLVER (v 26.2) STARTED AT: 2026/07/28 13:57:17
ELMER SOLVER (v 26.2) STARTED AT: 2026/07/28 13:57:17
ELMER SOLVER (v 26.2) STARTED AT: 2026/07/28 13:57:17
ELMER SOLVER (v 26.2) STARTED AT: 2026/07/28 13:57:17
ELMER SOLVER (v 26.2) STARTED AT: 2026/07/28 13:57:17
ELMER SOLVER (v 26.2) STARTED AT: 2026/07/28 13:57:17
ELMER SOLVER (v 26.2) STARTED AT: 2026/07/28 13:57:17
ELMER SOLVER (v 26.2) STARTED AT: 2026/07/28 13:57:17
ELMER SOLVER (v 26.2) STARTED AT: 2026/07/28 13:57:17
ELMER SOLVER (v 26.2) STARTED AT: 2026/07/28 13:57:17
ELMER SOLVER (v 26.2) STARTED AT: 2026/07/28 13:57:17
ELMER SOLVER (v 26.2) STARTED AT: 2026/07/28 13:57:17
ELMER SOLVER (v 26.2) STARTED AT: 2026/07/28 13:57:17
ELMER SOLVER (v 26.2) STARTED AT: 2026/07/28 13:57:17
ELMER SOLVER (v 26.2) STARTED AT: 2026/07/28 13:57:17
ELMER SOLVER (v 26.2) STARTED AT: 2026/07/28 13:57:17
ELMER SOLVER (v 26.2) STARTED AT: 2026/07/28 13:57:17
ELMER SOLVER (v 26.2) STARTED AT: 2026/07/28 13:57:17
ELMER SOLVER (v 26.2) STARTED AT: 2026/07/28 13:57:17
ELMER SOLVER (v 26.2) STARTED AT: 2026/07/28 13:57:17
ELMER SOLVER (v 26.2) STARTED AT: 2026/07/28 13:57:17
ELMER SOLVER (v 26.2) STARTED AT: 2026/07/28 13:57:17
ELMER SOLVER (v 26.2) STARTED AT: 2026/07/28 13:57:17
ELMER SOLVER (v 26.2) STARTED AT: 2026/07/28 13:57:17
ELMER SOLVER (v 26.2) STARTED AT: 2026/07/28 13:57:17
ELMER SOLVER (v 26.2) STARTED AT: 2026/07/28 13:57:17
ELMER SOLVER (v 26.2) STARTED AT: 2026/07/28 13:57:17
ELMER SOLVER (v 26.2) STARTED AT: 2026/07/28 13:57:17
ELMER SOLVER (v 26.2) STARTED AT: 2026/07/28 13:57:17
ELMER SOLVER (v 26.2) STARTED AT: 2026/07/28 13:57:17
ELMER SOLVER (v 26.2) STARTED AT: 2026/07/28 13:57:17
ELMER SOLVER (v 26.2) STARTED AT: 2026/07/28 13:57:17
ELMER SOLVER (v 26.2) STARTED AT: 2026/07/28 13:57:17
ELMER SOLVER (v 26.2) STARTED AT: 2026/07/28 13:57:17
ELMER SOLVER (v 26.2) STARTED AT: 2026/07/28 13:57:17
ELMER SOLVER (v 26.2) STARTED AT: 2026/07/28 13:57:17
ELMER SOLVER (v 26.2) STARTED AT: 2026/07/28 13:57:17
ELMER SOLVER (v 26.2) STARTED AT: 2026/07/28 13:57:17
ELMER SOLVER (v 26.2) STARTED AT: 2026/07/28 13:57:17
ELMER SOLVER (v 26.2) STARTED AT: 2026/07/28 13:57:17
ELMER SOLVER (v 26.2) STARTED AT: 2026/07/28 13:57:17
ELMER SOLVER (v 26.2) STARTED AT: 2026/07/28 13:57:17
ELMER SOLVER (v 26.2) STARTED AT: 2026/07/28 13:57:17
ELMER SOLVER (v 26.2) STARTED AT: 2026/07/28 13:57:17
ELMER SOLVER (v 26.2) STARTED AT: 2026/07/28 13:57:17
ELMER SOLVER (v 26.2) STARTED AT: 2026/07/28 13:57:17
ELMER SOLVER (v 26.2) STARTED AT: 2026/07/28 13:57:17
ELMER SOLVER (v 26.2) STARTED AT: 2026/07/28 13:57:17
ELMER SOLVER (v 26.2) STARTED AT: 2026/07/28 13:57:17
ELMER SOLVER (v 26.2) STARTED AT: 2026/07/28 13:57:17
ELMER SOLVER (v 26.2) STARTED AT: 2026/07/28 13:57:17
ELMER SOLVER (v 26.2) STARTED AT: 2026/07/28 13:57:17
ELMER SOLVER (v 26.2) STARTED AT: 2026/07/28 13:57:17
ELMER SOLVER (v 26.2) STARTED AT: 2026/07/28 13:57:17
ELMER SOLVER (v 26.2) STARTED AT: 2026/07/28 13:57:17
ELMER SOLVER (v 26.2) STARTED AT: 2026/07/28 13:57:17
ELMER SOLVER (v 26.2) STARTED AT: 2026/07/28 13:57:17
ELMER SOLVER (v 26.2) STARTED AT: 2026/07/28 13:57:17
ELMER SOLVER (v 26.2) STARTED AT: 2026/07/28 13:57:17
ELMER SOLVER (v 26.2) STARTED AT: 2026/07/28 13:57:17
ELMER SOLVER (v 26.2) STARTED AT: 2026/07/28 13:57:17
ELMER SOLVER (v 26.2) STARTED AT: 2026/07/28 13:57:17
ELMER SOLVER (v 26.2) STARTED AT: 2026/07/28 13:57:17
ELMER SOLVER (v 26.2) STARTED AT: 2026/07/28 13:57:17
ELMER SOLVER (v 26.2) STARTED AT: 2026/07/28 13:57:17
ELMER SOLVER (v 26.2) STARTED AT: 2026/07/28 13:57:17
ELMER SOLVER (v 26.2) STARTED AT: 2026/07/28 13:57:17
ELMER SOLVER (v 26.2) STARTED AT: 2026/07/28 13:57:17
ELMER SOLVER (v 26.2) STARTED AT: 2026/07/28 13:57:17
ELMER SOLVER (v 26.2) STARTED AT: 2026/07/28 13:57:17
ELMER SOLVER (v 26.2) STARTED AT: 2026/07/28 13:57:17
ELMER SOLVER (v 26.2) STARTED AT: 2026/07/28 13:57:17
ELMER SOLVER (v 26.2) STARTED AT: 2026/07/28 13:57:17
ELMER SOLVER (v 26.2) STARTED AT: 2026/07/28 13:57:17
ELMER SOLVER (v 26.2) STARTED AT: 2026/07/28 13:57:17
ELMER SOLVER (v 26.2) STARTED AT: 2026/07/28 13:57:17
ELMER SOLVER (v 26.2) STARTED AT: 2026/07/28 13:57:17
ELMER SOLVER (v 26.2) STARTED AT: 2026/07/28 13:57:17
ELMER SOLVER (v 26.2) STARTED AT: 2026/07/28 13:57:17
ELMER SOLVER (v 26.2) STARTED AT: 2026/07/28 13:57:17
ELMER SOLVER (v 26.2) STARTED AT: 2026/07/28 13:57:17
ELMER SOLVER (v 26.2) STARTED AT: 2026/07/28 13:57:17
ELMER SOLVER (v 26.2) STARTED AT: 2026/07/28 13:57:17
ELMER SOLVER (v 26.2) STARTED AT: 2026/07/28 13:57:17
ELMER SOLVER (v 26.2) STARTED AT: 2026/07/28 13:57:17
ELMER SOLVER (v 26.2) STARTED AT: 2026/07/28 13:57:17
ELMER SOLVER (v 26.2) STARTED AT: 2026/07/28 13:57:17
ELMER SOLVER (v 26.2) STARTED AT: 2026/07/28 13:57:17
ELMER SOLVER (v 26.2) STARTED AT: 2026/07/28 13:57:17
ELMER SOLVER (v 26.2) STARTED AT: 2026/07/28 13:57:17
ELMER SOLVER (v 26.2) STARTED AT: 2026/07/28 13:57:17
ELMER SOLVER (v 26.2) STARTED AT: 2026/07/28 13:57:17
ELMER SOLVER (v 26.2) STARTED AT: 2026/07/28 13:57:17
ELMER SOLVER (v 26.2) STARTED AT: 2026/07/28 13:57:17
ELMER SOLVER (v 26.2) STARTED AT: 2026/07/28 13:57:17
ELMER SOLVER (v 26.2) STARTED AT: 2026/07/28 13:57:17
ELMER SOLVER (v 26.2) STARTED AT: 2026/07/28 13:57:17
ELMER SOLVER (v 26.2) STARTED AT: 2026/07/28 13:57:17
ELMER SOLVER (v 26.2) STARTED AT: 2026/07/28 13:57:17
ELMER SOLVER (v 26.2) STARTED AT: 2026/07/28 13:57:17
ELMER SOLVER (v 26.2) STARTED AT: 2026/07/28 13:57:17
ELMER SOLVER (v 26.2) STARTED AT: 2026/07/28 13:57:17
ELMER SOLVER (v 26.2) STARTED AT: 2026/07/28 13:57:17
ELMER SOLVER (v 26.2) STARTED AT: 2026/07/28 13:57:17
ELMER SOLVER (v 26.2) STARTED AT: 2026/07/28 13:57:17
ELMER SOLVER (v 26.2) STARTED AT: 2026/07/28 13:57:17
ELMER SOLVER (v 26.2) STARTED AT: 2026/07/28 13:57:17
ELMER SOLVER (v 26.2) STARTED AT: 2026/07/28 13:57:17
ELMER SOLVER (v 26.2) STARTED AT: 2026/07/28 13:57:17
ELMER SOLVER (v 26.2) STARTED AT: 2026/07/28 13:57:17
ELMER SOLVER (v 26.2) STARTED AT: 2026/07/28 13:57:17
ELMER SOLVER (v 26.2) STARTED AT: 2026/07/28 13:57:17
ELMER SOLVER (v 26.2) STARTED AT: 2026/07/28 13:57:17
ELMER SOLVER (v 26.2) STARTED AT: 2026/07/28 13:57:17
ELMER SOLVER (v 26.2) STARTED AT: 2026/07/28 13:57:17
ELMER SOLVER (v 26.2) STARTED AT: 2026/07/28 13:57:17
ELMER SOLVER (v 26.2) STARTED AT: 2026/07/28 13:57:17
ELMER SOLVER (v 26.2) STARTED AT: 2026/07/28 13:57:17
ELMER SOLVER (v 26.2) STARTED AT: 2026/07/28 13:57:17
ELMER SOLVER (v 26.2) STARTED AT: 2026/07/28 13:57:17
ELMER SOLVER (v 26.2) STARTED AT: 2026/07/28 13:57:17
ELMER SOLVER (v 26.2) STARTED AT: 2026/07/28 13:57:17
ELMER SOLVER (v 26.2) STARTED AT: 2026/07/28 13:57:17
ELMER SOLVER (v 26.2) STARTED AT: 2026/07/28 13:57:17
ELMER SOLVER (v 26.2) STARTED AT: 2026/07/28 13:57:17
ELMER SOLVER (v 26.2) STARTED AT: 2026/07/28 13:57:17
ELMER SOLVER (v 26.2) STARTED AT: 2026/07/28 13:57:17
ELMER SOLVER (v 26.2) STARTED AT: 2026/07/28 13:57:17
ELMER SOLVER (v 26.2) STARTED AT: 2026/07/28 13:57:17
ELMER SOLVER (v 26.2) STARTED AT: 2026/07/28 13:57:17
ELMER SOLVER (v 26.2) STARTED AT: 2026/07/28 13:57:17
ELMER SOLVER (v 26.2) STARTED AT: 2026/07/28 13:57:17
ELMER SOLVER (v 26.2) STARTED AT: 2026/07/28 13:57:17
ELMER SOLVER (v 26.2) STARTED AT: 2026/07/28 13:57:17
ELMER SOLVER (v 26.2) STARTED AT: 2026/07/28 13:57:17
ELMER SOLVER (v 26.2) STARTED AT: 2026/07/28 13:57:17
ELMER SOLVER (v 26.2) STARTED AT: 2026/07/28 13:57:17
ELMER SOLVER (v 26.2) STARTED AT: 2026/07/28 13:57:17
ELMER SOLVER (v 26.2) STARTED AT: 2026/07/28 13:57:17
ELMER SOLVER (v 26.2) STARTED AT: 2026/07/28 13:57:17
ELMER SOLVER (v 26.2) STARTED AT: 2026/07/28 13:57:17
ELMER SOLVER (v 26.2) STARTED AT: 2026/07/28 13:57:17
ELMER SOLVER (v 26.2) STARTED AT: 2026/07/28 13:57:17
ELMER SOLVER (v 26.2) STARTED AT: 2026/07/28 13:57:17
ELMER SOLVER (v 26.2) STARTED AT: 2026/07/28 13:57:17
ELMER SOLVER (v 26.2) STARTED AT: 2026/07/28 13:57:17
ELMER SOLVER (v 26.2) STARTED AT: 2026/07/28 13:57:17
ELMER SOLVER (v 26.2) STARTED AT: 2026/07/28 13:57:17
ELMER SOLVER (v 26.2) STARTED AT: 2026/07/28 13:57:17
ELMER SOLVER (v 26.2) STARTED AT: 2026/07/28 13:57:17
ELMER SOLVER (v 26.2) STARTED AT: 2026/07/28 13:57:17
ELMER SOLVER (v 26.2) STARTED AT: 2026/07/28 13:57:17
ELMER SOLVER (v 26.2) STARTED AT: 2026/07/28 13:57:17
ELMER SOLVER (v 26.2) STARTED AT: 2026/07/28 13:57:17
ELMER SOLVER (v 26.2) STARTED AT: 2026/07/28 13:57:17
ELMER SOLVER (v 26.2) STARTED AT: 2026/07/28 13:57:17
ELMER SOLVER (v 26.2) STARTED AT: 2026/07/28 13:57:17
ELMER SOLVER (v 26.2) STARTED AT: 2026/07/28 13:57:18
ELMER SOLVER (v 26.2) STARTED AT: 2026/07/28 13:57:18
ELMER SOLVER (v 26.2) STARTED AT: 2026/07/28 13:57:18
ELMER SOLVER (v 26.2) STARTED AT: 2026/07/28 13:57:18
ELMER SOLVER (v 26.2) STARTED AT: 2026/07/28 13:57:18
ELMER SOLVER (v 26.2) STARTED AT: 2026/07/28 13:57:18
ELMER SOLVER (v 26.2) STARTED AT: 2026/07/28 13:57:18
ELMER SOLVER (v 26.2) STARTED AT: 2026/07/28 13:57:18
ELMER SOLVER (v 26.2) STARTED AT: 2026/07/28 13:57:18
ELMER SOLVER (v 26.2) STARTED AT: 2026/07/28 13:57:18
ELMER SOLVER (v 26.2) STARTED AT: 2026/07/28 13:57:18
ELMER SOLVER (v 26.2) STARTED AT: 2026/07/28 13:57:18
ELMER SOLVER (v 26.2) STARTED AT: 2026/07/28 13:57:18
ELMER SOLVER (v 26.2) STARTED AT: 2026/07/28 13:57:18
ELMER SOLVER (v 26.2) STARTED AT: 2026/07/28 13:57:18
ELMER SOLVER (v 26.2) STARTED AT: 2026/07/28 13:57:18
ELMER SOLVER (v 26.2) STARTED AT: 2026/07/28 13:57:18
ELMER SOLVER (v 26.2) STARTED AT: 2026/07/28 13:57:18
ELMER SOLVER (v 26.2) STARTED AT: 2026/07/28 13:57:18
ELMER SOLVER (v 26.2) STARTED AT: 2026/07/28 13:57:18
ELMER SOLVER (v 26.2) STARTED AT: 2026/07/28 13:57:18
ELMER SOLVER (v 26.2) STARTED AT: 2026/07/28 13:57:18
ELMER SOLVER (v 26.2) STARTED AT: 2026/07/28 13:57:18
ELMER SOLVER (v 26.2) STARTED AT: 2026/07/28 13:57:18
ELMER SOLVER (v 26.2) STARTED AT: 2026/07/28 13:57:18
ELMER SOLVER (v 26.2) STARTED AT: 2026/07/28 13:57:18
ELMER SOLVER (v 26.2) STARTED AT: 2026/07/28 13:57:18
ELMER SOLVER (v 26.2) STARTED AT: 2026/07/28 13:57:18
ELMER SOLVER (v 26.2) STARTED AT: 2026/07/28 13:57:18
ELMER SOLVER (v 26.2) STARTED AT: 2026/07/28 13:57:18
ELMER SOLVER (v 26.2) STARTED AT: 2026/07/28 13:57:18
ELMER SOLVER (v 26.2) STARTED AT: 2026/07/28 13:57:18
ELMER SOLVER (v 26.2) STARTED AT: 2026/07/28 13:57:18
ELMER SOLVER (v 26.2) STARTED AT: 2026/07/28 13:57:18
ELMER SOLVER (v 26.2) STARTED AT: 2026/07/28 13:57:18
ELMER SOLVER (v 26.2) STARTED AT: 2026/07/28 13:57:18
ELMER SOLVER (v 26.2) STARTED AT: 2026/07/28 13:57:18
ELMER SOLVER (v 26.2) STARTED AT: 2026/07/28 13:57:18
ELMER SOLVER (v 26.2) STARTED AT: 2026/07/28 13:57:18
ELMER SOLVER (v 26.2) STARTED AT: 2026/07/28 13:57:18
ELMER SOLVER (v 26.2) STARTED AT: 2026/07/28 13:57:18
ELMER SOLVER (v 26.2) STARTED AT: 2026/07/28 13:57:18
ELMER SOLVER (v 26.2) STARTED AT: 2026/07/28 13:57:18
ELMER SOLVER (v 26.2) STARTED AT: 2026/07/28 13:57:18
ELMER SOLVER (v 26.2) STARTED AT: 2026/07/28 13:57:18
ELMER SOLVER (v 26.2) STARTED AT: 2026/07/28 13:57:18
ELMER SOLVER (v 26.2) STARTED AT: 2026/07/28 13:57:18
ELMER SOLVER (v 26.2) STARTED AT: 2026/07/28 13:57:18
ELMER SOLVER (v 26.2) STARTED AT: 2026/07/28 13:57:18
ELMER SOLVER (v 26.2) STARTED AT: 2026/07/28 13:57:18
ELMER SOLVER (v 26.2) STARTED AT: 2026/07/28 13:57:18
ELMER SOLVER (v 26.2) STARTED AT: 2026/07/28 13:57:18
ELMER SOLVER (v 26.2) STARTED AT: 2026/07/28 13:57:18
ELMER SOLVER (v 26.2) STARTED AT: 2026/07/28 13:57:18
ELMER SOLVER (v 26.2) STARTED AT: 2026/07/28 13:57:18
ELMER SOLVER (v 26.2) STARTED AT: 2026/07/28 13:57:18
ELMER SOLVER (v 26.2) STARTED AT: 2026/07/28 13:57:18
ELMER SOLVER (v 26.2) STARTED AT: 2026/07/28 13:57:18
ELMER SOLVER (v 26.2) STARTED AT: 2026/07/28 13:57:18
ELMER SOLVER (v 26.2) STARTED AT: 2026/07/28 13:57:18
ELMER SOLVER (v 26.2) STARTED AT: 2026/07/28 13:57:18
ELMER SOLVER (v 26.2) STARTED AT: 2026/07/28 13:57:18
ELMER SOLVER (v 26.2) STARTED AT: 2026/07/28 13:57:18
ELMER SOLVER (v 26.2) STARTED AT: 2026/07/28 13:57:18
ELMER SOLVER (v 26.2) STARTED AT: 2026/07/28 13:57:18
ELMER SOLVER (v 26.2) STARTED AT: 2026/07/28 13:57:18
ELMER SOLVER (v 26.2) STARTED AT: 2026/07/28 13:57:18
ELMER SOLVER (v 26.2) STARTED AT: 2026/07/28 13:57:18
ELMER SOLVER (v 26.2) STARTED AT: 2026/07/28 13:57:18
ELMER SOLVER (v 26.2) STARTED AT: 2026/07/28 13:57:19
ELMER SOLVER (v 26.2) STARTED AT: 2026/07/28 13:57:19
ELMER SOLVER (v 26.2) STARTED AT: 2026/07/28 13:57:19
ELMER SOLVER (v 26.2) STARTED AT: 2026/07/28 13:57:19
ELMER SOLVER (v 26.2) STARTED AT: 2026/07/28 13:57:19
ELMER SOLVER (v 26.2) STARTED AT: 2026/07/28 13:57:19
ELMER SOLVER (v 26.2) STARTED AT: 2026/07/28 13:57:19
ELMER SOLVER (v 26.2) STARTED AT: 2026/07/28 13:57:19
ELMER SOLVER (v 26.2) STARTED AT: 2026/07/28 13:57:19
ELMER SOLVER (v 26.2) STARTED AT: 2026/07/28 13:57:19
ELMER SOLVER (v 26.2) STARTED AT: 2026/07/28 13:57:19
ELMER SOLVER (v 26.2) STARTED AT: 2026/07/28 13:57:19
ELMER SOLVER (v 26.2) STARTED AT: 2026/07/28 13:57:19
ELMER SOLVER (v 26.2) STARTED AT: 2026/07/28 13:57:19
ELMER SOLVER (v 26.2) STARTED AT: 2026/07/28 13:57:19
ELMER SOLVER (v 26.2) STARTED AT: 2026/07/28 13:57:19
ELMER SOLVER (v 26.2) STARTED AT: 2026/07/28 13:57:19
ELMER SOLVER (v 26.2) STARTED AT: 2026/07/28 13:57:19
ELMER SOLVER (v 26.2) STARTED AT: 2026/07/28 13:57:19
ELMER SOLVER (v 26.2) STARTED AT: 2026/07/28 13:57:19
ELMER SOLVER (v 26.2) STARTED AT: 2026/07/28 13:57:19
ELMER SOLVER (v 26.2) STARTED AT: 2026/07/28 13:57:19
ELMER SOLVER (v 26.2) STARTED AT: 2026/07/28 13:57:19
ELMER SOLVER (v 26.2) STARTED AT: 2026/07/28 13:57:19
ELMER SOLVER (v 26.2) STARTED AT: 2026/07/28 13:57:19
ELMER SOLVER (v 26.2) STARTED AT: 2026/07/28 13:57:19
ELMER SOLVER (v 26.2) STARTED AT: 2026/07/28 13:57:19
ELMER SOLVER (v 26.2) STARTED AT: 2026/07/28 13:57:19
ELMER SOLVER (v 26.2) STARTED AT: 2026/07/28 13:57:19
ELMER SOLVER (v 26.2) STARTED AT: 2026/07/28 13:57:19
ELMER SOLVER (v 26.2) STARTED AT: 2026/07/28 13:57:19
ELMER SOLVER (v 26.2) STARTED AT: 2026/07/28 13:57:19
ELMER SOLVER (v 26.2) STARTED AT: 2026/07/28 13:57:19
ELMER SOLVER (v 26.2) STARTED AT: 2026/07/28 13:57:19
ELMER SOLVER (v 26.2) STARTED AT: 2026/07/28 13:57:19
ELMER SOLVER (v 26.2) STARTED AT: 2026/07/28 13:57:19
ELMER SOLVER (v 26.2) STARTED AT: 2026/07/28 13:57:19
ELMER SOLVER (v 26.2) STARTED AT: 2026/07/28 13:57:19
ELMER SOLVER (v 26.2) STARTED AT: 2026/07/28 13:57:19
ELMER SOLVER (v 26.2) STARTED AT: 2026/07/28 13:57:19
ELMER SOLVER (v 26.2) STARTED AT: 2026/07/28 13:57:19
ELMER SOLVER (v 26.2) STARTED AT: 2026/07/28 13:57:19
ELMER SOLVER (v 26.2) STARTED AT: 2026/07/28 13:57:19
ELMER SOLVER (v 26.2) STARTED AT: 2026/07/28 13:57:19
ELMER SOLVER (v 26.2) STARTED AT: 2026/07/28 13:57:19
ELMER SOLVER (v 26.2) STARTED AT: 2026/07/28 13:57:19
ELMER SOLVER (v 26.2) STARTED AT: 2026/07/28 13:57:19
ELMER SOLVER (v 26.2) STARTED AT: 2026/07/28 13:57:19
ELMER SOLVER (v 26.2) STARTED AT: 2026/07/28 13:57:19
ELMER SOLVER (v 26.2) STARTED AT: 2026/07/28 13:57:19
ELMER SOLVER (v 26.2) STARTED AT: 2026/07/28 13:57:19
ELMER SOLVER (v 26.2) STARTED AT: 2026/07/28 13:57:19
ELMER SOLVER (v 26.2) STARTED AT: 2026/07/28 13:57:19
ELMER SOLVER (v 26.2) STARTED AT: 2026/07/28 13:57:19
ELMER SOLVER (v 26.2) STARTED AT: 2026/07/28 13:57:19
ELMER SOLVER (v 26.2) STARTED AT: 2026/07/28 13:57:19
ELMER SOLVER (v 26.2) STARTED AT: 2026/07/28 13:57:19
ELMER SOLVER (v 26.2) STARTED AT: 2026/07/28 13:57:19
ELMER SOLVER (v 26.2) STARTED AT: 2026/07/28 13:57:19
ELMER SOLVER (v 26.2) STARTED AT: 2026/07/28 13:57:19
ELMER SOLVER (v 26.2) STARTED AT: 2026/07/28 13:57:19
ELMER SOLVER (v 26.2) STARTED AT: 2026/07/28 13:57:19
ELMER SOLVER (v 26.2) STARTED AT: 2026/07/28 13:57:19
ELMER SOLVER (v 26.2) STARTED AT: 2026/07/28 13:57:19
ELMER SOLVER (v 26.2) STARTED AT: 2026/07/28 13:57:19
ELMER SOLVER (v 26.2) STARTED AT: 2026/07/28 13:57:19
ELMER SOLVER (v 26.2) STARTED AT: 2026/07/28 13:57:19
ELMER SOLVER (v 26.2) STARTED AT: 2026/07/28 13:57:19
ELMER SOLVER (v 26.2) STARTED AT: 2026/07/28 13:57:19
ELMER SOLVER (v 26.2) STARTED AT: 2026/07/28 13:57:19
ELMER SOLVER (v 26.2) STARTED AT: 2026/07/28 13:57:19
ELMER SOLVER (v 26.2) STARTED AT: 2026/07/28 13:57:19
ELMER SOLVER (v 26.2) STARTED AT: 2026/07/28 13:57:19
ELMER SOLVER (v 26.2) STARTED AT: 2026/07/28 13:57:19
ELMER SOLVER (v 26.2) STARTED AT: 2026/07/28 13:57:19
ELMER SOLVER (v 26.2) STARTED AT: 2026/07/28 13:57:19
ELMER SOLVER (v 26.2) STARTED AT: 2026/07/28 13:57:19
ELMER SOLVER (v 26.2) STARTED AT: 2026/07/28 13:57:19
ELMER SOLVER (v 26.2) STARTED AT: 2026/07/28 13:57:19
ELMER SOLVER (v 26.2) STARTED AT: 2026/07/28 13:57:19
ELMER SOLVER (v 26.2) STARTED AT: 2026/07/28 13:57:19
ELMER SOLVER (v 26.2) STARTED AT: 2026/07/28 13:57:19
ELMER SOLVER (v 26.2) STARTED AT: 2026/07/28 13:57:19
ELMER SOLVER (v 26.2) STARTED AT: 2026/07/28 13:57:19
ELMER SOLVER (v 26.2) STARTED AT: 2026/07/28 13:57:19
ELMER SOLVER (v 26.2) STARTED AT: 2026/07/28 13:57:19
ELMER SOLVER (v 26.2) STARTED AT: 2026/07/28 13:57:19
ELMER SOLVER (v 26.2) STARTED AT: 2026/07/28 13:57:19
ELMER SOLVER (v 26.2) STARTED AT: 2026/07/28 13:57:19
ELMER SOLVER (v 26.2) STARTED AT: 2026/07/28 13:57:19
ELMER SOLVER (v 26.2) STARTED AT: 2026/07/28 13:57:19
ELMER SOLVER (v 26.2) STARTED AT: 2026/07/28 13:57:19
ELMER SOLVER (v 26.2) STARTED AT: 2026/07/28 13:57:19
ELMER SOLVER (v 26.2) STARTED AT: 2026/07/28 13:57:19
ELMER SOLVER (v 26.2) STARTED AT: 2026/07/28 13:57:19
ELMER SOLVER (v 26.2) STARTED AT: 2026/07/28 13:57:19
ELMER SOLVER (v 26.2) STARTED AT: 2026/07/28 13:57:19
ELMER SOLVER (v 26.2) STARTED AT: 2026/07/28 13:57:19
ELMER SOLVER (v 26.2) STARTED AT: 2026/07/28 13:57:19
ELMER SOLVER (v 26.2) STARTED AT: 2026/07/28 13:57:19
ELMER SOLVER (v 26.2) STARTED AT: 2026/07/28 13:57:19
ELMER SOLVER (v 26.2) STARTED AT: 2026/07/28 13:57:19
ELMER SOLVER (v 26.2) STARTED AT: 2026/07/28 13:57:19
ELMER SOLVER (v 26.2) STARTED AT: 2026/07/28 13:57:19
ELMER SOLVER (v 26.2) STARTED AT: 2026/07/28 13:57:19
ELMER SOLVER (v 26.2) STARTED AT: 2026/07/28 13:57:19
ELMER SOLVER (v 26.2) STARTED AT: 2026/07/28 13:57:19
ELMER SOLVER (v 26.2) STARTED AT: 2026/07/28 13:57:19
ELMER SOLVER (v 26.2) STARTED AT: 2026/07/28 13:57:19
ELMER SOLVER (v 26.2) STARTED AT: 2026/07/28 13:57:19
ELMER SOLVER (v 26.2) STARTED AT: 2026/07/28 13:57:19
ELMER SOLVER (v 26.2) STARTED AT: 2026/07/28 13:57:19
ELMER SOLVER (v 26.2) STARTED AT: 2026/07/28 13:57:19
ELMER SOLVER (v 26.2) STARTED AT: 2026/07/28 13:57:19
ELMER SOLVER (v 26.2) STARTED AT: 2026/07/28 13:57:19
ELMER SOLVER (v 26.2) STARTED AT: 2026/07/28 13:57:19
ELMER SOLVER (v 26.2) STARTED AT: 2026/07/28 13:57:19
ELMER SOLVER (v 26.2) STARTED AT: 2026/07/28 13:57:19
ELMER SOLVER (v 26.2) STARTED AT: 2026/07/28 13:57:19
ELMER SOLVER (v 26.2) STARTED AT: 2026/07/28 13:57:19
ELMER SOLVER (v 26.2) STARTED AT: 2026/07/28 13:57:19
ELMER SOLVER (v 26.2) STARTED AT: 2026/07/28 13:57:19
 2
 2
 2
 2
 2
 2
 2
 2
 2
 2
 2
 2
 2
 2
 2
 2
 2
 2
 2
 2
 2
 2
 2
 2
 2
 2
 2
 2
 2
 2
 2
 2
 2
 2
 2
 2
 2
 2
 2
 2
 2
 2
 2
 2
 2
 2
 2
 2
 2
 2
 2
 2
 2
 2
 2
 2
 2
 2
 2
 2
 2
 2
 2
 2
 2
 2
 2
 2
 2
 2
 2
 2
 2
 2
 2
 2
 2
 2
 2
 2
 2
 2
 2
 2
 2
 2
 2
 2
 2
 2
 2
 2
 2
 2
 2
 2
 2
 2
 2
 2
 2
 2
 2
 2
 2
 2
 2
 2
 2
 2
 2
 2
 2
 2
 2
 2
 2
 2
 2
 2
 2
 2
 2
 2
 2
 2
 2
 2
 2
 2
 2
 2
 2
 2
 2
 2
 2
 2
 2
 2
 2
 2
 2
 2
 2
 2
 2
 2
 2
 2
 2
 2
 2
 2
 2
 2
 2
 2
 2
 2
 2
 2
 2
 2
 2
 2
 2
 2
 2
 2
 2
 2
 2
 2
 2
 2
 2
 2
 2
 2
 2
 2
 2
 2
 2
 2
 2
 2
 2
 2
 2
 2
 2
 2
 2
 2
 2
 2
 2
 2
 2
 2
 2
 2
 2
 2
 2
 2
 2
 2
 2
 2
 2
 2
 2
 2
 2
 2
 2
 2
 2
 2
 2
 2
 2
 2
 2
 2
 2
 2
 2
 2
 2
 2
 2
 2
 2
 2
 2
 2
 2
 2
 2
 2
 2
 2
 2
 2
 2
 2
 2
 2
 2
 2
 2
 2
 2
 2
 2
 2
 2
 2
 2
 2
 2
 2
 2
 2
 2
 2
 2
 2
 2
 2
 2
 2
 2
 2
 2
 2
 2
 2
 2
 2
 2
 2
 2
 2
 2
 2
 2
 2
 2
 2
 2
 2
 2
 2
 2
 2
 2
 2
 2
 2
 2
 2
 2
 2
 2
 2
 2
 2
 2
 2
 2
 2
 2
 2
 2
 2
 2
 2
 2
 2
 2
 2
 2
 2
 2
 2
 2
 2
 2
 2
 2
 2
 2
 2
 2
 2
 2
 2
 2
 2
 2
 2
 2
 2
 2
 2
 2
 2
 2
 2
ParCommInit: Initialize #PEs: 1536
 2
 2
 2
 2
 2
 2
 2
 2
 2
 2
 2
 2
 2
 2
 2
 2
 2
 2
 2
 2
 2
 2
 2
 2
 2
 2
 2
 2
 2
 2
 2
 2
 2
 2
 2
 2
 2
 2
 2
 2
 2
 2
 2
 2
 2
 2
 2
 2
 2
 2
 2
 2
 2
 2
 2
 2
 2
 2
 2
 2
 2
 2
 2
 2
 2
 2
 2
 2
 2
 2
 2
 2
 2
 2
 2
 2
MAIN: Read 2 integer parameters from command line!
 2
 2
 2
 2
 2
 2
 2
 2
 2
 2
 2
 2
 2
 2
 2
 2
 2
 2
 2
 2
 2
 2
 2
 2
 2
 2
 2
 2
 2
MAIN: 
MAIN: =============================================================
MAIN: ElmerSolver finite element software, Welcome!
MAIN: This program is free software licensed under (L)GPL
MAIN: Copyright 1st April 1995 - , CSC - IT Center for Science Ltd.
MAIN: Webpage http://www.csc.fi/elmer, Email elmeradm@csc.fi
MAIN: Version: 26.2-unknown (Rev: a19504ac5, Compiled: 2026-06-16)
MAIN:  Running in parallel using 1536 tasks.
 2
 2
 2
 2
 2
MAIN:  Running with just one thread per task.
MAIN:  HYPRE library linked in.
MAIN:  MUMPS library linked in.
MAIN:  Lua interpreter linked in.
MAIN:  Zoltan library linked in.
MAIN:  ADIOS2 library linked in.
MAIN: =============================================================
 2
 2
 2
 2
 2
 2
 2
 2
 2
 2
 2
 2
 2
 2
 2
 2
 2
 2
 2
 2
 2
 2
 2
 2
 2
 2
 2
 2
 2
 2
 2
 2
 2
 2
 2
 2
 2
 2
 2
 2
 2
 2
 2
 2
 2
 2
 2
 2
 2
 2
 2
 2
 2
 2
 2
 2
 2
 2
 2
 2
 2
 2
 2
 2
 2
 2
 2
 2
 2
 2
 2
 2
 2
 2
 2
 2
 2
 2
 2
 2
 2
 2
 2
 2
 2
 2
 2
 2
 2
 2
 2
 2
 2
 2
 2
 2
 2
 2
 2
 2
 2
 2
 2
 2
 2
 2
 2
 2
 2
 2
 2
 2
 2
 2
 2
 2
 2
 2
 2
 2
 2
 2
 2
 2
 2
 2
 2
 2
 2
 2
 2
 2
 2
 2
 2
 2
 2
 2
 2
 2
 2
 2
 2
 2
 2
 2
 2
 2
 2
 2
 2
 2
 2
 2
 2
 2
 2
 2
 2
 2
 2
 2
 2
 2
 2
 2
 2
 2
 2
 2
 2
 2
 2
 2
 2
 2
 2
 2
 2
 2
 2
 2
 2
 2
 2
 2
 2
 2
 2
 2
 2
 2
 2
 2
 2
 2
 2
 2
 2
 2
 2
 2
 2
 2
 2
 2
 2
 2
 2
 2
 2
 2
 2
 2
 2
 2
 2
 2
 2
 2
 2
 2
 2
 2
 2
 2
 2
 2
 2
 2
 2
 2
 2
 2
 2
 2
 2
 2
 2
 2
 2
 2
 2
 2
 2
 2
 2
 2
 2
 2
 2
 2
 2
 2
 2
 2
 2
 2
 2
 2
 2
 2
 2
 2
 2
 2
 2
ParCommInit: Initialize #PEs: 1536
ParCommInit: Initialize #PEs: 1536
 2
 2
 2
 2
 2
 2
 2
 2
 2
 2
 2
 2
 2
 2
 2
 2
 2
 2
 2
 2
 2
 2
 2
 2
 2
 2
 2
 2
 2
 2
 2
 2
 2
 2
 2
 2
 2
 2
 2
 2
 2
 2
 2
 2
 2
 2
 2
 2
 2
 2
 2
 2
 2
 2
 2
 2
 2
 2
 2
 2
 2
 2
 2
 2
 2
 2
 2
 2
 2
 2
 2
 2
 2
 2
 2
 2
 2
 2
 2
 2
 2
 2
 2
 2
 2
 2
 2
 2
 2
 2
 2
 2
 2
 2
 2
 2
 2
 2
 2
 2
 2
 2
 2
 2
 2
 2
 2
 2
 2
 2
 2
 2
 2
 2
 2
 2
 2
 2
 2
 2
 2
 2
 2
 2
 2
 2
 2
 2
 2
 2
 2
 2
 2
 2
 2
 2
 2
 2
 2
 2
 2
 2
 2
 2
 2
 2
 2
 2
 2
 2
 2
 2
 2
 2
 2
 2
 2
 2
 2
 2
 2
 2
 2
 2
 2
 2
 2
 2
 2
 2
 2
 2
 2
 2
 2
 2
 2
 2
 2
 2
 2
 2
 2
 2
 2
 2
 2
 2
 2
 2
 2
 2
 2
 2
 2
 2
 2
 2
 2
 2
 2
 2
 2
 2
 2
 2
 2
 2
 2
 2
 2
 2
 2
 2
 2
 2
 2
 2
 2
 2
 2
 2
 2
 2
 2
 2
 2
 2
 2
 2
 2
 2
 2
 2
 2
 2
 2
 2
 2
 2
 2
 2
 2
 2
 2
 2
 2
 2
 2
 2
 2
 2
 2
 2
 2
 2
 2
 2
 2
 2
 2
 2
 2
 2
 2
 2
 2
 2
 2
 2
 2
 2
 2
 2
 2
 2
 2
 2
 2
 2
 2
 2
 2
 2
 2
 2
 2
 2
 2
 2
 2
 2
 2
 2
 2
 2
 2
 2
 2
 2
 2
 2
 2
 2
 2
 2
 2
 2
 2
 2
 2
 2
 2
 2
 2
 2
 2
 2
 2
 2
 2
 2
 2
 2
 2
 2
 2
 2
 2
 2
 2
 2
 2
 2
 2
 2
 2
 2
 2
 2
 2
 2
 2
 2
 2
 2
 2
 2
 2
 2
 2
 2
 2
 2
 2
 2
 2
 2
 2
 2
 2
 2
 2
 2
 2
 2
 2
 2
 2
 2
 2
 2
 2
 2
 2
 2
 2
 2
 2
 2
 2
 2
 2
 2
 2
 2
 2
 2
 2
 2
 2
 2
 2
 2
 2
 2
 2
 2
 2
 2
 2
 2
 2
 2
 2
 2
 2
 2
 2
 2
 2
 2
 2
 2
 2
 2
 2
 2
 2
 2
 2
 2
 2
 2
 2
 2
 2
 2
 2
 2
 2
 2
 2
 2
 2
 2
 2
 2
 2
 2
 2
 2
 2
 2
 2
 2
 2
 2
 2
 2
 2
 2
 2
 2
 2
 2
 2
 2
 2
 2
 2
 2
 2
 2
 2
 2
 2
 2
 2
 2
 2
 2
 2
 2
 2
 2
 2
 2
 2
 2
 2
 2
 2
 2
 2
 2
 2
 2
 2
 2
 2
 2
 2
 2
 2
 2
 2
 2
 2
 2
 2
 2
 2
 2
 2
 2
 2
 2
 2
 2
 2
 2
 2
 2
 2
 2
 2
 2
 2
 2
 2
 2
 2
 2
 2
 2
 2
 2
 2
 2
 2
 2
 2
 2
 2
 2
 2
 2
 2
 2
 2
 2
 2
 2
 2
 2
 2
 2
 2
 2
 2
 2
 2
 2
 2
 2
 2
 2
 2
 2
 2
 2
 2
 2
 2
 2
 2
 2
 2
 2
 2
 2
 2
 2
 2
 2
 2
 2
 2
 2
 2
 2
 2
 2
 2
 2
 2
 2
 2
 2
 2
 2
 2
 2
 2
 2
 2
 2
 2
 2
 2
 2
 2
 2
 2
 2
 2
 2
 2
 2
 2
 2
 2
 2
 2
 2
 2
 2
 2
 2
 2
 2
 2
 2
 2
 2
 2
 2
 2
 2
 2
 2
 2
 2
 2
 2
 2
 2
 2
 2
 2
 2
 2
 2
 2
 2
 2
 2
 2
 2
 2
 2
 2
 2
 2
 2
 2
 2
 2
 2
 2
 2
 2
 2
 2
 2
MAIN: 
MAIN: 
MAIN: -------------------------------------
MAIN: Reading Model: case_cpu_367273.sif
 2
 2
 2
 2
 2
 2
 2
 2
 2
 2
 2
 2
 2
 2
 2
 2
 2
 2
 2
 2
 2
 2
 2
 2
 2
 2
 2
 2
 2
 2
 2
 2
 2
 2
 2
 2
 2
 2
 2
 2
 2
 2
 2
 2
 2
 2
 2
 2
 2
 2
 2
 2
 2
 2
 2
 2
 2
 2
 2
 2
 2
 2
 2
 2
 2
 2
 2
 2
 2
 2
 2
 2
 2
 2
 2
 2
 2
ParCommInit: Initialize #PEs: 1536
 2
 2
 2
 2
 2
 2
 2
 2
 2
 2
 2
 2
 2
 2
 2
 2
 2
 2
 2
 2
 2
 2
 2
 2
 2
 2
 2
 2
 2
 2
 2
 2
 2
 2
 2
 2
 2
 2
 2
 2
 2
 2
 2
 2
 2
 2
 2
 2
 2
 2
 2
 2
 2
 2
 2
 2
 2
 2
 2
 2
 2
 2
LoadInputFile: Scanning input file: case_cpu_367273.sif
LoadInputFile: Scanning only size info
LoadInputFile: First time visiting
LoadInputFile: Reading base load of sif file
OpenIncludeFile: Trying to include file: linsys_367273.sif
CheckKeyword: Found keyword type assuming suffix 1 for: operator 2
CheckKeyword: Found keyword type assuming suffix 1 for: operator 2
CheckKeyword: Found keyword type assuming suffix 1 for: operator 3
CheckKeyword: Found keyword type assuming suffix 1 for: operator 3
CheckKeyword: Found keyword type assuming suffix 1 for: operator 4
CheckKeyword: Found keyword type assuming suffix 1 for: operator 4
CheckKeyword: Found keyword type assuming suffix 1 for: operator 5
CheckKeyword: Found keyword type assuming suffix 1 for: operator 5
LoadInputFile: Loading input file: case_cpu_367273.sif
LoadInputFile: Reading base load of sif file
OpenIncludeFile: Trying to include file: linsys_367273.sif
CheckKeyword: Found keyword type assuming suffix 1 for: operator 2
CheckKeyword: Found keyword type assuming suffix 1 for: operator 2
CheckKeyword: Found keyword type assuming suffix 1 for: operator 3
CheckKeyword: Found keyword type assuming suffix 1 for: operator 3
CheckKeyword: Found keyword type assuming suffix 1 for: operator 4
CheckKeyword: Found keyword type assuming suffix 1 for: operator 4
CheckKeyword: Found keyword type assuming suffix 1 for: operator 5
CheckKeyword: Found keyword type assuming suffix 1 for: operator 5
CheckKeyword:  Unlisted keyword: [line marker] in section: [solver 2]
LoadInputFile: Number of BCs: 3
LoadInputFile: Number of Body Forces: 0
LoadInputFile: Number of Initial Conditions: 0
LoadInputFile: Number of Materials: 1
LoadInputFile: Number of Equations: 1
LoadInputFile: Number of Solvers: 2
LoadInputFile: Number of Bodies: 1
Loading user function library: [StressSolve]...[StressSolver_Init0]
Loading user function library: [SaveData]...[SaveScalars_Init0]
Loading user function library: [SaveData]...[SaveScalars_Init0]
LoadMesh: Loading parallel mesh for 1536 partitions
ElmerMeshReader: Performing step: 1
ElmerMeshReader: Base mesh name: ./winkel
ReadHeaderFile: Reading header info from file: ./winkel/partitioning.1536/part.1.header
InitializeMesh: Number of nodes in mesh: 61
InitializeMesh: Number of bulk elements in mesh: 21
InitializeMesh: Number of boundary elements in mesh: 0
InitializeMesh: Initial number of max element nodes: 8
ElmerMeshReader: Performing step: 2
ReadNodesFile: Reading nodes from file: ./winkel/partitioning.1536/part.1.nodes
SetMeshDimension: Dimension of mesh is: 3
SetMeshDimension: Max dimension of mesh is: 3
ElmerMeshReader: Performing step: 3
ReadElementsFile: Reading bulk elements from file: ./winkel/partitioning.1536/part.1.elements
ElmerMeshReader: Performing step: 4
ReadBoundaryFile: Reading boundary elements from file: ./winkel/partitioning.1536/part.1.boundary
PermuteNodeNumbering: Performing node mapping
MapBodiesAndBCs: Skipping remapping of bodies
ElmerMeshReader: Performing step: 5
ReadSharedFile: Reading nodes from file: ./winkel/partitioning.1536/part.1.shared
ElmerMeshReader: Performing step: 6
LoadMesh: Loading mesh done
NonNodalElements: Element dofs max: 8
SParFaceNumbering: Elapsed REAL time:     0.0000 (s)
SParEdgeNumbering: Elapsed REAL time:     0.0000 (s)
ParallelNonNodalElements: Number of initial nodes: 61
ParallelNonNodalElements: Number of initial faces: 0
ParallelNonNodalElements: Number of initial edges: 0
ParallelNonNodalElements: Number of shared nodes: 58
ParallelNonNodalElements: Number of owned shared nodes: 19
ParallelNonNodal: Elapsed REAL time:     0.0001 (s)
LoadMesh: Preparing mesh done
LoadMesh: Elapsed REAL time:     5.7400 (s)
LoadModel: Creating hierarchy of meshes by mesh multiplication: 3
LoadModel: Keeping number of meshes: 3
LoadModel: Performing splitting at level: 2
SplitMeshEqual: Mesh splitting works for first order elements 303, 404, 504, (706) and 808.
FindMeshEdges: Determining faces in 3D mesh
FindMeshFaces3D: Finding mesh faces in 3D mesh
FindMeshFaces3D: Number of faces found: 91
FindMeshEdges: Determining edges in 3D mesh
FindMeshEdges3D: Finding mesh edges in 3D mesh
FindMeshEdges3D: Number of edges found: 130
SplitMeshEqual: ******** Old mesh ********
SplitMeshEqual:  Nodes             :           61
SplitMeshEqual:  Bulk elements     :           21
SplitMeshEqual:  Boundary elements :            0
SplitMeshEqual:  Edges             :          130
SplitMeshEqual:  Faces             :           91
SplitMeshEqual: Added 91 nodes in the center of faces
SplitMeshEqual: Added 21 nodes in the center of bulks
SplitMeshEqual: Added edge centers to the nodes list.
SplitMeshEqual: Added face centers to the nodes list.
SplitMeshEqual: Added quad and brick centers to the nodes list.
SplitMeshEqual:  Count of new elements :          168
SplitMeshEqual: New mesh allocated.
SplitMeshEqual: Array for bulk elements allocated.
SplitMeshEqual: ******** New mesh ********
SplitMeshEqual:  Nodes             :          303
SplitMeshEqual:  Bulk elements     :          168
SplitMeshEqual:  Boundary elements :            0
SplitMeshEqual: Elapsed REAL time:     0.0004 (s)
SParIterGlobalNumbering:  Numbering seems consistent, advancing...
ParallelGlobalNumbering: Elapsed REAL time:     0.2059 (s)
ReleaseMeshFaceTables: Releasing number of faces: 91
SetMeshDimension: Dimension of mesh is: 3
SetMeshDimension: Max dimension of mesh is: 3
NonNodalElements: Element dofs max: 8
SParFaceNumbering: Elapsed REAL time:     0.0000 (s)
SParEdgeNumbering: Elapsed REAL time:     0.0000 (s)
ParallelNonNodalElements: Number of initial nodes: 303
ParallelNonNodalElements: Number of initial faces: 0
ParallelNonNodalElements: Number of initial edges: 0
ParallelNonNodalElements: Number of shared nodes: 226
ParallelNonNodalElements: Number of owned shared nodes: 187
ParallelNonNodal: Elapsed REAL time:     0.0000 (s)
LoadModel: Performing splitting at level: 3
SplitMeshEqual: Mesh splitting works for first order elements 303, 404, 504, (706) and 808.
FindMeshEdges: Determining faces in 3D mesh
FindMeshFaces3D: Finding mesh faces in 3D mesh
FindMeshFaces3D: Number of faces found: 616
FindMeshEdges: Determining edges in 3D mesh
FindMeshEdges3D: Finding mesh edges in 3D mesh
FindMeshEdges3D: Number of edges found: 750
SplitMeshEqual: ******** Old mesh ********
SplitMeshEqual:  Nodes             :          303
SplitMeshEqual:  Bulk elements     :          168
SplitMeshEqual:  Boundary elements :            0
SplitMeshEqual:  Edges             :          750
SplitMeshEqual:  Faces             :          616
SplitMeshEqual: Added 616 nodes in the center of faces
SplitMeshEqual: Added 168 nodes in the center of bulks
SplitMeshEqual: Added edge centers to the nodes list.
SplitMeshEqual: Added face centers to the nodes list.
SplitMeshEqual: Added quad and brick centers to the nodes list.
SplitMeshEqual:  Count of new elements :         1344
SplitMeshEqual: New mesh allocated.
SplitMeshEqual: Array for bulk elements allocated.
SplitMeshEqual: ******** New mesh ********
SplitMeshEqual:  Nodes             :         1837
SplitMeshEqual:  Bulk elements     :         1344
SplitMeshEqual:  Boundary elements :            0
SplitMeshEqual: Elapsed REAL time:     0.0003 (s)
SParIterGlobalNumbering:  Numbering seems consistent, advancing...
ParallelGlobalNumbering: Elapsed REAL time:     0.0286 (s)
ReleaseMeshFaceTables: Releasing number of faces: 616
SetMeshDimension: Dimension of mesh is: 3
SetMeshDimension: Max dimension of mesh is: 3
NonNodalElements: Element dofs max: 8
SParFaceNumbering: Elapsed REAL time:     0.0000 (s)
SParEdgeNumbering: Elapsed REAL time:     0.0000 (s)
ParallelNonNodalElements: Number of initial nodes: 1837
ParallelNonNodalElements: Number of initial faces: 0
ParallelNonNodalElements: Number of initial edges: 0
ParallelNonNodalElements: Number of shared nodes: 898
ParallelNonNodalElements: Number of owned shared nodes: 859
ParallelNonNodal: Elapsed REAL time:     0.0000 (s)
MeshStabParams: Computing stabilization parameters
MeshStabParams: Elapsed REAL time:     0.0001 (s)
MeshStabParams: Computing stabilization parameters
MeshStabParams: Elapsed REAL time:     0.0000 (s)
MeshStabParams: Computing stabilization parameters
MeshStabParams: Elapsed REAL time:     0.0000 (s)
CompleteModelKeywords: Completing keywords for mortars and mechanics!
MAIN: -------------------------------------
AddMeshCoordinates: Setting mesh coordinates and time
VariableAdd: Adding variable > Coordinate 1 < of size 1837
VariableAdd: Adding variable > Coordinate 2 < of size 1837
VariableAdd: Adding variable > Coordinate 3 < of size 1837
VariableAdd: Adding variable > Coordinate 1 < of size 303
VariableAdd: Adding variable > Coordinate 2 < of size 303
VariableAdd: Adding variable > Coordinate 3 < of size 303
VariableAdd: Adding variable > Coordinate 1 < of size 61
VariableAdd: Adding variable > Coordinate 2 < of size 61
VariableAdd: Adding variable > Coordinate 3 < of size 61
AddSolvers: Setting up 2 solvers
AddSolvers: Setting up solver 1: linelast
AddEquationBasics: Using procedure: StressSolve StressSolver
AddEquationBasics: Setting up solver: linelast
Loading user function library: [StressSolve]...[StressSolver_Init]
AddEquationBasics: Checking for _init solver
StressSolve_init: --------------------------------------------------
StressSolve_init: Solving displacements from linear elasticity model
StressSolve_init: --------------------------------------------------
Loading user function library: [StressSolve]...[StressSolver_bulk]
Loading user function library: [StressSolve]...[StressSolver_bulk]
AddEquationBasics: Checking for _bulk solver
Loading user function library: [StressSolve]...[StressSolver]
AddEquationBasics: Treating variable string: -dofs 3 displacement
AddEquationBasics: Creating standard variable: displacement
AddEquationBasics: Computing size of permutation vector
AddEquationBasics: Maximum size of permutation vector is: 1837
AddEquationBasics: Creating solver matrix topology
CreateMatrix: Creating initial permutation
CreateMatrix: Creating inverse of initial order of size: 1837
CreateMatrix: Creating list matrix for equation: linelast
MakeListMatrix: Creating list matrix
OptimizeBandwidth: ---------------------------------------------------------
OptimizeBandwidth: Computing matrix structure for: linelast
OptimizeBandwidth: Initial bandwidth for linelast: 1785
OptimizeBandwidth: Optimized bandwidth for linelast: 253
OptimizeBandwidth: ---------------------------------------------------------
CreateMatrix: Initializing list matrix for equation
CRS_CreateMatrix: Creating CRS Matrix of size: 5511
CRS_CreateMatrix: Creating CRS Matrix with nofs: 364077
CreateMatrix: Sparse matrix created
AddEquationBasics: Number of rows in CRS matrix: 5511
AddEquationBasics: Creating solver variable
VariableAdd: Adding variable > displacement < of size 5511
VariableAdd: Adding variable > displacement 1 < of size 1837
VariableAdd: Adding variable > displacement 2 < of size 1837
VariableAdd: Adding variable > displacement 3 < of size 1837
SolverInitialization: Elapsed REAL time:     0.2888 (s)
AddSolvers: Setting up solver 2: savescalars
AddEquationBasics: Using procedure: SaveData SaveScalars
AddEquationBasics: Setting up solver: savescalars
Loading user function library: [SaveData]...[SaveScalars_Init]
AddEquationBasics: Checking for _init solver
Loading user function library: [SaveData]...[SaveScalars_bulk]
Loading user function library: [SaveData]...[SaveScalars_bulk]
AddEquationBasics: Checking for _bulk solver
Loading user function library: [SaveData]...[SaveScalars]
AddEquationBasics: Creating null variable with no name
AddSolvers: Setting up solvers done
AddTimeEtc: Setting time and other global variables
VariableAdd: Adding variable > Time < of size 1
VariableAdd: Adding variable > Timestep < of size 1
VariableAdd: Adding variable > Timestep size < of size 1
VariableAdd: Adding variable > Timestep interval < of size 1
VariableAdd: Adding variable > nonlin iter < of size 1
VariableAdd: Adding variable > coupled iter < of size 1
VariableAdd: Adding variable > Partition < of size 1
VariableAdd: Adding variable > Time < of size 1
VariableAdd: Adding variable > Timestep < of size 1
VariableAdd: Adding variable > Timestep size < of size 1
VariableAdd: Adding variable > Timestep interval < of size 1
VariableAdd: Adding variable > nonlin iter < of size 1
VariableAdd: Adding variable > coupled iter < of size 1
VariableAdd: Adding variable > Partition < of size 1
VariableAdd: Adding variable > Time < of size 1
VariableAdd: Adding variable > Timestep < of size 1
VariableAdd: Adding variable > Timestep size < of size 1
VariableAdd: Adding variable > Timestep interval < of size 1
VariableAdd: Adding variable > nonlin iter < of size 1
VariableAdd: Adding variable > coupled iter < of size 1
VariableAdd: Adding variable > Partition < of size 1
MAIN: Random seed initialized to: 314159265
SetInitialConditions: Setting up initial conditions (if any)
MAIN: Number of timesteps to be saved: 1
MAIN: 
MAIN: -------------------------------------
MAIN:  Steady state iteration:            1
MAIN: -------------------------------------
MAIN: 
SolveEquations: Solvers before timestep
SolveEquations: Solvers in main iteration loop
SolveEquations: Performing set of solvers in sequence
ListTagCount: Counting tags for keyword normalization!
SetActiveElementsTable: Creating active element table for: linelast
SetActiveElementsTable: Number of active elements found : 1344
ParallelInitMatrix: Creating communication structures for matrix!
ParallelInitMatrix: Allocating communication structures for matrix!
SplitMatrix: Splitting parallel matrix
SplitMatrix: Allocating split stuff for 1536 partitions!
List_ToListMatrix: Matrix format changed from CRS to List
List_ToCRSMatrix: Changing matrix type with number of non-zeros: 359910
List_ToCRSMatrix: Matrix format changed from List to CRS
SingleSolver: Attempting to call solver: 1
SingleSolver: Solver Equation string is: linelast
StressSolve: 
StressSolve: --------------------------------------------------
StressSolve: Solving displacements from linear elasticity model
StressSolve: --------------------------------------------------
DefaultStart: Starting solver: linelast
StressSolve: Starting assembly...
InitializeToZero: Initializing the linear system to zero
StressSolve: Assembly:
SetNodalLoads: Finished checking for nodal loads
SetNodalLoads: Finished checking for nodal loads
SetNodalLoads: Finished checking for nodal loads
SetDirichletBoundaries: Number of dofs set for displacement: 0
DefUtils::DefaultDirichletBCs: Setting Dirichlet boundary conditions
SetDirichletBoundaries: Number of dofs set for displacement 1: 25600
DefUtils::DefaultDirichletBCs: p-element condition setup: displacement 1
SetDirichletBoundaries: Number of dofs set for displacement 2: 25600
DefUtils::DefaultDirichletBCs: p-element condition setup: displacement 2
SetDirichletBoundaries: Number of dofs set for displacement 3: 25600
DefUtils::DefaultDirichletBCs: p-element condition setup: displacement 3
EnforceDirichletConditions: Enforcing total of 24027 Dirichlet conditions.
EnforceDirichletConditions: Applying Dirichlet conditions using scaled diagonal
ScaleLinearSystem: Creating > DiagScaling < vector of size 5511
EnforceDirichletConditions: Dirichlet conditions enforced for dofs: 19683
EnforceDirichletConditions: Dirichlet conditions shared count: 4344
DefUtils::DefaultDirichletBCs: Dirichlet boundary conditions set
DefaultSolve: Solving linear system with default routines
GenerateConstraintMatrix: Nothing to do for now
SolveSystem: Solving linear system
SolveSystem: Solving linear system in standard way
SolveLinearSystem: Assuming real valued linear system
SolveLinearSystem: Using previously created parallel matrix structures!
SolveLinearSystem: Assuming parallel linear system
ScaleLinearSystem: Creating > DiagScaling < vector of size 5511
SolveLinearSystem: Linear System Preconditioning: ilu0
Prec0-ilu0: Elapsed REAL time:     0.0000 (s)
SolveLinearSystem: CRS matrix passed the dense test of size 3
SolveLinearSystem: Parallel linear System Solver: iterative
SParIterSolver: Solving linear in parallel with iterative methods
SplittedMatrix: Elapsed REAL time:     0.0879 (s)
IterSolver: Using iterative method: idrs
IterSolver: Matrix is real valued
CRS_IncompleteLU: ILU(0) (Real), Performing Factorization:
CRS_IncompleteLU: Allocated LU matrix of size: 359910
CRS_IncompleteLU: Performing incomplete LU
CRS_IncompleteLU: ILU(0) (Real), NOF nonzeros:    359911
CRS_IncompleteLU: ILU(0) (Real), filling (%) :       100
CRS_IncompleteLU: ILU(0) (Real), Factorization time (s):     0.01
Prec-ilu0: Elapsed REAL time:     0.0075 (s)
      20 0.9072E+02
      40 0.5678E+02
      60 0.1840E+05
      80 0.3852E+03
     100 0.9637E+02
     120 0.5172E+02
     140 0.7719E+03
     160 0.1618E+03
     180 0.6653E+01
     200 0.2702E+01
     220 0.1728E+01
     240 0.3621E+01
     260 0.2745E+01
     280 0.1857E+01
     300 0.6430E+01
     320 0.2824E+01
     340 0.1970E+01
     360 0.1596E+01
     380 0.1377E+01
     400 0.9611E+00
     420 0.2846E+01
     440 0.1479E+02
     460 0.3148E+01
     480 0.1887E+01
     500 0.7587E+00
     520 0.2686E+01
     540 0.1253E+01
     560 0.1657E+01
     580 0.1013E+02
     600 0.4279E+00
     620 0.1113E+01
     640 0.4142E+01
     660 0.1268E+01
     680 0.4127E+01
     700 0.4438E+01
     720 0.1694E+01
     740 0.1446E+02
     760 0.1240E+01
     780 0.9009E+00
     800 0.1338E+00
     820 0.1315E+00
     840 0.9008E-01
     860 0.1149E+00
     880 0.9783E-01
     900 0.1184E+00
     920 0.9625E-01
     940 0.3004E+00
     960 0.3482E+00
     980 0.2753E+00
    1000 0.2813E+01
    1020 0.8076E+00
    1040 0.1504E+01
    1060 0.7528E+00
    1080 0.3441E+00
    1100 0.5165E+00
    1120 0.5759E-01
    1140 0.7435E+00
    1160 0.4794E-01
    1180 0.1603E-01
    1200 0.2161E-01
    1220 0.3350E+00
    1240 0.1869E-01
    1260 0.1312E-01
    1280 0.1218E-01
    1300 0.2130E-01
    1320 0.7482E-02
    1340 0.6010E-02
    1360 0.2045E+00
    1380 0.6354E-02
    1400 0.6984E-02
    1420 0.1345E-01
    1440 0.7645E-02
    1460 0.3103E-01
    1480 0.7669E+01
    1500 0.2253E+00
    1520 0.5564E-02
    1540 0.1010E+00
    1560 0.1035E-01
    1580 0.1270E-01
    1600 0.6167E-01
    1620 0.1162E-01
    1640 0.3989E-01
    1660 0.2440E-01
    1680 0.6509E-01
    1700 0.5466E-02
    1720 0.2238E-01
    1740 0.3067E-02
    1760 0.3516E-01
    1780 0.5010E-02
    1800 0.3142E-02
    1820 0.3010E-02
    1840 0.1196E-01
    1860 0.1685E-03
    1880 0.1327E-03
    1900 0.1136E-01
    1920 0.3754E-03
    1940 0.2682E-03
    1960 0.2927E-03
    1980 0.8214E-04
    2000 0.2264E-04
    2020 0.2630E-03
    2040 0.1488E-03
    2060 0.6744E-05
    2080 0.3445E-04
    2100 0.1304E-03
    2120 0.7071E-04
    2140 0.5887E-05
    2160 0.5868E-05
    2180 0.6475E-04
    2200 0.1609E-05
    2220 0.1949E-05
    2240 0.1019E-04
    2260 0.1558E-04
    2280 0.1113E-05
    2300 0.9290E-06
    2320 0.1064E-05
    2340 0.3088E-05
    2360 0.1212E-05
    2380 0.4965E-04
    2400 0.1377E-05
    2420 0.4151E-06
    2440 0.5864E-06
    2460 0.1391E-05
    2480 0.1097E-05
    2500 0.8985E-06
    2520 0.4157E-05
    2540 0.2148E-06
    2560 0.2949E-05
    2580 0.8980E-07
    2600 0.7820E-07
    2620 0.8327E-07
    2640 0.4136E-07
    2660 0.6846E-07
    2680 0.6657E-07
    2700 0.3530E-07
Idrs:     2712 0.8062E-08
BackScaleLinearSystem: Scaling back to original scale
ComputeNorm: Computing norm of solution
ComputeNorm: Using consistent norm in parallel
ComputeChange: NS (ITER=1) (NRM,RELC): ( 0.23389156E-01  2.0000000     ) :: linelast
SolveSystem: System solved
SolveSystem: Linear system time (CPU,REAL) for displacement:    11.54   11.99 (s)
SolveSystem: Finished solving the system
DefaultFinish: Finished solver: linelast
StressSolver: All done
StressSolver: ------------------------------------------
SolverActivate: Solver time (CPU,REAL) for linelast:    11.89   12.55 (s)
ComputeNorm: Computing norm of solution
ComputeNorm: Using consistent norm in parallel
ComputeChange: SS (ITER=1) (NRM,RELC): ( 0.23389156E-01  2.0000000     ) :: linelast
SetActiveElementsTable: Creating active element table for: savescalars
SetActiveElementsTable: No active elements found
SingleSolver: Attempting to call solver: 2
SingleSolver: Solver Equation string is: savescalars
SaveScalars: -----------------------------------------
SaveScalars: Saving scalar values of various kinds
SolverOutputDirectory: Creating directory: results_cpu
SaveScalars: Treating variable: displacement
SaveScalars: Treating operator: dofs
OperToParOperMap: dofs -> sum
SaveScalars: Treating variable: displacement
SaveScalars: Treating operator: elements
OperToParOperMap: elements -> sum
SaveScalars: Treating variable: displacement
SaveScalars: Treating operator: partitions
OperToParOperMap: partitions -> none
SaveScalars: Treating variable: displacement
SaveScalars: Treating operator: norm
OperToParOperMap: norm -> none
SaveScalars: Treating variable: displacement
SaveScalars: Treating operator: cpu time
OperToParOperMap: cpu time -> none
SaveScalars: Performed 5 reduction operations
SaveScalars: Adding information on simulation timing
SaveScalars: Found 4 result scalars in simulation section
SaveScalars: Found 12 values to save in total
SaveScalars: Saving names of values to file: results_cpu/f1536.dat.names
SaveScalars: Parallel data is reduced into one file
SaveScalars: Data is appended to existing file
SaveScalars: Saving values to file: results_cpu/f1536.dat
SaveScalars: -----------------------------------------
SolveEquations: Solvers after timestep
WARNING:: CompareToReferenceSolution: Solver 1 FAILED:  Norm = 2.33891562E-02  RefNorm = 2.33900606E-02
CompareToReferenceSolution: Relative Error to reference norm: 3.866729E-05
ReloadInputFile: Reloading input file
LoadInputFile: Loading input file:
WARNING:: CompareToReferenceSolution: FAILED 1 tests out of 1!
MAIN: Reporting unused list entries for sif improvement!
MAIN: If you do not want these lines undefine > DEVEL_LISTUSAGE < !
   Unused keywords:
       Simulation            max output level
       Boundary Condition 2  force 2
       Solver 1              linear system ilut tolerance
       Solver 1              linear system abort not converged
MAIN: *** Elmer Solver: ALL DONE ***
FreeModel: Freeing meshes
ReleaseMesh: Releasing mesh variables
ReleaseMesh: Releasing mesh nodes
ReleaseMesh: Releasing mesh finished
ReleaseMesh: Releasing mesh variables
ReleaseMesh: Releasing mesh nodes
ReleaseMesh: Releasing mesh finished
ReleaseMesh: Releasing mesh variables
ReleaseMesh: Releasing mesh nodes
ReleaseMesh: Releasing mesh finished
FreeModel: Freeing constants list
FreeModel: Freeing simulation list
FreeModel: Freeing boundary lists
FreeModel: Freeing solvers
Loading user function library: [StressSolve]...[StressSolver_Finalize]
Loading user function library: [StressSolve]...[StressSolver_Finalize]
Loading user function library: [SaveData]...[SaveScalars_Finalize]
Loading user function library: [SaveData]...[SaveScalars_Finalize]
FreeModel: Freeing initial conditions lists
FreeModel: Freeing body lists
FreeModel: Freeing equations lists
FreeModel: Freeing body forces lists
ParallelFinalize: Final synchronization of the MPI system!
MAIN: The end
SOLVER TOTAL TIME(CPU,REAL):        12.87       58.92
ELMER SOLVER FINISHED AT: 2026/07/28 13:58:16

Ending linsys/elmer_iter_Idrs5_ILU0.sif with mesh level 3
Elapsed time: 77 s
-----------------------------------


Solver linsys/elmer_iter_Idrs5_ILU1.sif not recommended for given problem. Ignoring it


Solver linsys/elmer_iter_Idrs5_ILUT_1.sif not recommended for given problem. Ignoring it


Solver linsys/elmer_iter_Idrs5_ILUT_2.sif not recommended for given problem. Ignoring it


Solver linsys/elmer_iter_Idrs5_ILUT_3.sif not recommended for given problem. Ignoring it


Solver linsys/elmer_iter_Idrs5_ILUT_4.sif not recommended for given problem. Ignoring it


Solver linsys/elmer_iter_Idrs5_ILUT_5.sif not recommended for given problem. Ignoring it


Solver linsys/elmer_iter_Idrs5_ILUT_6.sif not recommended for given problem. Ignoring it


Solver linsys/elmer_iter_Idrs5_ILUT_7.sif not recommended for given problem. Ignoring it


Solver linsys/elmer_iter_Idrs5_none.sif not recommended for given problem. Ignoring it


Solver linsys/elmer_iter_Idrs5_vanka1.sif not recommended for given problem. Ignoring it


Solver linsys/elmer_iter_Idrs5_vanka2.sif not recommended for given problem. Ignoring it


Solver linsys/elmer_iter_Idrs5_vanka.sif not recommended for given problem. Ignoring it


Solver linsys/elmer_iter_Tfqmr_ILU0.sif not recommended for given problem. Ignoring it


Solver linsys/elmer_P_BiCGStab2_CG_ILU0.sif not recommended for given problem. Ignoring it


Solver linsys/elmer_P_BiCGStab2_CG_none.sif not recommended for given problem. Ignoring it


Solver linsys/elmer_P_BiCGStab4_CG_ILU0.sif not recommended for given problem. Ignoring it


Solver linsys/elmer_P_BiCGStab4_CG_none.sif not recommended for given problem. Ignoring it


Solver linsys/elmer_P_Idrs5_CG_ILU0.sif not recommended for given problem. Ignoring it


Solver linsys/elmer_P_Idrs5_CG_none.sif not recommended for given problem. Ignoring it


Solver linsys/hypre_BiCGStab_BoomerAMG_R1_C0_S3.sif not recommended for given problem. Ignoring it


Solver linsys/hypre_BiCGStab_BoomerAMG_R1_C0_S3_wos.sif not recommended for given problem. Ignoring it


Solver linsys/hypre_BiCGStab_BoomerAMG_R1_C0_S6.sif not recommended for given problem. Ignoring it


Solver linsys/hypre_BiCGStab_BoomerAMG_R1_C0_S6_wos.sif not recommended for given problem. Ignoring it


Solver linsys/hypre_BiCGStab_BoomerAMG_R1_C1_S3.sif not recommended for given problem. Ignoring it


Solver linsys/hypre_BiCGStab_BoomerAMG_R1_C1_S3_wos.sif not recommended for given problem. Ignoring it


Solver linsys/hypre_BiCGStab_BoomerAMG_R2_C0_S3.sif not recommended for given problem. Ignoring it


Solver linsys/hypre_BiCGStab_BoomerAMG_R2_C0_S3_wos.sif not recommended for given problem. Ignoring it


Solver linsys/hypre_BiCGStab_BoomerAMG_R2_C0_S6.sif not recommended for given problem. Ignoring it


Solver linsys/hypre_BiCGStab_BoomerAMG_R2_C0_S6_wos.sif not recommended for given problem. Ignoring it


Solver linsys/hypre_BiCGStab_BoomerAMG_R2_C1_S3.sif not recommended for given problem. Ignoring it


Solver linsys/hypre_BiCGStab_BoomerAMG_R2_C1_S3_wos.sif not recommended for given problem. Ignoring it


Solver linsys/hypre_BiCGStab_BoomerAMG_R3_C0_S3.sif not recommended for given problem. Ignoring it


Solver linsys/hypre_BiCGStab_BoomerAMG_R3_C0_S3_wos.sif not recommended for given problem. Ignoring it


Solver linsys/hypre_BiCGStab_BoomerAMG_R3_C0_S6.sif not recommended for given problem. Ignoring it


Solver linsys/hypre_BiCGStab_BoomerAMG_R3_C0_S6_wos.sif not recommended for given problem. Ignoring it


Solver linsys/hypre_BiCGStab_BoomerAMG_R3_C1_S3.sif not recommended for given problem. Ignoring it


Solver linsys/hypre_BiCGStab_BoomerAMG_R3_C1_S3_wos.sif not recommended for given problem. Ignoring it


Solver linsys/hypre_BiCGStab_BoomerAMG_smoother3.sif not recommended for given problem. Ignoring it


Solver linsys/hypre_BiCGStab_BoomerAMG_smoother6.sif not recommended for given problem. Ignoring it


Solver linsys/hypre_BiCGStab_BoomerAMG_wo_scaling.sif not recommended for given problem. Ignoring it


Solver linsys/hypre_BiCGStab_ILU0.sif not recommended for given problem. Ignoring it


Solver linsys/hypre_BiCGStab_ILU1.sif not recommended for given problem. Ignoring it


Solver linsys/hypre_BiCGStab_none.sif not recommended for given problem. Ignoring it



-----------------------------------
Starting linsys/hypre_BiCGStab_Parasails.sif with mesh level 3

ELMER SOLVER (v 26.2) STARTED AT: 2026/07/28 13:58:31
ELMER SOLVER (v 26.2) STARTED AT: 2026/07/28 13:58:31
ELMER SOLVER (v 26.2) STARTED AT: 2026/07/28 13:58:31
ELMER SOLVER (v 26.2) STARTED AT: 2026/07/28 13:58:31
ELMER SOLVER (v 26.2) STARTED AT: 2026/07/28 13:58:31
ELMER SOLVER (v 26.2) STARTED AT: 2026/07/28 13:58:31
ELMER SOLVER (v 26.2) STARTED AT: 2026/07/28 13:58:31
ELMER SOLVER (v 26.2) STARTED AT: 2026/07/28 13:58:31
ELMER SOLVER (v 26.2) STARTED AT: 2026/07/28 13:58:31
ELMER SOLVER (v 26.2) STARTED AT: 2026/07/28 13:58:31
ELMER SOLVER (v 26.2) STARTED AT: 2026/07/28 13:58:31
ELMER SOLVER (v 26.2) STARTED AT: 2026/07/28 13:58:31
ELMER SOLVER (v 26.2) STARTED AT: 2026/07/28 13:58:31
ELMER SOLVER (v 26.2) STARTED AT: 2026/07/28 13:58:31
ELMER SOLVER (v 26.2) STARTED AT: 2026/07/28 13:58:31
ELMER SOLVER (v 26.2) STARTED AT: 2026/07/28 13:58:31
ELMER SOLVER (v 26.2) STARTED AT: 2026/07/28 13:58:31
ELMER SOLVER (v 26.2) STARTED AT: 2026/07/28 13:58:31
ELMER SOLVER (v 26.2) STARTED AT: 2026/07/28 13:58:31
ELMER SOLVER (v 26.2) STARTED AT: 2026/07/28 13:58:31
ELMER SOLVER (v 26.2) STARTED AT: 2026/07/28 13:58:31
ELMER SOLVER (v 26.2) STARTED AT: 2026/07/28 13:58:31
ELMER SOLVER (v 26.2) STARTED AT: 2026/07/28 13:58:31
ELMER SOLVER (v 26.2) STARTED AT: 2026/07/28 13:58:31
ELMER SOLVER (v 26.2) STARTED AT: 2026/07/28 13:58:31
ELMER SOLVER (v 26.2) STARTED AT: 2026/07/28 13:58:31
ELMER SOLVER (v 26.2) STARTED AT: 2026/07/28 13:58:31
ELMER SOLVER (v 26.2) STARTED AT: 2026/07/28 13:58:31
ELMER SOLVER (v 26.2) STARTED AT: 2026/07/28 13:58:31
ELMER SOLVER (v 26.2) STARTED AT: 2026/07/28 13:58:31
ELMER SOLVER (v 26.2) STARTED AT: 2026/07/28 13:58:31
ELMER SOLVER (v 26.2) STARTED AT: 2026/07/28 13:58:31
ELMER SOLVER (v 26.2) STARTED AT: 2026/07/28 13:58:31
ELMER SOLVER (v 26.2) STARTED AT: 2026/07/28 13:58:31
ELMER SOLVER (v 26.2) STARTED AT: 2026/07/28 13:58:31
ELMER SOLVER (v 26.2) STARTED AT: 2026/07/28 13:58:31
ELMER SOLVER (v 26.2) STARTED AT: 2026/07/28 13:58:31
ELMER SOLVER (v 26.2) STARTED AT: 2026/07/28 13:58:31
ELMER SOLVER (v 26.2) STARTED AT: 2026/07/28 13:58:31
ELMER SOLVER (v 26.2) STARTED AT: 2026/07/28 13:58:31
ELMER SOLVER (v 26.2) STARTED AT: 2026/07/28 13:58:31
ELMER SOLVER (v 26.2) STARTED AT: 2026/07/28 13:58:31
ELMER SOLVER (v 26.2) STARTED AT: 2026/07/28 13:58:31
ELMER SOLVER (v 26.2) STARTED AT: 2026/07/28 13:58:31
ELMER SOLVER (v 26.2) STARTED AT: 2026/07/28 13:58:31
ELMER SOLVER (v 26.2) STARTED AT: 2026/07/28 13:58:31
ELMER SOLVER (v 26.2) STARTED AT: 2026/07/28 13:58:31
ELMER SOLVER (v 26.2) STARTED AT: 2026/07/28 13:58:31
ELMER SOLVER (v 26.2) STARTED AT: 2026/07/28 13:58:31
ELMER SOLVER (v 26.2) STARTED AT: 2026/07/28 13:58:31
ELMER SOLVER (v 26.2) STARTED AT: 2026/07/28 13:58:31
ELMER SOLVER (v 26.2) STARTED AT: 2026/07/28 13:58:31
ELMER SOLVER (v 26.2) STARTED AT: 2026/07/28 13:58:31
ELMER SOLVER (v 26.2) STARTED AT: 2026/07/28 13:58:31
ELMER SOLVER (v 26.2) STARTED AT: 2026/07/28 13:58:31
ELMER SOLVER (v 26.2) STARTED AT: 2026/07/28 13:58:31
ELMER SOLVER (v 26.2) STARTED AT: 2026/07/28 13:58:31
ELMER SOLVER (v 26.2) STARTED AT: 2026/07/28 13:58:31
ELMER SOLVER (v 26.2) STARTED AT: 2026/07/28 13:58:31
ELMER SOLVER (v 26.2) STARTED AT: 2026/07/28 13:58:31
ELMER SOLVER (v 26.2) STARTED AT: 2026/07/28 13:58:31
ELMER SOLVER (v 26.2) STARTED AT: 2026/07/28 13:58:31
ELMER SOLVER (v 26.2) STARTED AT: 2026/07/28 13:58:31
ELMER SOLVER (v 26.2) STARTED AT: 2026/07/28 13:58:31
ELMER SOLVER (v 26.2) STARTED AT: 2026/07/28 13:58:31
ELMER SOLVER (v 26.2) STARTED AT: 2026/07/28 13:58:31
ELMER SOLVER (v 26.2) STARTED AT: 2026/07/28 13:58:31
ELMER SOLVER (v 26.2) STARTED AT: 2026/07/28 13:58:31
ELMER SOLVER (v 26.2) STARTED AT: 2026/07/28 13:58:31
ELMER SOLVER (v 26.2) STARTED AT: 2026/07/28 13:58:31
ELMER SOLVER (v 26.2) STARTED AT: 2026/07/28 13:58:31
ELMER SOLVER (v 26.2) STARTED AT: 2026/07/28 13:58:31
ELMER SOLVER (v 26.2) STARTED AT: 2026/07/28 13:58:31
ELMER SOLVER (v 26.2) STARTED AT: 2026/07/28 13:58:31
ELMER SOLVER (v 26.2) STARTED AT: 2026/07/28 13:58:31
ELMER SOLVER (v 26.2) STARTED AT: 2026/07/28 13:58:31
ELMER SOLVER (v 26.2) STARTED AT: 2026/07/28 13:58:31
ELMER SOLVER (v 26.2) STARTED AT: 2026/07/28 13:58:31
ELMER SOLVER (v 26.2) STARTED AT: 2026/07/28 13:58:31
ELMER SOLVER (v 26.2) STARTED AT: 2026/07/28 13:58:31
ELMER SOLVER (v 26.2) STARTED AT: 2026/07/28 13:58:31
ELMER SOLVER (v 26.2) STARTED AT: 2026/07/28 13:58:31
ELMER SOLVER (v 26.2) STARTED AT: 2026/07/28 13:58:32
ELMER SOLVER (v 26.2) STARTED AT: 2026/07/28 13:58:32
ELMER SOLVER (v 26.2) STARTED AT: 2026/07/28 13:58:32
ELMER SOLVER (v 26.2) STARTED AT: 2026/07/28 13:58:32
ELMER SOLVER (v 26.2) STARTED AT: 2026/07/28 13:58:32
ELMER SOLVER (v 26.2) STARTED AT: 2026/07/28 13:58:32
ELMER SOLVER (v 26.2) STARTED AT: 2026/07/28 13:58:32
ELMER SOLVER (v 26.2) STARTED AT: 2026/07/28 13:58:32
ELMER SOLVER (v 26.2) STARTED AT: 2026/07/28 13:58:32
ELMER SOLVER (v 26.2) STARTED AT: 2026/07/28 13:58:32
ELMER SOLVER (v 26.2) STARTED AT: 2026/07/28 13:58:32
ELMER SOLVER (v 26.2) STARTED AT: 2026/07/28 13:58:32
ELMER SOLVER (v 26.2) STARTED AT: 2026/07/28 13:58:32
ELMER SOLVER (v 26.2) STARTED AT: 2026/07/28 13:58:32
ELMER SOLVER (v 26.2) STARTED AT: 2026/07/28 13:58:32
ELMER SOLVER (v 26.2) STARTED AT: 2026/07/28 13:58:32
ELMER SOLVER (v 26.2) STARTED AT: 2026/07/28 13:58:32
ELMER SOLVER (v 26.2) STARTED AT: 2026/07/28 13:58:32
ELMER SOLVER (v 26.2) STARTED AT: 2026/07/28 13:58:32
ELMER SOLVER (v 26.2) STARTED AT: 2026/07/28 13:58:32
ELMER SOLVER (v 26.2) STARTED AT: 2026/07/28 13:58:32
ELMER SOLVER (v 26.2) STARTED AT: 2026/07/28 13:58:32
ELMER SOLVER (v 26.2) STARTED AT: 2026/07/28 13:58:32
ELMER SOLVER (v 26.2) STARTED AT: 2026/07/28 13:58:32
ELMER SOLVER (v 26.2) STARTED AT: 2026/07/28 13:58:32
ELMER SOLVER (v 26.2) STARTED AT: 2026/07/28 13:58:32
ELMER SOLVER (v 26.2) STARTED AT: 2026/07/28 13:58:32
ELMER SOLVER (v 26.2) STARTED AT: 2026/07/28 13:58:32
ELMER SOLVER (v 26.2) STARTED AT: 2026/07/28 13:58:32
ELMER SOLVER (v 26.2) STARTED AT: 2026/07/28 13:58:32
ELMER SOLVER (v 26.2) STARTED AT: 2026/07/28 13:58:32
ELMER SOLVER (v 26.2) STARTED AT: 2026/07/28 13:58:32
ELMER SOLVER (v 26.2) STARTED AT: 2026/07/28 13:58:32
ELMER SOLVER (v 26.2) STARTED AT: 2026/07/28 13:58:32
ELMER SOLVER (v 26.2) STARTED AT: 2026/07/28 13:58:32
ELMER SOLVER (v 26.2) STARTED AT: 2026/07/28 13:58:32
ELMER SOLVER (v 26.2) STARTED AT: 2026/07/28 13:58:32
ELMER SOLVER (v 26.2) STARTED AT: 2026/07/28 13:58:32
ELMER SOLVER (v 26.2) STARTED AT: 2026/07/28 13:58:32
ELMER SOLVER (v 26.2) STARTED AT: 2026/07/28 13:58:32
ELMER SOLVER (v 26.2) STARTED AT: 2026/07/28 13:58:32
ELMER SOLVER (v 26.2) STARTED AT: 2026/07/28 13:58:32
ELMER SOLVER (v 26.2) STARTED AT: 2026/07/28 13:58:32
ELMER SOLVER (v 26.2) STARTED AT: 2026/07/28 13:58:32
ELMER SOLVER (v 26.2) STARTED AT: 2026/07/28 13:58:32
ELMER SOLVER (v 26.2) STARTED AT: 2026/07/28 13:58:32
ELMER SOLVER (v 26.2) STARTED AT: 2026/07/28 13:58:32
ELMER SOLVER (v 26.2) STARTED AT: 2026/07/28 13:58:32
ELMER SOLVER (v 26.2) STARTED AT: 2026/07/28 13:58:32
ELMER SOLVER (v 26.2) STARTED AT: 2026/07/28 13:58:32
ELMER SOLVER (v 26.2) STARTED AT: 2026/07/28 13:58:32
ELMER SOLVER (v 26.2) STARTED AT: 2026/07/28 13:58:32
ELMER SOLVER (v 26.2) STARTED AT: 2026/07/28 13:58:32
ELMER SOLVER (v 26.2) STARTED AT: 2026/07/28 13:58:32
ELMER SOLVER (v 26.2) STARTED AT: 2026/07/28 13:58:32
ELMER SOLVER (v 26.2) STARTED AT: 2026/07/28 13:58:32
ELMER SOLVER (v 26.2) STARTED AT: 2026/07/28 13:58:32
ELMER SOLVER (v 26.2) STARTED AT: 2026/07/28 13:58:32
ELMER SOLVER (v 26.2) STARTED AT: 2026/07/28 13:58:32
ELMER SOLVER (v 26.2) STARTED AT: 2026/07/28 13:58:32
ELMER SOLVER (v 26.2) STARTED AT: 2026/07/28 13:58:32
ELMER SOLVER (v 26.2) STARTED AT: 2026/07/28 13:58:32
ELMER SOLVER (v 26.2) STARTED AT: 2026/07/28 13:58:32
ELMER SOLVER (v 26.2) STARTED AT: 2026/07/28 13:58:32
ELMER SOLVER (v 26.2) STARTED AT: 2026/07/28 13:58:32
ELMER SOLVER (v 26.2) STARTED AT: 2026/07/28 13:58:32
ELMER SOLVER (v 26.2) STARTED AT: 2026/07/28 13:58:32
ELMER SOLVER (v 26.2) STARTED AT: 2026/07/28 13:58:32
ELMER SOLVER (v 26.2) STARTED AT: 2026/07/28 13:58:32
ELMER SOLVER (v 26.2) STARTED AT: 2026/07/28 13:58:32
ELMER SOLVER (v 26.2) STARTED AT: 2026/07/28 13:58:32
ELMER SOLVER (v 26.2) STARTED AT: 2026/07/28 13:58:32
ELMER SOLVER (v 26.2) STARTED AT: 2026/07/28 13:58:32
ELMER SOLVER (v 26.2) STARTED AT: 2026/07/28 13:58:32
ELMER SOLVER (v 26.2) STARTED AT: 2026/07/28 13:58:32
ELMER SOLVER (v 26.2) STARTED AT: 2026/07/28 13:58:32
ELMER SOLVER (v 26.2) STARTED AT: 2026/07/28 13:58:32
ELMER SOLVER (v 26.2) STARTED AT: 2026/07/28 13:58:32
ELMER SOLVER (v 26.2) STARTED AT: 2026/07/28 13:58:32
ELMER SOLVER (v 26.2) STARTED AT: 2026/07/28 13:58:32
ELMER SOLVER (v 26.2) STARTED AT: 2026/07/28 13:58:32
ELMER SOLVER (v 26.2) STARTED AT: 2026/07/28 13:58:32
ELMER SOLVER (v 26.2) STARTED AT: 2026/07/28 13:58:32
ELMER SOLVER (v 26.2) STARTED AT: 2026/07/28 13:58:32
ELMER SOLVER (v 26.2) STARTED AT: 2026/07/28 13:58:32
ELMER SOLVER (v 26.2) STARTED AT: 2026/07/28 13:58:32
ELMER SOLVER (v 26.2) STARTED AT: 2026/07/28 13:58:32
ELMER SOLVER (v 26.2) STARTED AT: 2026/07/28 13:58:32
ELMER SOLVER (v 26.2) STARTED AT: 2026/07/28 13:58:32
ELMER SOLVER (v 26.2) STARTED AT: 2026/07/28 13:58:32
ELMER SOLVER (v 26.2) STARTED AT: 2026/07/28 13:58:32
ELMER SOLVER (v 26.2) STARTED AT: 2026/07/28 13:58:32
ELMER SOLVER (v 26.2) STARTED AT: 2026/07/28 13:58:32
ELMER SOLVER (v 26.2) STARTED AT: 2026/07/28 13:58:32
ELMER SOLVER (v 26.2) STARTED AT: 2026/07/28 13:58:32
ELMER SOLVER (v 26.2) STARTED AT: 2026/07/28 13:58:32
ELMER SOLVER (v 26.2) STARTED AT: 2026/07/28 13:58:32
ELMER SOLVER (v 26.2) STARTED AT: 2026/07/28 13:58:32
ELMER SOLVER (v 26.2) STARTED AT: 2026/07/28 13:58:32
ELMER SOLVER (v 26.2) STARTED AT: 2026/07/28 13:58:32
ELMER SOLVER (v 26.2) STARTED AT: 2026/07/28 13:58:32
ELMER SOLVER (v 26.2) STARTED AT: 2026/07/28 13:58:32
ELMER SOLVER (v 26.2) STARTED AT: 2026/07/28 13:58:32
ELMER SOLVER (v 26.2) STARTED AT: 2026/07/28 13:58:32
ELMER SOLVER (v 26.2) STARTED AT: 2026/07/28 13:58:32
ELMER SOLVER (v 26.2) STARTED AT: 2026/07/28 13:58:32
ELMER SOLVER (v 26.2) STARTED AT: 2026/07/28 13:58:32
ELMER SOLVER (v 26.2) STARTED AT: 2026/07/28 13:58:32
ELMER SOLVER (v 26.2) STARTED AT: 2026/07/28 13:58:32
ELMER SOLVER (v 26.2) STARTED AT: 2026/07/28 13:58:32
ELMER SOLVER (v 26.2) STARTED AT: 2026/07/28 13:58:32
ELMER SOLVER (v 26.2) STARTED AT: 2026/07/28 13:58:32
ELMER SOLVER (v 26.2) STARTED AT: 2026/07/28 13:58:32
ELMER SOLVER (v 26.2) STARTED AT: 2026/07/28 13:58:32
ELMER SOLVER (v 26.2) STARTED AT: 2026/07/28 13:58:32
ELMER SOLVER (v 26.2) STARTED AT: 2026/07/28 13:58:32
ELMER SOLVER (v 26.2) STARTED AT: 2026/07/28 13:58:32
ELMER SOLVER (v 26.2) STARTED AT: 2026/07/28 13:58:32
ELMER SOLVER (v 26.2) STARTED AT: 2026/07/28 13:58:32
ELMER SOLVER (v 26.2) STARTED AT: 2026/07/28 13:58:32
ELMER SOLVER (v 26.2) STARTED AT: 2026/07/28 13:58:32
ELMER SOLVER (v 26.2) STARTED AT: 2026/07/28 13:58:32
ELMER SOLVER (v 26.2) STARTED AT: 2026/07/28 13:58:32
ELMER SOLVER (v 26.2) STARTED AT: 2026/07/28 13:58:32
ELMER SOLVER (v 26.2) STARTED AT: 2026/07/28 13:58:32
ELMER SOLVER (v 26.2) STARTED AT: 2026/07/28 13:58:32
ELMER SOLVER (v 26.2) STARTED AT: 2026/07/28 13:58:32
ELMER SOLVER (v 26.2) STARTED AT: 2026/07/28 13:58:32
ELMER SOLVER (v 26.2) STARTED AT: 2026/07/28 13:58:32
ELMER SOLVER (v 26.2) STARTED AT: 2026/07/28 13:58:32
ELMER SOLVER (v 26.2) STARTED AT: 2026/07/28 13:58:32
ELMER SOLVER (v 26.2) STARTED AT: 2026/07/28 13:58:32
ELMER SOLVER (v 26.2) STARTED AT: 2026/07/28 13:58:32
ELMER SOLVER (v 26.2) STARTED AT: 2026/07/28 13:58:32
ELMER SOLVER (v 26.2) STARTED AT: 2026/07/28 13:58:32
ELMER SOLVER (v 26.2) STARTED AT: 2026/07/28 13:58:32
ELMER SOLVER (v 26.2) STARTED AT: 2026/07/28 13:58:32
ELMER SOLVER (v 26.2) STARTED AT: 2026/07/28 13:58:32
ELMER SOLVER (v 26.2) STARTED AT: 2026/07/28 13:58:32
ELMER SOLVER (v 26.2) STARTED AT: 2026/07/28 13:58:32
ELMER SOLVER (v 26.2) STARTED AT: 2026/07/28 13:58:32
ELMER SOLVER (v 26.2) STARTED AT: 2026/07/28 13:58:32
ELMER SOLVER (v 26.2) STARTED AT: 2026/07/28 13:58:32
ELMER SOLVER (v 26.2) STARTED AT: 2026/07/28 13:58:32
ELMER SOLVER (v 26.2) STARTED AT: 2026/07/28 13:58:32
ELMER SOLVER (v 26.2) STARTED AT: 2026/07/28 13:58:32
ELMER SOLVER (v 26.2) STARTED AT: 2026/07/28 13:58:32
ELMER SOLVER (v 26.2) STARTED AT: 2026/07/28 13:58:32
ELMER SOLVER (v 26.2) STARTED AT: 2026/07/28 13:58:32
ELMER SOLVER (v 26.2) STARTED AT: 2026/07/28 13:58:32
ELMER SOLVER (v 26.2) STARTED AT: 2026/07/28 13:58:32
ELMER SOLVER (v 26.2) STARTED AT: 2026/07/28 13:58:32
ELMER SOLVER (v 26.2) STARTED AT: 2026/07/28 13:58:32
ELMER SOLVER (v 26.2) STARTED AT: 2026/07/28 13:58:32
ELMER SOLVER (v 26.2) STARTED AT: 2026/07/28 13:58:32
ELMER SOLVER (v 26.2) STARTED AT: 2026/07/28 13:58:32
ELMER SOLVER (v 26.2) STARTED AT: 2026/07/28 13:58:32
ELMER SOLVER (v 26.2) STARTED AT: 2026/07/28 13:58:32
ELMER SOLVER (v 26.2) STARTED AT: 2026/07/28 13:58:32
ELMER SOLVER (v 26.2) STARTED AT: 2026/07/28 13:58:32
ELMER SOLVER (v 26.2) STARTED AT: 2026/07/28 13:58:32
ELMER SOLVER (v 26.2) STARTED AT: 2026/07/28 13:58:32
ELMER SOLVER (v 26.2) STARTED AT: 2026/07/28 13:58:32
ELMER SOLVER (v 26.2) STARTED AT: 2026/07/28 13:58:32
ELMER SOLVER (v 26.2) STARTED AT: 2026/07/28 13:58:32
ELMER SOLVER (v 26.2) STARTED AT: 2026/07/28 13:58:32
ELMER SOLVER (v 26.2) STARTED AT: 2026/07/28 13:58:32
ELMER SOLVER (v 26.2) STARTED AT: 2026/07/28 13:58:32
ELMER SOLVER (v 26.2) STARTED AT: 2026/07/28 13:58:32
ELMER SOLVER (v 26.2) STARTED AT: 2026/07/28 13:58:32
ELMER SOLVER (v 26.2) STARTED AT: 2026/07/28 13:58:32
ELMER SOLVER (v 26.2) STARTED AT: 2026/07/28 13:58:32
ELMER SOLVER (v 26.2) STARTED AT: 2026/07/28 13:58:32
ELMER SOLVER (v 26.2) STARTED AT: 2026/07/28 13:58:32
ELMER SOLVER (v 26.2) STARTED AT: 2026/07/28 13:58:32
ELMER SOLVER (v 26.2) STARTED AT: 2026/07/28 13:58:32
ELMER SOLVER (v 26.2) STARTED AT: 2026/07/28 13:58:32
ELMER SOLVER (v 26.2) STARTED AT: 2026/07/28 13:58:32
ELMER SOLVER (v 26.2) STARTED AT: 2026/07/28 13:58:32
ELMER SOLVER (v 26.2) STARTED AT: 2026/07/28 13:58:32
ELMER SOLVER (v 26.2) STARTED AT: 2026/07/28 13:58:32
ELMER SOLVER (v 26.2) STARTED AT: 2026/07/28 13:58:32
ELMER SOLVER (v 26.2) STARTED AT: 2026/07/28 13:58:32
ELMER SOLVER (v 26.2) STARTED AT: 2026/07/28 13:58:32
ELMER SOLVER (v 26.2) STARTED AT: 2026/07/28 13:58:32
ELMER SOLVER (v 26.2) STARTED AT: 2026/07/28 13:58:32
ELMER SOLVER (v 26.2) STARTED AT: 2026/07/28 13:58:32
ELMER SOLVER (v 26.2) STARTED AT: 2026/07/28 13:58:32
ELMER SOLVER (v 26.2) STARTED AT: 2026/07/28 13:58:32
ELMER SOLVER (v 26.2) STARTED AT: 2026/07/28 13:58:32
ELMER SOLVER (v 26.2) STARTED AT: 2026/07/28 13:58:32
ELMER SOLVER (v 26.2) STARTED AT: 2026/07/28 13:58:32
ELMER SOLVER (v 26.2) STARTED AT: 2026/07/28 13:58:32
ELMER SOLVER (v 26.2) STARTED AT: 2026/07/28 13:58:32
ELMER SOLVER (v 26.2) STARTED AT: 2026/07/28 13:58:32
ELMER SOLVER (v 26.2) STARTED AT: 2026/07/28 13:58:32
ELMER SOLVER (v 26.2) STARTED AT: 2026/07/28 13:58:32
ELMER SOLVER (v 26.2) STARTED AT: 2026/07/28 13:58:32
ELMER SOLVER (v 26.2) STARTED AT: 2026/07/28 13:58:32
ELMER SOLVER (v 26.2) STARTED AT: 2026/07/28 13:58:32
ELMER SOLVER (v 26.2) STARTED AT: 2026/07/28 13:58:32
ELMER SOLVER (v 26.2) STARTED AT: 2026/07/28 13:58:32
ELMER SOLVER (v 26.2) STARTED AT: 2026/07/28 13:58:32
ELMER SOLVER (v 26.2) STARTED AT: 2026/07/28 13:58:32
ELMER SOLVER (v 26.2) STARTED AT: 2026/07/28 13:58:32
ELMER SOLVER (v 26.2) STARTED AT: 2026/07/28 13:58:32
ELMER SOLVER (v 26.2) STARTED AT: 2026/07/28 13:58:32
ELMER SOLVER (v 26.2) STARTED AT: 2026/07/28 13:58:32
ELMER SOLVER (v 26.2) STARTED AT: 2026/07/28 13:58:32
ELMER SOLVER (v 26.2) STARTED AT: 2026/07/28 13:58:32
ELMER SOLVER (v 26.2) STARTED AT: 2026/07/28 13:58:32
ELMER SOLVER (v 26.2) STARTED AT: 2026/07/28 13:58:32
ELMER SOLVER (v 26.2) STARTED AT: 2026/07/28 13:58:32
ELMER SOLVER (v 26.2) STARTED AT: 2026/07/28 13:58:32
ELMER SOLVER (v 26.2) STARTED AT: 2026/07/28 13:58:32
ELMER SOLVER (v 26.2) STARTED AT: 2026/07/28 13:58:32
ELMER SOLVER (v 26.2) STARTED AT: 2026/07/28 13:58:32
ELMER SOLVER (v 26.2) STARTED AT: 2026/07/28 13:58:32
ELMER SOLVER (v 26.2) STARTED AT: 2026/07/28 13:58:32
ELMER SOLVER (v 26.2) STARTED AT: 2026/07/28 13:58:32
ELMER SOLVER (v 26.2) STARTED AT: 2026/07/28 13:58:32
ELMER SOLVER (v 26.2) STARTED AT: 2026/07/28 13:58:32
ELMER SOLVER (v 26.2) STARTED AT: 2026/07/28 13:58:32
ELMER SOLVER (v 26.2) STARTED AT: 2026/07/28 13:58:32
ELMER SOLVER (v 26.2) STARTED AT: 2026/07/28 13:58:32
ELMER SOLVER (v 26.2) STARTED AT: 2026/07/28 13:58:32
ELMER SOLVER (v 26.2) STARTED AT: 2026/07/28 13:58:32
ELMER SOLVER (v 26.2) STARTED AT: 2026/07/28 13:58:32
ELMER SOLVER (v 26.2) STARTED AT: 2026/07/28 13:58:32
ELMER SOLVER (v 26.2) STARTED AT: 2026/07/28 13:58:32
ELMER SOLVER (v 26.2) STARTED AT: 2026/07/28 13:58:32
ELMER SOLVER (v 26.2) STARTED AT: 2026/07/28 13:58:32
ELMER SOLVER (v 26.2) STARTED AT: 2026/07/28 13:58:32
ELMER SOLVER (v 26.2) STARTED AT: 2026/07/28 13:58:32
ELMER SOLVER (v 26.2) STARTED AT: 2026/07/28 13:58:32
ELMER SOLVER (v 26.2) STARTED AT: 2026/07/28 13:58:32
ELMER SOLVER (v 26.2) STARTED AT: 2026/07/28 13:58:32
ELMER SOLVER (v 26.2) STARTED AT: 2026/07/28 13:58:32
ELMER SOLVER (v 26.2) STARTED AT: 2026/07/28 13:58:32
ELMER SOLVER (v 26.2) STARTED AT: 2026/07/28 13:58:32
ELMER SOLVER (v 26.2) STARTED AT: 2026/07/28 13:58:32
ELMER SOLVER (v 26.2) STARTED AT: 2026/07/28 13:58:32
ELMER SOLVER (v 26.2) STARTED AT: 2026/07/28 13:58:32
ELMER SOLVER (v 26.2) STARTED AT: 2026/07/28 13:58:32
ELMER SOLVER (v 26.2) STARTED AT: 2026/07/28 13:58:32
ELMER SOLVER (v 26.2) STARTED AT: 2026/07/28 13:58:32
ELMER SOLVER (v 26.2) STARTED AT: 2026/07/28 13:58:32
ELMER SOLVER (v 26.2) STARTED AT: 2026/07/28 13:58:32
ELMER SOLVER (v 26.2) STARTED AT: 2026/07/28 13:58:32
ELMER SOLVER (v 26.2) STARTED AT: 2026/07/28 13:58:32
ELMER SOLVER (v 26.2) STARTED AT: 2026/07/28 13:58:32
ELMER SOLVER (v 26.2) STARTED AT: 2026/07/28 13:58:32
ELMER SOLVER (v 26.2) STARTED AT: 2026/07/28 13:58:32
ELMER SOLVER (v 26.2) STARTED AT: 2026/07/28 13:58:32
ELMER SOLVER (v 26.2) STARTED AT: 2026/07/28 13:58:32
ELMER SOLVER (v 26.2) STARTED AT: 2026/07/28 13:58:32
ELMER SOLVER (v 26.2) STARTED AT: 2026/07/28 13:58:32
ELMER SOLVER (v 26.2) STARTED AT: 2026/07/28 13:58:32
ELMER SOLVER (v 26.2) STARTED AT: 2026/07/28 13:58:32
ELMER SOLVER (v 26.2) STARTED AT: 2026/07/28 13:58:32
ELMER SOLVER (v 26.2) STARTED AT: 2026/07/28 13:58:32
ELMER SOLVER (v 26.2) STARTED AT: 2026/07/28 13:58:32
ELMER SOLVER (v 26.2) STARTED AT: 2026/07/28 13:58:32
ELMER SOLVER (v 26.2) STARTED AT: 2026/07/28 13:58:32
ELMER SOLVER (v 26.2) STARTED AT: 2026/07/28 13:58:32
ELMER SOLVER (v 26.2) STARTED AT: 2026/07/28 13:58:32
ELMER SOLVER (v 26.2) STARTED AT: 2026/07/28 13:58:32
ELMER SOLVER (v 26.2) STARTED AT: 2026/07/28 13:58:32
ELMER SOLVER (v 26.2) STARTED AT: 2026/07/28 13:58:32
ELMER SOLVER (v 26.2) STARTED AT: 2026/07/28 13:58:32
ELMER SOLVER (v 26.2) STARTED AT: 2026/07/28 13:58:32
ELMER SOLVER (v 26.2) STARTED AT: 2026/07/28 13:58:32
ELMER SOLVER (v 26.2) STARTED AT: 2026/07/28 13:58:32
ELMER SOLVER (v 26.2) STARTED AT: 2026/07/28 13:58:32
ELMER SOLVER (v 26.2) STARTED AT: 2026/07/28 13:58:32
ELMER SOLVER (v 26.2) STARTED AT: 2026/07/28 13:58:32
ELMER SOLVER (v 26.2) STARTED AT: 2026/07/28 13:58:32
ELMER SOLVER (v 26.2) STARTED AT: 2026/07/28 13:58:32
ELMER SOLVER (v 26.2) STARTED AT: 2026/07/28 13:58:32
ELMER SOLVER (v 26.2) STARTED AT: 2026/07/28 13:58:32
ELMER SOLVER (v 26.2) STARTED AT: 2026/07/28 13:58:32
ELMER SOLVER (v 26.2) STARTED AT: 2026/07/28 13:58:32
ELMER SOLVER (v 26.2) STARTED AT: 2026/07/28 13:58:32
ELMER SOLVER (v 26.2) STARTED AT: 2026/07/28 13:58:32
ELMER SOLVER (v 26.2) STARTED AT: 2026/07/28 13:58:32
ELMER SOLVER (v 26.2) STARTED AT: 2026/07/28 13:58:32
ELMER SOLVER (v 26.2) STARTED AT: 2026/07/28 13:58:32
ELMER SOLVER (v 26.2) STARTED AT: 2026/07/28 13:58:32
ELMER SOLVER (v 26.2) STARTED AT: 2026/07/28 13:58:32
ELMER SOLVER (v 26.2) STARTED AT: 2026/07/28 13:58:32
ELMER SOLVER (v 26.2) STARTED AT: 2026/07/28 13:58:32
ELMER SOLVER (v 26.2) STARTED AT: 2026/07/28 13:58:32
ELMER SOLVER (v 26.2) STARTED AT: 2026/07/28 13:58:32
ELMER SOLVER (v 26.2) STARTED AT: 2026/07/28 13:58:32
ELMER SOLVER (v 26.2) STARTED AT: 2026/07/28 13:58:32
ELMER SOLVER (v 26.2) STARTED AT: 2026/07/28 13:58:32
ELMER SOLVER (v 26.2) STARTED AT: 2026/07/28 13:58:32
ELMER SOLVER (v 26.2) STARTED AT: 2026/07/28 13:58:32
ELMER SOLVER (v 26.2) STARTED AT: 2026/07/28 13:58:32
ELMER SOLVER (v 26.2) STARTED AT: 2026/07/28 13:58:32
ELMER SOLVER (v 26.2) STARTED AT: 2026/07/28 13:58:32
ELMER SOLVER (v 26.2) STARTED AT: 2026/07/28 13:58:32
ELMER SOLVER (v 26.2) STARTED AT: 2026/07/28 13:58:32
ELMER SOLVER (v 26.2) STARTED AT: 2026/07/28 13:58:32
ELMER SOLVER (v 26.2) STARTED AT: 2026/07/28 13:58:32
ELMER SOLVER (v 26.2) STARTED AT: 2026/07/28 13:58:32
ELMER SOLVER (v 26.2) STARTED AT: 2026/07/28 13:58:32
ELMER SOLVER (v 26.2) STARTED AT: 2026/07/28 13:58:32
ELMER SOLVER (v 26.2) STARTED AT: 2026/07/28 13:58:32
ELMER SOLVER (v 26.2) STARTED AT: 2026/07/28 13:58:32
ELMER SOLVER (v 26.2) STARTED AT: 2026/07/28 13:58:32
ELMER SOLVER (v 26.2) STARTED AT: 2026/07/28 13:58:32
ELMER SOLVER (v 26.2) STARTED AT: 2026/07/28 13:58:32
ELMER SOLVER (v 26.2) STARTED AT: 2026/07/28 13:58:32
ELMER SOLVER (v 26.2) STARTED AT: 2026/07/28 13:58:32
ELMER SOLVER (v 26.2) STARTED AT: 2026/07/28 13:58:32
ELMER SOLVER (v 26.2) STARTED AT: 2026/07/28 13:58:32
ELMER SOLVER (v 26.2) STARTED AT: 2026/07/28 13:58:32
ELMER SOLVER (v 26.2) STARTED AT: 2026/07/28 13:58:32
ELMER SOLVER (v 26.2) STARTED AT: 2026/07/28 13:58:32
ELMER SOLVER (v 26.2) STARTED AT: 2026/07/28 13:58:32
ELMER SOLVER (v 26.2) STARTED AT: 2026/07/28 13:58:32
ELMER SOLVER (v 26.2) STARTED AT: 2026/07/28 13:58:32
ELMER SOLVER (v 26.2) STARTED AT: 2026/07/28 13:58:32
ELMER SOLVER (v 26.2) STARTED AT: 2026/07/28 13:58:32
ELMER SOLVER (v 26.2) STARTED AT: 2026/07/28 13:58:32
ELMER SOLVER (v 26.2) STARTED AT: 2026/07/28 13:58:32
ELMER SOLVER (v 26.2) STARTED AT: 2026/07/28 13:58:32
ELMER SOLVER (v 26.2) STARTED AT: 2026/07/28 13:58:32
ELMER SOLVER (v 26.2) STARTED AT: 2026/07/28 13:58:32
ELMER SOLVER (v 26.2) STARTED AT: 2026/07/28 13:58:32
ELMER SOLVER (v 26.2) STARTED AT: 2026/07/28 13:58:32
ELMER SOLVER (v 26.2) STARTED AT: 2026/07/28 13:58:32
ELMER SOLVER (v 26.2) STARTED AT: 2026/07/28 13:58:32
ELMER SOLVER (v 26.2) STARTED AT: 2026/07/28 13:58:32
ELMER SOLVER (v 26.2) STARTED AT: 2026/07/28 13:58:32
ELMER SOLVER (v 26.2) STARTED AT: 2026/07/28 13:58:32
ELMER SOLVER (v 26.2) STARTED AT: 2026/07/28 13:58:32
ELMER SOLVER (v 26.2) STARTED AT: 2026/07/28 13:58:32
ELMER SOLVER (v 26.2) STARTED AT: 2026/07/28 13:58:32
ELMER SOLVER (v 26.2) STARTED AT: 2026/07/28 13:58:32
ELMER SOLVER (v 26.2) STARTED AT: 2026/07/28 13:58:32
ELMER SOLVER (v 26.2) STARTED AT: 2026/07/28 13:58:32
ELMER SOLVER (v 26.2) STARTED AT: 2026/07/28 13:58:32
ELMER SOLVER (v 26.2) STARTED AT: 2026/07/28 13:58:32
ELMER SOLVER (v 26.2) STARTED AT: 2026/07/28 13:58:32
ELMER SOLVER (v 26.2) STARTED AT: 2026/07/28 13:58:32
ELMER SOLVER (v 26.2) STARTED AT: 2026/07/28 13:58:32
ELMER SOLVER (v 26.2) STARTED AT: 2026/07/28 13:58:32
ELMER SOLVER (v 26.2) STARTED AT: 2026/07/28 13:58:32
ELMER SOLVER (v 26.2) STARTED AT: 2026/07/28 13:58:32
ELMER SOLVER (v 26.2) STARTED AT: 2026/07/28 13:58:32
ELMER SOLVER (v 26.2) STARTED AT: 2026/07/28 13:58:32
ELMER SOLVER (v 26.2) STARTED AT: 2026/07/28 13:58:32
ELMER SOLVER (v 26.2) STARTED AT: 2026/07/28 13:58:32
ELMER SOLVER (v 26.2) STARTED AT: 2026/07/28 13:58:32
ELMER SOLVER (v 26.2) STARTED AT: 2026/07/28 13:58:32
ELMER SOLVER (v 26.2) STARTED AT: 2026/07/28 13:58:32
ELMER SOLVER (v 26.2) STARTED AT: 2026/07/28 13:58:32
ELMER SOLVER (v 26.2) STARTED AT: 2026/07/28 13:58:32
ELMER SOLVER (v 26.2) STARTED AT: 2026/07/28 13:58:32
ELMER SOLVER (v 26.2) STARTED AT: 2026/07/28 13:58:32
ELMER SOLVER (v 26.2) STARTED AT: 2026/07/28 13:58:32
ELMER SOLVER (v 26.2) STARTED AT: 2026/07/28 13:58:32
ELMER SOLVER (v 26.2) STARTED AT: 2026/07/28 13:58:32
ELMER SOLVER (v 26.2) STARTED AT: 2026/07/28 13:58:32
ELMER SOLVER (v 26.2) STARTED AT: 2026/07/28 13:58:32
ELMER SOLVER (v 26.2) STARTED AT: 2026/07/28 13:58:32
ELMER SOLVER (v 26.2) STARTED AT: 2026/07/28 13:58:32
ELMER SOLVER (v 26.2) STARTED AT: 2026/07/28 13:58:32
ELMER SOLVER (v 26.2) STARTED AT: 2026/07/28 13:58:32
ELMER SOLVER (v 26.2) STARTED AT: 2026/07/28 13:58:32
ELMER SOLVER (v 26.2) STARTED AT: 2026/07/28 13:58:32
ELMER SOLVER (v 26.2) STARTED AT: 2026/07/28 13:58:32
ELMER SOLVER (v 26.2) STARTED AT: 2026/07/28 13:58:32
ELMER SOLVER (v 26.2) STARTED AT: 2026/07/28 13:58:32
ELMER SOLVER (v 26.2) STARTED AT: 2026/07/28 13:58:32
ELMER SOLVER (v 26.2) STARTED AT: 2026/07/28 13:58:32
ELMER SOLVER (v 26.2) STARTED AT: 2026/07/28 13:58:32
ELMER SOLVER (v 26.2) STARTED AT: 2026/07/28 13:58:32
ELMER SOLVER (v 26.2) STARTED AT: 2026/07/28 13:58:32
ELMER SOLVER (v 26.2) STARTED AT: 2026/07/28 13:58:32
ELMER SOLVER (v 26.2) STARTED AT: 2026/07/28 13:58:32
ELMER SOLVER (v 26.2) STARTED AT: 2026/07/28 13:58:32
ELMER SOLVER (v 26.2) STARTED AT: 2026/07/28 13:58:32
ELMER SOLVER (v 26.2) STARTED AT: 2026/07/28 13:58:32
ELMER SOLVER (v 26.2) STARTED AT: 2026/07/28 13:58:32
ELMER SOLVER (v 26.2) STARTED AT: 2026/07/28 13:58:32
ELMER SOLVER (v 26.2) STARTED AT: 2026/07/28 13:58:32
ELMER SOLVER (v 26.2) STARTED AT: 2026/07/28 13:58:32
ELMER SOLVER (v 26.2) STARTED AT: 2026/07/28 13:58:32
ELMER SOLVER (v 26.2) STARTED AT: 2026/07/28 13:58:32
ELMER SOLVER (v 26.2) STARTED AT: 2026/07/28 13:58:32
ELMER SOLVER (v 26.2) STARTED AT: 2026/07/28 13:58:32
ELMER SOLVER (v 26.2) STARTED AT: 2026/07/28 13:58:32
ELMER SOLVER (v 26.2) STARTED AT: 2026/07/28 13:58:32
ELMER SOLVER (v 26.2) STARTED AT: 2026/07/28 13:58:32
ELMER SOLVER (v 26.2) STARTED AT: 2026/07/28 13:58:32
ELMER SOLVER (v 26.2) STARTED AT: 2026/07/28 13:58:32
ELMER SOLVER (v 26.2) STARTED AT: 2026/07/28 13:58:32
ELMER SOLVER (v 26.2) STARTED AT: 2026/07/28 13:58:32
ELMER SOLVER (v 26.2) STARTED AT: 2026/07/28 13:58:32
ELMER SOLVER (v 26.2) STARTED AT: 2026/07/28 13:58:32
ELMER SOLVER (v 26.2) STARTED AT: 2026/07/28 13:58:32
ELMER SOLVER (v 26.2) STARTED AT: 2026/07/28 13:58:32
ELMER SOLVER (v 26.2) STARTED AT: 2026/07/28 13:58:32
ELMER SOLVER (v 26.2) STARTED AT: 2026/07/28 13:58:32
ELMER SOLVER (v 26.2) STARTED AT: 2026/07/28 13:58:32
ELMER SOLVER (v 26.2) STARTED AT: 2026/07/28 13:58:32
ELMER SOLVER (v 26.2) STARTED AT: 2026/07/28 13:58:32
ELMER SOLVER (v 26.2) STARTED AT: 2026/07/28 13:58:32
ELMER SOLVER (v 26.2) STARTED AT: 2026/07/28 13:58:32
ELMER SOLVER (v 26.2) STARTED AT: 2026/07/28 13:58:32
ELMER SOLVER (v 26.2) STARTED AT: 2026/07/28 13:58:32
ELMER SOLVER (v 26.2) STARTED AT: 2026/07/28 13:58:32
ELMER SOLVER (v 26.2) STARTED AT: 2026/07/28 13:58:32
ELMER SOLVER (v 26.2) STARTED AT: 2026/07/28 13:58:32
ELMER SOLVER (v 26.2) STARTED AT: 2026/07/28 13:58:32
ELMER SOLVER (v 26.2) STARTED AT: 2026/07/28 13:58:32
ELMER SOLVER (v 26.2) STARTED AT: 2026/07/28 13:58:32
ELMER SOLVER (v 26.2) STARTED AT: 2026/07/28 13:58:32
ELMER SOLVER (v 26.2) STARTED AT: 2026/07/28 13:58:33
ELMER SOLVER (v 26.2) STARTED AT: 2026/07/28 13:58:33
ELMER SOLVER (v 26.2) STARTED AT: 2026/07/28 13:58:33
ELMER SOLVER (v 26.2) STARTED AT: 2026/07/28 13:58:33
ELMER SOLVER (v 26.2) STARTED AT: 2026/07/28 13:58:33
ELMER SOLVER (v 26.2) STARTED AT: 2026/07/28 13:58:33
ELMER SOLVER (v 26.2) STARTED AT: 2026/07/28 13:58:33
ELMER SOLVER (v 26.2) STARTED AT: 2026/07/28 13:58:33
ELMER SOLVER (v 26.2) STARTED AT: 2026/07/28 13:58:33
ELMER SOLVER (v 26.2) STARTED AT: 2026/07/28 13:58:33
ELMER SOLVER (v 26.2) STARTED AT: 2026/07/28 13:58:33
ELMER SOLVER (v 26.2) STARTED AT: 2026/07/28 13:58:33
ELMER SOLVER (v 26.2) STARTED AT: 2026/07/28 13:58:33
ELMER SOLVER (v 26.2) STARTED AT: 2026/07/28 13:58:33
ELMER SOLVER (v 26.2) STARTED AT: 2026/07/28 13:58:33
ELMER SOLVER (v 26.2) STARTED AT: 2026/07/28 13:58:33
ELMER SOLVER (v 26.2) STARTED AT: 2026/07/28 13:58:33
ELMER SOLVER (v 26.2) STARTED AT: 2026/07/28 13:58:33
ELMER SOLVER (v 26.2) STARTED AT: 2026/07/28 13:58:33
ELMER SOLVER (v 26.2) STARTED AT: 2026/07/28 13:58:33
ELMER SOLVER (v 26.2) STARTED AT: 2026/07/28 13:58:33
ELMER SOLVER (v 26.2) STARTED AT: 2026/07/28 13:58:33
ELMER SOLVER (v 26.2) STARTED AT: 2026/07/28 13:58:33
ELMER SOLVER (v 26.2) STARTED AT: 2026/07/28 13:58:33
ELMER SOLVER (v 26.2) STARTED AT: 2026/07/28 13:58:33
ELMER SOLVER (v 26.2) STARTED AT: 2026/07/28 13:58:33
ELMER SOLVER (v 26.2) STARTED AT: 2026/07/28 13:58:33
ELMER SOLVER (v 26.2) STARTED AT: 2026/07/28 13:58:33
ELMER SOLVER (v 26.2) STARTED AT: 2026/07/28 13:58:33
ELMER SOLVER (v 26.2) STARTED AT: 2026/07/28 13:58:33
ELMER SOLVER (v 26.2) STARTED AT: 2026/07/28 13:58:33
ELMER SOLVER (v 26.2) STARTED AT: 2026/07/28 13:58:33
ELMER SOLVER (v 26.2) STARTED AT: 2026/07/28 13:58:33
ELMER SOLVER (v 26.2) STARTED AT: 2026/07/28 13:58:33
ELMER SOLVER (v 26.2) STARTED AT: 2026/07/28 13:58:33
ELMER SOLVER (v 26.2) STARTED AT: 2026/07/28 13:58:33
ELMER SOLVER (v 26.2) STARTED AT: 2026/07/28 13:58:33
ELMER SOLVER (v 26.2) STARTED AT: 2026/07/28 13:58:33
ELMER SOLVER (v 26.2) STARTED AT: 2026/07/28 13:58:33
ELMER SOLVER (v 26.2) STARTED AT: 2026/07/28 13:58:33
ELMER SOLVER (v 26.2) STARTED AT: 2026/07/28 13:58:33
ELMER SOLVER (v 26.2) STARTED AT: 2026/07/28 13:58:33
ELMER SOLVER (v 26.2) STARTED AT: 2026/07/28 13:58:33
ELMER SOLVER (v 26.2) STARTED AT: 2026/07/28 13:58:33
ELMER SOLVER (v 26.2) STARTED AT: 2026/07/28 13:58:33
ELMER SOLVER (v 26.2) STARTED AT: 2026/07/28 13:58:33
ELMER SOLVER (v 26.2) STARTED AT: 2026/07/28 13:58:33
ELMER SOLVER (v 26.2) STARTED AT: 2026/07/28 13:58:33
ELMER SOLVER (v 26.2) STARTED AT: 2026/07/28 13:58:33
ELMER SOLVER (v 26.2) STARTED AT: 2026/07/28 13:58:33
ELMER SOLVER (v 26.2) STARTED AT: 2026/07/28 13:58:33
ELMER SOLVER (v 26.2) STARTED AT: 2026/07/28 13:58:33
ELMER SOLVER (v 26.2) STARTED AT: 2026/07/28 13:58:33
ELMER SOLVER (v 26.2) STARTED AT: 2026/07/28 13:58:33
ELMER SOLVER (v 26.2) STARTED AT: 2026/07/28 13:58:33
ELMER SOLVER (v 26.2) STARTED AT: 2026/07/28 13:58:33
ELMER SOLVER (v 26.2) STARTED AT: 2026/07/28 13:58:33
ELMER SOLVER (v 26.2) STARTED AT: 2026/07/28 13:58:33
ELMER SOLVER (v 26.2) STARTED AT: 2026/07/28 13:58:33
ELMER SOLVER (v 26.2) STARTED AT: 2026/07/28 13:58:33
ELMER SOLVER (v 26.2) STARTED AT: 2026/07/28 13:58:33
ELMER SOLVER (v 26.2) STARTED AT: 2026/07/28 13:58:33
ELMER SOLVER (v 26.2) STARTED AT: 2026/07/28 13:58:33
ELMER SOLVER (v 26.2) STARTED AT: 2026/07/28 13:58:33
ELMER SOLVER (v 26.2) STARTED AT: 2026/07/28 13:58:33
ELMER SOLVER (v 26.2) STARTED AT: 2026/07/28 13:58:33
ELMER SOLVER (v 26.2) STARTED AT: 2026/07/28 13:58:33
ELMER SOLVER (v 26.2) STARTED AT: 2026/07/28 13:58:33
ELMER SOLVER (v 26.2) STARTED AT: 2026/07/28 13:58:33
ELMER SOLVER (v 26.2) STARTED AT: 2026/07/28 13:58:33
ELMER SOLVER (v 26.2) STARTED AT: 2026/07/28 13:58:33
ELMER SOLVER (v 26.2) STARTED AT: 2026/07/28 13:58:33
ELMER SOLVER (v 26.2) STARTED AT: 2026/07/28 13:58:33
ELMER SOLVER (v 26.2) STARTED AT: 2026/07/28 13:58:33
ELMER SOLVER (v 26.2) STARTED AT: 2026/07/28 13:58:33
ELMER SOLVER (v 26.2) STARTED AT: 2026/07/28 13:58:33
ELMER SOLVER (v 26.2) STARTED AT: 2026/07/28 13:58:33
ELMER SOLVER (v 26.2) STARTED AT: 2026/07/28 13:58:33
ELMER SOLVER (v 26.2) STARTED AT: 2026/07/28 13:58:33
ELMER SOLVER (v 26.2) STARTED AT: 2026/07/28 13:58:33
ELMER SOLVER (v 26.2) STARTED AT: 2026/07/28 13:58:33
ELMER SOLVER (v 26.2) STARTED AT: 2026/07/28 13:58:33
ELMER SOLVER (v 26.2) STARTED AT: 2026/07/28 13:58:33
ELMER SOLVER (v 26.2) STARTED AT: 2026/07/28 13:58:33
ELMER SOLVER (v 26.2) STARTED AT: 2026/07/28 13:58:33
ELMER SOLVER (v 26.2) STARTED AT: 2026/07/28 13:58:33
ELMER SOLVER (v 26.2) STARTED AT: 2026/07/28 13:58:33
ELMER SOLVER (v 26.2) STARTED AT: 2026/07/28 13:58:33
ELMER SOLVER (v 26.2) STARTED AT: 2026/07/28 13:58:33
ELMER SOLVER (v 26.2) STARTED AT: 2026/07/28 13:58:33
ELMER SOLVER (v 26.2) STARTED AT: 2026/07/28 13:58:33
ELMER SOLVER (v 26.2) STARTED AT: 2026/07/28 13:58:33
ELMER SOLVER (v 26.2) STARTED AT: 2026/07/28 13:58:33
ELMER SOLVER (v 26.2) STARTED AT: 2026/07/28 13:58:33
ELMER SOLVER (v 26.2) STARTED AT: 2026/07/28 13:58:33
ELMER SOLVER (v 26.2) STARTED AT: 2026/07/28 13:58:33
ELMER SOLVER (v 26.2) STARTED AT: 2026/07/28 13:58:33
ELMER SOLVER (v 26.2) STARTED AT: 2026/07/28 13:58:33
ELMER SOLVER (v 26.2) STARTED AT: 2026/07/28 13:58:33
ELMER SOLVER (v 26.2) STARTED AT: 2026/07/28 13:58:33
ELMER SOLVER (v 26.2) STARTED AT: 2026/07/28 13:58:33
ELMER SOLVER (v 26.2) STARTED AT: 2026/07/28 13:58:33
ELMER SOLVER (v 26.2) STARTED AT: 2026/07/28 13:58:33
ELMER SOLVER (v 26.2) STARTED AT: 2026/07/28 13:58:33
ELMER SOLVER (v 26.2) STARTED AT: 2026/07/28 13:58:33
ELMER SOLVER (v 26.2) STARTED AT: 2026/07/28 13:58:33
ELMER SOLVER (v 26.2) STARTED AT: 2026/07/28 13:58:33
ELMER SOLVER (v 26.2) STARTED AT: 2026/07/28 13:58:33
ELMER SOLVER (v 26.2) STARTED AT: 2026/07/28 13:58:33
ELMER SOLVER (v 26.2) STARTED AT: 2026/07/28 13:58:33
ELMER SOLVER (v 26.2) STARTED AT: 2026/07/28 13:58:33
ELMER SOLVER (v 26.2) STARTED AT: 2026/07/28 13:58:33
ELMER SOLVER (v 26.2) STARTED AT: 2026/07/28 13:58:33
ELMER SOLVER (v 26.2) STARTED AT: 2026/07/28 13:58:33
ELMER SOLVER (v 26.2) STARTED AT: 2026/07/28 13:58:33
ELMER SOLVER (v 26.2) STARTED AT: 2026/07/28 13:58:33
ELMER SOLVER (v 26.2) STARTED AT: 2026/07/28 13:58:33
ELMER SOLVER (v 26.2) STARTED AT: 2026/07/28 13:58:33
ELMER SOLVER (v 26.2) STARTED AT: 2026/07/28 13:58:33
ELMER SOLVER (v 26.2) STARTED AT: 2026/07/28 13:58:33
ELMER SOLVER (v 26.2) STARTED AT: 2026/07/28 13:58:33
ELMER SOLVER (v 26.2) STARTED AT: 2026/07/28 13:58:33
ELMER SOLVER (v 26.2) STARTED AT: 2026/07/28 13:58:33
ELMER SOLVER (v 26.2) STARTED AT: 2026/07/28 13:58:33
ELMER SOLVER (v 26.2) STARTED AT: 2026/07/28 13:58:33
ELMER SOLVER (v 26.2) STARTED AT: 2026/07/28 13:58:33
ELMER SOLVER (v 26.2) STARTED AT: 2026/07/28 13:58:33
ELMER SOLVER (v 26.2) STARTED AT: 2026/07/28 13:58:33
ELMER SOLVER (v 26.2) STARTED AT: 2026/07/28 13:58:33
ELMER SOLVER (v 26.2) STARTED AT: 2026/07/28 13:58:33
ELMER SOLVER (v 26.2) STARTED AT: 2026/07/28 13:58:33
ELMER SOLVER (v 26.2) STARTED AT: 2026/07/28 13:58:33
ELMER SOLVER (v 26.2) STARTED AT: 2026/07/28 13:58:33
ELMER SOLVER (v 26.2) STARTED AT: 2026/07/28 13:58:33
ELMER SOLVER (v 26.2) STARTED AT: 2026/07/28 13:58:33
ELMER SOLVER (v 26.2) STARTED AT: 2026/07/28 13:58:33
ELMER SOLVER (v 26.2) STARTED AT: 2026/07/28 13:58:33
ELMER SOLVER (v 26.2) STARTED AT: 2026/07/28 13:58:33
ELMER SOLVER (v 26.2) STARTED AT: 2026/07/28 13:58:33
ELMER SOLVER (v 26.2) STARTED AT: 2026/07/28 13:58:33
ELMER SOLVER (v 26.2) STARTED AT: 2026/07/28 13:58:33
ELMER SOLVER (v 26.2) STARTED AT: 2026/07/28 13:58:33
ELMER SOLVER (v 26.2) STARTED AT: 2026/07/28 13:58:33
ELMER SOLVER (v 26.2) STARTED AT: 2026/07/28 13:58:33
ELMER SOLVER (v 26.2) STARTED AT: 2026/07/28 13:58:33
ELMER SOLVER (v 26.2) STARTED AT: 2026/07/28 13:58:33
ELMER SOLVER (v 26.2) STARTED AT: 2026/07/28 13:58:33
ELMER SOLVER (v 26.2) STARTED AT: 2026/07/28 13:58:33
ELMER SOLVER (v 26.2) STARTED AT: 2026/07/28 13:58:33
ELMER SOLVER (v 26.2) STARTED AT: 2026/07/28 13:58:33
ELMER SOLVER (v 26.2) STARTED AT: 2026/07/28 13:58:33
ELMER SOLVER (v 26.2) STARTED AT: 2026/07/28 13:58:33
ELMER SOLVER (v 26.2) STARTED AT: 2026/07/28 13:58:33
ELMER SOLVER (v 26.2) STARTED AT: 2026/07/28 13:58:33
ELMER SOLVER (v 26.2) STARTED AT: 2026/07/28 13:58:33
ELMER SOLVER (v 26.2) STARTED AT: 2026/07/28 13:58:33
ELMER SOLVER (v 26.2) STARTED AT: 2026/07/28 13:58:33
ELMER SOLVER (v 26.2) STARTED AT: 2026/07/28 13:58:33
ELMER SOLVER (v 26.2) STARTED AT: 2026/07/28 13:58:33
ELMER SOLVER (v 26.2) STARTED AT: 2026/07/28 13:58:33
ELMER SOLVER (v 26.2) STARTED AT: 2026/07/28 13:58:33
ELMER SOLVER (v 26.2) STARTED AT: 2026/07/28 13:58:33
ELMER SOLVER (v 26.2) STARTED AT: 2026/07/28 13:58:33
ELMER SOLVER (v 26.2) STARTED AT: 2026/07/28 13:58:33
ELMER SOLVER (v 26.2) STARTED AT: 2026/07/28 13:58:33
ELMER SOLVER (v 26.2) STARTED AT: 2026/07/28 13:58:33
ELMER SOLVER (v 26.2) STARTED AT: 2026/07/28 13:58:33
ELMER SOLVER (v 26.2) STARTED AT: 2026/07/28 13:58:33
ELMER SOLVER (v 26.2) STARTED AT: 2026/07/28 13:58:33
ELMER SOLVER (v 26.2) STARTED AT: 2026/07/28 13:58:33
ELMER SOLVER (v 26.2) STARTED AT: 2026/07/28 13:58:33
ELMER SOLVER (v 26.2) STARTED AT: 2026/07/28 13:58:33
ELMER SOLVER (v 26.2) STARTED AT: 2026/07/28 13:58:33
ELMER SOLVER (v 26.2) STARTED AT: 2026/07/28 13:58:33
ELMER SOLVER (v 26.2) STARTED AT: 2026/07/28 13:58:33
ELMER SOLVER (v 26.2) STARTED AT: 2026/07/28 13:58:33
ELMER SOLVER (v 26.2) STARTED AT: 2026/07/28 13:58:33
ELMER SOLVER (v 26.2) STARTED AT: 2026/07/28 13:58:33
ELMER SOLVER (v 26.2) STARTED AT: 2026/07/28 13:58:33
ELMER SOLVER (v 26.2) STARTED AT: 2026/07/28 13:58:33
ELMER SOLVER (v 26.2) STARTED AT: 2026/07/28 13:58:33
ELMER SOLVER (v 26.2) STARTED AT: 2026/07/28 13:58:33
ELMER SOLVER (v 26.2) STARTED AT: 2026/07/28 13:58:33
ELMER SOLVER (v 26.2) STARTED AT: 2026/07/28 13:58:33
ELMER SOLVER (v 26.2) STARTED AT: 2026/07/28 13:58:33
ELMER SOLVER (v 26.2) STARTED AT: 2026/07/28 13:58:33
ELMER SOLVER (v 26.2) STARTED AT: 2026/07/28 13:58:33
ELMER SOLVER (v 26.2) STARTED AT: 2026/07/28 13:58:33
ELMER SOLVER (v 26.2) STARTED AT: 2026/07/28 13:58:33
ELMER SOLVER (v 26.2) STARTED AT: 2026/07/28 13:58:33
ELMER SOLVER (v 26.2) STARTED AT: 2026/07/28 13:58:33
ELMER SOLVER (v 26.2) STARTED AT: 2026/07/28 13:58:33
ELMER SOLVER (v 26.2) STARTED AT: 2026/07/28 13:58:33
ELMER SOLVER (v 26.2) STARTED AT: 2026/07/28 13:58:33
ELMER SOLVER (v 26.2) STARTED AT: 2026/07/28 13:58:33
ELMER SOLVER (v 26.2) STARTED AT: 2026/07/28 13:58:33
ELMER SOLVER (v 26.2) STARTED AT: 2026/07/28 13:58:33
ELMER SOLVER (v 26.2) STARTED AT: 2026/07/28 13:58:33
ELMER SOLVER (v 26.2) STARTED AT: 2026/07/28 13:58:33
ELMER SOLVER (v 26.2) STARTED AT: 2026/07/28 13:58:33
ELMER SOLVER (v 26.2) STARTED AT: 2026/07/28 13:58:33
ELMER SOLVER (v 26.2) STARTED AT: 2026/07/28 13:58:33
ELMER SOLVER (v 26.2) STARTED AT: 2026/07/28 13:58:33
ELMER SOLVER (v 26.2) STARTED AT: 2026/07/28 13:58:33
ELMER SOLVER (v 26.2) STARTED AT: 2026/07/28 13:58:33
ELMER SOLVER (v 26.2) STARTED AT: 2026/07/28 13:58:33
ELMER SOLVER (v 26.2) STARTED AT: 2026/07/28 13:58:33
ELMER SOLVER (v 26.2) STARTED AT: 2026/07/28 13:58:33
ELMER SOLVER (v 26.2) STARTED AT: 2026/07/28 13:58:33
ELMER SOLVER (v 26.2) STARTED AT: 2026/07/28 13:58:33
ELMER SOLVER (v 26.2) STARTED AT: 2026/07/28 13:58:33
ELMER SOLVER (v 26.2) STARTED AT: 2026/07/28 13:58:33
ELMER SOLVER (v 26.2) STARTED AT: 2026/07/28 13:58:33
ELMER SOLVER (v 26.2) STARTED AT: 2026/07/28 13:58:33
ELMER SOLVER (v 26.2) STARTED AT: 2026/07/28 13:58:33
ELMER SOLVER (v 26.2) STARTED AT: 2026/07/28 13:58:33
ELMER SOLVER (v 26.2) STARTED AT: 2026/07/28 13:58:33
ELMER SOLVER (v 26.2) STARTED AT: 2026/07/28 13:58:33
ELMER SOLVER (v 26.2) STARTED AT: 2026/07/28 13:58:33
ELMER SOLVER (v 26.2) STARTED AT: 2026/07/28 13:58:33
ELMER SOLVER (v 26.2) STARTED AT: 2026/07/28 13:58:33
ELMER SOLVER (v 26.2) STARTED AT: 2026/07/28 13:58:33
ELMER SOLVER (v 26.2) STARTED AT: 2026/07/28 13:58:33
ELMER SOLVER (v 26.2) STARTED AT: 2026/07/28 13:58:33
ELMER SOLVER (v 26.2) STARTED AT: 2026/07/28 13:58:33
ELMER SOLVER (v 26.2) STARTED AT: 2026/07/28 13:58:33
ELMER SOLVER (v 26.2) STARTED AT: 2026/07/28 13:58:33
ELMER SOLVER (v 26.2) STARTED AT: 2026/07/28 13:58:33
ELMER SOLVER (v 26.2) STARTED AT: 2026/07/28 13:58:33
ELMER SOLVER (v 26.2) STARTED AT: 2026/07/28 13:58:33
ELMER SOLVER (v 26.2) STARTED AT: 2026/07/28 13:58:33
ELMER SOLVER (v 26.2) STARTED AT: 2026/07/28 13:58:33
ELMER SOLVER (v 26.2) STARTED AT: 2026/07/28 13:58:33
ELMER SOLVER (v 26.2) STARTED AT: 2026/07/28 13:58:33
ELMER SOLVER (v 26.2) STARTED AT: 2026/07/28 13:58:33
ELMER SOLVER (v 26.2) STARTED AT: 2026/07/28 13:58:33
ELMER SOLVER (v 26.2) STARTED AT: 2026/07/28 13:58:33
ELMER SOLVER (v 26.2) STARTED AT: 2026/07/28 13:58:33
ELMER SOLVER (v 26.2) STARTED AT: 2026/07/28 13:58:33
ELMER SOLVER (v 26.2) STARTED AT: 2026/07/28 13:58:33
ELMER SOLVER (v 26.2) STARTED AT: 2026/07/28 13:58:33
ELMER SOLVER (v 26.2) STARTED AT: 2026/07/28 13:58:33
ELMER SOLVER (v 26.2) STARTED AT: 2026/07/28 13:58:33
ELMER SOLVER (v 26.2) STARTED AT: 2026/07/28 13:58:33
ELMER SOLVER (v 26.2) STARTED AT: 2026/07/28 13:58:33
ELMER SOLVER (v 26.2) STARTED AT: 2026/07/28 13:58:33
ELMER SOLVER (v 26.2) STARTED AT: 2026/07/28 13:58:33
ELMER SOLVER (v 26.2) STARTED AT: 2026/07/28 13:58:33
ELMER SOLVER (v 26.2) STARTED AT: 2026/07/28 13:58:33
ELMER SOLVER (v 26.2) STARTED AT: 2026/07/28 13:58:33
ELMER SOLVER (v 26.2) STARTED AT: 2026/07/28 13:58:33
ELMER SOLVER (v 26.2) STARTED AT: 2026/07/28 13:58:33
ELMER SOLVER (v 26.2) STARTED AT: 2026/07/28 13:58:33
ELMER SOLVER (v 26.2) STARTED AT: 2026/07/28 13:58:33
ELMER SOLVER (v 26.2) STARTED AT: 2026/07/28 13:58:33
ELMER SOLVER (v 26.2) STARTED AT: 2026/07/28 13:58:33
ELMER SOLVER (v 26.2) STARTED AT: 2026/07/28 13:58:33
ELMER SOLVER (v 26.2) STARTED AT: 2026/07/28 13:58:33
ELMER SOLVER (v 26.2) STARTED AT: 2026/07/28 13:58:33
ELMER SOLVER (v 26.2) STARTED AT: 2026/07/28 13:58:33
ELMER SOLVER (v 26.2) STARTED AT: 2026/07/28 13:58:33
ELMER SOLVER (v 26.2) STARTED AT: 2026/07/28 13:58:33
ELMER SOLVER (v 26.2) STARTED AT: 2026/07/28 13:58:33
ELMER SOLVER (v 26.2) STARTED AT: 2026/07/28 13:58:33
ELMER SOLVER (v 26.2) STARTED AT: 2026/07/28 13:58:33
ELMER SOLVER (v 26.2) STARTED AT: 2026/07/28 13:58:33
ELMER SOLVER (v 26.2) STARTED AT: 2026/07/28 13:58:33
ELMER SOLVER (v 26.2) STARTED AT: 2026/07/28 13:58:33
ELMER SOLVER (v 26.2) STARTED AT: 2026/07/28 13:58:33
ELMER SOLVER (v 26.2) STARTED AT: 2026/07/28 13:58:33
ELMER SOLVER (v 26.2) STARTED AT: 2026/07/28 13:58:33
ELMER SOLVER (v 26.2) STARTED AT: 2026/07/28 13:58:33
ELMER SOLVER (v 26.2) STARTED AT: 2026/07/28 13:58:33
ELMER SOLVER (v 26.2) STARTED AT: 2026/07/28 13:58:33
ELMER SOLVER (v 26.2) STARTED AT: 2026/07/28 13:58:33
ELMER SOLVER (v 26.2) STARTED AT: 2026/07/28 13:58:33
ELMER SOLVER (v 26.2) STARTED AT: 2026/07/28 13:58:33
ELMER SOLVER (v 26.2) STARTED AT: 2026/07/28 13:58:33
ELMER SOLVER (v 26.2) STARTED AT: 2026/07/28 13:58:33
ELMER SOLVER (v 26.2) STARTED AT: 2026/07/28 13:58:33
ELMER SOLVER (v 26.2) STARTED AT: 2026/07/28 13:58:33
ELMER SOLVER (v 26.2) STARTED AT: 2026/07/28 13:58:33
ELMER SOLVER (v 26.2) STARTED AT: 2026/07/28 13:58:33
ELMER SOLVER (v 26.2) STARTED AT: 2026/07/28 13:58:33
ELMER SOLVER (v 26.2) STARTED AT: 2026/07/28 13:58:33
ELMER SOLVER (v 26.2) STARTED AT: 2026/07/28 13:58:33
ELMER SOLVER (v 26.2) STARTED AT: 2026/07/28 13:58:33
ELMER SOLVER (v 26.2) STARTED AT: 2026/07/28 13:58:33
ELMER SOLVER (v 26.2) STARTED AT: 2026/07/28 13:58:33
ELMER SOLVER (v 26.2) STARTED AT: 2026/07/28 13:58:33
ELMER SOLVER (v 26.2) STARTED AT: 2026/07/28 13:58:33
ELMER SOLVER (v 26.2) STARTED AT: 2026/07/28 13:58:33
ELMER SOLVER (v 26.2) STARTED AT: 2026/07/28 13:58:33
ELMER SOLVER (v 26.2) STARTED AT: 2026/07/28 13:58:33
ELMER SOLVER (v 26.2) STARTED AT: 2026/07/28 13:58:33
ELMER SOLVER (v 26.2) STARTED AT: 2026/07/28 13:58:33
ELMER SOLVER (v 26.2) STARTED AT: 2026/07/28 13:58:33
ELMER SOLVER (v 26.2) STARTED AT: 2026/07/28 13:58:33
ELMER SOLVER (v 26.2) STARTED AT: 2026/07/28 13:58:33
ELMER SOLVER (v 26.2) STARTED AT: 2026/07/28 13:58:33
ELMER SOLVER (v 26.2) STARTED AT: 2026/07/28 13:58:33
ELMER SOLVER (v 26.2) STARTED AT: 2026/07/28 13:58:33
ELMER SOLVER (v 26.2) STARTED AT: 2026/07/28 13:58:33
ELMER SOLVER (v 26.2) STARTED AT: 2026/07/28 13:58:33
ELMER SOLVER (v 26.2) STARTED AT: 2026/07/28 13:58:33
ELMER SOLVER (v 26.2) STARTED AT: 2026/07/28 13:58:33
ELMER SOLVER (v 26.2) STARTED AT: 2026/07/28 13:58:33
ELMER SOLVER (v 26.2) STARTED AT: 2026/07/28 13:58:33
ELMER SOLVER (v 26.2) STARTED AT: 2026/07/28 13:58:33
ELMER SOLVER (v 26.2) STARTED AT: 2026/07/28 13:58:33
ELMER SOLVER (v 26.2) STARTED AT: 2026/07/28 13:58:33
ELMER SOLVER (v 26.2) STARTED AT: 2026/07/28 13:58:33
ELMER SOLVER (v 26.2) STARTED AT: 2026/07/28 13:58:33
ELMER SOLVER (v 26.2) STARTED AT: 2026/07/28 13:58:33
ELMER SOLVER (v 26.2) STARTED AT: 2026/07/28 13:58:33
ELMER SOLVER (v 26.2) STARTED AT: 2026/07/28 13:58:33
ELMER SOLVER (v 26.2) STARTED AT: 2026/07/28 13:58:33
ELMER SOLVER (v 26.2) STARTED AT: 2026/07/28 13:58:33
ELMER SOLVER (v 26.2) STARTED AT: 2026/07/28 13:58:33
ELMER SOLVER (v 26.2) STARTED AT: 2026/07/28 13:58:33
ELMER SOLVER (v 26.2) STARTED AT: 2026/07/28 13:58:33
ELMER SOLVER (v 26.2) STARTED AT: 2026/07/28 13:58:33
ELMER SOLVER (v 26.2) STARTED AT: 2026/07/28 13:58:33
ELMER SOLVER (v 26.2) STARTED AT: 2026/07/28 13:58:33
ELMER SOLVER (v 26.2) STARTED AT: 2026/07/28 13:58:33
ELMER SOLVER (v 26.2) STARTED AT: 2026/07/28 13:58:33
ELMER SOLVER (v 26.2) STARTED AT: 2026/07/28 13:58:33
ELMER SOLVER (v 26.2) STARTED AT: 2026/07/28 13:58:33
ELMER SOLVER (v 26.2) STARTED AT: 2026/07/28 13:58:33
ELMER SOLVER (v 26.2) STARTED AT: 2026/07/28 13:58:33
ELMER SOLVER (v 26.2) STARTED AT: 2026/07/28 13:58:33
ELMER SOLVER (v 26.2) STARTED AT: 2026/07/28 13:58:33
ELMER SOLVER (v 26.2) STARTED AT: 2026/07/28 13:58:33
ELMER SOLVER (v 26.2) STARTED AT: 2026/07/28 13:58:33
ELMER SOLVER (v 26.2) STARTED AT: 2026/07/28 13:58:33
ELMER SOLVER (v 26.2) STARTED AT: 2026/07/28 13:58:33
ELMER SOLVER (v 26.2) STARTED AT: 2026/07/28 13:58:33
ELMER SOLVER (v 26.2) STARTED AT: 2026/07/28 13:58:33
ELMER SOLVER (v 26.2) STARTED AT: 2026/07/28 13:58:33
ELMER SOLVER (v 26.2) STARTED AT: 2026/07/28 13:58:33
ELMER SOLVER (v 26.2) STARTED AT: 2026/07/28 13:58:33
ELMER SOLVER (v 26.2) STARTED AT: 2026/07/28 13:58:33
ELMER SOLVER (v 26.2) STARTED AT: 2026/07/28 13:58:33
ELMER SOLVER (v 26.2) STARTED AT: 2026/07/28 13:58:33
ELMER SOLVER (v 26.2) STARTED AT: 2026/07/28 13:58:33
ELMER SOLVER (v 26.2) STARTED AT: 2026/07/28 13:58:33
ELMER SOLVER (v 26.2) STARTED AT: 2026/07/28 13:58:33
ELMER SOLVER (v 26.2) STARTED AT: 2026/07/28 13:58:33
ELMER SOLVER (v 26.2) STARTED AT: 2026/07/28 13:58:33
ELMER SOLVER (v 26.2) STARTED AT: 2026/07/28 13:58:33
ELMER SOLVER (v 26.2) STARTED AT: 2026/07/28 13:58:33
ELMER SOLVER (v 26.2) STARTED AT: 2026/07/28 13:58:33
ELMER SOLVER (v 26.2) STARTED AT: 2026/07/28 13:58:33
ELMER SOLVER (v 26.2) STARTED AT: 2026/07/28 13:58:33
ELMER SOLVER (v 26.2) STARTED AT: 2026/07/28 13:58:33
ELMER SOLVER (v 26.2) STARTED AT: 2026/07/28 13:58:33
ELMER SOLVER (v 26.2) STARTED AT: 2026/07/28 13:58:33
ELMER SOLVER (v 26.2) STARTED AT: 2026/07/28 13:58:33
ELMER SOLVER (v 26.2) STARTED AT: 2026/07/28 13:58:33
ELMER SOLVER (v 26.2) STARTED AT: 2026/07/28 13:58:33
ELMER SOLVER (v 26.2) STARTED AT: 2026/07/28 13:58:33
ELMER SOLVER (v 26.2) STARTED AT: 2026/07/28 13:58:33
ELMER SOLVER (v 26.2) STARTED AT: 2026/07/28 13:58:33
ELMER SOLVER (v 26.2) STARTED AT: 2026/07/28 13:58:33
ELMER SOLVER (v 26.2) STARTED AT: 2026/07/28 13:58:33
ELMER SOLVER (v 26.2) STARTED AT: 2026/07/28 13:58:33
ELMER SOLVER (v 26.2) STARTED AT: 2026/07/28 13:58:33
ELMER SOLVER (v 26.2) STARTED AT: 2026/07/28 13:58:33
ELMER SOLVER (v 26.2) STARTED AT: 2026/07/28 13:58:33
ELMER SOLVER (v 26.2) STARTED AT: 2026/07/28 13:58:33
ELMER SOLVER (v 26.2) STARTED AT: 2026/07/28 13:58:33
ELMER SOLVER (v 26.2) STARTED AT: 2026/07/28 13:58:33
ELMER SOLVER (v 26.2) STARTED AT: 2026/07/28 13:58:33
ELMER SOLVER (v 26.2) STARTED AT: 2026/07/28 13:58:33
ELMER SOLVER (v 26.2) STARTED AT: 2026/07/28 13:58:33
ELMER SOLVER (v 26.2) STARTED AT: 2026/07/28 13:58:33
ELMER SOLVER (v 26.2) STARTED AT: 2026/07/28 13:58:33
ELMER SOLVER (v 26.2) STARTED AT: 2026/07/28 13:58:33
ELMER SOLVER (v 26.2) STARTED AT: 2026/07/28 13:58:33
ELMER SOLVER (v 26.2) STARTED AT: 2026/07/28 13:58:33
ELMER SOLVER (v 26.2) STARTED AT: 2026/07/28 13:58:33
ELMER SOLVER (v 26.2) STARTED AT: 2026/07/28 13:58:33
ELMER SOLVER (v 26.2) STARTED AT: 2026/07/28 13:58:33
ELMER SOLVER (v 26.2) STARTED AT: 2026/07/28 13:58:33
ELMER SOLVER (v 26.2) STARTED AT: 2026/07/28 13:58:33
ELMER SOLVER (v 26.2) STARTED AT: 2026/07/28 13:58:33
ELMER SOLVER (v 26.2) STARTED AT: 2026/07/28 13:58:33
ELMER SOLVER (v 26.2) STARTED AT: 2026/07/28 13:58:33
ELMER SOLVER (v 26.2) STARTED AT: 2026/07/28 13:58:33
ELMER SOLVER (v 26.2) STARTED AT: 2026/07/28 13:58:33
ELMER SOLVER (v 26.2) STARTED AT: 2026/07/28 13:58:33
ELMER SOLVER (v 26.2) STARTED AT: 2026/07/28 13:58:33
ELMER SOLVER (v 26.2) STARTED AT: 2026/07/28 13:58:33
ELMER SOLVER (v 26.2) STARTED AT: 2026/07/28 13:58:33
ELMER SOLVER (v 26.2) STARTED AT: 2026/07/28 13:58:33
ELMER SOLVER (v 26.2) STARTED AT: 2026/07/28 13:58:33
ELMER SOLVER (v 26.2) STARTED AT: 2026/07/28 13:58:33
ELMER SOLVER (v 26.2) STARTED AT: 2026/07/28 13:58:33
ELMER SOLVER (v 26.2) STARTED AT: 2026/07/28 13:58:33
ELMER SOLVER (v 26.2) STARTED AT: 2026/07/28 13:58:33
ELMER SOLVER (v 26.2) STARTED AT: 2026/07/28 13:58:33
ELMER SOLVER (v 26.2) STARTED AT: 2026/07/28 13:58:33
ELMER SOLVER (v 26.2) STARTED AT: 2026/07/28 13:58:33
ELMER SOLVER (v 26.2) STARTED AT: 2026/07/28 13:58:33
ELMER SOLVER (v 26.2) STARTED AT: 2026/07/28 13:58:33
ELMER SOLVER (v 26.2) STARTED AT: 2026/07/28 13:58:33
ELMER SOLVER (v 26.2) STARTED AT: 2026/07/28 13:58:33
ELMER SOLVER (v 26.2) STARTED AT: 2026/07/28 13:58:33
ELMER SOLVER (v 26.2) STARTED AT: 2026/07/28 13:58:33
ELMER SOLVER (v 26.2) STARTED AT: 2026/07/28 13:58:33
ELMER SOLVER (v 26.2) STARTED AT: 2026/07/28 13:58:33
ELMER SOLVER (v 26.2) STARTED AT: 2026/07/28 13:58:33
ELMER SOLVER (v 26.2) STARTED AT: 2026/07/28 13:58:33
ELMER SOLVER (v 26.2) STARTED AT: 2026/07/28 13:58:33
ELMER SOLVER (v 26.2) STARTED AT: 2026/07/28 13:58:33
ELMER SOLVER (v 26.2) STARTED AT: 2026/07/28 13:58:33
ELMER SOLVER (v 26.2) STARTED AT: 2026/07/28 13:58:33
ELMER SOLVER (v 26.2) STARTED AT: 2026/07/28 13:58:33
ELMER SOLVER (v 26.2) STARTED AT: 2026/07/28 13:58:33
ELMER SOLVER (v 26.2) STARTED AT: 2026/07/28 13:58:33
ELMER SOLVER (v 26.2) STARTED AT: 2026/07/28 13:58:33
ELMER SOLVER (v 26.2) STARTED AT: 2026/07/28 13:58:33
ELMER SOLVER (v 26.2) STARTED AT: 2026/07/28 13:58:33
ELMER SOLVER (v 26.2) STARTED AT: 2026/07/28 13:58:33
ELMER SOLVER (v 26.2) STARTED AT: 2026/07/28 13:58:33
ELMER SOLVER (v 26.2) STARTED AT: 2026/07/28 13:58:33
ELMER SOLVER (v 26.2) STARTED AT: 2026/07/28 13:58:33
ELMER SOLVER (v 26.2) STARTED AT: 2026/07/28 13:58:33
ELMER SOLVER (v 26.2) STARTED AT: 2026/07/28 13:58:33
ELMER SOLVER (v 26.2) STARTED AT: 2026/07/28 13:58:33
ELMER SOLVER (v 26.2) STARTED AT: 2026/07/28 13:58:33
ELMER SOLVER (v 26.2) STARTED AT: 2026/07/28 13:58:33
ELMER SOLVER (v 26.2) STARTED AT: 2026/07/28 13:58:33
ELMER SOLVER (v 26.2) STARTED AT: 2026/07/28 13:58:33
ELMER SOLVER (v 26.2) STARTED AT: 2026/07/28 13:58:33
ELMER SOLVER (v 26.2) STARTED AT: 2026/07/28 13:58:33
ELMER SOLVER (v 26.2) STARTED AT: 2026/07/28 13:58:33
ELMER SOLVER (v 26.2) STARTED AT: 2026/07/28 13:58:33
ELMER SOLVER (v 26.2) STARTED AT: 2026/07/28 13:58:33
ELMER SOLVER (v 26.2) STARTED AT: 2026/07/28 13:58:33
ELMER SOLVER (v 26.2) STARTED AT: 2026/07/28 13:58:33
ELMER SOLVER (v 26.2) STARTED AT: 2026/07/28 13:58:33
ELMER SOLVER (v 26.2) STARTED AT: 2026/07/28 13:58:33
ELMER SOLVER (v 26.2) STARTED AT: 2026/07/28 13:58:33
ELMER SOLVER (v 26.2) STARTED AT: 2026/07/28 13:58:33
ELMER SOLVER (v 26.2) STARTED AT: 2026/07/28 13:58:33
ELMER SOLVER (v 26.2) STARTED AT: 2026/07/28 13:58:33
ELMER SOLVER (v 26.2) STARTED AT: 2026/07/28 13:58:33
ELMER SOLVER (v 26.2) STARTED AT: 2026/07/28 13:58:33
ELMER SOLVER (v 26.2) STARTED AT: 2026/07/28 13:58:33
ELMER SOLVER (v 26.2) STARTED AT: 2026/07/28 13:58:33
ELMER SOLVER (v 26.2) STARTED AT: 2026/07/28 13:58:33
ELMER SOLVER (v 26.2) STARTED AT: 2026/07/28 13:58:33
ELMER SOLVER (v 26.2) STARTED AT: 2026/07/28 13:58:33
ELMER SOLVER (v 26.2) STARTED AT: 2026/07/28 13:58:33
ELMER SOLVER (v 26.2) STARTED AT: 2026/07/28 13:58:33
ELMER SOLVER (v 26.2) STARTED AT: 2026/07/28 13:58:33
ELMER SOLVER (v 26.2) STARTED AT: 2026/07/28 13:58:33
ELMER SOLVER (v 26.2) STARTED AT: 2026/07/28 13:58:33
ELMER SOLVER (v 26.2) STARTED AT: 2026/07/28 13:58:33
ELMER SOLVER (v 26.2) STARTED AT: 2026/07/28 13:58:33
ELMER SOLVER (v 26.2) STARTED AT: 2026/07/28 13:58:33
ELMER SOLVER (v 26.2) STARTED AT: 2026/07/28 13:58:33
ELMER SOLVER (v 26.2) STARTED AT: 2026/07/28 13:58:33
ELMER SOLVER (v 26.2) STARTED AT: 2026/07/28 13:58:33
ELMER SOLVER (v 26.2) STARTED AT: 2026/07/28 13:58:33
ELMER SOLVER (v 26.2) STARTED AT: 2026/07/28 13:58:33
ELMER SOLVER (v 26.2) STARTED AT: 2026/07/28 13:58:33
ELMER SOLVER (v 26.2) STARTED AT: 2026/07/28 13:58:33
ELMER SOLVER (v 26.2) STARTED AT: 2026/07/28 13:58:34
ELMER SOLVER (v 26.2) STARTED AT: 2026/07/28 13:58:34
ELMER SOLVER (v 26.2) STARTED AT: 2026/07/28 13:58:34
ELMER SOLVER (v 26.2) STARTED AT: 2026/07/28 13:58:34
ELMER SOLVER (v 26.2) STARTED AT: 2026/07/28 13:58:34
ELMER SOLVER (v 26.2) STARTED AT: 2026/07/28 13:58:34
ELMER SOLVER (v 26.2) STARTED AT: 2026/07/28 13:58:34
ELMER SOLVER (v 26.2) STARTED AT: 2026/07/28 13:58:34
ELMER SOLVER (v 26.2) STARTED AT: 2026/07/28 13:58:34
ELMER SOLVER (v 26.2) STARTED AT: 2026/07/28 13:58:34
ELMER SOLVER (v 26.2) STARTED AT: 2026/07/28 13:58:34
ELMER SOLVER (v 26.2) STARTED AT: 2026/07/28 13:58:34
ELMER SOLVER (v 26.2) STARTED AT: 2026/07/28 13:58:34
ELMER SOLVER (v 26.2) STARTED AT: 2026/07/28 13:58:34
ELMER SOLVER (v 26.2) STARTED AT: 2026/07/28 13:58:34
ELMER SOLVER (v 26.2) STARTED AT: 2026/07/28 13:58:34
ELMER SOLVER (v 26.2) STARTED AT: 2026/07/28 13:58:34
ELMER SOLVER (v 26.2) STARTED AT: 2026/07/28 13:58:34
ELMER SOLVER (v 26.2) STARTED AT: 2026/07/28 13:58:34
ELMER SOLVER (v 26.2) STARTED AT: 2026/07/28 13:58:34
ELMER SOLVER (v 26.2) STARTED AT: 2026/07/28 13:58:34
ELMER SOLVER (v 26.2) STARTED AT: 2026/07/28 13:58:34
ELMER SOLVER (v 26.2) STARTED AT: 2026/07/28 13:58:34
ELMER SOLVER (v 26.2) STARTED AT: 2026/07/28 13:58:34
ELMER SOLVER (v 26.2) STARTED AT: 2026/07/28 13:58:34
ELMER SOLVER (v 26.2) STARTED AT: 2026/07/28 13:58:34
ELMER SOLVER (v 26.2) STARTED AT: 2026/07/28 13:58:34
ELMER SOLVER (v 26.2) STARTED AT: 2026/07/28 13:58:34
ELMER SOLVER (v 26.2) STARTED AT: 2026/07/28 13:58:34
ELMER SOLVER (v 26.2) STARTED AT: 2026/07/28 13:58:34
ELMER SOLVER (v 26.2) STARTED AT: 2026/07/28 13:58:34
ELMER SOLVER (v 26.2) STARTED AT: 2026/07/28 13:58:34
ELMER SOLVER (v 26.2) STARTED AT: 2026/07/28 13:58:34
ELMER SOLVER (v 26.2) STARTED AT: 2026/07/28 13:58:34
ELMER SOLVER (v 26.2) STARTED AT: 2026/07/28 13:58:34
ELMER SOLVER (v 26.2) STARTED AT: 2026/07/28 13:58:34
ELMER SOLVER (v 26.2) STARTED AT: 2026/07/28 13:58:34
ELMER SOLVER (v 26.2) STARTED AT: 2026/07/28 13:58:34
ELMER SOLVER (v 26.2) STARTED AT: 2026/07/28 13:58:34
ELMER SOLVER (v 26.2) STARTED AT: 2026/07/28 13:58:34
ELMER SOLVER (v 26.2) STARTED AT: 2026/07/28 13:58:34
ELMER SOLVER (v 26.2) STARTED AT: 2026/07/28 13:58:34
ELMER SOLVER (v 26.2) STARTED AT: 2026/07/28 13:58:34
ELMER SOLVER (v 26.2) STARTED AT: 2026/07/28 13:58:34
ELMER SOLVER (v 26.2) STARTED AT: 2026/07/28 13:58:34
ELMER SOLVER (v 26.2) STARTED AT: 2026/07/28 13:58:34
ELMER SOLVER (v 26.2) STARTED AT: 2026/07/28 13:58:34
ELMER SOLVER (v 26.2) STARTED AT: 2026/07/28 13:58:34
ELMER SOLVER (v 26.2) STARTED AT: 2026/07/28 13:58:34
ELMER SOLVER (v 26.2) STARTED AT: 2026/07/28 13:58:34
ELMER SOLVER (v 26.2) STARTED AT: 2026/07/28 13:58:34
ELMER SOLVER (v 26.2) STARTED AT: 2026/07/28 13:58:34
ELMER SOLVER (v 26.2) STARTED AT: 2026/07/28 13:58:34
ELMER SOLVER (v 26.2) STARTED AT: 2026/07/28 13:58:34
ELMER SOLVER (v 26.2) STARTED AT: 2026/07/28 13:58:34
ELMER SOLVER (v 26.2) STARTED AT: 2026/07/28 13:58:34
ELMER SOLVER (v 26.2) STARTED AT: 2026/07/28 13:58:34
ELMER SOLVER (v 26.2) STARTED AT: 2026/07/28 13:58:34
ELMER SOLVER (v 26.2) STARTED AT: 2026/07/28 13:58:34
ELMER SOLVER (v 26.2) STARTED AT: 2026/07/28 13:58:34
ELMER SOLVER (v 26.2) STARTED AT: 2026/07/28 13:58:34
ELMER SOLVER (v 26.2) STARTED AT: 2026/07/28 13:58:34
ELMER SOLVER (v 26.2) STARTED AT: 2026/07/28 13:58:34
ELMER SOLVER (v 26.2) STARTED AT: 2026/07/28 13:58:34
ELMER SOLVER (v 26.2) STARTED AT: 2026/07/28 13:58:34
ELMER SOLVER (v 26.2) STARTED AT: 2026/07/28 13:58:34
ELMER SOLVER (v 26.2) STARTED AT: 2026/07/28 13:58:34
ELMER SOLVER (v 26.2) STARTED AT: 2026/07/28 13:58:34
ELMER SOLVER (v 26.2) STARTED AT: 2026/07/28 13:58:34
ELMER SOLVER (v 26.2) STARTED AT: 2026/07/28 13:58:34
ELMER SOLVER (v 26.2) STARTED AT: 2026/07/28 13:58:34
ELMER SOLVER (v 26.2) STARTED AT: 2026/07/28 13:58:34
ELMER SOLVER (v 26.2) STARTED AT: 2026/07/28 13:58:34
ELMER SOLVER (v 26.2) STARTED AT: 2026/07/28 13:58:34
ELMER SOLVER (v 26.2) STARTED AT: 2026/07/28 13:58:34
ELMER SOLVER (v 26.2) STARTED AT: 2026/07/28 13:58:34
ELMER SOLVER (v 26.2) STARTED AT: 2026/07/28 13:58:34
ELMER SOLVER (v 26.2) STARTED AT: 2026/07/28 13:58:34
ELMER SOLVER (v 26.2) STARTED AT: 2026/07/28 13:58:34
ELMER SOLVER (v 26.2) STARTED AT: 2026/07/28 13:58:34
ELMER SOLVER (v 26.2) STARTED AT: 2026/07/28 13:58:34
ELMER SOLVER (v 26.2) STARTED AT: 2026/07/28 13:58:34
ELMER SOLVER (v 26.2) STARTED AT: 2026/07/28 13:58:34
ELMER SOLVER (v 26.2) STARTED AT: 2026/07/28 13:58:34
ELMER SOLVER (v 26.2) STARTED AT: 2026/07/28 13:58:34
ELMER SOLVER (v 26.2) STARTED AT: 2026/07/28 13:58:34
ELMER SOLVER (v 26.2) STARTED AT: 2026/07/28 13:58:34
ELMER SOLVER (v 26.2) STARTED AT: 2026/07/28 13:58:34
ELMER SOLVER (v 26.2) STARTED AT: 2026/07/28 13:58:34
ELMER SOLVER (v 26.2) STARTED AT: 2026/07/28 13:58:34
ELMER SOLVER (v 26.2) STARTED AT: 2026/07/28 13:58:34
ELMER SOLVER (v 26.2) STARTED AT: 2026/07/28 13:58:34
ELMER SOLVER (v 26.2) STARTED AT: 2026/07/28 13:58:34
ELMER SOLVER (v 26.2) STARTED AT: 2026/07/28 13:58:34
ELMER SOLVER (v 26.2) STARTED AT: 2026/07/28 13:58:34
ELMER SOLVER (v 26.2) STARTED AT: 2026/07/28 13:58:34
ELMER SOLVER (v 26.2) STARTED AT: 2026/07/28 13:58:34
ELMER SOLVER (v 26.2) STARTED AT: 2026/07/28 13:58:34
ELMER SOLVER (v 26.2) STARTED AT: 2026/07/28 13:58:34
ELMER SOLVER (v 26.2) STARTED AT: 2026/07/28 13:58:34
ELMER SOLVER (v 26.2) STARTED AT: 2026/07/28 13:58:34
ELMER SOLVER (v 26.2) STARTED AT: 2026/07/28 13:58:34
ELMER SOLVER (v 26.2) STARTED AT: 2026/07/28 13:58:34
ELMER SOLVER (v 26.2) STARTED AT: 2026/07/28 13:58:34
ELMER SOLVER (v 26.2) STARTED AT: 2026/07/28 13:58:34
ELMER SOLVER (v 26.2) STARTED AT: 2026/07/28 13:58:34
ELMER SOLVER (v 26.2) STARTED AT: 2026/07/28 13:58:34
ELMER SOLVER (v 26.2) STARTED AT: 2026/07/28 13:58:34
ELMER SOLVER (v 26.2) STARTED AT: 2026/07/28 13:58:34
ELMER SOLVER (v 26.2) STARTED AT: 2026/07/28 13:58:34
ELMER SOLVER (v 26.2) STARTED AT: 2026/07/28 13:58:34
ELMER SOLVER (v 26.2) STARTED AT: 2026/07/28 13:58:34
ELMER SOLVER (v 26.2) STARTED AT: 2026/07/28 13:58:34
ELMER SOLVER (v 26.2) STARTED AT: 2026/07/28 13:58:34
ELMER SOLVER (v 26.2) STARTED AT: 2026/07/28 13:58:34
ELMER SOLVER (v 26.2) STARTED AT: 2026/07/28 13:58:34
ELMER SOLVER (v 26.2) STARTED AT: 2026/07/28 13:58:34
ELMER SOLVER (v 26.2) STARTED AT: 2026/07/28 13:58:34
ELMER SOLVER (v 26.2) STARTED AT: 2026/07/28 13:58:34
ELMER SOLVER (v 26.2) STARTED AT: 2026/07/28 13:58:34
ELMER SOLVER (v 26.2) STARTED AT: 2026/07/28 13:58:34
ELMER SOLVER (v 26.2) STARTED AT: 2026/07/28 13:58:34
ELMER SOLVER (v 26.2) STARTED AT: 2026/07/28 13:58:34
ELMER SOLVER (v 26.2) STARTED AT: 2026/07/28 13:58:34
ELMER SOLVER (v 26.2) STARTED AT: 2026/07/28 13:58:34
ELMER SOLVER (v 26.2) STARTED AT: 2026/07/28 13:58:34
ELMER SOLVER (v 26.2) STARTED AT: 2026/07/28 13:58:34
ELMER SOLVER (v 26.2) STARTED AT: 2026/07/28 13:58:34
ELMER SOLVER (v 26.2) STARTED AT: 2026/07/28 13:58:34
ELMER SOLVER (v 26.2) STARTED AT: 2026/07/28 13:58:34
ELMER SOLVER (v 26.2) STARTED AT: 2026/07/28 13:58:34
ELMER SOLVER (v 26.2) STARTED AT: 2026/07/28 13:58:34
ELMER SOLVER (v 26.2) STARTED AT: 2026/07/28 13:58:34
ELMER SOLVER (v 26.2) STARTED AT: 2026/07/28 13:58:34
ELMER SOLVER (v 26.2) STARTED AT: 2026/07/28 13:58:34
ELMER SOLVER (v 26.2) STARTED AT: 2026/07/28 13:58:34
ELMER SOLVER (v 26.2) STARTED AT: 2026/07/28 13:58:34
ELMER SOLVER (v 26.2) STARTED AT: 2026/07/28 13:58:34
ELMER SOLVER (v 26.2) STARTED AT: 2026/07/28 13:58:34
ELMER SOLVER (v 26.2) STARTED AT: 2026/07/28 13:58:34
ELMER SOLVER (v 26.2) STARTED AT: 2026/07/28 13:58:34
ELMER SOLVER (v 26.2) STARTED AT: 2026/07/28 13:58:34
ELMER SOLVER (v 26.2) STARTED AT: 2026/07/28 13:58:34
ELMER SOLVER (v 26.2) STARTED AT: 2026/07/28 13:58:34
ELMER SOLVER (v 26.2) STARTED AT: 2026/07/28 13:58:34
ELMER SOLVER (v 26.2) STARTED AT: 2026/07/28 13:58:34
ELMER SOLVER (v 26.2) STARTED AT: 2026/07/28 13:58:34
ELMER SOLVER (v 26.2) STARTED AT: 2026/07/28 13:58:34
ELMER SOLVER (v 26.2) STARTED AT: 2026/07/28 13:58:34
ELMER SOLVER (v 26.2) STARTED AT: 2026/07/28 13:58:34
ELMER SOLVER (v 26.2) STARTED AT: 2026/07/28 13:58:34
ELMER SOLVER (v 26.2) STARTED AT: 2026/07/28 13:58:34
ELMER SOLVER (v 26.2) STARTED AT: 2026/07/28 13:58:34
ELMER SOLVER (v 26.2) STARTED AT: 2026/07/28 13:58:34
ELMER SOLVER (v 26.2) STARTED AT: 2026/07/28 13:58:34
ELMER SOLVER (v 26.2) STARTED AT: 2026/07/28 13:58:34
ELMER SOLVER (v 26.2) STARTED AT: 2026/07/28 13:58:34
ELMER SOLVER (v 26.2) STARTED AT: 2026/07/28 13:58:34
ELMER SOLVER (v 26.2) STARTED AT: 2026/07/28 13:58:34
ELMER SOLVER (v 26.2) STARTED AT: 2026/07/28 13:58:34
ELMER SOLVER (v 26.2) STARTED AT: 2026/07/28 13:58:34
ELMER SOLVER (v 26.2) STARTED AT: 2026/07/28 13:58:34
ELMER SOLVER (v 26.2) STARTED AT: 2026/07/28 13:58:34
ELMER SOLVER (v 26.2) STARTED AT: 2026/07/28 13:58:34
ELMER SOLVER (v 26.2) STARTED AT: 2026/07/28 13:58:34
ELMER SOLVER (v 26.2) STARTED AT: 2026/07/28 13:58:34
ELMER SOLVER (v 26.2) STARTED AT: 2026/07/28 13:58:34
ELMER SOLVER (v 26.2) STARTED AT: 2026/07/28 13:58:34
ELMER SOLVER (v 26.2) STARTED AT: 2026/07/28 13:58:34
ELMER SOLVER (v 26.2) STARTED AT: 2026/07/28 13:58:34
ELMER SOLVER (v 26.2) STARTED AT: 2026/07/28 13:58:34
ELMER SOLVER (v 26.2) STARTED AT: 2026/07/28 13:58:34
ELMER SOLVER (v 26.2) STARTED AT: 2026/07/28 13:58:34
ELMER SOLVER (v 26.2) STARTED AT: 2026/07/28 13:58:34
ELMER SOLVER (v 26.2) STARTED AT: 2026/07/28 13:58:34
ELMER SOLVER (v 26.2) STARTED AT: 2026/07/28 13:58:34
ELMER SOLVER (v 26.2) STARTED AT: 2026/07/28 13:58:34
ELMER SOLVER (v 26.2) STARTED AT: 2026/07/28 13:58:34
ELMER SOLVER (v 26.2) STARTED AT: 2026/07/28 13:58:34
ELMER SOLVER (v 26.2) STARTED AT: 2026/07/28 13:58:34
ELMER SOLVER (v 26.2) STARTED AT: 2026/07/28 13:58:34
ELMER SOLVER (v 26.2) STARTED AT: 2026/07/28 13:58:34
ELMER SOLVER (v 26.2) STARTED AT: 2026/07/28 13:58:34
ELMER SOLVER (v 26.2) STARTED AT: 2026/07/28 13:58:34
ELMER SOLVER (v 26.2) STARTED AT: 2026/07/28 13:58:34
ELMER SOLVER (v 26.2) STARTED AT: 2026/07/28 13:58:34
ELMER SOLVER (v 26.2) STARTED AT: 2026/07/28 13:58:34
ELMER SOLVER (v 26.2) STARTED AT: 2026/07/28 13:58:34
ELMER SOLVER (v 26.2) STARTED AT: 2026/07/28 13:58:34
ELMER SOLVER (v 26.2) STARTED AT: 2026/07/28 13:58:34
ELMER SOLVER (v 26.2) STARTED AT: 2026/07/28 13:58:34
ELMER SOLVER (v 26.2) STARTED AT: 2026/07/28 13:58:34
ELMER SOLVER (v 26.2) STARTED AT: 2026/07/28 13:58:34
ELMER SOLVER (v 26.2) STARTED AT: 2026/07/28 13:58:34
ELMER SOLVER (v 26.2) STARTED AT: 2026/07/28 13:58:34
ELMER SOLVER (v 26.2) STARTED AT: 2026/07/28 13:58:34
ELMER SOLVER (v 26.2) STARTED AT: 2026/07/28 13:58:34
ELMER SOLVER (v 26.2) STARTED AT: 2026/07/28 13:58:34
ELMER SOLVER (v 26.2) STARTED AT: 2026/07/28 13:58:34
ELMER SOLVER (v 26.2) STARTED AT: 2026/07/28 13:58:34
ELMER SOLVER (v 26.2) STARTED AT: 2026/07/28 13:58:34
ELMER SOLVER (v 26.2) STARTED AT: 2026/07/28 13:58:34
ELMER SOLVER (v 26.2) STARTED AT: 2026/07/28 13:58:34
ELMER SOLVER (v 26.2) STARTED AT: 2026/07/28 13:58:34
ELMER SOLVER (v 26.2) STARTED AT: 2026/07/28 13:58:34
ELMER SOLVER (v 26.2) STARTED AT: 2026/07/28 13:58:34
ELMER SOLVER (v 26.2) STARTED AT: 2026/07/28 13:58:34
ELMER SOLVER (v 26.2) STARTED AT: 2026/07/28 13:58:34
ELMER SOLVER (v 26.2) STARTED AT: 2026/07/28 13:58:34
ELMER SOLVER (v 26.2) STARTED AT: 2026/07/28 13:58:34
ELMER SOLVER (v 26.2) STARTED AT: 2026/07/28 13:58:34
ELMER SOLVER (v 26.2) STARTED AT: 2026/07/28 13:58:34
ELMER SOLVER (v 26.2) STARTED AT: 2026/07/28 13:58:34
ELMER SOLVER (v 26.2) STARTED AT: 2026/07/28 13:58:34
ELMER SOLVER (v 26.2) STARTED AT: 2026/07/28 13:58:34
ELMER SOLVER (v 26.2) STARTED AT: 2026/07/28 13:58:34
ELMER SOLVER (v 26.2) STARTED AT: 2026/07/28 13:58:34
ELMER SOLVER (v 26.2) STARTED AT: 2026/07/28 13:58:34
ELMER SOLVER (v 26.2) STARTED AT: 2026/07/28 13:58:34
ELMER SOLVER (v 26.2) STARTED AT: 2026/07/28 13:58:34
ELMER SOLVER (v 26.2) STARTED AT: 2026/07/28 13:58:34
ELMER SOLVER (v 26.2) STARTED AT: 2026/07/28 13:58:34
ELMER SOLVER (v 26.2) STARTED AT: 2026/07/28 13:58:34
ELMER SOLVER (v 26.2) STARTED AT: 2026/07/28 13:58:34
ELMER SOLVER (v 26.2) STARTED AT: 2026/07/28 13:58:34
ELMER SOLVER (v 26.2) STARTED AT: 2026/07/28 13:58:34
ELMER SOLVER (v 26.2) STARTED AT: 2026/07/28 13:58:34
ELMER SOLVER (v 26.2) STARTED AT: 2026/07/28 13:58:34
ELMER SOLVER (v 26.2) STARTED AT: 2026/07/28 13:58:34
ELMER SOLVER (v 26.2) STARTED AT: 2026/07/28 13:58:34
ELMER SOLVER (v 26.2) STARTED AT: 2026/07/28 13:58:34
ELMER SOLVER (v 26.2) STARTED AT: 2026/07/28 13:58:34
ELMER SOLVER (v 26.2) STARTED AT: 2026/07/28 13:58:34
ELMER SOLVER (v 26.2) STARTED AT: 2026/07/28 13:58:34
ELMER SOLVER (v 26.2) STARTED AT: 2026/07/28 13:58:34
ELMER SOLVER (v 26.2) STARTED AT: 2026/07/28 13:58:34
ELMER SOLVER (v 26.2) STARTED AT: 2026/07/28 13:58:34
ELMER SOLVER (v 26.2) STARTED AT: 2026/07/28 13:58:34
ELMER SOLVER (v 26.2) STARTED AT: 2026/07/28 13:58:34
ELMER SOLVER (v 26.2) STARTED AT: 2026/07/28 13:58:34
ELMER SOLVER (v 26.2) STARTED AT: 2026/07/28 13:58:34
ELMER SOLVER (v 26.2) STARTED AT: 2026/07/28 13:58:34
ELMER SOLVER (v 26.2) STARTED AT: 2026/07/28 13:58:34
ELMER SOLVER (v 26.2) STARTED AT: 2026/07/28 13:58:34
ELMER SOLVER (v 26.2) STARTED AT: 2026/07/28 13:58:34
ELMER SOLVER (v 26.2) STARTED AT: 2026/07/28 13:58:34
ELMER SOLVER (v 26.2) STARTED AT: 2026/07/28 13:58:34
ELMER SOLVER (v 26.2) STARTED AT: 2026/07/28 13:58:34
ELMER SOLVER (v 26.2) STARTED AT: 2026/07/28 13:58:34
ELMER SOLVER (v 26.2) STARTED AT: 2026/07/28 13:58:34
ELMER SOLVER (v 26.2) STARTED AT: 2026/07/28 13:58:34
ELMER SOLVER (v 26.2) STARTED AT: 2026/07/28 13:58:34
ELMER SOLVER (v 26.2) STARTED AT: 2026/07/28 13:58:34
ELMER SOLVER (v 26.2) STARTED AT: 2026/07/28 13:58:34
ELMER SOLVER (v 26.2) STARTED AT: 2026/07/28 13:58:34
ELMER SOLVER (v 26.2) STARTED AT: 2026/07/28 13:58:34
ELMER SOLVER (v 26.2) STARTED AT: 2026/07/28 13:58:34
ELMER SOLVER (v 26.2) STARTED AT: 2026/07/28 13:58:34
ELMER SOLVER (v 26.2) STARTED AT: 2026/07/28 13:58:34
ELMER SOLVER (v 26.2) STARTED AT: 2026/07/28 13:58:34
ELMER SOLVER (v 26.2) STARTED AT: 2026/07/28 13:58:34
ELMER SOLVER (v 26.2) STARTED AT: 2026/07/28 13:58:34
ELMER SOLVER (v 26.2) STARTED AT: 2026/07/28 13:58:34
ELMER SOLVER (v 26.2) STARTED AT: 2026/07/28 13:58:34
ELMER SOLVER (v 26.2) STARTED AT: 2026/07/28 13:58:34
ELMER SOLVER (v 26.2) STARTED AT: 2026/07/28 13:58:34
ELMER SOLVER (v 26.2) STARTED AT: 2026/07/28 13:58:34
ELMER SOLVER (v 26.2) STARTED AT: 2026/07/28 13:58:34
ELMER SOLVER (v 26.2) STARTED AT: 2026/07/28 13:58:34
ELMER SOLVER (v 26.2) STARTED AT: 2026/07/28 13:58:34
ELMER SOLVER (v 26.2) STARTED AT: 2026/07/28 13:58:34
ELMER SOLVER (v 26.2) STARTED AT: 2026/07/28 13:58:34
ELMER SOLVER (v 26.2) STARTED AT: 2026/07/28 13:58:34
ELMER SOLVER (v 26.2) STARTED AT: 2026/07/28 13:58:34
ELMER SOLVER (v 26.2) STARTED AT: 2026/07/28 13:58:34
ELMER SOLVER (v 26.2) STARTED AT: 2026/07/28 13:58:34
ELMER SOLVER (v 26.2) STARTED AT: 2026/07/28 13:58:34
ELMER SOLVER (v 26.2) STARTED AT: 2026/07/28 13:58:34
ELMER SOLVER (v 26.2) STARTED AT: 2026/07/28 13:58:34
ELMER SOLVER (v 26.2) STARTED AT: 2026/07/28 13:58:34
ELMER SOLVER (v 26.2) STARTED AT: 2026/07/28 13:58:34
ELMER SOLVER (v 26.2) STARTED AT: 2026/07/28 13:58:34
ELMER SOLVER (v 26.2) STARTED AT: 2026/07/28 13:58:34
ELMER SOLVER (v 26.2) STARTED AT: 2026/07/28 13:58:34
ELMER SOLVER (v 26.2) STARTED AT: 2026/07/28 13:58:34
ELMER SOLVER (v 26.2) STARTED AT: 2026/07/28 13:58:34
ELMER SOLVER (v 26.2) STARTED AT: 2026/07/28 13:58:34
ELMER SOLVER (v 26.2) STARTED AT: 2026/07/28 13:58:34
ELMER SOLVER (v 26.2) STARTED AT: 2026/07/28 13:58:34
ELMER SOLVER (v 26.2) STARTED AT: 2026/07/28 13:58:34
ELMER SOLVER (v 26.2) STARTED AT: 2026/07/28 13:58:34
ELMER SOLVER (v 26.2) STARTED AT: 2026/07/28 13:58:34
ELMER SOLVER (v 26.2) STARTED AT: 2026/07/28 13:58:34
ELMER SOLVER (v 26.2) STARTED AT: 2026/07/28 13:58:34
ELMER SOLVER (v 26.2) STARTED AT: 2026/07/28 13:58:34
ELMER SOLVER (v 26.2) STARTED AT: 2026/07/28 13:58:34
ELMER SOLVER (v 26.2) STARTED AT: 2026/07/28 13:58:34
ELMER SOLVER (v 26.2) STARTED AT: 2026/07/28 13:58:34
ELMER SOLVER (v 26.2) STARTED AT: 2026/07/28 13:58:34
ELMER SOLVER (v 26.2) STARTED AT: 2026/07/28 13:58:34
ELMER SOLVER (v 26.2) STARTED AT: 2026/07/28 13:58:34
ELMER SOLVER (v 26.2) STARTED AT: 2026/07/28 13:58:34
ELMER SOLVER (v 26.2) STARTED AT: 2026/07/28 13:58:34
ELMER SOLVER (v 26.2) STARTED AT: 2026/07/28 13:58:34
ELMER SOLVER (v 26.2) STARTED AT: 2026/07/28 13:58:34
ELMER SOLVER (v 26.2) STARTED AT: 2026/07/28 13:58:34
ELMER SOLVER (v 26.2) STARTED AT: 2026/07/28 13:58:34
ELMER SOLVER (v 26.2) STARTED AT: 2026/07/28 13:58:34
ELMER SOLVER (v 26.2) STARTED AT: 2026/07/28 13:58:34
ELMER SOLVER (v 26.2) STARTED AT: 2026/07/28 13:58:34
ELMER SOLVER (v 26.2) STARTED AT: 2026/07/28 13:58:34
ELMER SOLVER (v 26.2) STARTED AT: 2026/07/28 13:58:34
ELMER SOLVER (v 26.2) STARTED AT: 2026/07/28 13:58:34
ELMER SOLVER (v 26.2) STARTED AT: 2026/07/28 13:58:34
ELMER SOLVER (v 26.2) STARTED AT: 2026/07/28 13:58:34
ELMER SOLVER (v 26.2) STARTED AT: 2026/07/28 13:58:34
ELMER SOLVER (v 26.2) STARTED AT: 2026/07/28 13:58:34
ELMER SOLVER (v 26.2) STARTED AT: 2026/07/28 13:58:34
ELMER SOLVER (v 26.2) STARTED AT: 2026/07/28 13:58:34
ELMER SOLVER (v 26.2) STARTED AT: 2026/07/28 13:58:34
ELMER SOLVER (v 26.2) STARTED AT: 2026/07/28 13:58:34
ELMER SOLVER (v 26.2) STARTED AT: 2026/07/28 13:58:34
ELMER SOLVER (v 26.2) STARTED AT: 2026/07/28 13:58:34
ELMER SOLVER (v 26.2) STARTED AT: 2026/07/28 13:58:34
ELMER SOLVER (v 26.2) STARTED AT: 2026/07/28 13:58:34
ELMER SOLVER (v 26.2) STARTED AT: 2026/07/28 13:58:34
ELMER SOLVER (v 26.2) STARTED AT: 2026/07/28 13:58:34
ELMER SOLVER (v 26.2) STARTED AT: 2026/07/28 13:58:34
ELMER SOLVER (v 26.2) STARTED AT: 2026/07/28 13:58:34
ELMER SOLVER (v 26.2) STARTED AT: 2026/07/28 13:58:34
ELMER SOLVER (v 26.2) STARTED AT: 2026/07/28 13:58:34
ELMER SOLVER (v 26.2) STARTED AT: 2026/07/28 13:58:34
ELMER SOLVER (v 26.2) STARTED AT: 2026/07/28 13:58:34
ELMER SOLVER (v 26.2) STARTED AT: 2026/07/28 13:58:34
ELMER SOLVER (v 26.2) STARTED AT: 2026/07/28 13:58:34
ELMER SOLVER (v 26.2) STARTED AT: 2026/07/28 13:58:34
ELMER SOLVER (v 26.2) STARTED AT: 2026/07/28 13:58:34
ELMER SOLVER (v 26.2) STARTED AT: 2026/07/28 13:58:34
ELMER SOLVER (v 26.2) STARTED AT: 2026/07/28 13:58:34
ELMER SOLVER (v 26.2) STARTED AT: 2026/07/28 13:58:34
ELMER SOLVER (v 26.2) STARTED AT: 2026/07/28 13:58:34
ELMER SOLVER (v 26.2) STARTED AT: 2026/07/28 13:58:34
ELMER SOLVER (v 26.2) STARTED AT: 2026/07/28 13:58:34
ELMER SOLVER (v 26.2) STARTED AT: 2026/07/28 13:58:34
ELMER SOLVER (v 26.2) STARTED AT: 2026/07/28 13:58:34
ELMER SOLVER (v 26.2) STARTED AT: 2026/07/28 13:58:34
ELMER SOLVER (v 26.2) STARTED AT: 2026/07/28 13:58:34
ELMER SOLVER (v 26.2) STARTED AT: 2026/07/28 13:58:34
ELMER SOLVER (v 26.2) STARTED AT: 2026/07/28 13:58:34
ELMER SOLVER (v 26.2) STARTED AT: 2026/07/28 13:58:34
ELMER SOLVER (v 26.2) STARTED AT: 2026/07/28 13:58:34
ELMER SOLVER (v 26.2) STARTED AT: 2026/07/28 13:58:34
ELMER SOLVER (v 26.2) STARTED AT: 2026/07/28 13:58:34
ELMER SOLVER (v 26.2) STARTED AT: 2026/07/28 13:58:34
ELMER SOLVER (v 26.2) STARTED AT: 2026/07/28 13:58:34
ELMER SOLVER (v 26.2) STARTED AT: 2026/07/28 13:58:34
ELMER SOLVER (v 26.2) STARTED AT: 2026/07/28 13:58:34
ELMER SOLVER (v 26.2) STARTED AT: 2026/07/28 13:58:34
ELMER SOLVER (v 26.2) STARTED AT: 2026/07/28 13:58:34
ELMER SOLVER (v 26.2) STARTED AT: 2026/07/28 13:58:34
ELMER SOLVER (v 26.2) STARTED AT: 2026/07/28 13:58:34
ELMER SOLVER (v 26.2) STARTED AT: 2026/07/28 13:58:34
ELMER SOLVER (v 26.2) STARTED AT: 2026/07/28 13:58:34
ELMER SOLVER (v 26.2) STARTED AT: 2026/07/28 13:58:34
ELMER SOLVER (v 26.2) STARTED AT: 2026/07/28 13:58:34
ELMER SOLVER (v 26.2) STARTED AT: 2026/07/28 13:58:34
ELMER SOLVER (v 26.2) STARTED AT: 2026/07/28 13:58:34
ELMER SOLVER (v 26.2) STARTED AT: 2026/07/28 13:58:34
ELMER SOLVER (v 26.2) STARTED AT: 2026/07/28 13:58:34
ELMER SOLVER (v 26.2) STARTED AT: 2026/07/28 13:58:34
ELMER SOLVER (v 26.2) STARTED AT: 2026/07/28 13:58:34
ELMER SOLVER (v 26.2) STARTED AT: 2026/07/28 13:58:34
ELMER SOLVER (v 26.2) STARTED AT: 2026/07/28 13:58:34
ELMER SOLVER (v 26.2) STARTED AT: 2026/07/28 13:58:34
ELMER SOLVER (v 26.2) STARTED AT: 2026/07/28 13:58:34
ELMER SOLVER (v 26.2) STARTED AT: 2026/07/28 13:58:34
ELMER SOLVER (v 26.2) STARTED AT: 2026/07/28 13:58:34
ELMER SOLVER (v 26.2) STARTED AT: 2026/07/28 13:58:34
ELMER SOLVER (v 26.2) STARTED AT: 2026/07/28 13:58:34
ELMER SOLVER (v 26.2) STARTED AT: 2026/07/28 13:58:34
ELMER SOLVER (v 26.2) STARTED AT: 2026/07/28 13:58:34
ELMER SOLVER (v 26.2) STARTED AT: 2026/07/28 13:58:34
ELMER SOLVER (v 26.2) STARTED AT: 2026/07/28 13:58:34
ELMER SOLVER (v 26.2) STARTED AT: 2026/07/28 13:58:34
ELMER SOLVER (v 26.2) STARTED AT: 2026/07/28 13:58:34
ELMER SOLVER (v 26.2) STARTED AT: 2026/07/28 13:58:34
ELMER SOLVER (v 26.2) STARTED AT: 2026/07/28 13:58:34
ELMER SOLVER (v 26.2) STARTED AT: 2026/07/28 13:58:34
ELMER SOLVER (v 26.2) STARTED AT: 2026/07/28 13:58:34
ELMER SOLVER (v 26.2) STARTED AT: 2026/07/28 13:58:34
ELMER SOLVER (v 26.2) STARTED AT: 2026/07/28 13:58:34
ELMER SOLVER (v 26.2) STARTED AT: 2026/07/28 13:58:34
ELMER SOLVER (v 26.2) STARTED AT: 2026/07/28 13:58:34
ELMER SOLVER (v 26.2) STARTED AT: 2026/07/28 13:58:34
ELMER SOLVER (v 26.2) STARTED AT: 2026/07/28 13:58:34
ELMER SOLVER (v 26.2) STARTED AT: 2026/07/28 13:58:34
ELMER SOLVER (v 26.2) STARTED AT: 2026/07/28 13:58:34
ELMER SOLVER (v 26.2) STARTED AT: 2026/07/28 13:58:34
ELMER SOLVER (v 26.2) STARTED AT: 2026/07/28 13:58:34
ELMER SOLVER (v 26.2) STARTED AT: 2026/07/28 13:58:34
ELMER SOLVER (v 26.2) STARTED AT: 2026/07/28 13:58:34
ELMER SOLVER (v 26.2) STARTED AT: 2026/07/28 13:58:34
ELMER SOLVER (v 26.2) STARTED AT: 2026/07/28 13:58:34
ELMER SOLVER (v 26.2) STARTED AT: 2026/07/28 13:58:34
ELMER SOLVER (v 26.2) STARTED AT: 2026/07/28 13:58:34
ELMER SOLVER (v 26.2) STARTED AT: 2026/07/28 13:58:34
ELMER SOLVER (v 26.2) STARTED AT: 2026/07/28 13:58:34
ELMER SOLVER (v 26.2) STARTED AT: 2026/07/28 13:58:34
ELMER SOLVER (v 26.2) STARTED AT: 2026/07/28 13:58:34
ELMER SOLVER (v 26.2) STARTED AT: 2026/07/28 13:58:34
ELMER SOLVER (v 26.2) STARTED AT: 2026/07/28 13:58:34
ELMER SOLVER (v 26.2) STARTED AT: 2026/07/28 13:58:34
ELMER SOLVER (v 26.2) STARTED AT: 2026/07/28 13:58:34
ELMER SOLVER (v 26.2) STARTED AT: 2026/07/28 13:58:34
ELMER SOLVER (v 26.2) STARTED AT: 2026/07/28 13:58:34
ELMER SOLVER (v 26.2) STARTED AT: 2026/07/28 13:58:34
ELMER SOLVER (v 26.2) STARTED AT: 2026/07/28 13:58:34
ELMER SOLVER (v 26.2) STARTED AT: 2026/07/28 13:58:34
ELMER SOLVER (v 26.2) STARTED AT: 2026/07/28 13:58:34
ELMER SOLVER (v 26.2) STARTED AT: 2026/07/28 13:58:34
ELMER SOLVER (v 26.2) STARTED AT: 2026/07/28 13:58:34
ELMER SOLVER (v 26.2) STARTED AT: 2026/07/28 13:58:34
ELMER SOLVER (v 26.2) STARTED AT: 2026/07/28 13:58:34
ELMER SOLVER (v 26.2) STARTED AT: 2026/07/28 13:58:34
ELMER SOLVER (v 26.2) STARTED AT: 2026/07/28 13:58:34
ELMER SOLVER (v 26.2) STARTED AT: 2026/07/28 13:58:34
ELMER SOLVER (v 26.2) STARTED AT: 2026/07/28 13:58:34
ELMER SOLVER (v 26.2) STARTED AT: 2026/07/28 13:58:34
ELMER SOLVER (v 26.2) STARTED AT: 2026/07/28 13:58:34
ELMER SOLVER (v 26.2) STARTED AT: 2026/07/28 13:58:34
ELMER SOLVER (v 26.2) STARTED AT: 2026/07/28 13:58:34
ELMER SOLVER (v 26.2) STARTED AT: 2026/07/28 13:58:34
ELMER SOLVER (v 26.2) STARTED AT: 2026/07/28 13:58:34
ELMER SOLVER (v 26.2) STARTED AT: 2026/07/28 13:58:34
ELMER SOLVER (v 26.2) STARTED AT: 2026/07/28 13:58:34
ELMER SOLVER (v 26.2) STARTED AT: 2026/07/28 13:58:34
ELMER SOLVER (v 26.2) STARTED AT: 2026/07/28 13:58:34
ELMER SOLVER (v 26.2) STARTED AT: 2026/07/28 13:58:34
ELMER SOLVER (v 26.2) STARTED AT: 2026/07/28 13:58:34
ELMER SOLVER (v 26.2) STARTED AT: 2026/07/28 13:58:34
ELMER SOLVER (v 26.2) STARTED AT: 2026/07/28 13:58:34
ELMER SOLVER (v 26.2) STARTED AT: 2026/07/28 13:58:34
ELMER SOLVER (v 26.2) STARTED AT: 2026/07/28 13:58:34
ELMER SOLVER (v 26.2) STARTED AT: 2026/07/28 13:58:34
ELMER SOLVER (v 26.2) STARTED AT: 2026/07/28 13:58:34
ELMER SOLVER (v 26.2) STARTED AT: 2026/07/28 13:58:34
ELMER SOLVER (v 26.2) STARTED AT: 2026/07/28 13:58:34
ELMER SOLVER (v 26.2) STARTED AT: 2026/07/28 13:58:34
ELMER SOLVER (v 26.2) STARTED AT: 2026/07/28 13:58:34
ELMER SOLVER (v 26.2) STARTED AT: 2026/07/28 13:58:34
ELMER SOLVER (v 26.2) STARTED AT: 2026/07/28 13:58:34
ELMER SOLVER (v 26.2) STARTED AT: 2026/07/28 13:58:34
ELMER SOLVER (v 26.2) STARTED AT: 2026/07/28 13:58:34
ELMER SOLVER (v 26.2) STARTED AT: 2026/07/28 13:58:34
ELMER SOLVER (v 26.2) STARTED AT: 2026/07/28 13:58:34
ELMER SOLVER (v 26.2) STARTED AT: 2026/07/28 13:58:34
ELMER SOLVER (v 26.2) STARTED AT: 2026/07/28 13:58:34
ELMER SOLVER (v 26.2) STARTED AT: 2026/07/28 13:58:34
ELMER SOLVER (v 26.2) STARTED AT: 2026/07/28 13:58:34
ELMER SOLVER (v 26.2) STARTED AT: 2026/07/28 13:58:34
ELMER SOLVER (v 26.2) STARTED AT: 2026/07/28 13:58:34
ELMER SOLVER (v 26.2) STARTED AT: 2026/07/28 13:58:34
ELMER SOLVER (v 26.2) STARTED AT: 2026/07/28 13:58:34
ELMER SOLVER (v 26.2) STARTED AT: 2026/07/28 13:58:34
ELMER SOLVER (v 26.2) STARTED AT: 2026/07/28 13:58:34
ELMER SOLVER (v 26.2) STARTED AT: 2026/07/28 13:58:34
ELMER SOLVER (v 26.2) STARTED AT: 2026/07/28 13:58:34
ELMER SOLVER (v 26.2) STARTED AT: 2026/07/28 13:58:34
ELMER SOLVER (v 26.2) STARTED AT: 2026/07/28 13:58:34
ELMER SOLVER (v 26.2) STARTED AT: 2026/07/28 13:58:34
ELMER SOLVER (v 26.2) STARTED AT: 2026/07/28 13:58:34
ELMER SOLVER (v 26.2) STARTED AT: 2026/07/28 13:58:34
ELMER SOLVER (v 26.2) STARTED AT: 2026/07/28 13:58:34
ELMER SOLVER (v 26.2) STARTED AT: 2026/07/28 13:58:34
ELMER SOLVER (v 26.2) STARTED AT: 2026/07/28 13:58:34
ELMER SOLVER (v 26.2) STARTED AT: 2026/07/28 13:58:34
ELMER SOLVER (v 26.2) STARTED AT: 2026/07/28 13:58:34
ELMER SOLVER (v 26.2) STARTED AT: 2026/07/28 13:58:34
ELMER SOLVER (v 26.2) STARTED AT: 2026/07/28 13:58:34
ELMER SOLVER (v 26.2) STARTED AT: 2026/07/28 13:58:34
ELMER SOLVER (v 26.2) STARTED AT: 2026/07/28 13:58:34
ELMER SOLVER (v 26.2) STARTED AT: 2026/07/28 13:58:34
ELMER SOLVER (v 26.2) STARTED AT: 2026/07/28 13:58:34
ELMER SOLVER (v 26.2) STARTED AT: 2026/07/28 13:58:34
ELMER SOLVER (v 26.2) STARTED AT: 2026/07/28 13:58:34
ELMER SOLVER (v 26.2) STARTED AT: 2026/07/28 13:58:34
ELMER SOLVER (v 26.2) STARTED AT: 2026/07/28 13:58:34
ELMER SOLVER (v 26.2) STARTED AT: 2026/07/28 13:58:34
ELMER SOLVER (v 26.2) STARTED AT: 2026/07/28 13:58:34
ELMER SOLVER (v 26.2) STARTED AT: 2026/07/28 13:58:34
ELMER SOLVER (v 26.2) STARTED AT: 2026/07/28 13:58:34
ELMER SOLVER (v 26.2) STARTED AT: 2026/07/28 13:58:34
ELMER SOLVER (v 26.2) STARTED AT: 2026/07/28 13:58:34
ELMER SOLVER (v 26.2) STARTED AT: 2026/07/28 13:58:34
ELMER SOLVER (v 26.2) STARTED AT: 2026/07/28 13:58:34
ELMER SOLVER (v 26.2) STARTED AT: 2026/07/28 13:58:34
ELMER SOLVER (v 26.2) STARTED AT: 2026/07/28 13:58:34
ELMER SOLVER (v 26.2) STARTED AT: 2026/07/28 13:58:34
ELMER SOLVER (v 26.2) STARTED AT: 2026/07/28 13:58:34
ELMER SOLVER (v 26.2) STARTED AT: 2026/07/28 13:58:34
ELMER SOLVER (v 26.2) STARTED AT: 2026/07/28 13:58:34
ELMER SOLVER (v 26.2) STARTED AT: 2026/07/28 13:58:34
ELMER SOLVER (v 26.2) STARTED AT: 2026/07/28 13:58:34
ELMER SOLVER (v 26.2) STARTED AT: 2026/07/28 13:58:34
ELMER SOLVER (v 26.2) STARTED AT: 2026/07/28 13:58:34
ELMER SOLVER (v 26.2) STARTED AT: 2026/07/28 13:58:34
ELMER SOLVER (v 26.2) STARTED AT: 2026/07/28 13:58:34
ELMER SOLVER (v 26.2) STARTED AT: 2026/07/28 13:58:34
ELMER SOLVER (v 26.2) STARTED AT: 2026/07/28 13:58:34
ELMER SOLVER (v 26.2) STARTED AT: 2026/07/28 13:58:34
ELMER SOLVER (v 26.2) STARTED AT: 2026/07/28 13:58:34
ELMER SOLVER (v 26.2) STARTED AT: 2026/07/28 13:58:34
ELMER SOLVER (v 26.2) STARTED AT: 2026/07/28 13:58:34
ELMER SOLVER (v 26.2) STARTED AT: 2026/07/28 13:58:34
ELMER SOLVER (v 26.2) STARTED AT: 2026/07/28 13:58:35
ELMER SOLVER (v 26.2) STARTED AT: 2026/07/28 13:58:35
ELMER SOLVER (v 26.2) STARTED AT: 2026/07/28 13:58:35
ELMER SOLVER (v 26.2) STARTED AT: 2026/07/28 13:58:35
ELMER SOLVER (v 26.2) STARTED AT: 2026/07/28 13:58:35
ELMER SOLVER (v 26.2) STARTED AT: 2026/07/28 13:58:35
ELMER SOLVER (v 26.2) STARTED AT: 2026/07/28 13:58:35
ELMER SOLVER (v 26.2) STARTED AT: 2026/07/28 13:58:35
ELMER SOLVER (v 26.2) STARTED AT: 2026/07/28 13:58:35
ELMER SOLVER (v 26.2) STARTED AT: 2026/07/28 13:58:35
ELMER SOLVER (v 26.2) STARTED AT: 2026/07/28 13:58:35
ELMER SOLVER (v 26.2) STARTED AT: 2026/07/28 13:58:35
ELMER SOLVER (v 26.2) STARTED AT: 2026/07/28 13:58:35
ELMER SOLVER (v 26.2) STARTED AT: 2026/07/28 13:58:35
ELMER SOLVER (v 26.2) STARTED AT: 2026/07/28 13:58:35
ELMER SOLVER (v 26.2) STARTED AT: 2026/07/28 13:58:35
ELMER SOLVER (v 26.2) STARTED AT: 2026/07/28 13:58:35
ELMER SOLVER (v 26.2) STARTED AT: 2026/07/28 13:58:35
ELMER SOLVER (v 26.2) STARTED AT: 2026/07/28 13:58:35
ELMER SOLVER (v 26.2) STARTED AT: 2026/07/28 13:58:35
ELMER SOLVER (v 26.2) STARTED AT: 2026/07/28 13:58:35
ELMER SOLVER (v 26.2) STARTED AT: 2026/07/28 13:58:35
ELMER SOLVER (v 26.2) STARTED AT: 2026/07/28 13:58:35
ELMER SOLVER (v 26.2) STARTED AT: 2026/07/28 13:58:35
ELMER SOLVER (v 26.2) STARTED AT: 2026/07/28 13:58:35
ELMER SOLVER (v 26.2) STARTED AT: 2026/07/28 13:58:35
ELMER SOLVER (v 26.2) STARTED AT: 2026/07/28 13:58:35
ELMER SOLVER (v 26.2) STARTED AT: 2026/07/28 13:58:35
ELMER SOLVER (v 26.2) STARTED AT: 2026/07/28 13:58:35
ELMER SOLVER (v 26.2) STARTED AT: 2026/07/28 13:58:35
ELMER SOLVER (v 26.2) STARTED AT: 2026/07/28 13:58:35
ELMER SOLVER (v 26.2) STARTED AT: 2026/07/28 13:58:35
ELMER SOLVER (v 26.2) STARTED AT: 2026/07/28 13:58:35
ELMER SOLVER (v 26.2) STARTED AT: 2026/07/28 13:58:35
ELMER SOLVER (v 26.2) STARTED AT: 2026/07/28 13:58:35
ELMER SOLVER (v 26.2) STARTED AT: 2026/07/28 13:58:35
ELMER SOLVER (v 26.2) STARTED AT: 2026/07/28 13:58:35
ELMER SOLVER (v 26.2) STARTED AT: 2026/07/28 13:58:35
ELMER SOLVER (v 26.2) STARTED AT: 2026/07/28 13:58:35
ELMER SOLVER (v 26.2) STARTED AT: 2026/07/28 13:58:35
ELMER SOLVER (v 26.2) STARTED AT: 2026/07/28 13:58:35
ELMER SOLVER (v 26.2) STARTED AT: 2026/07/28 13:58:35
ELMER SOLVER (v 26.2) STARTED AT: 2026/07/28 13:58:35
ELMER SOLVER (v 26.2) STARTED AT: 2026/07/28 13:58:35
ELMER SOLVER (v 26.2) STARTED AT: 2026/07/28 13:58:35
ELMER SOLVER (v 26.2) STARTED AT: 2026/07/28 13:58:35
ELMER SOLVER (v 26.2) STARTED AT: 2026/07/28 13:58:35
ELMER SOLVER (v 26.2) STARTED AT: 2026/07/28 13:58:35
ELMER SOLVER (v 26.2) STARTED AT: 2026/07/28 13:58:35
ELMER SOLVER (v 26.2) STARTED AT: 2026/07/28 13:58:35
 2
 2
 2
 2
 2
 2
 2
 2
 2
 2
 2
 2
 2
 2
 2
 2
 2
 2
 2
 2
 2
 2
 2
 2
 2
 2
 2
 2
 2
 2
 2
 2
 2
 2
 2
 2
 2
 2
 2
 2
 2
 2
 2
 2
 2
 2
 2
 2
 2
 2
 2
 2
 2
 2
 2
 2
 2
 2
 2
 2
 2
 2
 2
 2
 2
 2
 2
 2
 2
 2
 2
 2
 2
 2
 2
 2
 2
 2
 2
 2
 2
 2
 2
 2
 2
 2
 2
 2
 2
 2
 2
 2
 2
 2
 2
 2
 2
 2
 2
 2
 2
 2
 2
 2
 2
 2
 2
 2
 2
 2
 2
 2
 2
 2
 2
 2
 2
 2
 2
 2
 2
 2
 2
 2
 2
 2
 2
 2
 2
 2
 2
 2
 2
 2
 2
 2
 2
 2
 2
 2
 2
 2
 2
 2
 2
 2
 2
 2
 2
 2
 2
 2
 2
 2
 2
 2
 2
 2
 2
 2
 2
 2
 2
 2
 2
 2
 2
 2
 2
 2
 2
 2
 2
 2
 2
 2
 2
 2
 2
 2
 2
 2
 2
 2
 2
 2
 2
 2
 2
 2
 2
 2
 2
 2
 2
 2
 2
 2
 2
 2
 2
 2
 2
 2
 2
 2
 2
 2
 2
 2
 2
 2
 2
 2
 2
 2
 2
 2
 2
 2
 2
 2
 2
 2
 2
 2
 2
 2
 2
 2
 2
 2
 2
 2
 2
 2
 2
 2
 2
 2
 2
 2
 2
 2
 2
 2
 2
 2
 2
 2
 2
 2
 2
 2
 2
 2
 2
 2
 2
 2
 2
 2
 2
 2
 2
 2
 2
 2
 2
 2
 2
 2
 2
 2
 2
 2
 2
 2
 2
 2
 2
 2
 2
 2
 2
 2
 2
 2
 2
 2
 2
 2
 2
 2
 2
 2
 2
 2
 2
 2
 2
 2
 2
 2
 2
 2
 2
 2
 2
 2
 2
 2
 2
 2
 2
 2
 2
 2
 2
 2
 2
 2
 2
 2
 2
 2
 2
 2
 2
 2
 2
 2
 2
 2
 2
 2
 2
 2
 2
 2
 2
 2
 2
 2
 2
 2
 2
 2
 2
 2
 2
 2
 2
 2
 2
 2
 2
 2
 2
 2
 2
 2
 2
 2
 2
 2
 2
 2
 2
 2
 2
 2
 2
 2
 2
 2
 2
 2
 2
 2
 2
 2
 2
 2
 2
 2
 2
 2
 2
 2
 2
 2
 2
 2
 2
 2
 2
 2
 2
 2
 2
 2
 2
 2
 2
 2
 2
 2
 2
 2
 2
 2
 2
 2
 2
 2
 2
 2
 2
 2
 2
 2
 2
 2
 2
 2
 2
 2
 2
 2
 2
 2
 2
 2
 2
 2
 2
 2
 2
 2
 2
 2
 2
 2
 2
 2
 2
 2
 2
 2
 2
 2
 2
 2
 2
 2
 2
 2
 2
 2
 2
 2
 2
 2
 2
 2
 2
 2
 2
 2
 2
 2
 2
 2
 2
 2
 2
 2
 2
 2
 2
 2
 2
 2
 2
 2
 2
 2
 2
 2
 2
 2
 2
 2
 2
 2
 2
 2
 2
 2
 2
 2
 2
 2
 2
 2
 2
 2
 2
 2
 2
 2
 2
 2
 2
 2
 2
 2
 2
 2
 2
 2
 2
 2
 2
 2
 2
 2
 2
 2
 2
 2
 2
 2
 2
 2
 2
 2
 2
 2
 2
 2
 2
 2
 2
 2
 2
 2
 2
 2
 2
 2
 2
 2
 2
 2
 2
 2
 2
 2
 2
 2
 2
 2
 2
 2
 2
 2
 2
 2
 2
 2
 2
 2
 2
 2
 2
 2
 2
 2
 2
 2
 2
ParCommInit: Initialize #PEs: 1536
 2
 2
 2
 2
 2
 2
 2
 2
 2
 2
 2
 2
 2
 2
 2
 2
 2
 2
 2
 2
 2
 2
 2
 2
 2
 2
 2
 2
 2
 2
 2
 2
 2
 2
 2
 2
 2
 2
 2
 2
 2
 2
 2
 2
 2
 2
 2
 2
 2
 2
 2
 2
 2
 2
 2
 2
 2
 2
 2
 2
 2
 2
 2
 2
 2
 2
 2
 2
 2
 2
 2
 2
 2
 2
 2
 2
 2
 2
 2
 2
 2
 2
 2
 2
 2
 2
 2
 2
 2
 2
 2
 2
 2
 2
 2
 2
 2
 2
 2
 2
 2
 2
 2
 2
 2
 2
 2
 2
 2
 2
 2
 2
 2
 2
 2
 2
 2
 2
 2
 2
 2
 2
 2
 2
 2
 2
 2
 2
 2
 2
 2
 2
 2
 2
 2
 2
 2
 2
 2
 2
 2
 2
 2
 2
 2
 2
 2
 2
 2
 2
 2
 2
 2
 2
 2
 2
 2
 2
 2
 2
 2
 2
 2
 2
 2
 2
 2
 2
 2
 2
 2
 2
 2
 2
 2
 2
 2
 2
 2
 2
 2
 2
 2
 2
 2
 2
 2
 2
 2
 2
 2
 2
 2
 2
 2
 2
 2
 2
 2
 2
 2
 2
 2
 2
 2
 2
 2
 2
 2
 2
 2
 2
 2
 2
 2
 2
 2
 2
 2
 2
 2
 2
 2
 2
 2
 2
 2
 2
 2
 2
 2
 2
 2
 2
 2
 2
 2
 2
 2
 2
 2
 2
 2
 2
 2
 2
 2
 2
 2
 2
 2
 2
 2
 2
 2
 2
 2
 2
 2
 2
 2
 2
 2
 2
 2
 2
 2
 2
 2
 2
 2
 2
 2
 2
 2
 2
 2
 2
 2
 2
 2
 2
 2
 2
 2
 2
 2
 2
 2
 2
 2
 2
 2
 2
 2
 2
 2
 2
 2
 2
 2
 2
 2
 2
 2
 2
 2
 2
 2
 2
 2
 2
 2
 2
 2
 2
 2
 2
 2
 2
 2
 2
 2
 2
 2
 2
 2
 2
 2
 2
 2
 2
 2
 2
 2
 2
 2
 2
 2
 2
 2
 2
 2
 2
 2
 2
 2
 2
 2
 2
 2
 2
 2
 2
 2
 2
 2
 2
 2
 2
 2
 2
 2
 2
 2
 2
 2
 2
 2
 2
 2
 2
 2
 2
 2
 2
 2
 2
 2
 2
 2
 2
 2
 2
 2
 2
 2
 2
 2
 2
 2
 2
 2
 2
 2
 2
 2
 2
 2
 2
 2
 2
 2
 2
 2
 2
 2
 2
 2
 2
 2
 2
 2
 2
 2
 2
 2
 2
 2
 2
 2
 2
 2
 2
 2
 2
 2
 2
 2
 2
 2
 2
 2
 2
 2
 2
 2
 2
 2
 2
 2
 2
 2
 2
 2
 2
 2
 2
 2
 2
 2
 2
 2
 2
 2
 2
 2
 2
 2
 2
 2
 2
 2
 2
 2
 2
 2
 2
 2
 2
 2
 2
 2
 2
 2
 2
 2
 2
 2
 2
 2
 2
 2
 2
 2
 2
 2
 2
 2
 2
 2
 2
 2
 2
 2
 2
 2
 2
 2
 2
 2
 2
 2
 2
 2
 2
 2
 2
 2
 2
 2
 2
 2
 2
 2
 2
 2
 2
 2
 2
 2
 2
 2
 2
 2
 2
 2
 2
 2
 2
 2
 2
 2
 2
 2
 2
 2
 2
 2
 2
 2
 2
 2
 2
 2
 2
 2
 2
 2
 2
 2
 2
 2
 2
 2
 2
 2
 2
 2
 2
ParCommInit: Initialize #PEs: 1536
 2
 2
 2
 2
 2
 2
 2
 2
 2
 2
 2
 2
 2
 2
 2
 2
 2
 2
 2
 2
 2
 2
 2
 2
 2
 2
 2
 2
 2
 2
 2
 2
 2
 2
 2
 2
 2
 2
 2
 2
 2
 2
 2
 2
 2
 2
 2
 2
 2
 2
 2
 2
 2
 2
 2
 2
 2
 2
 2
 2
 2
 2
 2
 2
 2
 2
 2
 2
 2
 2
 2
 2
 2
 2
 2
 2
 2
 2
 2
 2
 2
 2
 2
 2
 2
 2
 2
 2
 2
 2
 2
 2
 2
 2
 2
 2
 2
 2
 2
 2
 2
 2
 2
 2
 2
 2
 2
 2
 2
 2
 2
 2
 2
 2
 2
 2
 2
 2
 2
 2
 2
 2
 2
 2
 2
 2
 2
 2
 2
 2
 2
 2
 2
 2
 2
 2
 2
 2
 2
 2
 2
 2
 2
 2
 2
 2
 2
 2
 2
 2
 2
 2
 2
 2
 2
 2
 2
 2
 2
 2
 2
 2
 2
 2
 2
 2
 2
 2
 2
 2
 2
 2
 2
 2
 2
 2
 2
 2
 2
 2
 2
 2
 2
 2
 2
 2
 2
 2
 2
 2
 2
 2
 2
 2
 2
 2
 2
 2
 2
 2
 2
 2
 2
 2
 2
 2
 2
 2
 2
 2
 2
 2
 2
 2
 2
 2
 2
 2
 2
 2
 2
 2
 2
 2
 2
 2
 2
 2
 2
 2
 2
 2
 2
 2
 2
 2
 2
 2
 2
 2
 2
 2
 2
 2
 2
 2
 2
 2
 2
 2
 2
 2
 2
 2
 2
 2
 2
 2
 2
 2
 2
 2
 2
 2
 2
 2
 2
 2
 2
 2
 2
 2
 2
 2
 2
 2
 2
 2
 2
 2
 2
 2
 2
 2
 2
 2
 2
 2
 2
 2
 2
 2
 2
 2
 2
 2
 2
 2
 2
 2
 2
 2
 2
 2
 2
 2
 2
 2
 2
 2
 2
 2
 2
 2
 2
 2
 2
 2
 2
 2
 2
 2
 2
 2
 2
 2
 2
 2
 2
 2
 2
 2
 2
 2
 2
 2
 2
 2
 2
 2
 2
 2
 2
 2
 2
 2
 2
 2
 2
 2
 2
 2
 2
 2
 2
 2
 2
 2
ParCommInit: Initialize #PEs: 1536
 2
 2
 2
 2
 2
 2
 2
 2
 2
ParCommInit: Initialize #PEs: 1536
 2
MAIN: Read 2 integer parameters from command line!
 2
 2
 2
 2
 2
 2
 2
 2
 2
 2
 2
 2
 2
 2
 2
 2
 2
 2
 2
 2
MAIN: 
MAIN: =============================================================
MAIN: ElmerSolver finite element software, Welcome!
MAIN: This program is free software licensed under (L)GPL
MAIN: Copyright 1st April 1995 - , CSC - IT Center for Science Ltd.
MAIN: Webpage http://www.csc.fi/elmer, Email elmeradm@csc.fi
MAIN: Version: 26.2-unknown (Rev: a19504ac5, Compiled: 2026-06-16)
MAIN:  Running in parallel using 1536 tasks.
 2
MAIN:  Running with just one thread per task.
MAIN:  HYPRE library linked in.
MAIN:  MUMPS library linked in.
MAIN:  Lua interpreter linked in.
MAIN:  Zoltan library linked in.
MAIN:  ADIOS2 library linked in.
MAIN: =============================================================
 2
 2
 2
 2
MAIN: 
MAIN: 
MAIN: -------------------------------------
MAIN: Reading Model: case_cpu_367273.sif
LoadInputFile: Scanning input file: case_cpu_367273.sif
LoadInputFile: Scanning only size info
LoadInputFile: First time visiting
LoadInputFile: Reading base load of sif file
OpenIncludeFile: Trying to include file: linsys_367273.sif
CheckKeyword: Found keyword type assuming suffix 1 for: operator 2
CheckKeyword: Found keyword type assuming suffix 1 for: operator 2
CheckKeyword: Found keyword type assuming suffix 1 for: operator 3
CheckKeyword: Found keyword type assuming suffix 1 for: operator 3
CheckKeyword: Found keyword type assuming suffix 1 for: operator 4
CheckKeyword: Found keyword type assuming suffix 1 for: operator 4
CheckKeyword: Found keyword type assuming suffix 1 for: operator 5
CheckKeyword: Found keyword type assuming suffix 1 for: operator 5
LoadInputFile: Loading input file: case_cpu_367273.sif
LoadInputFile: Reading base load of sif file
OpenIncludeFile: Trying to include file: linsys_367273.sif
CheckKeyword: Found keyword type assuming suffix 1 for: operator 2
CheckKeyword: Found keyword type assuming suffix 1 for: operator 2
CheckKeyword: Found keyword type assuming suffix 1 for: operator 3
CheckKeyword: Found keyword type assuming suffix 1 for: operator 3
CheckKeyword: Found keyword type assuming suffix 1 for: operator 4
CheckKeyword: Found keyword type assuming suffix 1 for: operator 4
CheckKeyword: Found keyword type assuming suffix 1 for: operator 5
CheckKeyword: Found keyword type assuming suffix 1 for: operator 5
CheckKeyword:  Unlisted keyword: [line marker] in section: [solver 2]
LoadInputFile: Number of BCs: 3
LoadInputFile: Number of Body Forces: 0
LoadInputFile: Number of Initial Conditions: 0
LoadInputFile: Number of Materials: 1
LoadInputFile: Number of Equations: 1
LoadInputFile: Number of Solvers: 2
LoadInputFile: Number of Bodies: 1
Loading user function library: [StressSolve]...[StressSolver_Init0]
Loading user function library: [SaveData]...[SaveScalars_Init0]
Loading user function library: [SaveData]...[SaveScalars_Init0]
LoadMesh: Loading parallel mesh for 1536 partitions
ElmerMeshReader: Performing step: 1
ElmerMeshReader: Base mesh name: ./winkel
ReadHeaderFile: Reading header info from file: ./winkel/partitioning.1536/part.1.header
InitializeMesh: Number of nodes in mesh: 61
InitializeMesh: Number of bulk elements in mesh: 21
InitializeMesh: Number of boundary elements in mesh: 0
InitializeMesh: Initial number of max element nodes: 8
ElmerMeshReader: Performing step: 2
ReadNodesFile: Reading nodes from file: ./winkel/partitioning.1536/part.1.nodes
SetMeshDimension: Dimension of mesh is: 3
SetMeshDimension: Max dimension of mesh is: 3
ElmerMeshReader: Performing step: 3
ReadElementsFile: Reading bulk elements from file: ./winkel/partitioning.1536/part.1.elements
ElmerMeshReader: Performing step: 4
ReadBoundaryFile: Reading boundary elements from file: ./winkel/partitioning.1536/part.1.boundary
PermuteNodeNumbering: Performing node mapping
MapBodiesAndBCs: Skipping remapping of bodies
ElmerMeshReader: Performing step: 5
ReadSharedFile: Reading nodes from file: ./winkel/partitioning.1536/part.1.shared
ElmerMeshReader: Performing step: 6
LoadMesh: Loading mesh done
NonNodalElements: Element dofs max: 8
SParFaceNumbering: Elapsed REAL time:     0.0001 (s)
SParEdgeNumbering: Elapsed REAL time:     0.0000 (s)
ParallelNonNodalElements: Number of initial nodes: 61
ParallelNonNodalElements: Number of initial faces: 0
ParallelNonNodalElements: Number of initial edges: 0
ParallelNonNodalElements: Number of shared nodes: 58
ParallelNonNodalElements: Number of owned shared nodes: 19
ParallelNonNodal: Elapsed REAL time:     0.0002 (s)
LoadMesh: Preparing mesh done
LoadMesh: Elapsed REAL time:     5.6827 (s)
LoadModel: Creating hierarchy of meshes by mesh multiplication: 3
LoadModel: Keeping number of meshes: 3
LoadModel: Performing splitting at level: 2
SplitMeshEqual: Mesh splitting works for first order elements 303, 404, 504, (706) and 808.
FindMeshEdges: Determining faces in 3D mesh
FindMeshFaces3D: Finding mesh faces in 3D mesh
FindMeshFaces3D: Number of faces found: 91
FindMeshEdges: Determining edges in 3D mesh
FindMeshEdges3D: Finding mesh edges in 3D mesh
FindMeshEdges3D: Number of edges found: 130
SplitMeshEqual: ******** Old mesh ********
SplitMeshEqual:  Nodes             :           61
SplitMeshEqual:  Bulk elements     :           21
SplitMeshEqual:  Boundary elements :            0
SplitMeshEqual:  Edges             :          130
SplitMeshEqual:  Faces             :           91
SplitMeshEqual: Added 91 nodes in the center of faces
SplitMeshEqual: Added 21 nodes in the center of bulks
SplitMeshEqual: Added edge centers to the nodes list.
SplitMeshEqual: Added face centers to the nodes list.
SplitMeshEqual: Added quad and brick centers to the nodes list.
SplitMeshEqual:  Count of new elements :          168
SplitMeshEqual: New mesh allocated.
SplitMeshEqual: Array for bulk elements allocated.
SplitMeshEqual: ******** New mesh ********
SplitMeshEqual:  Nodes             :          303
SplitMeshEqual:  Bulk elements     :          168
SplitMeshEqual:  Boundary elements :            0
SplitMeshEqual: Elapsed REAL time:     0.0001 (s)
SParIterGlobalNumbering:  Numbering seems consistent, advancing...
ParallelGlobalNumbering: Elapsed REAL time:     0.3546 (s)
ReleaseMeshFaceTables: Releasing number of faces: 91
SetMeshDimension: Dimension of mesh is: 3
SetMeshDimension: Max dimension of mesh is: 3
NonNodalElements: Element dofs max: 8
SParFaceNumbering: Elapsed REAL time:     0.0000 (s)
SParEdgeNumbering: Elapsed REAL time:     0.0000 (s)
ParallelNonNodalElements: Number of initial nodes: 303
ParallelNonNodalElements: Number of initial faces: 0
ParallelNonNodalElements: Number of initial edges: 0
ParallelNonNodalElements: Number of shared nodes: 226
ParallelNonNodalElements: Number of owned shared nodes: 187
ParallelNonNodal: Elapsed REAL time:     0.0000 (s)
LoadModel: Performing splitting at level: 3
SplitMeshEqual: Mesh splitting works for first order elements 303, 404, 504, (706) and 808.
FindMeshEdges: Determining faces in 3D mesh
FindMeshFaces3D: Finding mesh faces in 3D mesh
FindMeshFaces3D: Number of faces found: 616
FindMeshEdges: Determining edges in 3D mesh
FindMeshEdges3D: Finding mesh edges in 3D mesh
FindMeshEdges3D: Number of edges found: 750
SplitMeshEqual: ******** Old mesh ********
SplitMeshEqual:  Nodes             :          303
SplitMeshEqual:  Bulk elements     :          168
SplitMeshEqual:  Boundary elements :            0
SplitMeshEqual:  Edges             :          750
SplitMeshEqual:  Faces             :          616
SplitMeshEqual: Added 616 nodes in the center of faces
SplitMeshEqual: Added 168 nodes in the center of bulks
SplitMeshEqual: Added edge centers to the nodes list.
SplitMeshEqual: Added face centers to the nodes list.
SplitMeshEqual: Added quad and brick centers to the nodes list.
SplitMeshEqual:  Count of new elements :         1344
SplitMeshEqual: New mesh allocated.
SplitMeshEqual: Array for bulk elements allocated.
SplitMeshEqual: ******** New mesh ********
SplitMeshEqual:  Nodes             :         1837
SplitMeshEqual:  Bulk elements     :         1344
SplitMeshEqual:  Boundary elements :            0
SplitMeshEqual: Elapsed REAL time:     0.0003 (s)
SParIterGlobalNumbering:  Numbering seems consistent, advancing...
ParallelGlobalNumbering: Elapsed REAL time:     0.0341 (s)
ReleaseMeshFaceTables: Releasing number of faces: 616
SetMeshDimension: Dimension of mesh is: 3
SetMeshDimension: Max dimension of mesh is: 3
NonNodalElements: Element dofs max: 8
SParFaceNumbering: Elapsed REAL time:     0.0000 (s)
SParEdgeNumbering: Elapsed REAL time:     0.0000 (s)
ParallelNonNodalElements: Number of initial nodes: 1837
ParallelNonNodalElements: Number of initial faces: 0
ParallelNonNodalElements: Number of initial edges: 0
ParallelNonNodalElements: Number of shared nodes: 898
ParallelNonNodalElements: Number of owned shared nodes: 859
ParallelNonNodal: Elapsed REAL time:     0.0000 (s)
MeshStabParams: Computing stabilization parameters
MeshStabParams: Elapsed REAL time:     0.0002 (s)
MeshStabParams: Computing stabilization parameters
MeshStabParams: Elapsed REAL time:     0.0000 (s)
MeshStabParams: Computing stabilization parameters
MeshStabParams: Elapsed REAL time:     0.0000 (s)
CompleteModelKeywords: Completing keywords for mortars and mechanics!
MAIN: -------------------------------------
AddMeshCoordinates: Setting mesh coordinates and time
VariableAdd: Adding variable > Coordinate 1 < of size 1837
VariableAdd: Adding variable > Coordinate 2 < of size 1837
VariableAdd: Adding variable > Coordinate 3 < of size 1837
VariableAdd: Adding variable > Coordinate 1 < of size 303
VariableAdd: Adding variable > Coordinate 2 < of size 303
VariableAdd: Adding variable > Coordinate 3 < of size 303
VariableAdd: Adding variable > Coordinate 1 < of size 61
VariableAdd: Adding variable > Coordinate 2 < of size 61
VariableAdd: Adding variable > Coordinate 3 < of size 61
AddSolvers: Setting up 2 solvers
AddSolvers: Setting up solver 1: linelast
AddEquationBasics: Using procedure: StressSolve StressSolver
AddEquationBasics: Setting up solver: linelast
Loading user function library: [StressSolve]...[StressSolver_Init]
AddEquationBasics: Checking for _init solver
StressSolve_init: --------------------------------------------------
StressSolve_init: Solving displacements from linear elasticity model
StressSolve_init: --------------------------------------------------
Loading user function library: [StressSolve]...[StressSolver_bulk]
Loading user function library: [StressSolve]...[StressSolver_bulk]
AddEquationBasics: Checking for _bulk solver
Loading user function library: [StressSolve]...[StressSolver]
AddEquationBasics: Treating variable string: -dofs 3 displacement
AddEquationBasics: Creating standard variable: displacement
AddEquationBasics: Computing size of permutation vector
AddEquationBasics: Maximum size of permutation vector is: 1837
AddEquationBasics: Creating solver matrix topology
CreateMatrix: Creating initial permutation
CreateMatrix: Creating inverse of initial order of size: 1837
CreateMatrix: Creating list matrix for equation: linelast
MakeListMatrix: Creating list matrix
OptimizeBandwidth: ---------------------------------------------------------
OptimizeBandwidth: Computing matrix structure for: linelast
OptimizeBandwidth: Initial bandwidth for linelast: 1785
OptimizeBandwidth: Optimized bandwidth for linelast: 253
OptimizeBandwidth: ---------------------------------------------------------
CreateMatrix: Initializing list matrix for equation
CRS_CreateMatrix: Creating CRS Matrix of size: 5511
CRS_CreateMatrix: Creating CRS Matrix with nofs: 364077
CreateMatrix: Sparse matrix created
AddEquationBasics: Number of rows in CRS matrix: 5511
AddEquationBasics: Creating solver variable
VariableAdd: Adding variable > displacement < of size 5511
VariableAdd: Adding variable > displacement 1 < of size 1837
VariableAdd: Adding variable > displacement 2 < of size 1837
VariableAdd: Adding variable > displacement 3 < of size 1837
SolverInitialization: Elapsed REAL time:     0.2752 (s)
AddSolvers: Setting up solver 2: savescalars
AddEquationBasics: Using procedure: SaveData SaveScalars
AddEquationBasics: Setting up solver: savescalars
Loading user function library: [SaveData]...[SaveScalars_Init]
AddEquationBasics: Checking for _init solver
Loading user function library: [SaveData]...[SaveScalars_bulk]
Loading user function library: [SaveData]...[SaveScalars_bulk]
AddEquationBasics: Checking for _bulk solver
Loading user function library: [SaveData]...[SaveScalars]
AddEquationBasics: Creating null variable with no name
AddSolvers: Setting up solvers done
AddTimeEtc: Setting time and other global variables
VariableAdd: Adding variable > Time < of size 1
VariableAdd: Adding variable > Timestep < of size 1
VariableAdd: Adding variable > Timestep size < of size 1
VariableAdd: Adding variable > Timestep interval < of size 1
VariableAdd: Adding variable > nonlin iter < of size 1
VariableAdd: Adding variable > coupled iter < of size 1
VariableAdd: Adding variable > Partition < of size 1
VariableAdd: Adding variable > Time < of size 1
VariableAdd: Adding variable > Timestep < of size 1
VariableAdd: Adding variable > Timestep size < of size 1
VariableAdd: Adding variable > Timestep interval < of size 1
VariableAdd: Adding variable > nonlin iter < of size 1
VariableAdd: Adding variable > coupled iter < of size 1
VariableAdd: Adding variable > Partition < of size 1
VariableAdd: Adding variable > Time < of size 1
VariableAdd: Adding variable > Timestep < of size 1
VariableAdd: Adding variable > Timestep size < of size 1
VariableAdd: Adding variable > Timestep interval < of size 1
VariableAdd: Adding variable > nonlin iter < of size 1
VariableAdd: Adding variable > coupled iter < of size 1
VariableAdd: Adding variable > Partition < of size 1
MAIN: Random seed initialized to: 314159265
SetInitialConditions: Setting up initial conditions (if any)
MAIN: Number of timesteps to be saved: 1
MAIN: 
MAIN: -------------------------------------
MAIN:  Steady state iteration:            1
MAIN: -------------------------------------
MAIN: 
SolveEquations: Solvers before timestep
SolveEquations: Solvers in main iteration loop
SolveEquations: Performing set of solvers in sequence
ListTagCount: Counting tags for keyword normalization!
SetActiveElementsTable: Creating active element table for: linelast
SetActiveElementsTable: Number of active elements found : 1344
ParallelInitMatrix: Creating communication structures for matrix!
ParallelInitMatrix: Allocating communication structures for matrix!
SplitMatrix: Splitting parallel matrix
SplitMatrix: Allocating split stuff for 1536 partitions!
List_ToListMatrix: Matrix format changed from CRS to List
List_ToCRSMatrix: Changing matrix type with number of non-zeros: 359910
List_ToCRSMatrix: Matrix format changed from List to CRS
SingleSolver: Attempting to call solver: 1
SingleSolver: Solver Equation string is: linelast
StressSolve: 
StressSolve: --------------------------------------------------
StressSolve: Solving displacements from linear elasticity model
StressSolve: --------------------------------------------------
DefaultStart: Starting solver: linelast
StressSolve: Starting assembly...
InitializeToZero: Initializing the linear system to zero
StressSolve: Assembly:
SetNodalLoads: Finished checking for nodal loads
SetNodalLoads: Finished checking for nodal loads
SetNodalLoads: Finished checking for nodal loads
SetDirichletBoundaries: Number of dofs set for displacement: 0
DefUtils::DefaultDirichletBCs: Setting Dirichlet boundary conditions
SetDirichletBoundaries: Number of dofs set for displacement 1: 25600
DefUtils::DefaultDirichletBCs: p-element condition setup: displacement 1
SetDirichletBoundaries: Number of dofs set for displacement 2: 25600
DefUtils::DefaultDirichletBCs: p-element condition setup: displacement 2
SetDirichletBoundaries: Number of dofs set for displacement 3: 25600
DefUtils::DefaultDirichletBCs: p-element condition setup: displacement 3
EnforceDirichletConditions: Enforcing total of 24027 Dirichlet conditions.
EnforceDirichletConditions: Applying Dirichlet conditions using scaled diagonal
ScaleLinearSystem: Creating > DiagScaling < vector of size 5511
EnforceDirichletConditions: Dirichlet conditions enforced for dofs: 19683
EnforceDirichletConditions: Dirichlet conditions shared count: 4344
DefUtils::DefaultDirichletBCs: Dirichlet boundary conditions set
DefaultSolve: Solving linear system with default routines
GenerateConstraintMatrix: Nothing to do for now
SolveSystem: Solving linear system
SolveSystem: Solving linear system in standard way
SolveLinearSystem: Assuming real valued linear system
SolveLinearSystem: Using previously created parallel matrix structures!
SolveLinearSystem: Assuming parallel linear system
ScaleLinearSystem: Creating > DiagScaling < vector of size 5511
SolveLinearSystem: Linear System Preconditioning: parasails
Prec0-parasails: Elapsed REAL time:     0.0000 (s)
SolveLinearSystem: CRS matrix passed the dense test of size 3
SolveLinearSystem: Parallel linear System Solver: iterative
SParIterSolver: Solving linear in parallel with iterative methods
HypreSolver: Solving linear system using HYPRE library
HypreParameters: Setting parameters for Hypre solvers
HypreParameters: Using HYPRE iterative method: bicgstab
HypreParameters: Using HYPRE preconditioning method: parasails
HypreParameters: Hypre method index: 704
HypreSolver: Setting up Hypre solver structures
SolveHypre: Performing HYPRE Setup
SolveHypre: NonZero Hypre parameters
  intpara 2: 1
   dppara 1: -0.95
   dppara 2: -0.95
SolveHypre: using ParaSails as preconditioner
SolveHypre: Setting up BiCGStab linear system** ParaSails Setup Pattern Statistics ***********
symmetric             : 0
thresh                : 0.116106
num_levels            : 1
Max cost (average)    : 1.8e+09 (2.7e+07)
Nnz (ratio)           : 52931625 ( 0.11)
Max setup pattern time:      0.1
*************************************************
** ParaSails Setup Values Statistics ************
filter                : 0.231896
loadbal               : 0.000000
Final Nnz (ratio)     : 18673079 ( 0.04)
Max setup values time :      0.8
*************************************************
Setup (pattern and values) times:
  0:      0.4
  1:      0.3
  2:      0.4
  3:      0.4
  4:      0.4
  5:      0.3
  6:      0.6
  7:      0.3
  8:      0.4
  9:      0.6
 10:      0.5
 11:      0.5
 12:      0.3
 13:      0.4
 14:      0.4
 15:      0.6
 16:      0.6
 17:      0.4
 18:      0.6
 19:      0.3
 20:      0.4
 21:      0.6
 22:      0.7
 23:      0.7
 24:      0.5
 25:      0.4
 26:      0.2
 27:      0.4
 28:      0.2
 29:      0.4
 30:      0.4
 31:      0.2
 32:      0.2
 33:      0.6
 34:      0.6
 35:      0.3
 36:      0.4
 37:      0.2
 38:      0.3
 39:      0.2
 40:      0.5
 41:      0.4
 42:      0.2
 43:      0.2
 44:      0.2
 45:      0.2
 46:      0.2
 47:      0.2
 48:      0.2
 49:      0.6
 50:      0.2
 51:      0.2
 52:      0.5
 53:      0.2
 54:      0.2
 55:      0.2
 56:      0.3
 57:      0.2
 58:      0.3
 59:      0.2
 60:      0.8
 61:      0.4
 62:      0.6
 63:      0.4
 64:      0.4
 65:      0.4
 66:      0.4
 67:      0.4
 68:      0.4
 69:      0.3
 70:      0.5
 71:      0.4
 72:      0.4
 73:      0.4
 74:      0.4
 75:      0.3
 76:      0.3
 77:      0.3
 78:      0.4
 79:      0.4
 80:      0.4
 81:      0.4
 82:      0.5
 83:      0.4
 84:      0.4
 85:      0.6
 86:      0.3
 87:      0.6
 88:      0.4
 89:      0.3
 90:      0.6
 91:      0.4
 92:      0.5
 93:      0.3
 94:      0.5
 95:      0.5
 96:      0.4
 97:      0.3
 98:      0.2
 99:      0.6
100:      0.4
101:      0.3
102:      0.3
103:      0.4
104:      0.2
105:      0.2
106:      0.2
107:      0.3
108:      0.2
109:      0.2
110:      0.2
111:      0.2
112:      0.2
113:      0.2
114:      0.4
115:      0.4
116:      0.2
117:      0.3
118:      0.3
119:      0.1
120:      0.4
121:      0.2
122:      0.2
123:      0.5
124:      0.6
125:      0.5
126:      0.2
127:      0.3
128:      0.5
129:      0.5
130:      0.6
131:      0.8
132:      0.4
133:      0.2
134:      0.2
135:      0.2
136:      0.3
137:      0.3
138:      0.6
139:      0.3
140:      0.4
141:      0.2
142:      0.2
143:      0.3
144:      0.2
145:      0.2
146:      0.2
147:      0.2
148:      0.2
149:      0.2
150:      0.3
151:      0.2
152:      0.3
153:      0.3
154:      0.4
155:      0.3
156:      0.4
157:      0.4
158:      0.3
159:      0.6
160:      0.6
161:      0.6
162:      0.4
163:      0.2
164:      0.4
165:      0.4
166:      0.4
167:      0.3
168:      0.5
169:      0.3
170:      0.4
171:      0.2
172:      0.6
173:      0.7
174:      0.5
175:      1.0
176:      0.6
177:      0.5
178:      0.4
179:      0.3
180:      0.6
181:      0.4
182:      0.3
183:      0.5
184:      0.6
185:      0.5
186:      0.3
187:      0.3
188:      0.5
189:      0.2
190:      0.3
191:      0.1
192:      0.3
193:      0.4
194:      0.3
195:      0.4
196:      0.4
197:      0.4
198:      0.4
199:      0.4
200:      0.5
201:      0.4
202:      0.3
203:      0.4
204:      0.6
205:      0.5
206:      0.4
207:      0.4
208:      0.8
209:      0.4
210:      0.6
211:      0.5
212:      0.5
213:      0.7
214:      0.4
215:      0.5
216:      0.2
217:      0.3
218:      0.3
219:      0.3
220:      0.2
221:      0.2
222:      0.3
223:      0.4
224:      0.4
225:      0.4
226:      0.4
227:      0.4
228:      0.5
229:      0.4
230:      0.2
231:      0.4
232:      0.4
233:      0.3
234:      0.5
235:      0.6
236:      0.5
237:      0.4
238:      0.4
239:      0.4
240:      0.2
241:      0.2
242:      0.2
243:      0.2
244:      0.3
245:      0.2
246:      0.2
247:      0.2
248:      0.4
249:      0.5
250:      0.3
251:      0.3
252:      0.2
253:      0.4
254:      0.3
255:      0.2
256:      0.2
257:      0.3
258:      0.2
259:      0.7
260:      0.1
261:      0.4
262:      0.4
263:      0.3
264:      0.4
265:      0.3
266:      0.3
267:      0.4
268:      0.4
269:      0.5
270:      0.5
271:      0.6
272:      0.3
273:      0.7
274:      0.4
275:      0.4
276:      1.0
277:      0.7
278:      0.7
279:      0.6
280:      0.4
281:      0.5
282:      0.7
283:      0.5
284:      0.4
285:      0.6
286:      0.4
287:      0.5
288:      0.2
289:      0.2
290:      0.2
291:      0.2
292:      0.2
293:      0.2
294:      0.2
295:      0.3
296:      0.2
297:      0.4
298:      0.4
299:      0.2
300:      0.4
301:      0.2
302:      0.7
303:      0.4
304:      0.2
305:      0.5
306:      0.2
307:      0.3
308:      0.3
309:      0.1
310:      0.3
311:      0.2
312:      0.9
313:      0.3
314:      0.5
315:      0.3
316:      0.4
317:      0.5
318:      0.6
319:      0.2
320:      0.4
321:      0.2
322:      0.2
323:      0.4
324:      0.6
325:      0.6
326:      0.2
327:      0.1
328:      0.3
329:      0.3
330:      0.2
331:      0.1
332:      0.1
333:      0.3
334:      0.4
335:      0.3
336:      0.5
337:      0.5
338:      0.5
339:      0.4
340:      0.3
341:      0.4
342:      0.4
343:      0.4
344:      0.4
345:      0.2
346:      0.2
347:      0.3
348:      0.9
349:      0.5
350:      0.5
351:      0.5
352:      0.3
353:      0.5
354:      0.5
355:      0.5
356:      0.6
357:      0.2
358:      0.2
359:      0.5
360:      0.4
361:      0.3
362:      0.3
363:      0.2
364:      0.2
365:      0.2
366:      0.4
367:      0.4
368:      0.4
369:      0.4
370:      0.3
371:      0.4
372:      0.3
373:      0.2
374:      0.2
375:      0.4
376:      0.4
377:      0.2
378:      0.3
379:      0.4
380:      0.7
381:      0.6
382:      0.6
383:      0.4
384:      0.5
385:      0.7
386:      0.4
387:      0.6
388:      0.4
389:      0.4
390:      0.4
391:      0.4
392:      0.3
393:      0.2
394:      0.2
395:      0.2
396:      0.3
397:      0.3
398:      0.3
399:      0.2
400:      0.2
401:      0.4
402:      0.2
403:      0.2
404:      0.2
405:      0.2
406:      0.2
407:      0.2
408:      0.4
409:      0.5
410:      0.6
411:      0.3
412:      0.2
413:      0.3
414:      0.3
415:      0.7
416:      0.6
417:      0.4
418:      0.3
419:      0.6
420:      0.2
421:      0.5
422:      0.2
423:      0.2
424:      0.4
425:      0.2
426:      0.4
427:      0.2
428:      0.2
429:      0.3
430:      0.5
431:      0.6
432:      0.7
433:      0.4
434:      0.6
435:      0.6
436:      0.3
437:      0.4
438:      0.5
439:      0.4
440:      0.5
441:      0.4
442:      0.2
443:      0.4
444:      0.4
445:      0.3
446:      0.4
447:      0.3
448:      0.4
449:      0.4
450:      0.4
451:      0.6
452:      0.4
453:      0.7
454:      0.2
455:      0.4
456:      0.4
457:      0.4
458:      0.2
459:      0.2
460:      0.4
461:      0.2
462:      0.2
463:      0.2
464:      0.2
465:      0.2
466:      0.2
467:      0.2
468:      0.3
469:      0.3
470:      0.4
471:      0.2
472:      0.2
473:      0.2
474:      0.3
475:      0.4
476:      0.6
477:      0.3
478:      0.2
479:      0.4
480:      0.3
481:      0.3
482:      0.6
483:      0.6
484:      0.2
485:      0.2
486:      0.4
487:      0.2
488:      0.3
489:      0.6
490:      0.3
491:      0.4
492:      0.4
493:      0.3
494:      0.3
495:      0.2
496:      0.2
497:      0.2
498:      0.3
499:      0.2
500:      0.3
501:      0.3
502:      0.4
503:      0.2
504:      0.5
505:      0.2
506:      0.2
507:      0.3
508:      0.2
509:      0.4
510:      0.2
511:      0.2
512:      0.2
513:      0.2
514:      0.2
515:      0.2
516:      0.4
517:      0.2
518:      0.2
519:      0.3
520:      0.2
521:      0.2
522:      0.2
523:      0.2
524:      0.2
525:      0.2
526:      0.2
527:      0.2
528:      0.2
529:      0.2
530:      0.2
531:      0.2
532:      0.2
533:      0.2
534:      0.4
535:      0.2
536:      0.2
537:      0.5
538:      0.2
539:      0.2
540:      0.6
541:      0.6
542:      0.3
543:      0.5
544:      0.2
545:      0.3
546:      0.2
547:      0.4
548:      0.4
549:      0.4
550:      0.2
551:      0.1
552:      0.3
553:      0.2
554:      0.3
555:      0.4
556:      0.2
557:      0.2
558:      0.2
559:      0.2
560:      0.2
561:      0.2
562:      0.2
563:      0.2
564:      0.4
565:      0.1
566:      0.4
567:      0.2
568:      0.2
569:      0.3
570:      0.2
571:      0.3
572:      0.6
573:      0.6
574:      0.3
575:      0.3
576:      0.4
577:      0.4
578:      0.4
579:      0.4
580:      0.4
581:      0.4
582:      0.5
583:      0.6
584:      0.4
585:      0.7
586:      0.5
587:      0.4
588:      0.2
589:      0.2
590:      0.2
591:      0.2
592:      0.2
593:      0.2
594:      0.6
595:      0.3
596:      0.3
597:      0.2
598:      0.2
599:      0.2
600:      0.6
601:      0.7
602:      0.5
603:      0.4
604:      0.2
605:      0.2
606:      0.2
607:      0.4
608:      0.4
609:      0.2
610:      0.2
611:      0.2
612:      0.6
613:      0.4
614:      0.2
615:      0.4
616:      0.6
617:      0.4
618:      0.4
619:      0.2
620:      0.6
621:      0.6
622:      0.9
623:      0.5
624:      0.4
625:      0.4
626:      0.4
627:      0.4
628:      0.2
629:      0.4
630:      0.2
631:      0.5
632:      0.6
633:      0.5
634:      0.4
635:      0.4
636:      0.7
637:      0.6
638:      0.5
639:      0.2
640:      0.7
641:      0.5
642:      0.3
643:      0.5
644:      0.2
645:      0.5
646:      0.6
647:      0.3
648:      0.4
649:      0.4
650:      0.3
651:      0.2
652:      0.4
653:      0.2
654:      0.2
655:      0.2
656:      0.2
657:      0.2
658:      0.2
659:      0.2
660:      0.2
661:      0.2
662:      0.2
663:      0.4
664:      0.3
665:      0.3
666:      0.2
667:      0.3
668:      0.4
669:      0.6
670:      0.3
671:      0.2
672:      0.2
673:      0.5
674:      0.6
675:      0.5
676:      0.2
677:      0.2
678:      0.7
679:      0.4
680:      0.2
681:      0.2
682:      0.5
683:      0.4
684:      0.2
685:      0.3
686:      0.4
687:      0.4
688:      0.2
689:      0.2
690:      0.3
691:      0.2
692:      0.4
693:      0.3
694:      0.2
695:      0.3
696:      0.2
697:      0.2
698:      0.2
699:      0.2
700:      0.2
701:      0.2
702:      0.2
703:      0.2
704:      0.2
705:      0.4
706:      0.4
707:      0.4
708:      0.2
709:      0.2
710:      0.2
711:      0.2
712:      0.2
713:      0.2
714:      0.3
715:      0.4
716:      0.2
717:      0.2
718:      0.4
719:      0.2
720:      0.4
721:      0.3
722:      0.4
723:      0.2
724:      0.2
725:      0.2
726:      0.2
727:      0.2
728:      0.2
729:      0.2
730:      0.2
731:      0.2
732:      0.2
733:      0.2
734:      0.2
735:      0.2
736:      0.2
737:      0.2
738:      0.4
739:      0.2
740:      0.2
741:      0.2
742:      0.4
743:      0.3
744:      0.7
745:      0.2
746:      0.3
747:      0.3
748:      0.6
749:      0.3
750:      0.5
751:      0.4
752:      0.2
753:      0.2
754:      0.3
755:      0.6
756:      0.2
757:      0.3
758:      0.4
759:      0.2
760:      0.2
761:      0.3
762:      0.4
763:      0.2
764:      0.3
765:      0.3
766:      0.2
767:      0.4
768:      0.6
769:      0.5
770:      0.7
771:      0.8
772:      0.6
773:      0.6
774:      0.6
775:      0.4
776:      0.5
777:      0.3
778:      0.3
779:      0.6
780:      0.2
781:      0.2
782:      0.2
783:      0.3
784:      0.4
785:      0.3
786:      0.3
787:      0.3
788:      0.5
789:      0.6
790:      0.5
791:      0.5
792:      0.3
793:      0.3
794:      0.3
795:      0.4
796:      0.4
797:      0.4
798:      0.3
799:      0.2
800:      0.2
801:      0.2
802:      0.3
803:      0.2
804:      0.6
805:      0.4
806:      0.4
807:      0.5
808:      0.3
809:      0.3
810:      0.5
811:      0.3
812:      0.3
813:      0.6
814:      0.4
815:      0.4
816:      0.4
817:      0.3
818:      0.6
819:      0.4
820:      0.3
821:      0.2
822:      0.3
823:      0.9
824:      0.4
825:      0.4
826:      0.2
827:      0.3
828:      0.5
829:      0.2
830:      0.2
831:      0.4
832:      0.5
833:      0.6
834:      0.2
835:      0.4
836:      0.2
837:      0.4
838:      0.3
839:      0.2
840:      0.2
841:      0.2
842:      0.2
843:      0.2
844:      0.2
845:      0.2
846:      0.2
847:      0.4
848:      0.3
849:      0.4
850:      0.2
851:      0.2
852:      0.2
853:      0.3
854:      0.4
855:      0.3
856:      0.2
857:      0.2
858:      0.6
859:      0.4
860:      0.2
861:      0.5
862:      0.3
863:      0.2
864:      0.4
865:      0.4
866:      0.4
867:      0.5
868:      0.4
869:      0.4
870:      0.4
871:      0.2
872:      0.2
873:      0.3
874:      0.3
875:      0.3
876:      0.6
877:      0.4
878:      0.5
879:      0.6
880:      0.6
881:      0.3
882:      0.5
883:      0.2
884:      0.3
885:      0.3
886:      0.4
887:      0.4
888:      0.5
889:      0.4
890:      0.4
891:      0.4
892:      0.4
893:      0.4
894:      0.6
895:      0.4
896:      0.4
897:      0.5
898:      0.7
899:      0.5
900:      0.4
901:      0.4
902:      0.4
903:      0.4
904:      0.4
905:      0.4
906:      0.3
907:      0.3
908:      0.4
909:      0.6
910:      0.6
911:      0.5
912:      0.2
913:      0.2
914:      0.2
915:      0.4
916:      0.2
917:      0.2
918:      0.2
919:      0.3
920:      0.2
921:      0.3
922:      0.3
923:      0.4
924:      0.4
925:      0.4
926:      0.4
927:      0.6
928:      0.2
929:      0.6
930:      0.3
931:      0.3
932:      0.7
933:      0.2
934:      0.3
935:      0.2
936:      0.7
937:      0.6
938:      0.4
939:      0.5
940:      0.7
941:      0.3
942:      0.6
943:      0.4
944:      0.4
945:      0.4
946:      0.4
947:      0.4
948:      0.6
949:      0.4
950:      0.3
951:      0.3
952:      0.4
953:      0.6
954:      0.4
955:      0.4
956:      0.4
957:      0.3
958:      0.3
959:      0.4
960:      0.5
961:      0.6
962:      0.6
963:      0.3
964:      0.2
965:      0.5
966:      0.3
967:      0.2
968:      0.4
969:      0.2
970:      0.4
971:      0.2
972:      0.2
973:      0.4
974:      0.4
975:      0.2
976:      0.2
977:      0.2
978:      0.2
979:      0.2
980:      0.2
981:      0.2
982:      0.2
983:      0.2
984:      0.4
985:      0.2
986:      0.2
987:      0.2
988:      0.3
989:      0.3
990:      0.2
991:      0.4
992:      0.2
993:      0.5
994:      0.4
995:      0.6
996:      0.2
997:      0.4
998:      0.7
999:      0.5
1000:      0.3
1001:      0.2
1002:      0.5
1003:      0.8
1004:      0.4
1005:      0.2
1006:      0.4
1007:      0.1
1008:      0.7
1009:      0.4
1010:      0.4
1011:      0.2
1012:      0.6
1013:      0.6
1014:      0.4
1015:      0.4
1016:      0.3
1017:      0.3
1018:      0.4
1019:      0.4
1020:      0.4
1021:      0.4
1022:      0.4
1023:      0.2
1024:      0.3
1025:      0.3
1026:      0.2
1027:      0.2
1028:      0.2
1029:      0.2
1030:      0.2
1031:      0.2
1032:      0.3
1033:      0.3
1034:      0.3
1035:      0.5
1036:      0.4
1037:      0.1
1038:      0.4
1039:      0.5
1040:      0.5
1041:      0.7
1042:      0.4
1043:      0.4
1044:      0.5
1045:      0.7
1046:      0.3
1047:      0.8
1048:      0.8
1049:      0.4
1050:      0.3
1051:      0.4
1052:      0.6
1053:      0.6
1054:      0.3
1055:      0.3
1056:      0.3
1057:      0.2
1058:      0.3
1059:      0.5
1060:      0.4
1061:      0.2
1062:      0.2
1063:      0.2
1064:      0.4
1065:      0.2
1066:      0.5
1067:      0.5
1068:      0.6
1069:      0.7
1070:      0.5
1071:      0.4
1072:      0.4
1073:      0.5
1074:      0.8
1075:      0.4
1076:      0.7
1077:      0.4
1078:      0.6
1079:      0.5
1080:      0.4
1081:      0.6
1082:      0.6
1083:      0.7
1084:      0.5
1085:      0.4
1086:      0.4
1087:      0.5
1088:      0.4
1089:      0.4
1090:      0.4
1091:      0.4
1092:      0.3
1093:      0.4
1094:      0.2
1095:      0.2
1096:      0.2
1097:      0.5
1098:      0.2
1099:      0.2
1100:      0.3
1101:      0.3
1102:      0.2
1103:      0.2
1104:      0.4
1105:      0.4
1106:      0.4
1107:      0.4
1108:      0.4
1109:      0.4
1110:      0.5
1111:      0.5
1112:      0.4
1113:      0.4
1114:      0.4
1115:      0.5
1116:      0.3
1117:      0.2
1118:      0.3
1119:      0.3
1120:      0.4
1121:      0.4
1122:      0.4
1123:      0.4
1124:      0.4
1125:      0.4
1126:      0.4
1127:      0.4
1128:      0.4
1129:      0.4
1130:      0.7
1131:      0.6
1132:      0.4
1133:      0.4
1134:      0.6
1135:      0.4
1136:      0.7
1137:      0.6
1138:      0.4
1139:      0.5
1140:      0.6
1141:      0.5
1142:      0.5
1143:      0.3
1144:      0.5
1145:      0.4
1146:      0.3
1147:      0.3
1148:      0.2
1149:      0.2
1150:      0.3
1151:      0.4
1152:      0.6
1153:      0.4
1154:      0.2
1155:      0.6
1156:      0.8
1157:      0.5
1158:      0.7
1159:      0.4
1160:      0.5
1161:      0.3
1162:      0.4
1163:      0.2
1164:      0.2
1165:      0.3
1166:      0.5
1167:      0.4
1168:      0.6
1169:      0.4
1170:      0.5
1171:      0.4
1172:      0.3
1173:      0.2
1174:      0.2
1175:      0.2
1176:      0.3
1177:      0.2
1178:      0.4
1179:      0.5
1180:      0.6
1181:      0.4
1182:      0.2
1183:      0.2
1184:      0.2
1185:      0.4
1186:      0.4
1187:      0.2
1188:      0.2
1189:      0.2
1190:      0.2
1191:      0.2
1192:      0.2
1193:      0.2
1194:      0.3
1195:      0.2
1196:      0.3
1197:      0.3
1198:      0.5
1199:      0.2
1200:      0.5
1201:      0.4
1202:      0.6
1203:      0.4
1204:      0.2
1205:      0.2
1206:      0.5
1207:      0.2
1208:      0.7
1209:      0.6
1210:      0.6
1211:      0.7
1212:      0.6
1213:      0.2
1214:      0.5
1215:      0.2
1216:      0.5
1217:      0.3
1218:      0.4
1219:      0.2
1220:      0.4
1221:      0.2
1222:      0.3
1223:      0.2
1224:      0.2
1225:      0.2
1226:      0.2
1227:      0.4
1228:      0.3
1229:      0.3
1230:      0.2
1231:      0.4
1232:      0.3
1233:      0.6
1234:      0.4
1235:      0.3
1236:      0.3
1237:      0.2
1238:      0.4
1239:      0.3
1240:      0.2
1241:      0.2
1242:      0.2
1243:      0.2
1244:      0.2
1245:      0.2
1246:      0.2
1247:      0.2
1248:      0.2
1249:      0.2
1250:      0.2
1251:      0.4
1252:      0.4
1253:      0.3
1254:      0.4
1255:      0.3
1256:      0.2
1257:      0.4
1258:      0.5
1259:      0.6
1260:      0.2
1261:      0.2
1262:      0.2
1263:      0.2
1264:      0.2
1265:      0.2
1266:      0.5
1267:      0.2
1268:      0.3
1269:      0.2
1270:      0.2
1271:      0.2
1272:      0.4
1273:      0.4
1274:      0.5
1275:      0.7
1276:      0.4
1277:      0.5
1278:      0.4
1279:      0.4
1280:      0.4
1281:      0.4
1282:      0.4
1283:      0.4
1284:      0.7
1285:      0.7
1286:      0.5
1287:      0.4
1288:      0.3
1289:      0.4
1290:      0.6
1291:      0.5
1292:      0.5
1293:      0.2
1294:      0.4
1295:      0.4
1296:      0.2
1297:      0.2
1298:      0.2
1299:      0.2
1300:      0.2
1301:      0.2
1302:      0.4
1303:      0.2
1304:      0.4
1305:      0.2
1306:      0.3
1307:      0.2
1308:      0.4
1309:      0.2
1310:      0.2
1311:      0.4
1312:      0.5
1313:      0.4
1314:      0.5
1315:      0.4
1316:      0.6
1317:      0.6
1318:      0.3
1319:      0.6
1320:      0.5
1321:      0.8
1322:      0.5
1323:      0.5
1324:      0.2
1325:      0.2
1326:      0.4
1327:      0.2
1328:      0.2
1329:      0.2
1330:      0.4
1331:      0.5
1332:      0.4
1333:      0.4
1334:      0.2
1335:      0.7
1336:      0.6
1337:      0.4
1338:      0.9
1339:      0.5
1340:      0.4
1341:      0.4
1342:      0.4
1343:      0.5
1344:      0.4
1345:      0.4
1346:      0.4
1347:      0.2
1348:      0.2
1349:      0.2
1350:      0.2
1351:      0.4
1352:      0.4
1353:      0.8
1354:      0.4
1355:      0.3
1356:      0.5
1357:      0.4
1358:      0.4
1359:      0.2
1360:      0.2
1361:      0.2
1362:      0.2
1363:      0.2
1364:      0.2
1365:      0.2
1366:      0.2
1367:      0.2
1368:      0.3
1369:      0.2
1370:      0.3
1371:      0.8
1372:      0.4
1373:      0.3
1374:      0.7
1375:      0.5
1376:      0.8
1377:      0.5
1378:      0.3
1379:      0.2
1380:      0.2
1381:      0.2
1382:      0.4
1383:      0.4
1384:      0.2
1385:      0.4
1386:      0.3
1387:      0.2
1388:      0.6
1389:      0.5
1390:      0.2
1391:      0.3
1392:      0.7
1393:      0.6
1394:      0.6
1395:      0.4
1396:      0.2
1397:      0.5
1398:      0.4
1399:      0.5
1400:      0.2
1401:      0.5
1402:      0.4
1403:      0.5
1404:      0.4
1405:      0.4
1406:      0.4
1407:      0.4
1408:      0.4
1409:      0.2
1410:      0.5
1411:      0.4
1412:      0.5
1413:      0.2
1414:      0.3
1415:      0.6
1416:      0.5
1417:      0.2
1418:      0.2
1419:      0.2
1420:      0.4
1421:      0.3
1422:      0.2
1423:      0.2
1424:      0.2
1425:      0.2
1426:      0.2
1427:      0.2
1428:      0.2
1429:      0.2
1430:      0.4
1431:      0.6
1432:      0.3
1433:      0.4
1434:      0.2
1435:      0.3
1436:      0.2
1437:      0.3
1438:      0.2
1439:      0.4
1440:      0.2
1441:      0.4
1442:      0.4
1443:      0.4
1444:      0.4
1445:      0.4
1446:      0.7
1447:      0.4
1448:      0.6
1449:      0.5
1450:      0.4
1451:      0.4
1452:      0.4
1453:      0.6
1454:      0.6
1455:      0.4
1456:      0.4
1457:      0.3
1458:      0.4
1459:      0.5
1460:      0.7
1461:      0.4
1462:      0.5
1463:      0.2
1464:      0.5
1465:      0.2
1466:      0.7
1467:      0.5
1468:      0.2
1469:      0.5
1470:      0.4
1471:      0.2
1472:      0.2
1473:      0.2
1474:      0.3
1475:      0.3
1476:      0.2
1477:      0.2
1478:      0.4
1479:      0.2
1480:      0.4
1481:      0.2
1482:      0.2
1483:      0.2
1484:      0.2
1485:      0.2
1486:      0.2
1487:      0.2
1488:      0.4
1489:      0.5
1490:      0.6
1491:      0.2
1492:      0.3
1493:      0.2
1494:      0.2
1495:      0.2
1496:      0.2
1497:      0.4
1498:      0.4
1499:      0.3
1500:      0.3
1501:      0.9
1502:      0.6
1503:      0.3
1504:      0.4
1505:      0.4
1506:      0.6
1507:      0.2
1508:      0.3
1509:      0.4
1510:      0.6
1511:      0.3
1512:      0.2
1513:      0.3
1514:      0.4
1515:      0.3
1516:      0.2
1517:      0.2
1518:      0.4
1519:      0.2
1520:      0.2
1521:      0.5
1522:      0.5
1523:      0.5
1524:      0.3
1525:      0.2
1526:      0.3
1527:      0.3
1528:      0.2
1529:      0.2
1530:      0.2
1531:      0.2
1532:      0.2
1533:      0.2
1534:      0.2
1535:      0.2
ave:      0.4
*************************************************
SolveHypre: setup time (method 704): 1.66103
HypreSolver: Solving previously created Hypre setup
SolveHypre: solving the linear system
SolveHypre: Solving linear system with BiCGStab (method 704)
L2 norm of b: 1.055847e+00
Initial L2 norm of residual: 1.055847e+00
=============================================

Iters     resid.norm     conv.rate  rel.res.norm
-----    ------------    ---------- ------------
    1    5.119578e-01    0.484879   4.848788e-01
    2    4.340772e-01    0.847877   4.111176e-01
    3    3.980145e-01    0.916921   3.769624e-01
    4    3.939842e-01    0.989874   3.731452e-01
    5    3.453878e-01    0.876654   3.271192e-01
    6    3.133972e-01    0.907378   2.968207e-01
    7    3.033104e-01    0.967815   2.872674e-01
    8    2.923739e-01    0.963943   2.769094e-01
    9    2.711287e-01    0.927336   2.567879e-01
   10    2.654480e-01    0.979048   2.514077e-01
   11    2.541996e-01    0.957625   2.407542e-01
   12    2.477392e-01    0.974585   2.346355e-01
   13    2.485283e-01    1.003185   2.353829e-01
   14    2.488566e-01    1.001321   2.356938e-01
   15    2.271956e-01    0.912958   2.151785e-01
   16    2.165008e-01    0.952927   2.050495e-01
   17    2.155801e-01    0.995747   2.041774e-01
   18    2.153278e-01    0.998830   2.039385e-01
   19    2.132389e-01    0.990299   2.019600e-01
   20    2.115847e-01    0.992243   2.003934e-01
   21    2.118650e-01    1.001325   2.006588e-01
   22    2.220671e-01    1.048154   2.103213e-01
   23    2.051072e-01    0.923627   1.942585e-01
   24    2.000938e-01    0.975557   1.895102e-01
   25    2.021812e-01    1.010432   1.914873e-01
   26    1.992111e-01    0.985310   1.886742e-01
   27    1.984005e-01    0.995931   1.879065e-01
   28    1.996174e-01    1.006134   1.890590e-01
   29    2.050844e-01    1.027387   1.942369e-01
   30    1.752342e-01    0.854449   1.659655e-01
   31    1.679763e-01    0.958582   1.590916e-01
   32    1.691979e-01    1.007272   1.602485e-01
   33    1.687127e-01    0.997132   1.597890e-01
   34    1.697993e-01    1.006441   1.608181e-01
   35    1.704099e-01    1.003596   1.613964e-01
   36    1.735423e-01    1.018382   1.643631e-01
   37    1.692793e-01    0.975435   1.603256e-01
   38    1.686854e-01    0.996492   1.597631e-01
   39    1.705585e-01    1.011105   1.615372e-01
   40    1.702543e-01    0.998216   1.612490e-01
   41    1.711937e-01    1.005517   1.621387e-01
   42    1.720062e-01    1.004747   1.629083e-01
   43    1.731413e-01    1.006599   1.639833e-01
   44    1.742213e-01    1.006238   1.650062e-01
   45    1.761933e-01    1.011319   1.668739e-01
   46    1.755140e-01    0.996144   1.662305e-01
   47    1.707539e-01    0.972879   1.617222e-01
   48    1.660624e-01    0.972525   1.572788e-01
   49    1.685652e-01    1.015072   1.596493e-01
   50    1.681621e-01    0.997609   1.592675e-01
   51    1.704540e-01    1.013629   1.614382e-01
   52    1.715636e-01    1.006510   1.624891e-01
   53    1.697530e-01    0.989446   1.607742e-01
   54    1.732807e-01    1.020781   1.641153e-01
   55    1.720890e-01    0.993123   1.629867e-01
   56    1.737097e-01    1.009418   1.645217e-01
   57    1.720362e-01    0.990366   1.629367e-01
   58    1.740390e-01    1.011642   1.648336e-01
   59    1.755041e-01    1.008418   1.662212e-01
   60    1.766690e-01    1.006637   1.673244e-01
   61    1.765023e-01    0.999057   1.671666e-01
   62    1.775547e-01    1.005963   1.681633e-01
   63    1.785055e-01    1.005355   1.690639e-01
   64    1.796425e-01    1.006369   1.701407e-01
   65    1.789504e-01    0.996147   1.694851e-01
   66    1.780411e-01    0.994919   1.686240e-01
   67    1.783221e-01    1.001578   1.688901e-01
   68    2.058491e-01    1.154367   1.949611e-01
   69    1.786403e-01    0.867821   1.691914e-01
   70    1.796088e-01    1.005422   1.701087e-01
   71    1.793831e-01    0.998744   1.698950e-01
   72    1.828020e-01    1.019059   1.731331e-01
   73    1.834652e-01    1.003628   1.737611e-01
   74    1.836203e-01    1.000846   1.739081e-01
   75    1.824220e-01    0.993474   1.727732e-01
   76    1.820110e-01    0.997747   1.723839e-01
   77    1.844676e-01    1.013497   1.747105e-01
   78    1.855667e-01    1.005958   1.757515e-01
   79    1.862479e-01    1.003671   1.763967e-01
   80    1.873674e-01    1.006011   1.774570e-01
   81    1.893135e-01    1.010387   1.793002e-01
   82    1.904622e-01    1.006067   1.803880e-01
   83    1.929041e-01    1.012821   1.827008e-01
   84    1.815840e-01    0.941317   1.719795e-01
   85    1.744887e-01    0.960926   1.652595e-01
   86    1.751324e-01    1.003689   1.658691e-01
   87    1.756833e-01    1.003146   1.663909e-01
   88    1.776203e-01    1.011026   1.682255e-01
   89    1.758960e-01    0.990292   1.665923e-01
   90    1.756843e-01    0.998797   1.663918e-01
   91    1.770739e-01    1.007910   1.677080e-01
   92    1.765440e-01    0.997008   1.672061e-01
   93    1.768329e-01    1.001636   1.674797e-01
   94    1.773151e-01    1.002727   1.679363e-01
   95    1.780579e-01    1.004189   1.686399e-01
   96    1.790558e-01    1.005605   1.695850e-01
   97    1.784751e-01    0.996757   1.690350e-01
   98    1.789362e-01    1.002583   1.694717e-01
   99    1.793826e-01    1.002495   1.698946e-01
  100    1.792596e-01    0.999314   1.697780e-01
  101    1.794492e-01    1.001058   1.699576e-01
  102    1.792411e-01    0.998840   1.697605e-01
  103    1.795506e-01    1.001727   1.700536e-01
  104    1.792721e-01    0.998449   1.697898e-01
  105    1.795991e-01    1.001824   1.700995e-01
  106    1.796650e-01    1.000367   1.701619e-01
  107    1.800496e-01    1.002141   1.705263e-01
  108    1.794708e-01    0.996785   1.699781e-01
  109    1.796826e-01    1.001180   1.701786e-01
  110    1.796316e-01    0.999716   1.701304e-01
  111    1.760903e-01    0.980286   1.667764e-01
  112    1.731520e-01    0.983314   1.639935e-01
  113    1.727665e-01    0.997773   1.636283e-01
  114    1.729861e-01    1.001271   1.638364e-01
  115    1.732937e-01    1.001778   1.641277e-01
  116    1.732349e-01    0.999661   1.640720e-01
  117    1.735011e-01    1.001537   1.643241e-01
  118    1.739661e-01    1.002680   1.647645e-01
  119    1.740055e-01    1.000227   1.648019e-01
  120    1.737774e-01    0.998689   1.645858e-01
  121    1.744930e-01    1.004118   1.652635e-01
  122    1.749808e-01    1.002795   1.657255e-01
  123    1.749354e-01    0.999741   1.656825e-01
  124    1.757143e-01    1.004452   1.664202e-01
  125    1.760535e-01    1.001930   1.667415e-01
  126    1.764221e-01    1.002094   1.670906e-01
  127    1.768561e-01    1.002460   1.675017e-01
  128    1.773349e-01    1.002707   1.679551e-01
  129    1.766717e-01    0.996260   1.673270e-01
  130    1.638044e-01    0.927168   1.551403e-01
  131    1.573808e-01    0.960785   1.490564e-01
  132    1.572664e-01    0.999273   1.489481e-01
  133    1.581272e-01    1.005474   1.497634e-01
  134    1.586462e-01    1.003282   1.502550e-01
  135    1.590833e-01    1.002755   1.506689e-01
  136    1.595441e-01    1.002897   1.511054e-01
  137    1.602576e-01    1.004472   1.517811e-01
  138    1.599238e-01    0.997917   1.514650e-01
  139    1.608329e-01    1.005684   1.523260e-01
  140    1.614711e-01    1.003968   1.529304e-01
  141    1.619123e-01    1.002732   1.533483e-01
  142    1.624372e-01    1.003242   1.538454e-01
  143    1.629805e-01    1.003345   1.543600e-01
  144    1.633044e-01    1.001988   1.546668e-01
  145    1.657501e-01    1.014976   1.569831e-01
  146    1.645293e-01    0.992635   1.558268e-01
  147    1.643354e-01    0.998822   1.556432e-01
  148    1.645060e-01    1.001038   1.558047e-01
  149    1.662895e-01    1.010842   1.574940e-01
  150    1.651310e-01    0.993033   1.563968e-01
  151    1.651486e-01    1.000107   1.564134e-01
  152    1.657009e-01    1.003344   1.569364e-01
  153    1.660686e-01    1.002219   1.572847e-01
  154    1.671631e-01    1.006591   1.583213e-01
  155    1.665516e-01    0.996342   1.577422e-01
  156    1.667104e-01    1.000954   1.578926e-01
  157    1.675223e-01    1.004870   1.586616e-01
  158    1.674853e-01    0.999779   1.586265e-01
  159    1.684057e-01    1.005495   1.594983e-01
  160    1.686567e-01    1.001490   1.597359e-01
  161    1.685996e-01    0.999661   1.596818e-01
  162    1.696691e-01    1.006344   1.606948e-01
  163    1.696736e-01    1.000026   1.606990e-01
  164    1.693588e-01    0.998145   1.604009e-01
  165    1.696908e-01    1.001960   1.607153e-01
  166    1.699112e-01    1.001299   1.609241e-01
  167    1.705506e-01    1.003763   1.615296e-01
  168    1.704920e-01    0.999656   1.614742e-01
  169    1.707293e-01    1.001392   1.616989e-01
  170    1.711636e-01    1.002544   1.621102e-01
  171    1.713037e-01    1.000819   1.622429e-01
  172    1.712440e-01    0.999652   1.621864e-01
  173    1.716063e-01    1.002115   1.625295e-01
  174    1.715837e-01    0.999868   1.625081e-01
  175    1.718164e-01    1.001357   1.627286e-01
  176    1.722094e-01    1.002287   1.631008e-01
  177    1.720218e-01    0.998911   1.629231e-01
  178    1.721747e-01    1.000889   1.630679e-01
  179    1.724169e-01    1.001407   1.632973e-01
  180    1.731983e-01    1.004532   1.640373e-01
  181    1.703690e-01    0.983665   1.613577e-01
  182    1.683740e-01    0.988290   1.594682e-01
  183    1.685187e-01    1.000859   1.596052e-01
  184    1.683102e-01    0.998763   1.594078e-01
  185    1.682225e-01    0.999479   1.593247e-01
  186    1.681593e-01    0.999624   1.592649e-01
  187    1.680461e-01    0.999327   1.591576e-01
  188    1.679215e-01    0.999258   1.590396e-01
  189    1.678476e-01    0.999560   1.589696e-01
  190    1.717804e-01    1.023431   1.626945e-01
  191    1.674719e-01    0.974918   1.586138e-01
  192    1.672740e-01    0.998818   1.584263e-01
  193    1.669864e-01    0.998281   1.581540e-01
  194    1.667499e-01    0.998584   1.579300e-01
  195    1.666039e-01    0.999125   1.577918e-01
  196    1.661177e-01    0.997081   1.573312e-01
  197    1.661095e-01    0.999951   1.573235e-01
  198    1.658273e-01    0.998301   1.570562e-01
  199    1.660176e-01    1.001148   1.572364e-01
  200    1.643340e-01    0.989859   1.556419e-01
  201    1.632866e-01    0.993626   1.546499e-01
  202    1.645883e-01    1.007972   1.558828e-01
  203    1.622774e-01    0.985959   1.536941e-01
  204    1.620080e-01    0.998340   1.534389e-01
  205    1.618192e-01    0.998835   1.532601e-01
  206    1.595597e-01    0.986037   1.511201e-01
  207    1.579696e-01    0.990034   1.496141e-01
  208    1.575445e-01    0.997309   1.492115e-01
  209    1.571298e-01    0.997368   1.488187e-01
  210    1.571027e-01    0.999828   1.487931e-01
  211    1.567496e-01    0.997752   1.484587e-01
  212    1.564023e-01    0.997784   1.481297e-01
  213    1.498604e-01    0.958173   1.419339e-01
  214    1.441497e-01    0.961893   1.365252e-01
  215    1.439157e-01    0.998377   1.363035e-01
  216    1.430830e-01    0.994214   1.355149e-01
  217    1.426503e-01    0.996976   1.351051e-01
  218    1.423548e-01    0.997928   1.348252e-01
  219    1.422020e-01    0.998927   1.346805e-01
  220    1.421621e-01    0.999720   1.346428e-01
  221    1.425246e-01    1.002549   1.349860e-01
  222    1.417958e-01    0.994887   1.342958e-01
  223    1.415894e-01    0.998545   1.341003e-01
  224    1.416403e-01    1.000360   1.341486e-01
  225    1.417867e-01    1.001033   1.342872e-01
  226    1.419692e-01    1.001287   1.344600e-01
  227    1.422789e-01    1.002182   1.347534e-01
  228    1.427508e-01    1.003317   1.352003e-01
  229    1.424842e-01    0.998132   1.349478e-01
  230    1.432086e-01    1.005084   1.356338e-01
  231    1.430332e-01    0.998775   1.354677e-01
  232    1.430404e-01    1.000051   1.354746e-01
  233    1.559441e-01    1.090210   1.476958e-01
  234    1.436991e-01    0.921478   1.360984e-01
  235    1.436638e-01    0.999755   1.360650e-01
  236    1.439565e-01    1.002037   1.363422e-01
  237    1.444564e-01    1.003473   1.368157e-01
  238    1.446799e-01    1.001547   1.370274e-01
  239    1.451815e-01    1.003467   1.375024e-01
  240    1.454912e-01    1.002133   1.377957e-01
  241    1.453369e-01    0.998940   1.376496e-01
  242    1.457347e-01    1.002737   1.380264e-01
  243    1.458659e-01    1.000900   1.381506e-01
  244    1.455668e-01    0.997950   1.378674e-01
  245    1.455902e-01    1.000161   1.378895e-01
  246    1.456924e-01    1.000702   1.379863e-01
  247    1.457725e-01    1.000550   1.380621e-01
  248    1.460069e-01    1.001608   1.382842e-01
  249    1.461353e-01    1.000879   1.384058e-01
  250    1.458527e-01    0.998066   1.381381e-01
  251    1.458493e-01    0.999977   1.381349e-01
  252    1.457199e-01    0.999112   1.380123e-01
  253    1.455659e-01    0.998944   1.378665e-01
  254    1.454437e-01    0.999160   1.377507e-01
  255    1.454241e-01    0.999866   1.377322e-01
  256    1.453738e-01    0.999654   1.376845e-01
  257    1.437315e-01    0.988704   1.361292e-01
  258    1.427855e-01    0.993418   1.352332e-01
  259    1.423840e-01    0.997188   1.348528e-01
  260    1.431166e-01    1.005145   1.355467e-01
  261    1.413370e-01    0.987566   1.338613e-01
  262    1.410667e-01    0.998087   1.336053e-01
  263    1.410866e-01    1.000141   1.336241e-01
  264    1.406287e-01    0.996755   1.331905e-01
  265    1.378685e-01    0.980372   1.305762e-01
  266    1.352551e-01    0.981044   1.281010e-01
  267    1.344423e-01    0.993991   1.273313e-01
  268    1.340035e-01    0.996736   1.269156e-01
  269    1.340266e-01    1.000173   1.269375e-01
  270    1.334463e-01    0.995671   1.263880e-01
  271    1.461802e-01    1.095423   1.384483e-01
  272    1.330013e-01    0.909845   1.259664e-01
  273    1.326498e-01    0.997358   1.256336e-01
  274    1.323681e-01    0.997876   1.253668e-01
  275    1.319094e-01    0.996535   1.249323e-01
  276    1.311485e-01    0.994232   1.242117e-01
  277    1.302882e-01    0.993440   1.233969e-01
  278    1.302532e-01    0.999732   1.233637e-01
  279    1.295562e-01    0.994649   1.227036e-01
  280    1.286426e-01    0.992948   1.218383e-01
  281    1.211144e-01    0.941480   1.147083e-01
  282    1.147750e-01    0.947658   1.087042e-01
  283    1.143585e-01    0.996371   1.083097e-01
  284    1.136791e-01    0.994059   1.076663e-01
  285    1.086047e-01    0.955362   1.028603e-01
  286    1.087291e-01    1.001145   1.029781e-01
  287    1.588202e-01    1.460697   1.504198e-01
  288    1.614898e-01    1.016809   1.529481e-01
  289    1.341879e-01    0.830937   1.270903e-01
  290    1.071511e-01    0.798515   1.014835e-01
  291    1.124192e-01    1.049165   1.064730e-01
  292    1.112496e-01    0.989596   1.053652e-01
  293    1.109987e-01    0.997746   1.051277e-01
  294    1.107236e-01    0.997521   1.048671e-01
  295    1.105968e-01    0.998854   1.047470e-01
  296    1.101683e-01    0.996126   1.043412e-01
  297    1.099029e-01    0.997591   1.040898e-01
  298    1.104338e-01    1.004830   1.045926e-01
  299    1.046661e-01    0.947772   9.912997e-02
  300    9.115334e-02    0.870897   8.633197e-02
  301    8.295160e-02    0.910023   7.856404e-02
  302    8.284558e-02    0.998722   7.846364e-02
  303    8.277251e-02    0.999118   7.839442e-02
  304    8.273702e-02    0.999571   7.836081e-02
  305    8.267974e-02    0.999308   7.830656e-02
  306    8.259605e-02    0.998988   7.822730e-02
  307    8.259437e-02    0.999980   7.822570e-02
  308    8.250155e-02    0.998876   7.813780e-02
  309    8.240385e-02    0.998816   7.804526e-02
  310    8.239978e-02    0.999951   7.804141e-02
  311    8.232556e-02    0.999099   7.797112e-02
  312    8.229714e-02    0.999655   7.794420e-02
  313    8.226898e-02    0.999658   7.791752e-02
  314    8.226171e-02    0.999912   7.791065e-02
  315    8.229770e-02    1.000437   7.794473e-02
  316    8.190007e-02    0.995168   7.756813e-02
  317    8.037947e-02    0.981434   7.612796e-02
  318    8.006232e-02    0.996054   7.582759e-02
  319    7.888499e-02    0.985295   7.471253e-02
  320    7.892653e-02    1.000527   7.475187e-02
  321    7.883360e-02    0.998823   7.466386e-02
  322    7.881593e-02    0.999776   7.464712e-02
  323    7.877995e-02    0.999544   7.461305e-02
  324    7.876689e-02    0.999834   7.460067e-02
  325    7.868116e-02    0.998912   7.451948e-02
  326    7.864520e-02    0.999543   7.448542e-02
  327    7.864504e-02    0.999998   7.448527e-02
  328    7.856599e-02    0.998995   7.441040e-02
  329    7.796952e-02    0.992408   7.384548e-02
  330    7.759770e-02    0.995231   7.349332e-02
  331    7.748214e-02    0.998511   7.338388e-02
  332    7.749560e-02    1.000174   7.339663e-02
  333    7.736081e-02    0.998261   7.326896e-02
  334    7.730011e-02    0.999215   7.321148e-02
  335    7.729380e-02    0.999918   7.320550e-02
  336    7.725765e-02    0.999532   7.317126e-02
  337    7.720861e-02    0.999365   7.312482e-02
  338    7.719651e-02    0.999843   7.311336e-02
  339    7.719547e-02    0.999986   7.311237e-02
  340    7.716901e-02    0.999657   7.308732e-02
  341    7.715147e-02    0.999773   7.307070e-02
  342    7.713578e-02    0.999797   7.305584e-02
  343    7.717016e-02    1.000446   7.308840e-02
  344    7.717107e-02    1.000012   7.308926e-02
  345    7.716360e-02    0.999903   7.308218e-02
  346    7.712965e-02    0.999560   7.305003e-02
  347    7.716395e-02    1.000445   7.308251e-02
  348    7.671608e-02    0.994196   7.265834e-02
  349    7.686633e-02    1.001958   7.280064e-02
  350    7.686536e-02    0.999987   7.279972e-02
  351    7.679684e-02    0.999109   7.273483e-02
  352    7.676485e-02    0.999583   7.270453e-02
  353    7.678134e-02    1.000215   7.272015e-02
  354    7.676874e-02    0.999836   7.270822e-02
  355    7.671206e-02    0.999262   7.265453e-02
  356    7.657277e-02    0.998184   7.252261e-02
  357    7.638369e-02    0.997531   7.234353e-02
  358    7.623106e-02    0.998002   7.219897e-02
  359    7.615175e-02    0.998960   7.212386e-02
  360    7.610904e-02    0.999439   7.208341e-02
  361    7.612898e-02    1.000262   7.210229e-02
  362    7.603967e-02    0.998827   7.201771e-02
  363    7.766256e-02    1.021343   7.355475e-02
  364    7.590533e-02    0.977374   7.189047e-02
  365    7.588257e-02    0.999700   7.186892e-02
  366    7.587106e-02    0.999848   7.185801e-02
  367    7.585681e-02    0.999812   7.184452e-02
  368    7.611950e-02    1.003463   7.209331e-02
  369    7.611150e-02    0.999895   7.208573e-02
  370    7.577022e-02    0.995516   7.176251e-02
  371    7.563234e-02    0.998180   7.163192e-02
  372    7.559905e-02    0.999560   7.160039e-02
  373    7.554268e-02    0.999254   7.154700e-02
  374    7.549123e-02    0.999319   7.149827e-02
  375    7.544017e-02    0.999324   7.144991e-02
  376    7.538722e-02    0.999298   7.139977e-02
  377    7.538273e-02    0.999940   7.139551e-02
  378    7.538219e-02    0.999993   7.139500e-02
  379    7.536918e-02    0.999827   7.138268e-02
  380    7.526391e-02    0.998603   7.128297e-02
  381    7.522710e-02    0.999511   7.124811e-02
  382    7.516314e-02    0.999150   7.118754e-02
  383    7.513980e-02    0.999689   7.116543e-02
  384    7.514465e-02    1.000065   7.117003e-02
  385    7.500006e-02    0.998076   7.103308e-02
  386    7.501726e-02    1.000229   7.104937e-02
  387    7.501601e-02    0.999983   7.104819e-02
  388    7.521609e-02    1.002667   7.123769e-02
  389    7.511564e-02    0.998664   7.114255e-02
  390    7.487125e-02    0.996747   7.091109e-02
  391    7.490025e-02    1.000387   7.093855e-02
  392    7.487623e-02    0.999679   7.091580e-02
  393    7.482723e-02    0.999346   7.086940e-02
  394    7.487953e-02    1.000699   7.091893e-02
  395    7.474098e-02    0.998150   7.078771e-02
  396    7.473084e-02    0.999864   7.077811e-02
  397    7.473317e-02    1.000031   7.078031e-02
  398    7.465661e-02    0.998976   7.070780e-02
  399    7.470265e-02    1.000617   7.075140e-02
  400    7.467470e-02    0.999626   7.072493e-02
  401    7.467381e-02    0.999988   7.072409e-02
  402    7.464773e-02    0.999651   7.069939e-02
  403    7.457446e-02    0.999018   7.062999e-02
  404    7.451543e-02    0.999208   7.057409e-02
  405    7.450982e-02    0.999925   7.056877e-02
  406    7.450342e-02    0.999914   7.056271e-02
  407    7.450287e-02    0.999993   7.056219e-02
  408    7.450443e-02    1.000021   7.056367e-02
  409    7.451528e-02    1.000146   7.057395e-02
  410    7.450196e-02    0.999821   7.056133e-02
  411    7.449780e-02    0.999944   7.055739e-02
  412    7.451554e-02    1.000238   7.057419e-02
  413    7.249029e-02    0.972821   6.865607e-02
  414    7.660836e-02    1.056808   7.255631e-02
  415    8.692420e-02    1.134657   8.232652e-02
  416    7.104159e-02    0.817282   6.728398e-02
  417    7.223320e-02    1.016774   6.841257e-02
  418    7.078923e-02    0.980010   6.704498e-02
  419    7.073123e-02    0.999181   6.699004e-02
  420    7.056197e-02    0.997607   6.682974e-02
  421    7.055943e-02    0.999964   6.682733e-02
  422    7.053472e-02    0.999650   6.680393e-02
  423    7.051902e-02    0.999777   6.678906e-02
  424    7.049142e-02    0.999609   6.676292e-02
  425    7.046647e-02    0.999646   6.673929e-02
  426    7.045582e-02    0.999849   6.672920e-02
  427    7.046779e-02    1.000170   6.674054e-02
  428    7.032344e-02    0.997952   6.660382e-02
  429    7.027671e-02    0.999336   6.655957e-02
  430    7.027559e-02    0.999984   6.655850e-02
  431    7.025189e-02    0.999663   6.653606e-02
  432    7.027279e-02    1.000297   6.655585e-02
  433    7.026866e-02    0.999941   6.655194e-02
  434    7.026315e-02    0.999922   6.654672e-02
  435    7.027709e-02    1.000198   6.655992e-02
  436    7.020413e-02    0.998962   6.649082e-02
  437    7.016513e-02    0.999445   6.645389e-02
  438    7.015326e-02    0.999831   6.644264e-02
  439    6.919474e-02    0.986337   6.553483e-02
  440    7.021596e-02    1.014759   6.650203e-02
  441    6.998077e-02    0.996651   6.627928e-02
  442    6.997654e-02    0.999940   6.627527e-02
  443    6.998408e-02    1.000108   6.628241e-02
  444    6.997521e-02    0.999873   6.627402e-02
  445    6.933456e-02    0.990845   6.566725e-02
  446    6.991486e-02    1.008370   6.621686e-02
  447    6.985676e-02    0.999169   6.616183e-02
  448    6.983191e-02    0.999644   6.613830e-02
  449    6.980083e-02    0.999555   6.610886e-02
  450    6.980393e-02    1.000044   6.611179e-02
  451    6.964969e-02    0.997790   6.596571e-02
  452    6.960953e-02    0.999423   6.592767e-02
  453    7.036556e-02    1.010861   6.664372e-02
  454    6.949396e-02    0.987613   6.581822e-02
  455    6.951509e-02    1.000304   6.583823e-02
  456    6.942485e-02    0.998702   6.575277e-02
  457    6.942394e-02    0.999987   6.575190e-02
  458    6.934472e-02    0.998859   6.567687e-02
  459    6.927032e-02    0.998927   6.560641e-02
  460    6.921323e-02    0.999176   6.555233e-02
  461    6.918197e-02    0.999548   6.552273e-02
  462    6.914441e-02    0.999457   6.548716e-02
  463    6.910870e-02    0.999484   6.545333e-02
  464    6.912876e-02    1.000290   6.547233e-02
  465    6.901952e-02    0.998420   6.536887e-02
  466    7.008568e-02    1.015447   6.637864e-02
  467    6.888657e-02    0.982891   6.524295e-02
  468    6.888121e-02    0.999922   6.523787e-02
  469    6.886289e-02    0.999734   6.522053e-02
  470    6.891719e-02    1.000789   6.527196e-02
  471    6.877525e-02    0.997940   6.513752e-02
  472    6.878390e-02    1.000126   6.514571e-02
  473    6.871722e-02    0.999031   6.508256e-02
  474    6.872858e-02    1.000165   6.509332e-02
  475    6.872274e-02    0.999915   6.508779e-02
  476    6.848635e-02    0.996560   6.486390e-02
  477    6.845107e-02    0.999485   6.483049e-02
  478    6.844110e-02    0.999854   6.482104e-02
  479    6.843554e-02    0.999919   6.481578e-02
  480    6.831889e-02    0.998295   6.470530e-02
  481    6.829770e-02    0.999690   6.468523e-02
  482    6.829341e-02    0.999937   6.468117e-02
  483    6.831225e-02    1.000276   6.469901e-02
  484    6.834954e-02    1.000546   6.473433e-02
  485    6.834448e-02    0.999926   6.472954e-02
  486    6.565289e-02    0.960617   6.218031e-02
  487    6.774897e-02    1.031927   6.416552e-02
  488    6.771824e-02    0.999546   6.413642e-02
  489    6.776667e-02    1.000715   6.418229e-02
  490    6.779904e-02    1.000478   6.421295e-02
  491    6.768130e-02    0.998263   6.410144e-02
  492    6.767874e-02    0.999962   6.409901e-02
  493    6.767320e-02    0.999918   6.409376e-02
  494    6.768974e-02    1.000244   6.410943e-02
  495    6.752801e-02    0.997611   6.395625e-02
  496    6.751242e-02    0.999769   6.394149e-02
  497    6.743480e-02    0.998850   6.386798e-02
  498    6.668146e-02    0.988829   6.315448e-02
  499    6.696048e-02    1.004184   6.341874e-02
  500    6.682737e-02    0.998012   6.329267e-02
  501    6.676963e-02    0.999136   6.323799e-02
  502    6.676876e-02    0.999987   6.323716e-02
  503    6.649665e-02    0.995925   6.297945e-02
  504    6.649657e-02    0.999999   6.297937e-02
  505    6.631457e-02    0.997263   6.280699e-02
  506    6.658649e-02    1.004100   6.306453e-02
  507    6.657346e-02    0.999804   6.305220e-02
  508    6.563881e-02    0.985961   6.216698e-02
  509    6.572660e-02    1.001337   6.225012e-02
  510    6.567479e-02    0.999212   6.220105e-02
  511    6.549787e-02    0.997306   6.203350e-02
  512    6.512062e-02    0.994240   6.167619e-02
  513    6.519878e-02    1.001200   6.175022e-02
  514    6.519396e-02    0.999926   6.174566e-02
  515    6.523022e-02    1.000556   6.178000e-02
  516    6.522546e-02    0.999927   6.177549e-02
  517    6.509781e-02    0.998043   6.165459e-02
  518    6.441067e-02    0.989445   6.100380e-02
  519    6.441417e-02    1.000054   6.100712e-02
  520    6.431580e-02    0.998473   6.091394e-02
  521    6.400155e-02    0.995114   6.061631e-02
  522    6.394178e-02    0.999066   6.055971e-02
  523    6.394775e-02    1.000093   6.056536e-02
  524    6.324094e-02    0.988947   5.989594e-02
  525    6.352404e-02    1.004476   6.016407e-02
  526    6.357835e-02    1.000855   6.021550e-02
  527    6.314840e-02    0.993238   5.980830e-02
  528    6.283407e-02    0.995022   5.951059e-02
  529    6.276903e-02    0.998965   5.944899e-02
  530    6.283853e-02    1.001107   5.951481e-02
  531    6.069778e-02    0.965933   5.748730e-02
  532    6.521350e-02    1.074397   6.176417e-02
  533    6.217635e-02    0.953428   5.888766e-02
  534    6.216154e-02    0.999762   5.887363e-02
  535    6.216665e-02    1.000082   5.887847e-02
  536    6.211777e-02    0.999214   5.883218e-02
  537    6.233562e-02    1.003507   5.903851e-02
  538    6.284141e-02    1.008114   5.951754e-02
  539    2.206375e-01    3.511022   2.089674e-01
  540    5.891727e-02    0.267032   5.580096e-02
  541    5.903261e-02    1.001958   5.591020e-02
  542    5.829600e-02    0.987522   5.521255e-02
  543    5.830891e-02    1.000221   5.522477e-02
  544    5.826961e-02    0.999326   5.518756e-02
  545    5.761149e-02    0.988706   5.456425e-02
  546    5.899581e-02    1.024029   5.587535e-02
  547    5.887439e-02    0.997942   5.576034e-02
  548    6.028105e-02    1.023893   5.709260e-02
  549    5.990803e-02    0.993812   5.673931e-02
  550    5.996183e-02    1.000898   5.679027e-02
  551    5.990506e-02    0.999053   5.673650e-02
  552    5.972730e-02    0.997033   5.656814e-02
  553    5.979542e-02    1.001141   5.663267e-02
  554    5.847050e-02    0.977842   5.537782e-02
  555    5.843036e-02    0.999314   5.533981e-02
  556    5.849469e-02    1.001101   5.540074e-02
  557    5.851973e-02    1.000428   5.542444e-02
  558    5.884157e-02    1.005500   5.572927e-02
  559    5.786742e-02    0.983445   5.480664e-02
  560    5.839342e-02    1.009090   5.530481e-02
  561    5.732220e-02    0.981655   5.429026e-02
  562    5.732017e-02    0.999964   5.428833e-02
  563    5.696899e-02    0.993873   5.395573e-02
  564    5.662454e-02    0.993954   5.362950e-02
  565    5.665078e-02    1.000463   5.365435e-02
  566    5.627564e-02    0.993378   5.329906e-02
  567    5.577568e-02    0.991116   5.282554e-02
  568    5.563560e-02    0.997488   5.269287e-02
  569    5.480949e-02    0.985151   5.191045e-02
  570    5.518043e-02    1.006768   5.226177e-02
  571    5.507513e-02    0.998092   5.216205e-02
  572    5.471438e-02    0.993450   5.182037e-02
  573    5.471650e-02    1.000039   5.182238e-02
  574    5.450441e-02    0.996124   5.162151e-02
  575    5.391795e-02    0.989240   5.106607e-02
  576    5.394161e-02    1.000439   5.108848e-02
  577    5.354411e-02    0.992631   5.071200e-02
  578    5.284061e-02    0.986861   5.004571e-02
  579    5.303383e-02    1.003657   5.022871e-02
  580    5.303812e-02    1.000081   5.023277e-02
  581    5.276370e-02    0.994826   4.997287e-02
  582    5.258112e-02    0.996540   4.979995e-02
  583    5.260590e-02    1.000471   4.982341e-02
  584    5.264458e-02    1.000735   4.986005e-02
  585    6.188551e-02    1.175534   5.861220e-02
  586    6.184277e-02    0.999309   5.857172e-02
  587    5.138219e-02    0.830852   4.866443e-02
  588    5.143615e-02    1.001050   4.871554e-02
  589    5.024596e-02    0.976861   4.758830e-02
  590    5.113857e-02    1.017765   4.843370e-02
  591    5.076244e-02    0.992645   4.807747e-02
  592    5.079788e-02    1.000698   4.811103e-02
  593    5.073042e-02    0.998672   4.804714e-02
  594    5.063307e-02    0.998081   4.795494e-02
  595    5.271490e-02    1.041116   4.992665e-02
  596    5.268905e-02    0.999510   4.990217e-02
  597    4.976015e-02    0.944412   4.712819e-02
  598    4.956867e-02    0.996152   4.694684e-02
  599    4.957866e-02    1.000201   4.695629e-02
  600    4.939537e-02    0.996303   4.678271e-02
  601    4.916785e-02    0.995394   4.656721e-02
  602    4.930109e-02    1.002710   4.669341e-02
  603    4.930139e-02    1.000006   4.669370e-02
  604    4.922174e-02    0.998384   4.661826e-02
  605    4.922008e-02    0.999966   4.661668e-02
  606    4.910451e-02    0.997652   4.650722e-02
  607    4.904625e-02    0.998814   4.645205e-02
  608    4.888224e-02    0.996656   4.629672e-02
  609    4.879828e-02    0.998282   4.621719e-02
  610    4.882798e-02    1.000609   4.624532e-02
  611    4.882907e-02    1.000022   4.624636e-02
  612    4.879863e-02    0.999376   4.621752e-02
  613    4.879096e-02    0.999843   4.621026e-02
  614    4.878977e-02    0.999976   4.620913e-02
  615    4.879459e-02    1.000099   4.621370e-02
  616    4.879276e-02    0.999963   4.621197e-02
  617    4.879406e-02    1.000027   4.621319e-02
  618    4.878179e-02    0.999749   4.620158e-02
  619    4.877842e-02    0.999931   4.619839e-02
  620    4.878273e-02    1.000088   4.620246e-02
  621    4.876593e-02    0.999656   4.618656e-02
  622    4.876502e-02    0.999981   4.618569e-02
  623    4.876938e-02    1.000089   4.618982e-02
  624    5.000995e-02    1.025437   4.736478e-02
  625    4.880551e-02    0.975916   4.622404e-02
  626    4.878509e-02    0.999582   4.620470e-02
  627    4.879891e-02    1.000283   4.621779e-02
  628    4.881536e-02    1.000337   4.623337e-02
  629    4.889452e-02    1.001622   4.630835e-02
  630    4.892152e-02    1.000552   4.633392e-02
  631    4.897403e-02    1.001073   4.638365e-02
  632    4.905027e-02    1.001557   4.645585e-02
  633    5.117143e-02    1.043245   4.846482e-02
  634    4.928399e-02    0.963115   4.667722e-02
  635    4.918660e-02    0.998024   4.658498e-02
  636    4.917361e-02    0.999736   4.657267e-02
  637    4.920069e-02    1.000551   4.659832e-02
  638    4.920558e-02    1.000100   4.660295e-02
  639    4.918947e-02    0.999672   4.658769e-02
  640    4.946835e-02    1.005669   4.685182e-02
  641    4.944851e-02    0.999599   4.683304e-02
  642    4.941026e-02    0.999226   4.679680e-02
  643    5.626415e-02    1.138714   5.328817e-02
  644    5.175370e-02    0.919834   4.901629e-02
  645    5.129400e-02    0.991118   4.858091e-02
  646    5.134550e-02    1.001004   4.862968e-02
  647    5.139630e-02    1.000989   4.867780e-02
  648    5.041688e-02    0.980944   4.775018e-02
  649    4.994132e-02    0.990568   4.729977e-02
  650    5.017694e-02    1.004718   4.752293e-02
  651    5.022207e-02    1.000899   4.756567e-02
  652    5.024665e-02    1.000489   4.758895e-02
  653    5.026220e-02    1.000309   4.760368e-02
  654    5.039677e-02    1.002677   4.773113e-02
  655    5.069739e-02    1.005965   4.801586e-02
  656    5.069323e-02    0.999918   4.801191e-02
  657    4.968491e-02    0.980109   4.705692e-02
  658    4.968838e-02    1.000070   4.706021e-02
  659    4.903423e-02    0.986835   4.644067e-02
  660    4.950114e-02    1.009522   4.688287e-02
  661    5.027498e-02    1.015633   4.761579e-02
  662    5.020004e-02    0.998509   4.754481e-02
  663    5.129535e-02    1.021819   4.858219e-02
  664    5.122744e-02    0.998676   4.851787e-02
  665    5.154908e-02    1.006279   4.882249e-02
  666    5.146176e-02    0.998306   4.873980e-02
  667    5.146257e-02    1.000016   4.874056e-02
  668    5.143943e-02    0.999550   4.871865e-02
  669    5.143910e-02    0.999994   4.871834e-02
  670    5.152573e-02    1.001684   4.880038e-02
  671    5.214303e-02    1.011980   4.938503e-02
  672    5.842623e-02    1.120499   5.533590e-02
  673    5.056253e-02    0.865408   4.788813e-02
  674    5.071947e-02    1.003104   4.803676e-02
  675    5.041308e-02    0.993959   4.774659e-02
  676    6.272504e-02    1.244221   5.940732e-02
  677    5.379637e-02    0.857654   5.095092e-02
  678    5.225531e-02    0.971354   4.949138e-02
  679    5.213947e-02    0.997783   4.938165e-02
  680    5.228702e-02    1.002830   4.952140e-02
  681    5.228912e-02    1.000040   4.952339e-02
  682    5.218478e-02    0.998005   4.942457e-02
  683    5.230202e-02    1.002247   4.953561e-02
  684    5.222420e-02    0.998512   4.946190e-02
  685    4.223178e+00    80.866311   3.999802e+00
  686    5.258383e-02    0.012451   4.980252e-02
  687    5.256739e-02    0.999687   4.978694e-02
  688    5.256674e-02    0.999988   4.978633e-02
  689    5.256657e-02    0.999997   4.978616e-02
  690    5.256034e-02    0.999882   4.978027e-02
  691    5.250261e-02    0.998902   4.972559e-02
  692    5.245453e-02    0.999084   4.968006e-02
  693    5.243398e-02    0.999608   4.966059e-02
  694    5.235985e-02    0.998586   4.959039e-02
  695    5.239699e-02    1.000709   4.962555e-02
  696    5.255921e-02    1.003096   4.977919e-02
  697    5.257442e-02    1.000289   4.979360e-02
  698    5.240373e-02    0.996753   4.963194e-02
  699    5.266604e-02    1.005005   4.988038e-02
  700    5.266848e-02    1.000046   4.988269e-02
  701    5.266036e-02    0.999846   4.987500e-02
  702    5.267807e-02    1.000336   4.989177e-02
  703    5.265851e-02    0.999629   4.987324e-02
  704    5.266061e-02    1.000040   4.987523e-02
  705    5.262679e-02    0.999358   4.984320e-02
  706    5.259712e-02    0.999436   4.981510e-02
  707    5.254458e-02    0.999001   4.976535e-02
  708    5.251791e-02    0.999492   4.974008e-02
  709    5.275751e-02    1.004562   4.996701e-02
  710    5.231912e-02    0.991690   4.955181e-02
  711    5.233261e-02    1.000258   4.956459e-02
  712    5.296568e-02    1.012097   5.016417e-02
  713    5.319151e-02    1.004264   5.037805e-02
  714    5.313714e-02    0.998978   5.032656e-02
  715    5.307849e-02    0.998896   5.027101e-02
  716    5.307347e-02    0.999905   5.026626e-02
  717    5.306108e-02    0.999766   5.025452e-02
  718    5.314575e-02    1.001596   5.033471e-02
  719    6.645758e-02    1.250478   6.294245e-02
  720    5.311486e-02    0.799229   5.030546e-02
  721    5.302059e-02    0.998225   5.021618e-02
  722    5.295212e-02    0.998709   5.015133e-02
  723    5.322790e-02    1.005208   5.041252e-02
  724    5.326851e-02    1.000763   5.045098e-02
  725    5.327200e-02    1.000066   5.045429e-02
  726    5.329346e-02    1.000403   5.047461e-02
  727    5.345113e-02    1.002959   5.062394e-02
  728    5.327437e-02    0.996693   5.045653e-02
  729    5.325662e-02    0.999667   5.043972e-02
  730    5.324222e-02    0.999729   5.042608e-02
  731    5.327214e-02    1.000562   5.045442e-02
  732    5.366766e-02    1.007424   5.082901e-02
  733    5.353029e-02    0.997440   5.069891e-02
  734    5.330325e-02    0.995759   5.048388e-02
  735    5.837858e-02    1.095216   5.529077e-02
  736    5.269187e-02    0.902589   4.990484e-02
  737    5.271037e-02    1.000351   4.992236e-02
  738    5.481301e-02    1.039890   5.191378e-02
  739    5.303599e-02    0.967580   5.023076e-02
  740    5.326302e-02    1.004281   5.044578e-02
  741    5.332651e-02    1.001192   5.050591e-02
  742    5.334434e-02    1.000334   5.052280e-02
  743    5.334259e-02    0.999967   5.052114e-02
  744    5.333370e-02    0.999833   5.051272e-02
  745    5.333164e-02    0.999962   5.051077e-02
  746    5.333106e-02    0.999989   5.051022e-02
  747    5.333084e-02    0.999996   5.051001e-02
  748    5.334217e-02    1.000213   5.052075e-02
  749    5.328466e-02    0.998922   5.046628e-02
  750    5.330678e-02    1.000415   5.048723e-02
  751    5.332482e-02    1.000338   5.050431e-02
  752    5.330453e-02    0.999620   5.048510e-02
  753    5.329747e-02    0.999868   5.047841e-02
  754    5.328911e-02    0.999843   5.047049e-02
  755    5.328147e-02    0.999857   5.046326e-02
  756    5.327584e-02    0.999894   5.045792e-02
  757    5.327708e-02    1.000023   5.045910e-02
  758    5.327690e-02    0.999997   5.045893e-02
  759    5.327585e-02    0.999980   5.045793e-02
  760    5.327453e-02    0.999975   5.045668e-02
  761    5.327420e-02    0.999994   5.045637e-02
  762    5.327427e-02    1.000001   5.045643e-02
  763    5.327102e-02    0.999939   5.045336e-02
  764    5.322494e-02    0.999135   5.040971e-02
  765    5.316178e-02    0.998813   5.034989e-02
  766    5.315663e-02    0.999903   5.034502e-02
  767    5.319503e-02    1.000722   5.038139e-02
  768    5.319439e-02    0.999988   5.038078e-02
  769    5.299563e-02    0.996264   5.019253e-02
  770    5.303623e-02    1.000766   5.023099e-02
  771    5.219206e-02    0.984083   4.943146e-02
  772    5.145527e-02    0.985883   4.873365e-02
  773    5.145408e-02    0.999977   4.873252e-02
  774    5.145717e-02    1.000060   4.873545e-02
  775    5.145543e-02    0.999966   4.873380e-02
  776    5.145481e-02    0.999988   4.873321e-02
  777    5.145160e-02    0.999938   4.873018e-02
  778    5.145429e-02    1.000052   4.873272e-02
  779    5.145565e-02    1.000027   4.873401e-02
  780    5.139236e-02    0.998770   4.867406e-02
  781    5.379174e-02    1.046687   5.094653e-02
  782    5.208645e-02    0.968298   4.933144e-02
  783    5.171192e-02    0.992810   4.897673e-02
  784    5.062739e-02    0.979027   4.794955e-02
  785    5.060498e-02    0.999557   4.792833e-02
  786    5.114652e-02    1.010701   4.844123e-02
  787    5.119146e-02    1.000879   4.848379e-02
  788    5.115493e-02    0.999286   4.844919e-02
  789    5.114171e-02    0.999742   4.843667e-02
  790    5.114403e-02    1.000045   4.843887e-02
  791    5.107404e-02    0.998631   4.837258e-02
  792    5.108505e-02    1.000216   4.838301e-02
  793    5.089033e-02    0.996188   4.819859e-02
  794    5.096461e-02    1.001460   4.826894e-02
  795    5.099173e-02    1.000532   4.829462e-02
  796    5.099208e-02    1.000007   4.829496e-02
  797    5.098122e-02    0.999787   4.828467e-02
  798    5.101387e-02    1.000640   4.831559e-02
  799    5.134996e-02    1.006588   4.863391e-02
  800    5.084758e-02    0.990217   4.815810e-02
  801    5.082463e-02    0.999549   4.813637e-02
  802    5.088508e-02    1.001189   4.819362e-02
  803    5.085206e-02    0.999351   4.816234e-02
  804    5.137269e-02    1.010238   4.865543e-02
  805    5.063256e-02    0.985593   4.795446e-02
  806    5.054074e-02    0.998186   4.786749e-02
  807    5.054865e-02    1.000157   4.787498e-02
  808    5.055768e-02    1.000179   4.788354e-02
  809    5.055017e-02    0.999851   4.787642e-02
  810    4.754938e-02    0.940637   4.503435e-02
  811    5.086653e-02    1.069762   4.817605e-02
  812    5.035200e-02    0.989885   4.768873e-02
  813    5.026962e-02    0.998364   4.761071e-02
  814    5.027082e-02    1.000024   4.761184e-02
  815    5.030759e-02    1.000732   4.764667e-02
  816    5.046443e-02    1.003118   4.779521e-02
  817    5.032121e-02    0.997162   4.765957e-02
  818    5.057465e-02    1.005036   4.789961e-02
  819    5.516406e-02    1.090745   5.224627e-02
  820    4.991004e-02    0.904756   4.727015e-02
  821    4.990954e-02    0.999990   4.726968e-02
  822    4.989571e-02    0.999723   4.725658e-02
  823    4.963494e-02    0.994774   4.700960e-02
  824    4.959610e-02    0.999217   4.697282e-02
  825    4.950801e-02    0.998224   4.688939e-02
  826    5.104088e-02    1.030962   4.834117e-02
  827    4.938351e-02    0.967529   4.677147e-02
  828    4.940780e-02    1.000492   4.679448e-02
  829    4.925092e-02    0.996825   4.664589e-02
  830    4.916669e-02    0.998290   4.656612e-02
  831    4.898569e-02    0.996319   4.639469e-02
  832    5.005539e-02    1.021837   4.740781e-02
  833    4.792155e-02    0.957370   4.538683e-02
  834    4.799112e-02    1.001452   4.545273e-02
  835    6.021664e-02    1.254745   5.703161e-02
  836    4.731308e-02    0.785714   4.481055e-02
  837    4.683349e-02    0.989863   4.435633e-02
  838    4.578241e-02    0.977557   4.336084e-02
  839    4.764445e-02    1.040671   4.512440e-02
  840    4.492094e-02    0.942837   4.254493e-02
  841    4.615770e-02    1.027532   4.371628e-02
  842    4.615768e-02    1.000000   4.371627e-02
  843    4.616541e-02    1.000167   4.372358e-02
  844    4.612988e-02    0.999230   4.368993e-02
  845    4.613702e-02    1.000155   4.369670e-02
  846    4.614060e-02    1.000078   4.370009e-02
  847    4.613005e-02    0.999771   4.369009e-02
  848    4.616330e-02    1.000721   4.372158e-02
  849    4.616325e-02    0.999999   4.372153e-02
  850    4.616311e-02    0.999997   4.372140e-02
  851    4.615921e-02    0.999916   4.371771e-02
  852    4.614589e-02    0.999711   4.370510e-02
  853    4.624548e-02    1.002158   4.379942e-02
  854    4.674903e-02    1.010889   4.427634e-02
  855    4.512954e-02    0.965358   4.274250e-02
  856    4.504743e-02    0.998181   4.266474e-02
  857    4.541641e-02    1.008191   4.301420e-02
  858    4.541832e-02    1.000042   4.301601e-02
  859    4.540543e-02    0.999716   4.300380e-02
  860    4.535976e-02    0.998994   4.296054e-02
  861    4.536248e-02    1.000060   4.296312e-02
  862    4.455100e-02    0.982111   4.219457e-02
  863    4.552640e-02    1.021894   4.311837e-02
  864    4.548833e-02    0.999164   4.308232e-02
  865    4.497305e-02    0.988672   4.259429e-02
  866    4.499836e-02    1.000563   4.261826e-02
  867    4.466128e-02    0.992509   4.229901e-02
  868    4.459694e-02    0.998559   4.223808e-02
  869    4.453042e-02    0.998508   4.217507e-02
  870    4.441049e-02    0.997307   4.206149e-02
  871    4.430964e-02    0.997729   4.196597e-02
  872    4.421486e-02    0.997861   4.187620e-02
  873    4.414881e-02    0.998506   4.181365e-02
  874    4.401930e-02    0.997066   4.169099e-02
  875    4.404680e-02    1.000625   4.171704e-02
  876    4.394040e-02    0.997584   4.161626e-02
  877    4.445484e-02    1.011708   4.210349e-02
  878    4.384939e-02    0.986381   4.153006e-02
  879    4.371376e-02    0.996907   4.140161e-02
  880    4.366419e-02    0.998866   4.135466e-02
  881    4.313585e-02    0.987900   4.085426e-02
  882    4.319838e-02    1.001450   4.091349e-02
  883    4.123778e-02    0.954614   3.905659e-02
  884    4.171487e-02    1.011569   3.950845e-02
  885    4.192939e-02    1.005142   3.971162e-02
  886    4.136267e-02    0.986484   3.917488e-02
  887    4.137444e-02    1.000284   3.918602e-02
  888    4.334208e-02    1.047557   4.104959e-02
  889    4.274932e-02    0.986324   4.048818e-02
  890    4.262695e-02    0.997137   4.037228e-02
  891    4.260254e-02    0.999427   4.034916e-02
  892    4.258286e-02    0.999538   4.033053e-02
  893    4.262700e-02    1.001036   4.037233e-02
  894    4.261879e-02    0.999807   4.036456e-02
  895    4.263546e-02    1.000391   4.038035e-02
  896    4.265301e-02    1.000412   4.039697e-02
  897    4.269142e-02    1.000901   4.043335e-02
  898    4.302074e-02    1.007714   4.074525e-02
  899    4.290748e-02    0.997367   4.063798e-02
  900    4.240912e-02    0.988385   4.016598e-02
  901    4.222994e-02    0.995775   3.999627e-02
  902    4.084541e-02    0.967215   3.868498e-02
  903    4.021964e-02    0.984679   3.809230e-02
  904    4.121965e-02    1.024864   3.903942e-02
  905    4.183104e-02    1.014832   3.961847e-02
  906    4.138704e-02    0.989386   3.919796e-02
  907    4.145917e-02    1.001743   3.926627e-02
  908    4.146749e-02    1.000201   3.927415e-02
  909    4.143101e-02    0.999120   3.923960e-02
  910    4.140352e-02    0.999336   3.921356e-02
  911    4.137188e-02    0.999236   3.918360e-02
  912    4.127943e-02    0.997765   3.909604e-02
  913    4.127411e-02    0.999871   3.909100e-02
  914    4.244640e-02    1.028403   4.020129e-02
  915    4.157000e-02    0.979353   3.937124e-02
  916    4.085250e-02    0.982740   3.869169e-02
  917    4.088359e-02    1.000761   3.872114e-02
  918    4.074171e-02    0.996530   3.858676e-02
  919    4.071204e-02    0.999272   3.855866e-02
  920    4.051177e-02    0.995081   3.836898e-02
  921    4.043707e-02    0.998156   3.829823e-02
  922    4.042146e-02    0.999614   3.828345e-02
  923    4.044345e-02    1.000544   3.830428e-02
  924    4.041185e-02    0.999219   3.827435e-02
  925    4.054081e-02    1.003191   3.839649e-02
  926    4.046321e-02    0.998086   3.832299e-02
  927    4.000114e-02    0.988580   3.788536e-02
  928    4.027720e-02    1.006901   3.814682e-02
  929    4.020253e-02    0.998146   3.807610e-02
  930    4.017353e-02    0.999279   3.804863e-02
  931    4.015517e-02    0.999543   3.803125e-02
  932    4.036346e-02    1.005187   3.822852e-02
  933    4.034114e-02    0.999447   3.820737e-02
  934    3.996096e-02    0.990576   3.784731e-02
  935    3.996187e-02    1.000023   3.784816e-02
  936    3.986962e-02    0.997692   3.776080e-02
  937    3.944593e-02    0.989373   3.735952e-02
  938    4.007889e-02    1.016046   3.795900e-02
  939    4.366918e-02    1.089581   4.135939e-02
  940    4.009162e-02    0.918076   3.797105e-02
  941    3.882096e-02    0.968306   3.676761e-02
  942    3.884628e-02    1.000652   3.679158e-02
  943    3.884939e-02    1.000080   3.679453e-02
  944    3.885148e-02    1.000054   3.679651e-02
  945    3.885039e-02    0.999972   3.679548e-02
  946    3.875734e-02    0.997605   3.670735e-02
  947    3.851657e-02    0.993788   3.647932e-02
  948    3.857586e-02    1.001539   3.653547e-02
  949    3.857673e-02    1.000022   3.653629e-02
  950    3.856511e-02    0.999699   3.652528e-02
  951    3.841222e-02    0.996036   3.638048e-02
  952    3.847930e-02    1.001746   3.644401e-02
  953    3.847978e-02    1.000013   3.644447e-02
  954    4.694651e-02    1.220031   4.446337e-02
  955    3.826712e-02    0.815122   3.624306e-02
  956    3.812799e-02    0.996364   3.611129e-02
  957    3.798757e-02    0.996317   3.597830e-02
  958    3.805429e-02    1.001756   3.604148e-02
  959    4.186096e-02    1.100033   3.964681e-02
  960    3.788536e-02    0.905029   3.588149e-02
  961    3.787123e-02    0.999627   3.586811e-02
  962    3.789301e-02    1.000575   3.588874e-02
  963    3.732543e-02    0.985022   3.535118e-02
  964    3.702043e-02    0.991829   3.506231e-02
  965    3.712985e-02    1.002956   3.516594e-02
  966    3.720848e-02    1.002118   3.524041e-02
  967    3.719780e-02    0.999713   3.523030e-02
  968    3.718580e-02    0.999677   3.521893e-02
  969    3.717771e-02    0.999783   3.521127e-02
  970    3.717626e-02    0.999961   3.520990e-02
  971    3.718699e-02    1.000289   3.522006e-02
  972    3.718503e-02    0.999947   3.521820e-02
  973    3.718409e-02    0.999975   3.521732e-02
  974    3.726510e-02    1.002178   3.529404e-02
  975    3.715205e-02    0.996966   3.518697e-02
  976    3.709315e-02    0.998415   3.513119e-02
  977    3.708622e-02    0.999813   3.512462e-02
  978    3.708440e-02    0.999951   3.512290e-02
  979    3.699352e-02    0.997549   3.503682e-02
  980    3.698674e-02    0.999817   3.503040e-02
  981    3.699016e-02    1.000092   3.503364e-02
  982    3.701791e-02    1.000750   3.505993e-02
  983    3.798378e-02    1.026092   3.597471e-02
  984    3.730202e-02    0.982051   3.532900e-02
  985    3.679073e-02    0.986293   3.484476e-02
  986    3.583522e-02    0.974028   3.393979e-02
  987    3.582097e-02    0.999602   3.392629e-02
  988    3.582957e-02    1.000240   3.393444e-02
  989    3.608557e-02    1.007145   3.417689e-02
  990    3.606758e-02    0.999502   3.415986e-02
  991    3.562756e-02    0.987800   3.374311e-02
  992    3.563245e-02    1.000137   3.374775e-02
  993    3.546821e-02    0.995391   3.359219e-02
  994    3.545840e-02    0.999723   3.358290e-02
  995    3.536315e-02    0.997314   3.349269e-02
  996    3.532336e-02    0.998875   3.345500e-02
  997    3.594282e-02    1.017537   3.404170e-02
  998    3.519255e-02    0.979126   3.333111e-02
  999    3.516688e-02    0.999271   3.330680e-02
 1000    3.523257e-02    1.001868   3.336901e-02
 1001    3.460367e-02    0.982150   3.277338e-02
 1002    3.310013e-02    0.956550   3.134936e-02
 1003    3.434008e-02    1.037461   3.252373e-02
 1004    3.424953e-02    0.997363   3.243797e-02
 1005    3.412258e-02    0.996293   3.231774e-02
 1006    3.411269e-02    0.999710   3.230837e-02
 1007    3.411712e-02    1.000130   3.231256e-02
 1008    3.411932e-02    1.000065   3.231465e-02
 1009    3.411701e-02    0.999932   3.231246e-02
 1010    3.389435e-02    0.993473   3.210157e-02
 1011    3.417104e-02    1.008163   3.236363e-02
 1012    3.418948e-02    1.000540   3.238109e-02
 1013    3.435018e-02    1.004701   3.253330e-02
 1014    3.520829e-02    1.024981   3.334602e-02
 1015    3.356381e-02    0.953293   3.178852e-02
 1016    3.304674e-02    0.984594   3.129880e-02
 1017    3.304449e-02    0.999932   3.129667e-02
 1018    3.160797e-02    0.956528   2.993613e-02
 1019    3.157692e-02    0.999018   2.990672e-02
 1020    3.150361e-02    0.997678   2.983729e-02
 1021    3.152083e-02    1.000547   2.985360e-02
 1022    3.185385e-02    1.010565   3.016900e-02
 1023    3.191992e-02    1.002074   3.023158e-02
 1024    3.229528e-02    1.011759   3.058709e-02
 1025    3.193137e-02    0.988732   3.024243e-02
 1026    3.196621e-02    1.001091   3.027542e-02
 1027    3.195628e-02    0.999689   3.026602e-02
 1028    3.185069e-02    0.996696   3.016601e-02
 1029    3.183994e-02    0.999663   3.015583e-02
 1030    3.183418e-02    0.999819   3.015038e-02
 1031    3.181123e-02    0.999279   3.012864e-02
 1032    3.181602e-02    1.000151   3.013317e-02
 1033    3.181865e-02    1.000083   3.013567e-02
 1034    3.194982e-02    1.004122   3.025990e-02
 1035    3.183936e-02    0.996543   3.015529e-02
 1036    3.182315e-02    0.999491   3.013993e-02
 1037    3.189541e-02    1.002270   3.020836e-02
 1038    3.187571e-02    0.999383   3.018971e-02
 1039    3.179854e-02    0.997579   3.011662e-02
 1040    3.169754e-02    0.996824   3.002096e-02
 1041    3.169951e-02    1.000062   3.002282e-02
 1042    3.164826e-02    0.998383   2.997428e-02
 1043    3.197149e-02    1.010213   3.028042e-02
 1044    3.055909e-02    0.955823   2.894273e-02
 1045    3.081052e-02    1.008227   2.918086e-02
 1046    3.080436e-02    0.999800   2.917503e-02
 1047    3.050102e-02    0.990153   2.888773e-02
 1048    3.035201e-02    0.995115   2.874660e-02
 1049    3.069532e-02    1.011311   2.907176e-02
 1050    2.952556e-02    0.961891   2.796387e-02
 1051    3.005649e-02    1.017982   2.846671e-02
 1052    2.821805e-02    0.938834   2.672552e-02
 1053    2.820860e-02    0.999665   2.671656e-02
 1054    2.834486e-02    1.004830   2.684561e-02
 1055    2.829236e-02    0.998148   2.679589e-02
 1056    2.828352e-02    0.999688   2.678752e-02
 1057    2.828133e-02    0.999923   2.678545e-02
 1058    2.828542e-02    1.000145   2.678932e-02
 1059    2.828530e-02    0.999996   2.678921e-02
 1060    2.828505e-02    0.999991   2.678897e-02
 1061    2.828557e-02    1.000018   2.678947e-02
 1062    2.828510e-02    0.999983   2.678902e-02
 1063    2.813074e-02    0.994543   2.664282e-02
 1064    2.769692e-02    0.984579   2.623195e-02
 1065    2.740350e-02    0.989406   2.595405e-02
 1066    2.691685e-02    0.982241   2.549314e-02
 1067    2.690791e-02    0.999668   2.548467e-02
 1068    2.687252e-02    0.998685   2.545115e-02
 1069    2.736831e-02    1.018450   2.592072e-02
 1070    2.713185e-02    0.991360   2.569677e-02
 1071    2.706343e-02    0.997478   2.563197e-02
 1072    2.597152e-02    0.959654   2.459781e-02
 1073    2.545556e-02    0.980134   2.410914e-02
 1074    2.537289e-02    0.996752   2.403084e-02
 1075    2.537104e-02    0.999927   2.402909e-02
 1076    2.534305e-02    0.998897   2.400258e-02
 1077    2.551245e-02    1.006684   2.416302e-02
 1078    3.063956e-02    1.200965   2.901894e-02
 1079    2.450729e-02    0.799858   2.321102e-02
 1080    2.523789e-02    1.029812   2.390299e-02
 1081    2.401393e-02    0.951503   2.274376e-02
 1082    2.338189e-02    0.973680   2.214515e-02
 1083    2.356719e-02    1.007925   2.232065e-02
 1084    2.287888e-02    0.970794   2.166875e-02
 1085    2.293674e-02    1.002529   2.172354e-02
 1086    2.294086e-02    1.000180   2.172745e-02
 1087    2.294019e-02    0.999971   2.172681e-02
 1088    2.293984e-02    0.999985   2.172649e-02
 1089    2.294045e-02    1.000027   2.172706e-02
 1090    2.306412e-02    1.005391   2.184419e-02
 1091    2.266752e-02    0.982804   2.146857e-02
 1092    3.336073e-02    1.471741   3.159618e-02
 1093    2.924138e-02    0.876521   2.769471e-02
 1094    2.720569e-02    0.930383   2.576670e-02
 1095    2.390685e-02    0.878745   2.264235e-02
 1096    2.496759e-02    1.044369   2.364698e-02
 1097    2.473050e-02    0.990504   2.342243e-02
 1098    2.452801e-02    0.991812   2.323065e-02
 1099    2.447471e-02    0.997827   2.318017e-02
 1100    2.451042e-02    1.001459   2.321399e-02
 1101    2.448461e-02    0.998947   2.318955e-02
 1102    2.440253e-02    0.996647   2.311181e-02
 1103    2.422464e-02    0.992710   2.294333e-02
 1104    2.389337e-02    0.986325   2.262958e-02
 1105    2.421042e-02    1.013270   2.292986e-02
 1106    2.411158e-02    0.995917   2.283625e-02
 1107    2.411034e-02    0.999948   2.283507e-02
 1108    2.409656e-02    0.999428   2.282202e-02
 1109    2.409597e-02    0.999976   2.282146e-02
 1110    2.407966e-02    0.999323   2.280602e-02
 1111    2.415772e-02    1.003241   2.287994e-02
 1112    2.368685e-02    0.980509   2.243398e-02
 1113    2.444991e-02    1.032215   2.315669e-02
 1114    2.629788e-02    1.075582   2.490691e-02
 1115    2.385730e-02    0.907195   2.259542e-02
 1116    2.370897e-02    0.993782   2.245493e-02
 1117    2.375270e-02    1.001844   2.249635e-02
 1118    2.373107e-02    0.999089   2.247586e-02
 1119    2.372316e-02    0.999667   2.246837e-02
 1120    2.372789e-02    1.000199   2.247285e-02
 1121    2.372716e-02    0.999970   2.247216e-02
 1122    2.372740e-02    1.000010   2.247238e-02
 1123    2.373854e-02    1.000470   2.248294e-02
 1124    2.403552e-02    1.012510   2.276421e-02
 1125    2.402990e-02    0.999766   2.275889e-02
 1126    2.499190e-02    1.040033   2.367000e-02
 1127    2.339000e-02    0.935903   2.215283e-02
 1128    2.337870e-02    0.999517   2.214213e-02
 1129    2.392331e-02    1.023295   2.265794e-02
 1130    2.311247e-02    0.966106   2.188998e-02
 1131    2.305811e-02    0.997648   2.183850e-02
 1132    2.254841e-02    0.977895   2.135576e-02
 1133    2.279616e-02    1.010987   2.159040e-02
 1134    2.260639e-02    0.991675   2.141067e-02
 1135    2.748176e-02    1.215663   2.602816e-02
 1136    2.579041e-02    0.938456   2.442628e-02
 1137    2.495029e-02    0.967425   2.363060e-02
 1138    2.161746e-02    0.866421   2.047405e-02
 1139    2.078295e-02    0.961396   1.968368e-02
 1140    2.078499e-02    1.000098   1.968561e-02
 1141    2.123545e-02    1.021672   2.011224e-02
 1142    2.116305e-02    0.996591   2.004367e-02
 1143    2.131712e-02    1.007280   2.018959e-02
 1144    2.146955e-02    1.007151   2.033396e-02
 1145    2.144293e-02    0.998760   2.030875e-02
 1146    2.158781e-02    1.006757   2.044596e-02
 1147    2.140034e-02    0.991316   2.026841e-02
 1148    2.140025e-02    0.999996   2.026833e-02
 1149    2.131019e-02    0.995792   2.018304e-02
 1150    2.103727e-02    0.987193   1.992455e-02
 1151    2.179075e-02    1.035816   2.063818e-02
 1152    2.127059e-02    0.976129   2.014552e-02
 1153    2.167447e-02    1.018988   2.052804e-02
 1154    2.127046e-02    0.981360   2.014540e-02
 1155    2.126732e-02    0.999852   2.014242e-02
 1156    2.123797e-02    0.998620   2.011463e-02
 1157    2.124914e-02    1.000526   2.012521e-02
 1158    2.109972e-02    0.992968   1.998369e-02
 1159    2.114024e-02    1.001920   2.002207e-02
 1160    2.114076e-02    1.000025   2.002257e-02
 1161    2.114811e-02    1.000347   2.002952e-02
 1162    2.103027e-02    0.994428   1.991791e-02
 1163    2.107769e-02    1.002255   1.996282e-02
 1164    2.130436e-02    1.010754   2.017751e-02
 1165    2.106292e-02    0.988667   1.994884e-02
 1166    2.106609e-02    1.000151   1.995184e-02
 1167    2.112802e-02    1.002940   2.001050e-02
 1168    2.112623e-02    0.999915   2.000880e-02
 1169    2.284083e-02    1.081159   2.163271e-02
 1170    2.206150e-02    0.965880   2.089460e-02
 1171    2.078173e-02    0.941991   1.968252e-02
 1172    1.979714e-02    0.952622   1.875001e-02
 1173    1.996865e-02    1.008663   1.891245e-02
 1174    2.110562e-02    1.056938   1.998928e-02
 1175    5.058176e-02    2.396601   4.790634e-02
 1176    4.062132e-01    8.030823   3.847273e-01
 1177    1.982779e-02    0.048811   1.877904e-02
 1178    1.993357e-02    1.005335   1.887922e-02
 1179    2.026509e-02    1.016631   1.919320e-02
 1180    2.121960e-02    1.047102   2.009723e-02
 1181    2.081010e-02    0.980702   1.970940e-02
 1182    2.278462e-02    1.094883   2.157947e-02
 1183    2.505937e-02    1.099837   2.373391e-02
 1184    3.275687e-02    1.307170   3.102426e-02
 1185    2.964084e-02    0.904874   2.807305e-02
 1186    2.947538e-02    0.994418   2.791634e-02
 1187    2.811653e-02    0.953899   2.662937e-02
 1188    4.420069e-02    1.572053   4.186279e-02
 1189    4.308243e+00    97.470037   4.080367e+00
 1190    2.325738e-02    0.005398   2.202723e-02
 1191    1.985383e-02    0.853657   1.880371e-02
 1192    1.985232e-02    0.999924   1.880227e-02
 1193    2.006791e-02    1.010860   1.900646e-02
 1194    2.046528e-02    1.019801   1.938281e-02
 1195    1.996965e-02    0.975782   1.891340e-02
 1196    1.998019e-02    1.000528   1.892338e-02
 1197    1.993262e-02    0.997619   1.887832e-02
 1198    2.105014e-02    1.056065   1.993673e-02
 1199    1.996349e-02    0.948378   1.890757e-02
 1200    1.994204e-02    0.998925   1.888725e-02
 1201    1.992409e-02    0.999100   1.887024e-02
 1202    1.993688e-02    1.000642   1.888236e-02
 1203    1.993950e-02    1.000132   1.888484e-02
 1204    1.993844e-02    0.999947   1.888384e-02
 1205    1.993833e-02    0.999994   1.888373e-02
 1206    1.994034e-02    1.000101   1.888564e-02
 1207    1.990061e-02    0.998007   1.884801e-02
 1208    1.989966e-02    0.999952   1.884710e-02
 1209    1.991449e-02    1.000745   1.886115e-02
 1210    1.987553e-02    0.998043   1.882425e-02
 1211    1.987361e-02    0.999903   1.882243e-02
 1212    1.987249e-02    0.999944   1.882138e-02
 1213    1.988206e-02    1.000481   1.883044e-02
 1214    1.998369e-02    1.005112   1.892669e-02
 1215    2.016127e-02    1.008887   1.909488e-02
 1216    2.201963e-02    1.092175   2.085495e-02
 1217    1.960527e-02    0.890354   1.856829e-02
 1218    1.969332e-02    1.004491   1.865168e-02
 1219    1.969387e-02    1.000028   1.865220e-02
 1220    1.965967e-02    0.998264   1.861981e-02
 1221    1.965682e-02    0.999855   1.861712e-02
 1222    1.965584e-02    0.999950   1.861618e-02
 1223    1.968275e-02    1.001369   1.864167e-02
 1224    1.969530e-02    1.000638   1.865356e-02
 1225    1.972056e-02    1.001282   1.867748e-02
 1226    1.968640e-02    0.998268   1.864513e-02
 1227    1.968508e-02    0.999933   1.864387e-02
 1228    1.968500e-02    0.999996   1.864380e-02
 1229    1.968259e-02    0.999878   1.864152e-02
 1230    1.967906e-02    0.999821   1.863818e-02
 1231    1.971826e-02    1.001992   1.867531e-02
 1232    1.969806e-02    0.998975   1.865617e-02
 1233    1.970054e-02    1.000126   1.865852e-02
 1234    1.970426e-02    1.000189   1.866204e-02
 1235    1.970364e-02    0.999969   1.866146e-02
 1236    1.970225e-02    0.999929   1.866014e-02
 1237    1.969975e-02    0.999873   1.865777e-02
 1238    1.969050e-02    0.999530   1.864901e-02
 1239    1.974939e-02    1.002991   1.870479e-02
 1240    1.973994e-02    0.999522   1.869584e-02
 1241    3.897679e-02    1.974514   3.691519e-02
 1242    2.011956e-02    0.516193   1.905537e-02
 1243    2.107304e-02    1.047391   1.995842e-02
 1244    2.089869e-02    0.991726   1.979329e-02
 1245    1.987656e-02    0.951092   1.882523e-02
 1246    2.023407e-02    1.017986   1.916383e-02
 1247    1.936858e-02    0.957226   1.834412e-02
 1248    1.916578e-02    0.989529   1.815204e-02
 1249    1.916499e-02    0.999959   1.815130e-02
 1250    1.925248e-02    1.004565   1.823416e-02
 1251    1.996946e-02    1.037241   1.891322e-02
 1252    1.930609e-02    0.966780   1.828493e-02
 1253    1.927136e-02    0.998201   1.825204e-02
 1254    1.924588e-02    0.998678   1.822791e-02
 1255    1.928132e-02    1.001841   1.826148e-02
 1256    1.927406e-02    0.999623   1.825460e-02
 1257    1.927398e-02    0.999996   1.825452e-02
 1258    1.925433e-02    0.998980   1.823591e-02
 1259    1.927656e-02    1.001155   1.825697e-02
 1260    1.948304e-02    1.010711   1.845253e-02
 1261    1.927749e-02    0.989450   1.825785e-02
 1262    2.012439e-02    1.043932   1.905995e-02
 1263    1.932387e-02    0.960221   1.830177e-02
 1264    1.932937e-02    1.000285   1.830698e-02
 1265    1.929599e-02    0.998273   1.827537e-02
 1266    1.924091e-02    0.997145   1.822320e-02
 1267    1.926719e-02    1.001366   1.824809e-02
 1268    1.926710e-02    0.999995   1.824800e-02
 1269    1.926249e-02    0.999761   1.824364e-02
 1270    1.925796e-02    0.999765   1.823935e-02
 1271    1.927157e-02    1.000707   1.825224e-02
 1272    1.924701e-02    0.998726   1.822898e-02
 1273    1.924813e-02    1.000058   1.823004e-02
 1274    1.924825e-02    1.000006   1.823015e-02
 1275    1.924806e-02    0.999990   1.822997e-02
 1276    1.924814e-02    1.000004   1.823005e-02
 1277    1.924717e-02    0.999950   1.822913e-02
 1278    1.924696e-02    0.999989   1.822893e-02
 1279    1.924602e-02    0.999952   1.822804e-02
 1280    1.924521e-02    0.999958   1.822727e-02
 1281    1.924543e-02    1.000012   1.822748e-02
 1282    1.924428e-02    0.999940   1.822639e-02
 1283    1.921720e-02    0.998593   1.820075e-02
 1284    1.922325e-02    1.000315   1.820648e-02
 1285    1.920262e-02    0.998927   1.818693e-02
 1286    1.919024e-02    0.999356   1.817521e-02
 1287    1.919082e-02    1.000030   1.817576e-02
 1288    1.919124e-02    1.000022   1.817616e-02
 1289    1.919119e-02    0.999997   1.817611e-02
 1290    1.919102e-02    0.999991   1.817595e-02
 1291    1.919047e-02    0.999972   1.817543e-02
 1292    1.919052e-02    1.000002   1.817548e-02
 1293    1.919034e-02    0.999991   1.817531e-02
 1294    1.919029e-02    0.999997   1.817526e-02
 1295    1.918238e-02    0.999588   1.816776e-02
 1296    1.913065e-02    0.997304   1.811878e-02
 1297    1.908447e-02    0.997586   1.807504e-02
 1298    1.905901e-02    0.998666   1.805093e-02
 1299    1.906488e-02    1.000308   1.805648e-02
 1300    1.907645e-02    1.000607   1.806744e-02
 1301    1.914705e-02    1.003701   1.813430e-02
 1302    1.914066e-02    0.999666   1.812825e-02
 1303    1.888697e-02    0.986746   1.788798e-02
 1304    1.892866e-02    1.002207   1.792746e-02
 1305    1.892591e-02    0.999855   1.792486e-02
 1306    1.892822e-02    1.000122   1.792705e-02
 1307    1.892784e-02    0.999980   1.792669e-02
 1308    1.892684e-02    0.999948   1.792575e-02
 1309    1.892816e-02    1.000070   1.792700e-02
 1310    1.892988e-02    1.000091   1.792862e-02
 1311    1.894219e-02    1.000650   1.794028e-02
 1312    1.894151e-02    0.999964   1.793964e-02
 1313    1.894815e-02    1.000351   1.794593e-02
 1314    1.886252e-02    0.995481   1.786483e-02
 1315    1.883064e-02    0.998310   1.783463e-02
 1316    1.881960e-02    0.999414   1.782418e-02
 1317    1.881389e-02    0.999697   1.781877e-02
 1318    1.881579e-02    1.000101   1.782056e-02
 1319    1.879415e-02    0.998850   1.780007e-02
 1320    1.883740e-02    1.002301   1.784103e-02
 1321    1.880080e-02    0.998057   1.780637e-02
 1322    1.876038e-02    0.997850   1.776808e-02
 1323    1.868027e-02    0.995730   1.769221e-02
 1324    1.871473e-02    1.001845   1.772485e-02
 1325    1.871288e-02    0.999901   1.772310e-02
 1326    1.871501e-02    1.000114   1.772512e-02
 1327    1.871228e-02    0.999854   1.772253e-02
 1328    1.875286e-02    1.002169   1.776097e-02
 1329    1.886270e-02    1.005857   1.786500e-02
 1330    1.857283e-02    0.984632   1.759045e-02
 1331    1.865588e-02    1.004472   1.766912e-02
 1332    1.864770e-02    0.999562   1.766137e-02
 1333    1.865782e-02    1.000543   1.767095e-02
 1334    1.865676e-02    0.999943   1.766995e-02
 1335    1.865617e-02    0.999968   1.766939e-02
 1336    1.865589e-02    0.999985   1.766912e-02
 1337    1.865580e-02    0.999995   1.766904e-02
 1338    1.865581e-02    1.000001   1.766905e-02
 1339    1.865552e-02    0.999984   1.766877e-02
 1340    1.865499e-02    0.999972   1.766828e-02
 1341    1.865487e-02    0.999993   1.766815e-02
 1342    1.865468e-02    0.999990   1.766798e-02
 1343    1.865514e-02    1.000025   1.766842e-02
 1344    1.864745e-02    0.999588   1.766114e-02
 1345    1.857586e-02    0.996161   1.759333e-02
 1346    2.489865e-02    1.340377   2.358169e-02
 1347    1.894916e-02    0.761052   1.794688e-02
 1348    1.849328e-02    0.975942   1.751512e-02
 1349    1.848208e-02    0.999394   1.750451e-02
 1350    1.851243e-02    1.001642   1.753325e-02
 1351    1.851787e-02    1.000294   1.753841e-02
 1352    1.851577e-02    0.999886   1.753641e-02
 1353    1.851490e-02    0.999953   1.753560e-02
 1354    1.851482e-02    0.999995   1.753551e-02
 1355    1.851712e-02    1.000125   1.753770e-02
 1356    1.851789e-02    1.000041   1.753842e-02
 1357    1.851636e-02    0.999918   1.753698e-02
 1358    1.851139e-02    0.999731   1.753227e-02
 1359    1.850221e-02    0.999504   1.752357e-02
 1360    1.849416e-02    0.999565   1.751595e-02
 1361    1.849606e-02    1.000103   1.751775e-02
 1362    1.848556e-02    0.999433   1.750781e-02
 1363    1.849193e-02    1.000345   1.751384e-02
 1364    1.800782e-02    0.973820   1.705533e-02
 1365    1.765338e-02    0.980318   1.671964e-02
 1366    1.761466e-02    0.997807   1.668297e-02
 1367    1.760663e-02    0.999544   1.667537e-02
 1368    1.756807e-02    0.997810   1.663884e-02
 1369    1.763640e-02    1.003890   1.670356e-02
 1370    1.763206e-02    0.999754   1.669945e-02
 1371    1.762415e-02    0.999552   1.669196e-02
 1372    1.754335e-02    0.995416   1.661543e-02
 1373    1.754542e-02    1.000118   1.661739e-02
 1374    1.754576e-02    1.000019   1.661771e-02
 1375    1.752603e-02    0.998876   1.659902e-02
 1376    1.750642e-02    0.998881   1.658045e-02
 1377    1.749747e-02    0.999489   1.657198e-02
 1378    1.756115e-02    1.003639   1.663229e-02
 1379    1.746180e-02    0.994343   1.653820e-02
 1380    1.744396e-02    0.998978   1.652129e-02
 1381    1.748430e-02    1.002313   1.655950e-02
 1382    1.745668e-02    0.998420   1.653335e-02
 1383    1.732642e-02    0.992538   1.640998e-02
 1384    1.733309e-02    1.000385   1.641629e-02
 1385    1.731833e-02    0.999149   1.640232e-02
 1386    1.734665e-02    1.001635   1.642914e-02
 1387    1.732164e-02    0.998558   1.640544e-02
 1388    1.732558e-02    1.000227   1.640917e-02
 1389    1.732580e-02    1.000013   1.640939e-02
 1390    1.732620e-02    1.000023   1.640976e-02
 1391    1.732549e-02    0.999959   1.640909e-02
 1392    1.732370e-02    0.999897   1.640740e-02
 1393    1.732123e-02    0.999858   1.640506e-02
 1394    1.732194e-02    1.000040   1.640573e-02
 1395    1.732188e-02    0.999997   1.640568e-02
 1396    1.731911e-02    0.999840   1.640305e-02
 1397    1.728560e-02    0.998065   1.637131e-02
 1398    1.724782e-02    0.997814   1.633553e-02
 1399    1.728300e-02    1.002040   1.636885e-02
 1400    1.732736e-02    1.002566   1.641086e-02
 1401    1.732748e-02    1.000007   1.641098e-02
 1402    1.730086e-02    0.998464   1.638577e-02
 1403    1.729971e-02    0.999934   1.638468e-02
 1404    1.729884e-02    0.999949   1.638385e-02
 1405    1.729876e-02    0.999996   1.638378e-02
 1406    1.729835e-02    0.999976   1.638339e-02
 1407    1.729766e-02    0.999960   1.638273e-02
 1408    1.129120e-02    0.652759   1.069398e-02
 1409    9.716415e-03    0.860530   9.202485e-03
 1410    8.745589e-03    0.900084   8.283009e-03
 1411    8.739869e-03    0.999346   8.277591e-03
 1412    8.738485e-03    0.999842   8.276280e-03
 1413    8.780223e-03    1.004776   8.315811e-03
 1414    8.728288e-03    0.994085   8.266623e-03
 1415    8.733117e-03    1.000553   8.271196e-03
 1416    8.739103e-03    1.000685   8.276866e-03
 1417    8.734854e-03    0.999514   8.272841e-03
 1418    8.752186e-03    1.001984   8.289257e-03
 1419    8.747235e-03    0.999434   8.284568e-03
 1420    8.703013e-03    0.994944   8.242684e-03
 1421    9.035916e-03    1.038251   8.557979e-03
 1422    8.996672e-03    0.995657   8.520812e-03
 1423    8.967796e-03    0.996790   8.493462e-03
 1424    9.003022e-03    1.003928   8.526826e-03
 1425    9.009720e-03    1.000744   8.533169e-03
 1426    8.995731e-03    0.998447   8.519920e-03
 1427    9.019578e-03    1.002651   8.542506e-03
 1428    8.831443e-03    0.979141   8.364322e-03
 1429    8.705827e-03    0.985776   8.245350e-03
 1430    8.692306e-03    0.998447   8.232544e-03
 1431    8.692829e-03    1.000060   8.233040e-03
 1432    8.696912e-03    1.000470   8.236907e-03
 1433    8.670910e-03    0.997010   8.212279e-03
 1434    8.694664e-03    1.002740   8.234777e-03
 1435    8.949313e-03    1.029288   8.475957e-03
 1436    8.728726e-03    0.975352   8.267038e-03
 1437    9.311684e-03    1.066786   8.819161e-03
 1438    8.688793e-03    0.933107   8.229217e-03
 1439    8.560929e-03    0.985284   8.108116e-03
 1440    8.534014e-03    0.996856   8.082624e-03
 1441    8.533986e-03    0.999997   8.082598e-03
 1442    8.533180e-03    0.999906   8.081835e-03
 1443    8.533521e-03    1.000040   8.082157e-03
 1444    8.561418e-03    1.003269   8.108580e-03
 1445    8.541427e-03    0.997665   8.089645e-03
 1446    8.537952e-03    0.999593   8.086354e-03
 1447    8.537765e-03    0.999978   8.086177e-03
 1448    8.537594e-03    0.999980   8.086015e-03
 1449    8.536883e-03    0.999917   8.085341e-03
 1450    8.534282e-03    0.999695   8.082879e-03
 1451    8.528649e-03    0.999340   8.077544e-03
 1452    8.525328e-03    0.999611   8.074398e-03
 1453    8.525357e-03    1.000003   8.074426e-03
 1454    8.524211e-03    0.999866   8.073340e-03
 1455    8.524220e-03    1.000001   8.073349e-03
 1456    8.520788e-03    0.999597   8.070098e-03
 1457    8.520251e-03    0.999937   8.069590e-03
 1458    8.520948e-03    1.000082   8.070250e-03
 1459    8.521137e-03    1.000022   8.070429e-03
 1460    8.520200e-03    0.999890   8.069541e-03
 1461    8.519326e-03    0.999897   8.068713e-03
 1462    8.518836e-03    0.999943   8.068250e-03
 1463    8.518581e-03    0.999970   8.068008e-03
 1464    8.518000e-03    0.999932   8.067457e-03
 1465    8.517067e-03    0.999891   8.066574e-03
 1466    8.516523e-03    0.999936   8.066059e-03
 1467    8.516371e-03    0.999982   8.065915e-03
 1468    8.516164e-03    0.999976   8.065718e-03
 1469    8.516206e-03    1.000005   8.065758e-03
 1470    8.515990e-03    0.999975   8.065554e-03
 1471    8.515767e-03    0.999974   8.065342e-03
 1472    8.515498e-03    0.999968   8.065088e-03
 1473    8.512415e-03    0.999638   8.062168e-03
 1474    8.517499e-03    1.000597   8.066984e-03
 1475    8.516189e-03    0.999846   8.065742e-03
 1476    8.516011e-03    0.999979   8.065574e-03
 1477    8.515849e-03    0.999981   8.065421e-03
 1478    8.515878e-03    1.000003   8.065448e-03
 1479    8.516539e-03    1.000078   8.066074e-03
 1480    8.514597e-03    0.999772   8.064235e-03
 1481    8.506800e-03    0.999084   8.056850e-03
 1482    8.502452e-03    0.999489   8.052732e-03
 1483    8.508633e-03    1.000727   8.058586e-03
 1484    8.495513e-03    0.998458   8.046160e-03
 1485    8.617013e-03    1.014302   8.161234e-03
 1486    8.478294e-03    0.983902   8.029852e-03
 1487    8.484802e-03    1.000768   8.036015e-03
 1488    8.479737e-03    0.999403   8.031219e-03
 1489    8.473637e-03    0.999281   8.025441e-03
 1490    8.472205e-03    0.999831   8.024085e-03
 1491    8.461388e-03    0.998723   8.013840e-03
 1492    8.473575e-03    1.001440   8.025382e-03
 1493    8.529437e-03    1.006592   8.078290e-03
 1494    8.408060e-03    0.985770   7.963333e-03
 1495    8.381442e-03    0.996834   7.938123e-03
 1496    8.077696e-03    0.963760   7.650443e-03
 1497    8.345157e-03    1.033111   7.903757e-03
 1498    8.345125e-03    0.999996   7.903726e-03
 1499    8.333749e-03    0.998637   7.892953e-03
 1500    8.325395e-03    0.998997   7.885040e-03
 1501    8.298803e-03    0.996806   7.859855e-03
 1502    8.294483e-03    0.999479   7.855763e-03
 1503    8.283036e-03    0.998620   7.844922e-03
 1504    2.475310e-02    2.988409   2.344383e-02
 1505    8.438620e-03    0.340912   7.992277e-03
 1506    8.259789e-03    0.978808   7.822904e-03
 1507    8.238403e-03    0.997411   7.802650e-03
 1508    8.239317e-03    1.000111   7.803515e-03
 1509    8.233679e-03    0.999316   7.798175e-03
 1510    8.224397e-03    0.998873   7.789385e-03
 1511    8.225729e-03    1.000162   7.790646e-03
 1512    8.225316e-03    0.999950   7.790254e-03
 1513    8.225618e-03    1.000037   7.790541e-03
 1514    8.228818e-03    1.000389   7.793571e-03
 1515    8.298603e-03    1.008481   7.859665e-03
 1516    8.169475e-03    0.984440   7.737367e-03
 1517    8.184695e-03    1.001863   7.751782e-03
 1518    8.184479e-03    0.999974   7.751578e-03
 1519    8.140967e-03    0.994683   7.710367e-03
 1520    8.401404e-03    1.031991   7.957029e-03
 1521    8.406646e-03    1.000624   7.961994e-03
 1522    8.336592e-03    0.991667   7.895645e-03
 1523    8.363477e-03    1.003225   7.921108e-03
 1524    8.450693e-03    1.010428   8.003711e-03
 1525    8.516771e-03    1.007819   8.066294e-03
 1526    8.195873e-03    0.962322   7.762369e-03
 1527    8.941016e-03    1.090917   8.468099e-03
 1528    8.752968e-03    0.978968   8.289998e-03
 1529    8.664650e-03    0.989910   8.206351e-03
 1530    8.600222e-03    0.992564   8.145331e-03
 1531    8.603872e-03    1.000424   8.148787e-03
 1532    8.588028e-03    0.998159   8.133782e-03
 1533    8.580070e-03    0.999073   8.126245e-03
 1534    8.565634e-03    0.998318   8.112572e-03
 1535    8.577816e-03    1.001422   8.124110e-03
 1536    8.577550e-03    0.999969   8.123857e-03
 1537    8.577118e-03    0.999950   8.123449e-03
 1538    8.574431e-03    0.999687   8.120904e-03
 1539    8.574368e-03    0.999993   8.120844e-03
 1540    8.600701e-03    1.003071   8.145785e-03
 1541    8.476961e-03    0.985613   8.028590e-03
 1542    8.436871e-03    0.995271   7.990620e-03
 1543    8.453296e-03    1.001947   8.006176e-03
 1544    8.344150e-03    0.987088   7.902803e-03
 1545    7.660351e-03    0.918051   7.255173e-03
 1546    7.021054e-03    0.916545   6.649689e-03
 1547    7.206432e-03    1.026403   6.825262e-03
 1548    7.282587e-03    1.010568   6.897389e-03
 1549    7.249025e-03    0.995392   6.865603e-03
 1550    7.638773e-03    1.053766   7.234736e-03
 1551    7.109932e-03    0.930769   6.733867e-03
 1552    7.074777e-03    0.995055   6.700571e-03
 1553    6.936660e-03    0.980478   6.569759e-03
 1554    6.937861e-03    1.000173   6.570897e-03
 1555    6.884848e-03    0.992359   6.520688e-03
 1556    7.023126e-03    1.020084   6.651652e-03
 1557    6.784241e-03    0.965986   6.425402e-03
 1558    6.813090e-03    1.004252   6.452726e-03
 1559    6.812858e-03    0.999966   6.452505e-03
 1560    6.818952e-03    1.000894   6.458277e-03
 1561    6.818882e-03    0.999990   6.458211e-03
 1562    6.822213e-03    1.000488   6.461366e-03
 1563    6.820877e-03    0.999804   6.460101e-03
 1564    6.820510e-03    0.999946   6.459753e-03
 1565    6.820353e-03    0.999977   6.459605e-03
 1566    6.820409e-03    1.000008   6.459657e-03
 1567    6.819852e-03    0.999918   6.459129e-03
 1568    6.817908e-03    0.999715   6.457289e-03
 1569    6.826108e-03    1.001203   6.465055e-03
 1570    6.812311e-03    0.997979   6.451988e-03
 1571    6.821119e-03    1.001293   6.460330e-03
 1572    6.825349e-03    1.000620   6.464336e-03
 1573    6.793449e-03    0.995326   6.434123e-03
 1574    6.861436e-03    1.010008   6.498514e-03
 1575    7.082265e-03    1.032184   6.707663e-03
 1576    6.852380e-03    0.967541   6.489937e-03
 1577    6.851856e-03    0.999924   6.489441e-03
 1578    6.856530e-03    1.000682   6.493868e-03
 1579    6.855797e-03    0.999893   6.493173e-03
 1580    6.855113e-03    0.999900   6.492526e-03
 1581    6.847154e-03    0.998839   6.484988e-03
 1582    6.847075e-03    0.999989   6.484913e-03
 1583    6.883401e-03    1.005305   6.519317e-03
 1584    3.491396e-03    0.507220   3.306725e-03
 1585    7.545235e-03    2.161094   7.146145e-03
 1586    7.153505e-03    0.948082   6.775135e-03
 1587    7.220911e-03    1.009423   6.838976e-03
 1588    7.218873e-03    0.999718   6.837045e-03
 1589    6.980507e-03    0.966980   6.611288e-03
 1590    7.002107e-03    1.003094   6.631744e-03
 1591    6.801838e-03    0.971399   6.442068e-03
 1592    6.752056e-03    0.992681   6.394920e-03
 1593    6.634286e-03    0.982558   6.283379e-03
 1594    6.752330e-03    1.017793   6.395179e-03
 1595    6.861861e-03    1.016221   6.498916e-03
 1596    6.485769e-03    0.945191   6.142717e-03
 1597    6.191820e-03    0.954678   5.864316e-03
 1598    6.239722e-03    1.007736   5.909684e-03
 1599    6.249847e-03    1.001623   5.919274e-03
 1600    6.250010e-03    1.000026   5.919428e-03
 1601    6.213594e-03    0.994173   5.884939e-03
 1602    6.899283e-03    1.110353   6.534359e-03
 1603    6.774138e-03    0.981861   6.415834e-03
 1604    5.855816e-03    0.864437   5.546084e-03
 1605    5.852993e-03    0.999518   5.543411e-03
 1606    5.898610e-03    1.007794   5.586615e-03
 1607    5.889506e-03    0.998457   5.577993e-03
 1608    5.886021e-03    0.999408   5.574692e-03
 1609    5.945262e-03    1.010065   5.630799e-03
 1610    6.137940e-03    1.032409   5.813286e-03
 1611    6.222064e-03    1.013706   5.892960e-03
 1612    6.124563e-03    0.984330   5.800617e-03
 1613    5.831363e-03    0.952127   5.522925e-03
 1614    9.409482e-03    1.613599   8.911786e-03
 1615    1.062309e-02    1.128978   1.006121e-02
 1616    9.236940e-03    0.869515   8.748371e-03
 1617    9.120183e-03    0.987360   8.637789e-03
 1618    4.128777e-03    0.452708   3.910394e-03
 1619    3.557731e-03    0.861691   3.369552e-03
 1620    5.308885e-03    1.492211   5.028082e-03
 1621    5.271676e-03    0.992991   4.992841e-03
 1622    5.956684e-03    1.129941   5.641617e-03
 1623    6.083555e-03    1.021299   5.761777e-03
 1624    5.291197e-03    0.869754   5.011330e-03
 1625    5.411622e-03    1.022759   5.125385e-03
 1626    5.304669e-03    0.980236   5.024089e-03
 1627    5.599540e-03    1.055587   5.303363e-03
 1628    8.566227e-03    1.529809   8.113134e-03
 1629    4.644488e-03    0.542186   4.398827e-03
 1630    4.523364e-03    0.973921   4.284110e-03
 1631    4.646874e-03    1.027305   4.401087e-03
 1632    4.640111e-03    0.998545   4.394682e-03
 1633    4.640081e-03    0.999994   4.394653e-03
 1634    4.643661e-03    1.000772   4.398044e-03
 1635    4.565106e-03    0.983083   4.323644e-03
 1636    4.596459e-03    1.006868   4.353339e-03
 1637    4.600907e-03    1.000968   4.357551e-03
 1638    4.600695e-03    0.999954   4.357351e-03
 1639    4.678521e-03    1.016916   4.431060e-03
 1640    4.487164e-03    0.959099   4.249825e-03
 1641    4.487787e-03    1.000139   4.250415e-03
 1642    4.425005e-03    0.986010   4.190953e-03
 1643    4.426372e-03    1.000309   4.192248e-03
 1644    4.487031e-03    1.013704   4.249698e-03
 1645    4.285485e-03    0.955083   4.058813e-03
 1646    4.225925e-03    0.986102   4.002403e-03
 1647    4.139576e-03    0.979567   3.920622e-03
 1648    4.141654e-03    1.000502   3.922590e-03
 1649    1.437678e-03    0.347127   1.361635e-03
 1650    3.195328e-03    2.222561   3.026317e-03
 1651    4.688538e-03    1.467311   4.440547e-03
 1652    4.617101e-03    0.984764   4.372889e-03
 1653    9.250290e-03    2.003484   8.761015e-03
 1654    3.911331e-03    0.422833   3.704449e-03
 1655    3.594679e-03    0.919042   3.404545e-03
 1656    3.709551e-03    1.031956   3.513342e-03
 1657    3.637866e-03    0.980676   3.445449e-03
 1658    3.314712e-03    0.911169   3.139387e-03
 1659    3.345308e-03    1.009230   3.168365e-03
 1660    3.262985e-03    0.975391   3.090396e-03
 1661    3.283923e-03    1.006417   3.110227e-03
 1662    2.797653e-03    0.851924   2.649677e-03
 1663    2.665338e-03    0.952705   2.524360e-03
 1664    2.677610e-03    1.004604   2.535984e-03
 1665    2.260181e-03    0.844104   2.140634e-03
 1666    2.260218e-03    1.000016   2.140668e-03
 1667    2.186121e-03    0.967217   2.070491e-03
 1668    2.216347e-03    1.013826   2.099118e-03
 1669    2.204138e-03    0.994491   2.087555e-03
 1670    2.182514e-03    0.990189   2.067074e-03
 1671    2.192488e-03    1.004570   2.076521e-03
 1672    2.189853e-03    0.998798   2.074025e-03
 1673    2.193385e-03    1.001613   2.077370e-03
 1674    2.204324e-03    1.004987   2.087731e-03
 1675    2.203142e-03    0.999464   2.086612e-03
 1676    2.193957e-03    0.995831   2.077912e-03
 1677    2.212594e-03    1.008494   2.095563e-03
 1678    2.211127e-03    0.999337   2.094174e-03
 1679    2.211864e-03    1.000333   2.094872e-03
 1680    2.212375e-03    1.000231   2.095356e-03
 1681    2.212373e-03    0.999999   2.095354e-03
 1682    2.212323e-03    0.999977   2.095307e-03
 1683    2.220353e-03    1.003630   2.102912e-03
 1684    2.221815e-03    1.000659   2.104297e-03
 1685    2.236319e-03    1.006528   2.118034e-03
 1686    2.219024e-03    0.992266   2.101653e-03
 1687    2.218227e-03    0.999641   2.100898e-03
 1688    2.217495e-03    0.999670   2.100205e-03
 1689    2.226021e-03    1.003845   2.108280e-03
 1690    2.225682e-03    0.999848   2.107959e-03
 1691    2.226659e-03    1.000439   2.108884e-03
 1692    2.227548e-03    1.000399   2.109727e-03
 1693    2.224183e-03    0.998490   2.106540e-03
 1694    2.221619e-03    0.998847   2.104111e-03
 1695    2.219774e-03    0.999170   2.102364e-03
 1696    2.220210e-03    1.000196   2.102776e-03
 1697    2.220448e-03    1.000107   2.103002e-03
 1698    2.221572e-03    1.000506   2.104066e-03
 1699    2.221880e-03    1.000139   2.104358e-03
 1700    2.221564e-03    0.999858   2.104059e-03
 1701    2.199149e-03    0.989910   2.082830e-03
 1702    2.156643e-03    0.980671   2.042571e-03
 1703    2.095316e-03    0.971564   1.984488e-03
 1704    2.089372e-03    0.997164   1.978859e-03
 1705    2.052045e-03    0.982135   1.943507e-03
 1706    2.017244e-03    0.983041   1.910546e-03
 1707    2.021311e-03    1.002016   1.914398e-03
 1708    1.982303e-03    0.980702   1.877453e-03
 1709    1.973950e-03    0.995786   1.869542e-03
 1710    1.984996e-03    1.005596   1.880003e-03
 1711    1.623993e-03    0.818134   1.538095e-03
 1712    1.701337e-03    1.047626   1.611348e-03
 1713    1.629060e-03    0.957518   1.542894e-03
 1714    2.086031e-03    1.280512   1.975695e-03
 1715    1.345122e-03    0.644824   1.273975e-03
 1716    1.402774e-03    1.042860   1.328577e-03
 1717    1.403401e-03    1.000447   1.329171e-03
 1718    1.348094e-03    0.960590   1.276789e-03
 1719    1.224431e-03    0.908268   1.159667e-03
 1720    1.237989e-03    1.011073   1.172508e-03
 1721    1.240124e-03    1.001725   1.174530e-03
 1722    1.246901e-03    1.005465   1.180949e-03
 1723    1.244730e-03    0.998259   1.178893e-03
 1724    1.293239e-03    1.038971   1.224836e-03
 1725    1.245873e-03    0.963374   1.179975e-03
 1726    1.228196e-03    0.985811   1.163233e-03
 1727    1.228275e-03    1.000065   1.163308e-03
 1728    1.228231e-03    0.999964   1.163266e-03
 1729    1.258484e-03    1.024632   1.191919e-03
 1730    1.254427e-03    0.996776   1.188076e-03
 1731    1.250258e-03    0.996677   1.184128e-03
 1732    1.249320e-03    0.999250   1.183240e-03
 1733    1.249310e-03    0.999992   1.183230e-03
 1734    1.251413e-03    1.001683   1.185222e-03
 1735    1.253071e-03    1.001325   1.186792e-03
 1736    1.253753e-03    1.000545   1.187439e-03
 1737    1.331877e-03    1.062312   1.261431e-03
 1738    1.259238e-03    0.945461   1.192633e-03
 1739    1.258494e-03    0.999409   1.191929e-03
 1740    1.260096e-03    1.001273   1.193445e-03
 1741    1.259739e-03    0.999717   1.193108e-03
 1742    1.259528e-03    0.999833   1.192908e-03
 1743    1.259577e-03    1.000039   1.192954e-03
 1744    1.259798e-03    1.000176   1.193164e-03
 1745    1.261007e-03    1.000960   1.194309e-03
 1746    1.134481e-03    0.899662   1.074475e-03
 1747    1.208790e-03    1.065500   1.144853e-03
 1748    1.127534e-03    0.932779   1.067895e-03
 1749    1.127621e-03    1.000077   1.067978e-03
 1750    1.126915e-03    0.999374   1.067309e-03
 1751    1.126411e-03    0.999553   1.066832e-03
 1752    1.126455e-03    1.000038   1.066873e-03
 1753    1.126871e-03    1.000369   1.067267e-03
 1754    1.126462e-03    0.999637   1.066880e-03
 1755    1.127606e-03    1.001016   1.067964e-03
 1756    1.127214e-03    0.999652   1.067592e-03
 1757    1.128880e-03    1.001479   1.069170e-03
 1758    1.128780e-03    0.999911   1.069075e-03
 1759    1.116595e-03    0.989205   1.057535e-03
 1760    1.121230e-03    1.004150   1.061924e-03
 1761    1.122062e-03    1.000743   1.062713e-03
 1762    1.120513e-03    0.998619   1.061246e-03
 1763    1.119684e-03    0.999261   1.060461e-03
 1764    1.117537e-03    0.998082   1.058427e-03
 1765    1.115191e-03    0.997901   1.056205e-03
 1766    1.107203e-03    0.992837   1.048640e-03
 1767    1.109264e-03    1.001861   1.050591e-03
 1768    1.104321e-03    0.995544   1.045910e-03
 1769    1.081487e-03    0.979323   1.024284e-03
 1770    1.152357e-03    1.065531   1.091406e-03
 1771    1.104913e-03    0.958829   1.046471e-03
 1772    1.131182e-03    1.023774   1.071350e-03
 1773    1.114985e-03    0.985681   1.056010e-03
 1774    1.114343e-03    0.999424   1.055402e-03
 1775    1.206003e-03    1.082255   1.142214e-03
 1776    1.186609e-03    0.983919   1.123846e-03
 1777    1.061393e-03    0.894476   1.005253e-03
 1778    1.069658e-03    1.007787   1.013080e-03
 1779    1.066732e-03    0.997264   1.010309e-03
 1780    1.071194e-03    1.004184   1.014536e-03
 1781    1.061564e-03    0.991009   1.005414e-03
 1782    1.059439e-03    0.997999   1.003402e-03
 1783    1.056384e-03    0.997116   1.000509e-03
 1784    1.081307e-03    1.023592   1.024113e-03
 1785    1.066941e-03    0.986715   1.010507e-03
 1786    1.056585e-03    0.990294   1.000699e-03
 1787    1.057886e-03    1.001231   1.001931e-03
 1788    1.057536e-03    0.999669   1.001600e-03
 1789    1.056709e-03    0.999218   1.000817e-03
 1790    1.055981e-03    0.999311   1.000127e-03
 1791    1.055557e-03    0.999599   9.997256e-04
 1792    1.055261e-03    0.999719   9.994448e-04
 1793    1.055254e-03    0.999994   9.994384e-04
 1794    1.055041e-03    0.999798   9.992363e-04
 1795    1.054986e-03    0.999948   9.991845e-04
 1796    1.054914e-03    0.999932   9.991166e-04
 1797    1.055944e-03    1.000977   1.000092e-03
 1798    1.053753e-03    0.997925   9.980170e-04
 1799    1.055858e-03    1.001997   1.000010e-03
 1800    1.050668e-03    0.995085   9.950949e-04
 1801    1.081514e-03    1.029358   1.024309e-03
 1802    1.056293e-03    0.976681   1.000423e-03
 1803    1.054010e-03    0.997838   9.982600e-04
 1804    1.054042e-03    1.000030   9.982903e-04
 1805    1.054049e-03    1.000007   9.982969e-04
 1806    1.054050e-03    1.000001   9.982980e-04
 1807    1.053934e-03    0.999891   9.981888e-04
 1808    1.054121e-03    1.000177   9.983655e-04
 1809    1.054089e-03    0.999970   9.983353e-04
 1810    1.055275e-03    1.001125   9.994584e-04
 1811    1.055246e-03    0.999972   9.994306e-04
 1812    1.055719e-03    1.000449   9.998790e-04
 1813    1.055624e-03    0.999910   9.997891e-04
 1814    1.054388e-03    0.998829   9.986185e-04
 1815    1.074650e-03    1.019217   1.017808e-03
 1816    1.059434e-03    0.985841   1.003397e-03
 1817    1.058632e-03    0.999244   1.002638e-03
 1818    1.058919e-03    1.000271   1.002910e-03
 1819    1.057867e-03    0.999007   1.001914e-03
 1820    1.062589e-03    1.004463   1.006386e-03
 1821    1.103460e-03    1.038463   1.045094e-03
 1822    1.076343e-03    0.975426   1.019412e-03
 1823    1.049873e-03    0.975408   9.943422e-04
 1824    1.049136e-03    0.999298   9.936441e-04
 1825    1.049376e-03    1.000228   9.938709e-04
 1826    1.049209e-03    0.999841   9.937129e-04
 1827    1.046765e-03    0.997671   9.913983e-04
 1828    1.046779e-03    1.000014   9.914117e-04
 1829    1.046311e-03    0.999553   9.909684e-04
 1830    1.267841e-02    12.117246   1.200781e-02
 1831    1.065627e-03    0.084051   1.009263e-03
 1832    1.045913e-03    0.981501   9.905919e-04
 1833    1.044331e-03    0.998487   9.890928e-04
 1834    1.043771e-03    0.999464   9.885624e-04
 1835    1.043993e-03    1.000213   9.887730e-04
 1836    1.044067e-03    1.000071   9.888429e-04
 1837    1.043942e-03    0.999881   9.887250e-04
 1838    1.043102e-03    0.999195   9.879292e-04
 1839    1.045835e-03    1.002620   9.905172e-04
 1840    1.045414e-03    0.999598   9.901188e-04
 1841    1.045555e-03    1.000135   9.902528e-04
 1842    1.045570e-03    1.000014   9.902665e-04
 1843    1.045569e-03    0.999999   9.902657e-04
 1844    1.045556e-03    0.999987   9.902532e-04
 1845    1.045547e-03    0.999992   9.902451e-04
 1846    1.045549e-03    1.000002   9.902468e-04
 1847    1.045673e-03    1.000119   9.903647e-04
 1848    1.045928e-03    1.000243   9.906053e-04
 1849    1.046218e-03    1.000278   9.908808e-04
 1850    1.046629e-03    1.000393   9.912700e-04
 1851    1.046631e-03    1.000001   9.912714e-04
 1852    1.047622e-03    1.000947   9.922097e-04
 1853    1.046436e-03    0.998869   9.910871e-04
 1854    1.046655e-03    1.000209   9.912946e-04
 1855    1.045788e-03    0.999171   9.904733e-04
 1856    1.044929e-03    0.999179   9.896599e-04
 1857    1.046132e-03    1.001151   9.907994e-04
 1858    1.046122e-03    0.999990   9.907891e-04
 1859    1.046117e-03    0.999996   9.907847e-04
 1860    1.046117e-03    1.000000   9.907851e-04
 1861    1.046111e-03    0.999994   9.907795e-04
 1862    1.045902e-03    0.999800   9.905809e-04
 1863    1.045695e-03    0.999803   9.903855e-04
 1864    1.045738e-03    1.000040   9.904256e-04
 1865    1.045703e-03    0.999967   9.903926e-04
 1866    1.045674e-03    0.999973   9.903655e-04
 1867    1.045673e-03    0.999998   9.903638e-04
 1868    1.045671e-03    0.999998   9.903619e-04
 1869    1.045660e-03    0.999990   9.903520e-04
 1870    1.045621e-03    0.999963   9.903149e-04
 1871    1.045579e-03    0.999960   9.902753e-04
 1872    1.045581e-03    1.000002   9.902771e-04
 1873    1.045578e-03    0.999997   9.902745e-04
 1874    1.045576e-03    0.999998   9.902722e-04
 1875    1.045581e-03    1.000004   9.902767e-04
 1876    1.045595e-03    1.000013   9.902899e-04
 1877    1.045621e-03    1.000025   9.903151e-04
 1878    1.045969e-03    1.000333   9.906449e-04
 1879    1.043875e-03    0.997997   9.886610e-04
 1880    1.046120e-03    1.002151   9.907880e-04
 1881    1.046107e-03    0.999987   9.907753e-04
 1882    1.046047e-03    0.999942   9.907183e-04
 1883    1.046022e-03    0.999976   9.906943e-04
 1884    1.046020e-03    0.999999   9.906931e-04
 1885    1.046014e-03    0.999994   9.906873e-04
 1886    1.046044e-03    1.000028   9.907152e-04
 1887    1.046149e-03    1.000101   9.908153e-04
 1888    1.045961e-03    0.999820   9.906372e-04
 1889    1.045870e-03    0.999913   9.905507e-04
 1890    1.045798e-03    0.999931   9.904825e-04
 1891    1.045649e-03    0.999858   9.903417e-04
 1892    1.045595e-03    0.999948   9.902900e-04
 1893    1.045408e-03    0.999821   9.901132e-04
 1894    1.045407e-03    0.999999   9.901124e-04
 1895    1.045140e-03    0.999744   9.898593e-04
 1896    1.041456e-03    0.996476   9.863706e-04
 1897    1.043334e-03    1.001802   9.881485e-04
 1898    1.158226e-03    1.110121   1.096964e-03
 1899    1.024891e-03    0.884879   9.706810e-04
 1900    1.181994e-03    1.153288   1.119475e-03
 1901    1.046838e-03    0.885654   9.914676e-04
 1902    1.041670e-03    0.995063   9.865727e-04
 1903    1.041927e-03    1.000247   9.868165e-04
 1904    1.042189e-03    1.000251   9.870641e-04
 1905    1.041425e-03    0.999268   9.863413e-04
 1906    1.041422e-03    0.999997   9.863385e-04
 1907    1.041429e-03    1.000006   9.863447e-04
 1908    1.041421e-03    0.999992   9.863372e-04
 1909    1.041593e-03    1.000165   9.865001e-04
 1910    1.041280e-03    0.999700   9.862038e-04
 1911    1.041080e-03    0.999808   9.860145e-04
 1912    1.041109e-03    1.000028   9.860421e-04
 1913    1.040986e-03    0.999881   9.859247e-04
 1914    1.040978e-03    0.999993   9.859180e-04
 1915    1.040979e-03    1.000000   9.859184e-04
 1916    1.040942e-03    0.999965   9.858836e-04
 1917    1.040445e-03    0.999523   9.854129e-04
 1918    1.040566e-03    1.000116   9.855270e-04
 1919    1.039953e-03    0.999412   9.849472e-04
 1920    1.040005e-03    1.000050   9.849962e-04
 1921    1.040008e-03    1.000002   9.849987e-04
 1922    1.040030e-03    1.000021   9.850198e-04
 1923    1.040017e-03    0.999987   9.850071e-04
 1924    1.039884e-03    0.999873   9.848818e-04
 1925    1.039724e-03    0.999846   9.847301e-04
 1926    1.039717e-03    0.999993   9.847231e-04
 1927    1.039779e-03    1.000060   9.847820e-04
 1928    1.039771e-03    0.999992   9.847745e-04
 1929    1.039849e-03    1.000075   9.848483e-04
 1930    1.039870e-03    1.000020   9.848683e-04
 1931    1.039894e-03    1.000023   9.848910e-04
 1932    1.039902e-03    1.000008   9.848988e-04
 1933    1.039903e-03    1.000000   9.848990e-04
 1934    1.039906e-03    1.000003   9.849024e-04
 1935    1.038774e-03    0.998911   9.838301e-04
 1936    1.038116e-03    0.999367   9.832073e-04
 1937    1.037658e-03    0.999559   9.827734e-04
 1938    1.037651e-03    0.999994   9.827670e-04
 1939    1.037651e-03    0.999999   9.827663e-04
 1940    1.037690e-03    1.000037   9.828031e-04
 1941    1.037606e-03    0.999919   9.827235e-04
 1942    1.036544e-03    0.998977   9.817182e-04
 1943    1.036541e-03    0.999997   9.817157e-04
 1944    1.037216e-03    1.000651   9.823544e-04
 1945    1.036741e-03    0.999542   9.819048e-04
 1946    1.036670e-03    0.999932   9.818378e-04
 1947    1.036245e-03    0.999589   9.814346e-04
 1948    1.036146e-03    0.999905   9.813410e-04
 1949    1.036138e-03    0.999992   9.813333e-04
 1950    1.036134e-03    0.999996   9.813293e-04
 1951    1.036340e-03    1.000200   9.815251e-04
 1952    1.036328e-03    0.999988   9.815137e-04
 1953    1.036328e-03    1.000000   9.815139e-04
 1954    1.036119e-03    0.999798   9.813155e-04
 1955    1.041654e-03    1.005342   9.865581e-04
 1956    1.036014e-03    0.994585   9.812162e-04
 1957    1.035497e-03    0.999501   9.807262e-04
 1958    1.034679e-03    0.999210   9.799516e-04
 1959    1.030049e-03    0.995525   9.755668e-04
 1960    1.032323e-03    1.002208   9.777205e-04
 1961    1.032215e-03    0.999896   9.776185e-04
 1962    1.032228e-03    1.000012   9.776302e-04
 1963    1.032243e-03    1.000015   9.776450e-04
 1964    1.032209e-03    0.999966   9.776121e-04
 1965    1.032174e-03    0.999966   9.775791e-04
 1966    1.032171e-03    0.999998   9.775768e-04
 1967    1.032165e-03    0.999994   9.775709e-04
 1968    1.032171e-03    1.000006   9.775763e-04
 1969    1.032168e-03    0.999997   9.775737e-04
 1970    1.032221e-03    1.000051   9.776238e-04
 1971    1.032080e-03    0.999864   9.774905e-04
 1972    1.033713e-03    1.001582   9.790365e-04
 1973    1.033980e-03    1.000259   9.792901e-04
 1974    1.033221e-03    0.999266   9.785711e-04
 1975    1.032945e-03    0.999732   9.783091e-04
 1976    1.032973e-03    1.000028   9.783364e-04
 1977    1.032962e-03    0.999989   9.783259e-04
 1978    1.032947e-03    0.999985   9.783110e-04
 1979    1.032942e-03    0.999995   9.783064e-04
 1980    1.032927e-03    0.999985   9.782920e-04
 1981    1.032920e-03    0.999994   9.782859e-04
 1982    1.032919e-03    0.999999   9.782849e-04
 1983    1.032917e-03    0.999998   9.782834e-04
 1984    1.032926e-03    1.000008   9.782916e-04
 1985    1.032925e-03    0.999999   9.782903e-04
 1986    1.032895e-03    0.999971   9.782623e-04
 1987    1.032913e-03    1.000017   9.782792e-04
 1988    1.032905e-03    0.999992   9.782717e-04
 1989    1.032892e-03    0.999987   9.782595e-04
 1990    1.032833e-03    0.999943   9.782034e-04
 1991    1.033496e-03    1.000642   9.788315e-04
 1992    1.032878e-03    0.999402   9.782459e-04
 1993    1.033141e-03    1.000255   9.784950e-04
 1994    1.033214e-03    1.000071   9.785647e-04
 1995    1.033287e-03    1.000070   9.786331e-04
 1996    1.033283e-03    0.999996   9.786293e-04
 1997    1.033284e-03    1.000001   9.786303e-04
 1998    1.033278e-03    0.999994   9.786246e-04
 1999    1.033795e-03    1.000500   9.791142e-04
 2000    1.033761e-03    0.999967   9.790821e-04
 2001    1.033598e-03    0.999842   9.789278e-04
 2002    1.033259e-03    0.999672   9.786068e-04
 2003    1.031739e-03    0.998529   9.771674e-04
 2004    1.021537e-03    0.990111   9.675045e-04
 2005    1.028161e-03    1.006485   9.737789e-04
 2006    1.028482e-03    1.000312   9.740823e-04
 2007    1.026775e-03    0.998341   9.724660e-04
 2008    1.028137e-03    1.001326   9.737559e-04
 2009    1.167777e-03    1.135819   1.106010e-03
 2010    9.820148e-04    0.840926   9.300731e-04
 2011    9.815792e-04    0.999556   9.296606e-04
 2012    1.010282e-03    1.029241   9.568451e-04
 2013    1.009931e-03    0.999653   9.565128e-04
 2014    1.019119e-03    1.009097   9.652145e-04
 2015    1.019131e-03    1.000012   9.652266e-04
 2016    1.018030e-03    0.998919   9.641833e-04
 2017    1.017643e-03    0.999620   9.638167e-04
 2018    1.017431e-03    0.999792   9.636160e-04
 2019    1.017439e-03    1.000008   9.636240e-04
 2020    1.018296e-03    1.000842   9.644350e-04
 2021    1.010660e-03    0.992501   9.572031e-04
 2022    1.022737e-03    1.011950   9.686414e-04
 2023    1.015108e-03    0.992541   9.614161e-04
 2024    1.002703e-03    0.987780   9.496674e-04
 2025    1.508220e-03    1.504153   1.428446e-03
 2026    1.027784e-03    0.681455   9.734218e-04
 2027    9.928811e-04    0.966040   9.403647e-04
 2028    9.922422e-04    0.999356   9.397595e-04
 2029    9.922074e-04    0.999965   9.397266e-04
 2030    9.922081e-04    1.000001   9.397273e-04
 2031    9.922523e-04    1.000044   9.397691e-04
 2032    9.918990e-04    0.999644   9.394345e-04
 2033    9.918741e-04    0.999975   9.394110e-04
 2034    9.989815e-04    1.007166   9.461424e-04
 2035    9.959861e-04    0.997002   9.433054e-04
 2036    9.953304e-04    0.999342   9.426844e-04
 2037    9.952634e-04    0.999933   9.426209e-04
 2038    1.034245e-03    1.039168   9.795411e-04
 2039    9.938980e-04    0.960989   9.413278e-04
 2040    9.921050e-04    0.998196   9.396296e-04
 2041    9.988588e-04    1.006808   9.460262e-04
 2042    9.976636e-04    0.998803   9.448942e-04
 2043    9.977059e-04    1.000042   9.449343e-04
 2044    9.979265e-04    1.000221   9.451432e-04
 2045    9.971389e-04    0.999211   9.443973e-04
 2046    9.972500e-04    1.000111   9.445025e-04
 2047    9.971320e-04    0.999882   9.443907e-04
 2048    9.962277e-04    0.999093   9.435342e-04
 2049    9.965690e-04    1.000343   9.438575e-04
 2050    9.965471e-04    0.999978   9.438368e-04
 2051    9.966959e-04    1.000149   9.439777e-04
 2052    9.966628e-04    0.999967   9.439463e-04
 2053    9.966573e-04    0.999994   9.439411e-04
 2054    9.966791e-04    1.000022   9.439617e-04
 2055    9.966157e-04    0.999936   9.439018e-04
 2056    9.966361e-04    1.000020   9.439211e-04
 2057    9.964742e-04    0.999838   9.437677e-04
 2058    9.964380e-04    0.999964   9.437334e-04
 2059    9.964408e-04    1.000003   9.437361e-04
 2060    9.964368e-04    0.999996   9.437323e-04
 2061    9.955957e-04    0.999156   9.429357e-04
 2062    9.962892e-04    1.000697   9.435925e-04
 2063    9.970402e-04    1.000754   9.443038e-04
 2064    9.971833e-04    1.000143   9.444393e-04
 2065    9.965229e-04    0.999338   9.438138e-04
 2066    9.929174e-04    0.996382   9.403991e-04
 2067    1.004267e-03    1.011431   9.511488e-04
 2068    1.022558e-03    1.018213   9.684723e-04
 2069    9.620853e-04    0.940861   9.111977e-04
 2070    9.924083e-04    1.031518   9.399169e-04
 2071    9.922200e-04    0.999810   9.397385e-04
 2072    9.924302e-04    1.000212   9.399376e-04
 2073    9.925069e-04    1.000077   9.400103e-04
 2074    9.906861e-04    0.998165   9.382857e-04
 2075    9.909574e-04    1.000274   9.385427e-04
 2076    9.908157e-04    0.999857   9.384085e-04
 2077    9.906014e-04    0.999784   9.382056e-04
 2078    9.903095e-04    0.999705   9.379291e-04
 2079    9.898625e-04    0.999549   9.375058e-04
 2080    9.893208e-04    0.999453   9.369927e-04
 2081    9.894147e-04    1.000095   9.370816e-04
 2082    9.889595e-04    0.999540   9.366505e-04
 2083    9.883832e-04    0.999417   9.361047e-04
 2084    9.884741e-04    1.000092   9.361908e-04
 2085    9.884817e-04    1.000008   9.361980e-04
 2086    9.885204e-04    1.000039   9.362347e-04
 2087    9.883312e-04    0.999809   9.360554e-04
 2088    9.880254e-04    0.999691   9.357658e-04
 2089    9.887566e-04    1.000740   9.364583e-04
 2090    9.873296e-04    0.998557   9.351068e-04
 2091    9.872860e-04    0.999956   9.350655e-04
 2092    9.872671e-04    0.999981   9.350476e-04
 2093    9.870997e-04    0.999830   9.348890e-04
 2094    9.870261e-04    0.999925   9.348194e-04
 2095    9.871067e-04    1.000082   9.348956e-04
 2096    9.871964e-04    1.000091   9.349807e-04
 2097    9.865187e-04    0.999313   9.343388e-04
 2098    9.863411e-04    0.999820   9.341706e-04
 2099    9.867450e-04    1.000409   9.345531e-04
 2100    9.863100e-04    0.999559   9.341411e-04
 2101    9.859543e-04    0.999639   9.338042e-04
 2102    9.862408e-04    1.000291   9.340756e-04
 2103    9.860612e-04    0.999818   9.339055e-04
 2104    1.056304e-03    1.071236   1.000433e-03
 2105    9.872720e-04    0.934647   9.350523e-04
 2106    9.874999e-04    1.000231   9.352681e-04
 2107    9.877931e-04    1.000297   9.355458e-04
 2108    9.900420e-04    1.002277   9.376757e-04
 2109    9.882391e-04    0.998179   9.359682e-04
 2110    9.858043e-04    0.997536   9.336621e-04
 2111    9.849764e-04    0.999160   9.328781e-04
 2112    9.906600e-04    1.005770   9.382610e-04
 2113    9.753500e-04    0.984546   9.237608e-04
 2114    9.749498e-04    0.999590   9.233818e-04
 2115    9.752972e-04    1.000356   9.237108e-04
 2116    9.851668e-04    1.010120   9.330584e-04
 2117    9.701359e-04    0.984743   9.188226e-04
 2118    1.138248e-03    1.173287   1.078043e-03
 2119    9.772345e-04    0.858543   9.255456e-04
 2120    9.793591e-04    1.002174   9.275579e-04
 2121    9.790726e-04    0.999707   9.272865e-04
 2122    9.789931e-04    0.999919   9.272113e-04
 2123    9.788408e-04    0.999844   9.270670e-04
 2124    9.788191e-04    0.999978   9.270465e-04
 2125    9.787706e-04    0.999950   9.270005e-04
 2126    9.807524e-04    1.002025   9.288775e-04
 2127    9.808764e-04    1.000126   9.289949e-04
 2128    1.015548e-03    1.035348   9.618331e-04
 2129    9.337734e-04    0.919477   8.843834e-04
 2130    9.625768e-04    1.030846   9.116632e-04
 2131    9.633565e-04    1.000810   9.124018e-04
 2132    9.633523e-04    0.999996   9.123977e-04
 2133    9.647726e-04    1.001474   9.137429e-04
 2134    9.647390e-04    0.999965   9.137111e-04
 2135    9.580822e-04    0.993100   9.074064e-04
 2136    9.780514e-04    1.020843   9.263194e-04
 2137    9.642835e-04    0.985923   9.132797e-04
 2138    9.695859e-04    1.005499   9.183016e-04
 2139    9.684642e-04    0.998843   9.172392e-04
 2140    9.709686e-04    1.002586   9.196112e-04
 2141    9.709126e-04    0.999942   9.195582e-04
 2142    9.715572e-04    1.000664   9.201687e-04
 2143    9.718462e-04    1.000297   9.204424e-04
 2144    9.718020e-04    0.999954   9.204005e-04
 2145    9.717157e-04    0.999911   9.203187e-04
 2146    9.717116e-04    0.999996   9.203149e-04
 2147    9.716756e-04    0.999963   9.202808e-04
 2148    9.716940e-04    1.000019   9.202982e-04
 2149    9.815773e-04    1.010171   9.296588e-04
 2150    9.686491e-04    0.986829   9.174143e-04
 2151    9.689879e-04    1.000350   9.177353e-04
 2152    9.795123e-04    1.010861   9.277030e-04
 2153    9.754204e-04    0.995823   9.238275e-04
 2154    9.750799e-04    0.999651   9.235050e-04
 2155    9.744990e-04    0.999404   9.229549e-04
 2156    9.742552e-04    0.999750   9.227240e-04
 2157    9.742546e-04    0.999999   9.227234e-04
 2158    9.741487e-04    0.999891   9.226231e-04
 2159    9.741143e-04    0.999965   9.225905e-04
 2160    9.741153e-04    1.000001   9.225915e-04
 2161    9.741144e-04    0.999999   9.225906e-04
 2162    9.741063e-04    0.999992   9.225829e-04
 2163    9.740557e-04    0.999948   9.225350e-04
 2164    9.742892e-04    1.000240   9.227561e-04
 2165    9.741759e-04    0.999884   9.226489e-04
 2166    9.741423e-04    0.999966   9.226171e-04
 2167    9.740975e-04    0.999954   9.225746e-04
 2168    9.740994e-04    1.000002   9.225764e-04
 2169    9.740992e-04    1.000000   9.225762e-04
 2170    9.740964e-04    0.999997   9.225735e-04
 2171    9.740857e-04    0.999989   9.225635e-04
 2172    9.740781e-04    0.999992   9.225562e-04
 2173    9.740747e-04    0.999996   9.225530e-04
 2174    9.740710e-04    0.999996   9.225495e-04
 2175    9.741176e-04    1.000048   9.225936e-04
 2176    9.740809e-04    0.999962   9.225589e-04
 2177    9.740820e-04    1.000001   9.225599e-04
 2178    9.741422e-04    1.000062   9.226169e-04
 2179    9.741406e-04    0.999998   9.226155e-04
 2180    9.746067e-04    1.000478   9.230568e-04
 2181    9.708251e-04    0.996120   9.194753e-04
 2182    9.728300e-04    1.002065   9.213741e-04
 2183    9.728296e-04    1.000000   9.213738e-04
 2184    9.728145e-04    0.999984   9.213595e-04
 2185    9.728659e-04    1.000053   9.214081e-04
 2186    9.728442e-04    0.999978   9.213876e-04
 2187    9.728155e-04    0.999970   9.213604e-04
 2188    9.727116e-04    0.999893   9.212620e-04
 2189    9.723198e-04    0.999597   9.208909e-04
 2190    9.731842e-04    1.000889   9.217096e-04
 2191    9.783287e-04    1.005286   9.265820e-04
 2192    9.709761e-04    0.992484   9.196183e-04
 2193    9.164211e-04    0.943814   8.679488e-04
 2194    9.471837e-04    1.033568   8.970844e-04
 2195    9.533665e-04    1.006528   9.029401e-04
 2196    9.486055e-04    0.995006   8.984310e-04
 2197    9.451186e-04    0.996324   8.951285e-04
 2198    9.452539e-04    1.000143   8.952566e-04
 2199    9.447733e-04    0.999491   8.948014e-04
 2200    9.448017e-04    1.000030   8.948283e-04
 2201    9.493014e-04    1.004763   8.990901e-04
 2202    9.428224e-04    0.993175   8.929538e-04
 2203    9.435554e-04    1.000777   8.936479e-04
 2204    7.850685e-04    0.832032   7.435439e-04
 2205    9.626768e-04    1.226233   9.117580e-04
 2206    9.610324e-04    0.998292   9.102005e-04
 2207    9.606615e-04    0.999614   9.098493e-04
 2208    9.605442e-04    0.999878   9.097381e-04
 2209    9.605412e-04    0.999997   9.097353e-04
 2210    9.605432e-04    1.000002   9.097372e-04
 2211    9.604447e-04    0.999898   9.096439e-04
 2212    9.604268e-04    0.999981   9.096270e-04
 2213    9.604368e-04    1.000010   9.096365e-04
 2214    9.604535e-04    1.000017   9.096523e-04
 2215    9.604217e-04    0.999967   9.096222e-04
 2216    9.604202e-04    0.999998   9.096208e-04
 2217    9.601519e-04    0.999721   9.093666e-04
 2218    9.609034e-04    1.000783   9.100784e-04
 2219    9.608627e-04    0.999958   9.100399e-04
 2220    9.608857e-04    1.000024   9.100616e-04
 2221    9.577466e-04    0.996733   9.070886e-04
 2222    9.632195e-04    1.005714   9.122720e-04
 2223    9.625429e-04    0.999298   9.116312e-04
 2224    9.625696e-04    1.000028   9.116564e-04
 2225    9.625751e-04    1.000006   9.116617e-04
 2226    9.625748e-04    1.000000   9.116614e-04
 2227    9.625609e-04    0.999986   9.116482e-04
 2228    9.625445e-04    0.999983   9.116326e-04
 2229    9.625362e-04    0.999991   9.116248e-04
 2230    9.624916e-04    0.999954   9.115826e-04
 2231    9.625111e-04    1.000020   9.116010e-04
 2232    9.638041e-04    1.001343   9.128256e-04
 2233    9.634093e-04    0.999590   9.124517e-04
 2234    9.640780e-04    1.000694   9.130850e-04
 2235    9.736268e-04    1.009905   9.221288e-04
 2236    9.572011e-04    0.983129   9.065719e-04
 2237    9.568329e-04    0.999615   9.062232e-04
 2238    9.571688e-04    1.000351   9.065413e-04
 2239    9.553832e-04    0.998135   9.048502e-04
 2240    9.553770e-04    0.999993   9.048443e-04
 2241    9.554236e-04    1.000049   9.048884e-04
 2242    9.558335e-04    1.000429   9.052766e-04
 2243    1.011449e-03    1.058186   9.579507e-04
 2244    9.531255e-04    0.942336   9.027118e-04
 2245    9.519438e-04    0.998760   9.015927e-04
 2246    9.522382e-04    1.000309   9.018715e-04
 2247    9.521632e-04    0.999921   9.018005e-04
 2248    9.543913e-04    1.002340   9.039107e-04
 2249    9.486646e-04    0.994000   8.984869e-04
 2250    9.519582e-04    1.003472   9.016063e-04
 2251    9.510646e-04    0.999061   9.007600e-04
 2252    9.510516e-04    0.999986   9.007476e-04
 2253    9.529163e-04    1.001961   9.025138e-04
 2254    9.521991e-04    0.999247   9.018345e-04
 2255    9.523558e-04    1.000165   9.019829e-04
 2256    9.965300e-04    1.046384   9.438205e-04
 2257    9.957633e-04    0.999231   9.430944e-04
 2258    8.522904e-04    0.855917   8.072102e-04
 2259    9.472610e-04    1.111430   8.971575e-04
 2260    9.469784e-04    0.999702   8.968899e-04
 2261    9.459564e-04    0.998921   8.959220e-04
 2262    9.467333e-04    1.000821   8.966577e-04
 2263    9.468125e-04    1.000084   8.967328e-04
 2264    9.466901e-04    0.999871   8.966168e-04
 2265    9.470655e-04    1.000397   8.969723e-04
 2266    9.470951e-04    1.000031   8.970004e-04
 2267    9.469779e-04    0.999876   8.968895e-04
 2268    9.469033e-04    0.999921   8.968188e-04
 2269    9.471004e-04    1.000208   8.970054e-04
 2270    9.468740e-04    0.999761   8.967910e-04
 2271    9.468829e-04    1.000009   8.967995e-04
 2272    9.468537e-04    0.999969   8.967718e-04
 2273    9.468452e-04    0.999991   8.967638e-04
 2274    9.468478e-04    1.000003   8.967663e-04
 2275    9.468642e-04    1.000017   8.967817e-04
 2276    9.468792e-04    1.000016   8.967960e-04
 2277    9.468741e-04    0.999995   8.967911e-04
 2278    9.468845e-04    1.000011   8.968010e-04
 2279    9.312070e-04    0.983443   8.819527e-04
 2280    9.705513e-04    1.042251   9.192159e-04
 2281    9.431055e-04    0.971722   8.932219e-04
 2282    9.199370e-04    0.975434   8.712788e-04
 2283    9.195499e-04    0.999579   8.709122e-04
 2284    1.072899e-03    1.166765   1.016150e-03
 2285    9.241313e-04    0.861341   8.752513e-04
 2286    9.219358e-04    0.997624   8.731719e-04
 2287    9.177421e-04    0.995451   8.691999e-04
 2288    9.223794e-04    1.005053   8.735920e-04
 2289    9.274082e-04    1.005452   8.783548e-04
 2290    9.347712e-04    1.007939   8.853284e-04
 2291    9.547625e-04    1.021386   9.042623e-04
 2292    9.179124e-04    0.961404   8.693613e-04
 2293    9.108006e-04    0.992252   8.626256e-04
 2294    9.083357e-04    0.997294   8.602912e-04
 2295    9.068908e-04    0.998409   8.589226e-04
 2296    9.037045e-04    0.996487   8.559049e-04
 2297    1.322343e-03    1.463247   1.252401e-03
 2298    9.765667e-04    0.738512   9.249132e-04
 2299    9.760828e-04    0.999505   9.244549e-04
 2300    9.741892e-04    0.998060   9.226614e-04
 2301    1.163479e-03    1.194305   1.101939e-03
 2302    8.725153e-04    0.749919   8.263654e-04
 2303    8.777772e-04    1.006031   8.313489e-04
 2304    8.779861e-04    1.000238   8.315468e-04
 2305    8.747286e-04    0.996290   8.284616e-04
 2306    8.717192e-04    0.996560   8.256114e-04
 2307    8.633522e-04    0.990402   8.176870e-04
 2308    8.785837e-04    1.017642   8.321128e-04
 2309    8.586794e-04    0.977345   8.132613e-04
 2310    8.585115e-04    0.999805   8.131023e-04
 2311    8.585106e-04    0.999999   8.131014e-04
 2312    8.585797e-04    1.000080   8.131669e-04
 2313    8.577360e-04    0.999017   8.123678e-04
 2314    8.568883e-04    0.999012   8.115649e-04
 2315    8.566051e-04    0.999670   8.112967e-04
 2316    8.565886e-04    0.999981   8.112810e-04
 2317    8.565958e-04    1.000009   8.112879e-04
 2318    8.568042e-04    1.000243   8.114853e-04
 2319    8.563869e-04    0.999513   8.110901e-04
 2320    8.564122e-04    1.000030   8.111140e-04
 2321    8.565162e-04    1.000121   8.112125e-04
 2322    8.571464e-04    1.000736   8.118094e-04
 2323    8.573138e-04    1.000195   8.119679e-04
 2324    8.571814e-04    0.999846   8.118425e-04
 2325    8.571155e-04    0.999923   8.117801e-04
 2326    8.571103e-04    0.999994   8.117752e-04
 2327    8.570913e-04    0.999978   8.117572e-04
 2328    8.571248e-04    1.000039   8.117889e-04
 2329    8.572150e-04    1.000105   8.118744e-04
 2330    8.572103e-04    0.999995   8.118699e-04
 2331    8.577019e-04    1.000573   8.123355e-04
 2332    8.591469e-04    1.001685   8.137040e-04
 2333    8.590932e-04    0.999938   8.136532e-04
 2334    8.629782e-04    1.004522   8.173327e-04
 2335    8.665845e-04    1.004179   8.207483e-04
 2336    8.698112e-04    1.003723   8.238043e-04
 2337    8.730019e-04    1.003668   8.268263e-04
 2338    8.729501e-04    0.999941   8.267772e-04
 2339    8.730028e-04    1.000060   8.268271e-04
 2340    8.724214e-04    0.999334   8.262764e-04
 2341    8.728281e-04    1.000466   8.266616e-04
 2342    8.727109e-04    0.999866   8.265507e-04
 2343    8.849962e-04    1.014077   8.381862e-04
 2344    8.653940e-04    0.977851   8.196208e-04
 2345    8.547439e-04    0.987693   8.095340e-04
 2346    8.434108e-04    0.986741   7.988003e-04
 2347    9.240156e-04    1.095570   8.751416e-04
 2348    9.360843e-04    1.013061   8.865721e-04
 2349    9.190512e-04    0.981804   8.704398e-04
 2350    9.171789e-04    0.997963   8.686666e-04
 2351    9.031136e-04    0.984665   8.553453e-04
 2352    9.152172e-04    1.013402   8.668086e-04
 2353    9.336177e-04    1.020105   8.842358e-04
 2354    9.447770e-04    1.011953   8.948050e-04
 2355    9.488413e-04    1.004302   8.986543e-04
 2356    9.455068e-04    0.996486   8.954961e-04
 2357    8.856434e-04    0.936686   8.387991e-04
 2358    5.503471e-04    0.621409   5.212376e-04
 2359    1.649386e-03    2.996991   1.562145e-03
 2360    1.123684e-03    0.681274   1.064249e-03
 2361    1.097385e-03    0.976596   1.039341e-03
 2362    1.099730e-03    1.002137   1.041562e-03
 2363    1.098347e-03    0.998742   1.040252e-03
 2364    1.073803e-03    0.977654   1.017007e-03
 2365    1.183390e-03    1.102054   1.120797e-03
 2366    1.324051e-03    1.118863   1.254018e-03
 2367    1.287432e-03    0.972343   1.219336e-03
 2368    1.306346e-03    1.014691   1.237249e-03
 2369    1.457401e-03    1.115632   1.380315e-03
 2370    1.528335e-03    1.048672   1.447497e-03
 2371    1.642003e-03    1.074374   1.555153e-03
 2372    1.580801e-03    0.962727   1.497187e-03
 2373    1.525462e-03    0.964993   1.444776e-03
 2374    1.528615e-03    1.002067   1.447762e-03
 2375    1.437867e-03    0.940634   1.361814e-03
 2376    7.731599e-04    0.537713   7.322652e-04
 2377    7.732947e-04    1.000174   7.323929e-04
 2378    8.425684e-05    0.108958   7.980024e-05
 2379    1.786302e-04    2.120068   1.691819e-04
 2380    8.003754e-05    0.448063   7.580412e-05
 2381    5.188056e-05    0.648203   4.913644e-05
 2382    2.082452e-04    4.013935   1.972305e-04
 2383    2.293117e-04    1.101162   2.171827e-04
 2384    2.835711e-04    1.236619   2.685722e-04
 2385    2.755717e-04    0.971791   2.609959e-04
 2386    3.501663e-04    1.270690   3.316450e-04
 2387    3.595406e-04    1.026771   3.405235e-04
 2388    3.559638e-04    0.990051   3.371358e-04
 2389    3.548148e-04    0.996772   3.360476e-04
 2390    3.554168e-04    1.001697   3.366177e-04
 2391    3.542909e-04    0.996832   3.355514e-04
 2392    3.566611e-04    1.006690   3.377962e-04
 2393    3.878537e-04    1.087457   3.673389e-04
 2394    3.556537e-04    0.916979   3.368421e-04
 2395    3.293566e-04    0.926060   3.119359e-04
 2396    1.666286e-02    50.592159   1.578151e-02
 2397    2.630895e-04    0.015789   2.491739e-04
 2398    3.296892e-04    1.253145   3.122510e-04
 2399    3.126096e-04    0.948195   2.960748e-04
 2400    3.138583e-04    1.003994   2.972574e-04
 2401    2.901656e-04    0.924512   2.748179e-04
 2402    2.540197e-04    0.875430   2.405839e-04
 2403    2.749399e-04    1.082357   2.603975e-04
 2404    2.749806e-04    1.000148   2.604361e-04
 2405    2.720468e-04    0.989331   2.576574e-04
 2406    2.691052e-04    0.989187   2.548715e-04
 2407    2.691112e-04    1.000022   2.548771e-04
 2408    2.892365e-04    1.074784   2.739379e-04
 2409    6.003486e-04    2.075632   5.685944e-04
 2410    2.579267e-04    0.429628   2.442842e-04
 2411    2.563807e-04    0.994006   2.428199e-04
 2412    2.570867e-04    1.002754   2.434886e-04
 2413    2.575070e-04    1.001635   2.438867e-04
 2414    2.573823e-04    0.999516   2.437686e-04
 2415    2.568160e-04    0.997800   2.432323e-04
 2416    2.569075e-04    1.000356   2.433189e-04
 2417    2.576900e-04    1.003046   2.440600e-04
 2418    2.548237e-04    0.988877   2.413453e-04
 2419    2.610136e-04    1.024291   2.472078e-04
 2420    2.581578e-04    0.989059   2.445031e-04
 2421    2.588855e-04    1.002819   2.451922e-04
 2422    2.652462e-04    1.024570   2.512166e-04
 2423    2.614583e-04    0.985719   2.476290e-04
 2424    2.614304e-04    0.999893   2.476025e-04
 2425    2.765123e-04    1.057690   2.618868e-04
 2426    2.517455e-04    0.910431   2.384299e-04
 2427    2.512426e-04    0.998003   2.379537e-04
 2428    2.512454e-04    1.000011   2.379563e-04
 2429    2.511682e-04    0.999693   2.378831e-04
 2430    2.511249e-04    0.999828   2.378422e-04
 2431    2.511177e-04    0.999971   2.378354e-04
 2432    2.513233e-04    1.000819   2.380301e-04
 2433    2.512339e-04    0.999644   2.379453e-04
 2434    2.513155e-04    1.000325   2.380227e-04
 2435    2.519404e-04    1.002487   2.386146e-04
 2436    2.619354e-04    1.039672   2.480809e-04
 2437    2.527775e-04    0.965038   2.394074e-04
 2438    2.525034e-04    0.998916   2.391477e-04
 2439    2.523889e-04    0.999546   2.390393e-04
 2440    2.523846e-04    0.999983   2.390352e-04
 2441    2.523863e-04    1.000007   2.390368e-04
 2442    2.523860e-04    0.999999   2.390366e-04
 2443    2.523855e-04    0.999998   2.390361e-04
 2444    2.523771e-04    0.999967   2.390281e-04
 2445    2.524101e-04    1.000130   2.390593e-04
 2446    2.524028e-04    0.999971   2.390525e-04
 2447    2.524872e-04    1.000334   2.391324e-04
 2448    2.257101e-04    0.893946   2.137716e-04
 2449    2.528635e-04    1.120303   2.394888e-04
 2450    2.446338e-04    0.967454   2.316944e-04
 2451    2.476654e-04    1.012392   2.345657e-04
 2452    2.567127e-04    1.036530   2.431344e-04
 2453    2.586370e-04    1.007496   2.449569e-04
 2454    2.585659e-04    0.999725   2.448896e-04
 2455    2.612353e-04    1.010324   2.474178e-04
 2456    2.621579e-04    1.003532   2.482916e-04
 2457    2.620992e-04    0.999776   2.482360e-04
 2458    2.620795e-04    0.999925   2.482173e-04
 2459    2.613860e-04    0.997354   2.475605e-04
 2460    2.615182e-04    1.000506   2.476857e-04
 2461    2.606673e-04    0.996746   2.468798e-04
 2462    2.816281e-04    1.080412   2.667320e-04
 2463    2.668753e-04    0.947616   2.527595e-04
 2464    2.157310e-04    0.808359   2.043204e-04
 2465    2.257552e-04    1.046466   2.138143e-04
 2466    2.082954e-04    0.922661   1.972781e-04
 2467    1.061008e-04    0.509377   1.004888e-04
 2468    1.838380e-04    1.732673   1.741142e-04
 2469    1.892727e-04    1.029563   1.792615e-04
 2470    1.677820e-04    0.886457   1.589075e-04
 2471    1.090122e-04    0.649725   1.032462e-04
 2472    2.758003e-04    2.529994   2.612124e-04
 2473    2.421809e-04    0.878102   2.293712e-04
 2474    3.805684e-04    1.571422   3.604390e-04
 2475    7.145161e-04    1.877497   6.767232e-04
 2476    8.260062e-04    1.156036   7.823162e-04
 2477    1.374610e-03    1.664164   1.301903e-03
 2478    4.255878e-04    0.309606   4.030772e-04
 2479    5.264569e-04    1.237011   4.986110e-04
 2480    5.299002e-04    1.006541   5.018722e-04
 2481    3.878307e-04    0.731894   3.673172e-04
 2482    3.156922e-04    0.813995   2.989943e-04
 2483    3.257782e-04    1.031949   3.085468e-04
 2484    1.305051e-03    4.005949   1.236023e-03
 2485    4.628846e-04    0.354687   4.384012e-04
 2486    2.080310e-04    0.449423   1.970276e-04
 2487    1.194092e-04    0.573997   1.130933e-04
 2488    1.322963e-04    1.107923   1.252987e-04
 2489    2.671253e-05    0.201914   2.529962e-05
 2490    1.605159e-05    0.600901   1.520258e-05
 2491    1.540523e-05    0.959732   1.459040e-05
 2492    1.606022e-05    1.042518   1.521075e-05
 2493    2.657336e-05    1.654607   2.516781e-05
 2494    4.393995e-05    1.653534   4.161583e-05
 2495    4.187501e-05    0.953005   3.966012e-05
 2496    5.388676e-05    1.286848   5.103653e-05
 2497    5.233926e-05    0.971282   4.957088e-05
 2498    5.281510e-05    1.009092   5.002155e-05
 2499    5.267922e-05    0.997427   4.989286e-05
 2500    5.277386e-05    1.001797   4.998250e-05
 2501    5.281980e-05    1.000870   5.002600e-05
 2502    5.276345e-05    0.998933   4.997263e-05
 2503    5.308197e-05    1.006037   5.027431e-05
 2504    5.416822e-05    1.020464   5.130310e-05
 2505    5.354717e-05    0.988535   5.071490e-05
 2506    5.351281e-05    0.999358   5.068236e-05
 2507    5.350775e-05    0.999905   5.067756e-05
 2508    5.350103e-05    0.999874   5.067120e-05
 2509    5.356646e-05    1.001223   5.073317e-05
 2510    5.361174e-05    1.000845   5.077605e-05
 2511    5.362050e-05    1.000164   5.078436e-05
 2512    5.362871e-05    1.000153   5.079212e-05
 2513    5.362733e-05    0.999974   5.079082e-05
 2514    5.364450e-05    1.000320   5.080709e-05
 2515    5.361942e-05    0.999532   5.078333e-05
 2516    5.403883e-05    1.007822   5.118056e-05
 2517    5.258183e-05    0.973038   4.980062e-05
 2518    5.273435e-05    1.002901   4.994507e-05
 2519    5.274214e-05    1.000148   4.995245e-05
 2520    5.265617e-05    0.998370   4.987103e-05
 2521    5.350311e-05    1.016084   5.067318e-05
 2522    5.517294e-05    1.031210   5.225468e-05
 2523    5.634880e-05    1.021312   5.336835e-05
 2524    6.428100e-05    1.140770   6.088099e-05
 2525    5.234458e-05    0.814309   4.957592e-05
 2526    1.932050e-05    0.369102   1.829858e-05
 2527    3.917594e-05    2.027688   3.710381e-05
 2528    3.182617e-05    0.812391   3.014279e-05
 2529    3.197750e-05    1.004755   3.028611e-05
 2530    3.247636e-05    1.015601   3.075859e-05
 2531    3.240028e-05    0.997657   3.068653e-05
 2532    2.308804e-05    0.712588   2.186684e-05
 2533    3.706985e-05    1.605587   3.510911e-05
 2534    1.630345e-05    0.439804   1.544111e-05
 2535    1.087336e-05    0.666936   1.029824e-05
 2536    1.954303e-05    1.797331   1.850934e-05
 2537    1.962159e-05    1.004020   1.858375e-05
 2538    1.962857e-05    1.000356   1.859036e-05
 2539    1.902434e-05    0.969217   1.801809e-05
 2540    1.917431e-05    1.007883   1.816012e-05
 2541    1.949400e-05    1.016673   1.846291e-05
 2542    2.044241e-05    1.048651   1.936115e-05
 2543    1.956991e-05    0.957319   1.853480e-05
 2544    2.081601e-05    1.063674   1.971499e-05
 2545    2.284677e-05    1.097557   2.163833e-05
 2546    2.183904e-05    0.955892   2.068391e-05
 2547    2.432511e-05    1.113836   2.303849e-05
 2548    2.254269e-05    0.926725   2.135034e-05
 2549    2.254419e-05    1.000066   2.135176e-05
 2550    2.245797e-05    0.996176   2.127011e-05
 2551    2.242637e-05    0.998593   2.124017e-05
 2552    2.243870e-05    1.000550   2.125185e-05
 2553    2.240472e-05    0.998486   2.121967e-05
 2554    2.254385e-05    1.006210   2.135144e-05
 2555    2.254335e-05    0.999978   2.135097e-05
 2556    2.285817e-05    1.013965   2.164914e-05
 2557    2.295825e-05    1.004378   2.174392e-05
 2558    2.252661e-05    0.981199   2.133511e-05
 2559    1.311509e-04    5.822046   1.242140e-04
 2560    2.284636e-05    0.174199   2.163795e-05
 2561    2.284665e-05    1.000013   2.163822e-05
 2562    2.336015e-05    1.022476   2.212456e-05
 2563    2.256374e-05    0.965907   2.137028e-05
 2564    2.280466e-05    1.010677   2.159846e-05
 2565    2.277322e-05    0.998621   2.156868e-05
 2566    2.286300e-05    1.003942   2.165371e-05
 2567    2.286791e-05    1.000215   2.165836e-05
 2568    2.283704e-05    0.998650   2.162913e-05
 2569    2.282495e-05    0.999470   2.161767e-05
 2570    2.281058e-05    0.999370   2.160406e-05
 2571    2.280455e-05    0.999736   2.159835e-05
 2572    2.279805e-05    0.999715   2.159219e-05
 2573    2.279764e-05    0.999982   2.159180e-05
 2574    2.279706e-05    0.999975   2.159125e-05
 2575    2.279972e-05    1.000117   2.159378e-05
 2576    2.279892e-05    0.999965   2.159302e-05
 2577    2.280895e-05    1.000440   2.160252e-05
 2578    2.349148e-05    1.029924   2.224894e-05
 2579    2.263779e-05    0.963660   2.144041e-05
 2580    2.257284e-05    0.997131   2.137890e-05
 2581    2.224774e-05    0.985597   2.107099e-05
 2582    2.219245e-05    0.997515   2.101862e-05
 2583    2.218580e-05    0.999701   2.101233e-05
 2584    2.219063e-05    1.000218   2.101690e-05
 2585    2.217074e-05    0.999103   2.099806e-05
 2586    2.221310e-05    1.001911   2.103818e-05
 2587    2.220005e-05    0.999412   2.102582e-05
 2588    2.220235e-05    1.000104   2.102800e-05
 2589    2.222563e-05    1.001048   2.105005e-05
 2590    2.203084e-05    0.991236   2.086556e-05
 2591    2.185086e-05    0.991831   2.069511e-05
 2592    2.103098e-05    0.962478   1.991858e-05
 2593    2.390439e-05    1.136628   2.264002e-05
 2594    2.040160e-05    0.853467   1.932250e-05
 2595    2.111851e-05    1.035140   2.000149e-05
 2596    2.042865e-05    0.967333   1.934811e-05
 2597    1.231310e-05    0.602737   1.166183e-05
 2598    1.268464e-05    1.030174   1.201371e-05
 2599    1.271981e-05    1.002773   1.204702e-05
 2600    1.089346e-05    0.856417   1.031728e-05
 2601    1.105501e-05    1.014829   1.047028e-05
 2602    3.238395e-05    2.929347   3.067107e-05
 2603    6.255726e-05    1.931737   5.924842e-05
 2604    1.057155e-05    0.168990   1.001239e-05
 2605    3.727229e-03    352.571562   3.530085e-03
 2606    3.804979e-05    0.010209   3.603722e-05
 2607    8.146767e-06    0.214108   7.715860e-06
 2608    2.238758e-05    2.748032   2.120343e-05
 2609    3.025325e-05    1.351341   2.865307e-05
 2610    2.988120e-05    0.987702   2.830070e-05
 2611    2.991996e-05    1.001297   2.833740e-05
 2612    1.362452e-05    0.455366   1.290388e-05
 2613    2.078055e-05    1.525232   1.968140e-05
 2614    2.577072e-05    1.240137   2.440763e-05
 2615    7.302319e-06    0.283357   6.916077e-06
 2616    4.682794e-05    6.412749   4.435107e-05
 2617    3.842590e-05    0.820576   3.639344e-05
 2618    3.161802e-05    0.822831   2.994565e-05
 2619    4.952291e-05    1.566288   4.690350e-05
 2620    4.951442e-05    0.999829   4.689546e-05
 2621    3.810917e-05    0.769658   3.609346e-05
 2622    1.993768e-03    52.317289   1.888312e-03
 2623    2.404417e-06    0.001206   2.277240e-06
 2624    3.793853e-06    1.577868   3.593185e-06
 2625    2.136281e-07    0.056309   2.023287e-07
 2626    4.920774e-07    2.303430   4.660499e-07
 2627    5.929276e-07    1.204948   5.615659e-07
 2628    6.335501e-07    1.068512   6.000398e-07
 2629    6.331690e-07    0.999398   5.996788e-07
 2630    7.052499e-07    1.113841   6.679471e-07
 2631    1.137191e-06    1.612465   1.077041e-06
 2632    1.164200e-06    1.023751   1.102622e-06
 2633    2.938520e-07    0.252407   2.783093e-07
 2634    1.775169e-06    6.041029   1.681275e-06
 2635    8.540213e-07    0.481093   8.088496e-07
 2636    8.216049e-07    0.962043   7.781478e-07
 2637    8.217827e-07    1.000216   7.783161e-07
 2638    8.110068e-07    0.986887   7.681103e-07
 2639    8.066699e-07    0.994652   7.640027e-07
 2640    7.895630e-07    0.978793   7.478006e-07
 2641    7.896354e-07    1.000092   7.478692e-07
 2642    7.864659e-07    0.995986   7.448674e-07
 2643    8.687842e-07    1.104669   8.228316e-07
 2644    9.685249e-07    1.114805   9.172967e-07
 2645    1.090704e-06    1.126150   1.033013e-06
 2646    1.038903e-06    0.952507   9.839522e-07
 2647    1.035089e-06    0.996329   9.803403e-07
 2648    1.253736e-06    1.211234   1.187422e-06
 2649    1.025965e-06    0.818327   9.716990e-07
 2650    1.045098e-06    1.018648   9.898195e-07
 2651    3.533059e-06    3.380602   3.346185e-06
 2652    3.446832e-06    0.975594   3.264518e-06
 2653    6.822145e-07    0.197925   6.461301e-07
 2654    1.386776e-07    0.203276   1.313426e-07
 2655    8.746567e-08    0.630712   8.283935e-08
 2656    1.051737e-07    1.202457   9.961074e-08
 2657    1.561437e-08    0.148463   1.478848e-08
 2658    1.587127e-07    10.164525   1.503179e-07
 2659    2.062470e-07    1.299500   1.953380e-07
 2660    2.220140e-07    1.076447   2.102710e-07
 2661    2.203083e-07    0.992318   2.086556e-07
 2662    2.420179e-07    1.098542   2.292168e-07
 2663    2.394497e-07    0.989388   2.267845e-07
 2664    2.296614e-07    0.959122   2.175139e-07
 2665    2.488279e-07    1.083456   2.356667e-07
 2666    2.495831e-07    1.003035   2.363819e-07
 2667    2.386427e-07    0.956165   2.260202e-07
 2668    2.465446e-07    1.033112   2.335041e-07
 2669    2.449841e-07    0.993670   2.320261e-07
 2670    2.374513e-07    0.969252   2.248918e-07
 2671    2.003541e-07    0.843769   1.897567e-07
 2672    2.018311e-07    1.007372   1.911557e-07
 2673    1.603712e-07    0.794581   1.518887e-07
 2674    1.454439e-07    0.906920   1.377510e-07
 2675    1.452901e-07    0.998942   1.376053e-07
 2676    1.473222e-07    1.013987   1.395299e-07
 2677    1.473261e-07    1.000026   1.395335e-07
 2678    1.495829e-07    1.015319   1.416711e-07
 2679    1.188449e-07    0.794508   1.125588e-07
 2680    1.289368e-07    1.084916   1.221169e-07
 2681    1.511861e-07    1.172560   1.431894e-07
 2682    1.541437e-07    1.019563   1.459906e-07
 2683    1.583280e-07    1.027145   1.499535e-07
 2684    1.698702e-07    1.072901   1.608852e-07
 2685    1.205873e-07    0.709879   1.142091e-07
 2686    1.209415e-07    1.002937   1.145445e-07
 2687    1.129118e-07    0.933607   1.069396e-07
 2688    1.130012e-07    1.000792   1.070242e-07
 2689    1.129970e-07    0.999964   1.070203e-07
 2690    1.130161e-07    1.000169   1.070384e-07
 2691    8.928382e-08    0.790010   8.456134e-08
 2692    1.149095e-07    1.287014   1.088316e-07
 2693    1.139035e-07    0.991245   1.078788e-07
 2694    1.137256e-07    0.998439   1.077103e-07
 2695    1.137795e-07    1.000474   1.077614e-07
 2696    1.136823e-07    0.999145   1.076693e-07
 2697    1.135456e-07    0.998798   1.075398e-07
 2698    1.136139e-07    1.000601   1.076045e-07
 2699    1.124526e-07    0.989779   1.065046e-07
 2700    1.105494e-07    0.983075   1.047021e-07
 2701    1.073348e-07    0.970922   1.016575e-07
 2702    1.220405e-07    1.137008   1.155854e-07
 2703    1.431368e-07    1.172863   1.355659e-07
 2704    2.605970e-07    1.820615   2.468133e-07
 2705    7.352135e-08    0.282127   6.963258e-08
 2706    5.129501e-08    0.697689   4.858187e-08
 2707    5.414936e-08    1.055646   5.128524e-08
 2708    3.019269e-08    0.557582   2.859571e-08
 2709    1.706059e-06    56.505703   1.615821e-06
 2710    1.754150e-06    1.028188   1.661368e-06
 2711    9.215753e-07    0.525369   8.728305e-07
 2712    1.003420e-06    1.088810   9.503463e-07
 2713    8.754210e-07    0.872437   8.291174e-07
 2714    4.102081e-07    0.468584   3.885110e-07
 2715    1.014531e-06    2.473210   9.608691e-07
 2716    2.171118e-05    21.400218   2.056281e-05
 2717    3.306807e-06    0.152309   3.131900e-06
 2718    1.061458e-04    32.099190   1.005314e-04
 2719    1.586656e-06    0.014948   1.502733e-06
 2720    3.487828e-07    0.219823   3.303346e-07
 2721    3.609521e-07    1.034891   3.418603e-07
 2722    7.328014e-08    0.203019   6.940413e-08
 2723    2.269876e-07    3.097532   2.149815e-07
 2724    1.963740e-07    0.865131   1.859872e-07
 2725    5.679341e-08    0.289210   5.378944e-08
 2726    2.880103e-08    0.507119   2.727765e-08
 2727    6.644969e-08    2.307199   6.293497e-08
 2728    2.511648e-08    0.377977   2.378800e-08
 2729    3.497249e-09    0.139241   3.312269e-09


Final L2 norm of residual: 3.604146e-09

SolveHypre: Required iterations 2729 (method 704) to norm 3.41351e-09
SolveHypre: Solution time (method 704): 8.21907
HypreSolver: Finished solving linear system with HYPRE
BackScaleLinearSystem: Scaling back to original scale
ComputeNorm: Computing norm of solution
ComputeNorm: Using consistent norm in parallel
ComputeChange: NS (ITER=1) (NRM,RELC): ( 0.23389156E-01  2.0000000     ) :: linelast
SolveSystem: System solved
SolveSystem: Linear system time (CPU,REAL) for displacement:     9.46   10.16 (s)
SolveSystem: Finished solving the system
DefaultFinish: Finished solver: linelast
StressSolver: All done
StressSolver: ------------------------------------------
SolverActivate: Solver time (CPU,REAL) for linelast:     9.81   10.74 (s)
ComputeNorm: Computing norm of solution
ComputeNorm: Using consistent norm in parallel
ComputeChange: SS (ITER=1) (NRM,RELC): ( 0.23389156E-01  2.0000000     ) :: linelast
SetActiveElementsTable: Creating active element table for: savescalars
SetActiveElementsTable: No active elements found
SingleSolver: Attempting to call solver: 2
SingleSolver: Solver Equation string is: savescalars
SaveScalars: -----------------------------------------
SaveScalars: Saving scalar values of various kinds
SolverOutputDirectory: Creating directory: results_cpu
SaveScalars: Treating variable: displacement
SaveScalars: Treating operator: dofs
OperToParOperMap: dofs -> sum
SaveScalars: Treating variable: displacement
SaveScalars: Treating operator: elements
OperToParOperMap: elements -> sum
SaveScalars: Treating variable: displacement
SaveScalars: Treating operator: partitions
OperToParOperMap: partitions -> none
SaveScalars: Treating variable: displacement
SaveScalars: Treating operator: norm
OperToParOperMap: norm -> none
SaveScalars: Treating variable: displacement
SaveScalars: Treating operator: cpu time
OperToParOperMap: cpu time -> none
SaveScalars: Performed 5 reduction operations
SaveScalars: Adding information on simulation timing
SaveScalars: Found 4 result scalars in simulation section
SaveScalars: Found 12 values to save in total
SaveScalars: Saving names of values to file: results_cpu/f1536.dat.names
SaveScalars: Parallel data is reduced into one file
SaveScalars: Data is appended to existing file
SaveScalars: Saving values to file: results_cpu/f1536.dat
SaveScalars: -----------------------------------------
SolveEquations: Solvers after timestep
WARNING:: CompareToReferenceSolution: Solver 1 FAILED:  Norm = 2.33891559E-02  RefNorm = 2.33900606E-02
CompareToReferenceSolution: Relative Error to reference norm: 3.867988E-05
ReloadInputFile: Reloading input file
LoadInputFile: Loading input file:
WARNING:: CompareToReferenceSolution: FAILED 1 tests out of 1!
MAIN: Reporting unused list entries for sif improvement!
MAIN: If you do not want these lines undefine > DEVEL_LISTUSAGE < !
   Unused keywords:
       Boundary Condition 2  force 2
       Solver 1              linear system abort not converged
MAIN: *** Elmer Solver: ALL DONE ***
FreeModel: Freeing meshes
ReleaseMesh: Releasing mesh variables
ReleaseMesh: Releasing mesh nodes
ReleaseMesh: Releasing mesh finished
ReleaseMesh: Releasing mesh variables
ReleaseMesh: Releasing mesh nodes
ReleaseMesh: Releasing mesh finished
ReleaseMesh: Releasing mesh variables
ReleaseMesh: Releasing mesh nodes
ReleaseMesh: Releasing mesh finished
FreeModel: Freeing constants list
FreeModel: Freeing simulation list
FreeModel: Freeing boundary lists
FreeModel: Freeing solvers
Loading user function library: [StressSolve]...[StressSolver_Finalize]
Loading user function library: [StressSolve]...[StressSolver_Finalize]
Loading user function library: [SaveData]...[SaveScalars_Finalize]
Loading user function library: [SaveData]...[SaveScalars_Finalize]
FreeModel: Freeing initial conditions lists
FreeModel: Freeing body lists
FreeModel: Freeing equations lists
FreeModel: Freeing body forces lists
ParallelFinalize: Final synchronization of the MPI system!
MAIN: The end
SOLVER TOTAL TIME(CPU,REAL):        10.80       56.20
ELMER SOLVER FINISHED AT: 2026/07/28 13:59:30

Ending linsys/hypre_BiCGStab_Parasails.sif with mesh level 3
Elapsed time: 75 s
-----------------------------------


Solver linsys/hypre_BoomerAMG.sif not recommended for given problem. Ignoring it


Solver linsys/hypre_FlexGmres_BoomerAMG.sif not recommended for given problem. Ignoring it


Solver linsys/hypre_GMRes_BoomerAMG.sif not recommended for given problem. Ignoring it


Solver linsys/hypre_GMRes_ILU1.sif not recommended for given problem. Ignoring it


Solver linsys/hypre_GMRes_Parasails.sif not recommended for given problem. Ignoring it


Solver linsys/hypre_LGMRes_ILU0.sif not recommended for given problem. Ignoring it


Solver linsys/trilinos_ml_sgs_dof3.sif not recommended for given problem. Ignoring it


Solver linsys/trilinos_ml_sgs.sif not recommended for given problem. Ignoring it

Plotting scalability...

Plotting timings...

