Number of partitions: 768
==================================================================
ElmerGrid mesh conversion and manipulation utility, Welcome!
Version: 26.2 (Rev: NA, Compiled: NA)
This program is free software licensed under GPL
==================================================================
Elmergrid reading in-line arguments
Using dual (elemental) graph in partitioning.
The mesh will be partitioned with Metis to 768 partitions.
Output will be saved to file winkel.

Elmergrid loading data:
-----------------------
Loading the geometry from file 'winkel.grd'.
Loading ElmerGrid file version: 210903
Defining the coordinate system (3-DIM).
Loading 2 subcell sizes in X-direction
Loading 3 subcell sizes in Y-direction
Loading 2 subcell sizes in Z-direction
Loading material structure
LoadElmergrid: materials interval is [0,3]
Loading boundary conditions
Found 4 boundaries
Reached the end of command file
Found 1 divisions for grid

Loading ElmerGrid commands from file 'winkel.grd'.
Reached the end of command file
Read commands from a file

Elmergrid creating and manipulating meshes:
-------------------------------------------
3 cells were created.
Numbered 1281 knots in 1200 4-node elements.
Numbering order was <x><y> and max levelwidth 43.
80 element sides between materials 0 and 1 were located to type 1.
20 element sides between materials 2 and 1 were located to type 2.
20 element sides between materials 3 and 1 were located to type 3.
60 element sides between materials 0 and 2 were located to type 4.
Created 40 extruded divisions.
Maximum elementtype 404 extruded to type 808.
Allocated for 7 new BC lists
Extruded mesh has 32000 elements in 40 levels.
Simple extrusion would have 48000 elements
Extruded BCs list 0 of types [1,1] has 1600 elements.
Extruded BCs list 1 of types [2,2] has 400 elements.
Extruded BCs list 2 of types [3,3] has 400 elements.
Extruded BCs list 3 of types [4,4] has 2400 elements.
Layer BCs list 4 of types [5,5] has 1200 elements.
Layer BCs list 5 of types [6,6] has 800 elements.
Layer BCs list 6 of types [7,7] has 400 elements.
52521 original nodes moved to 35721 new ones.
Created 32000 elements and 35721 nodes by extruding the 2D geometry

Elmergrid partitioning meshes:
------------------------------
Making a Metis partitioning for 35721 nodes in 3-dimensions.
Setting default Metis options!
Setting user defined Metis options!
Creating a dual graph of the finite element mesh
Creating an inverse topology of the finite element mesh
There are from 1 to 8 connections in the inverse topology.
Each node is in average in 7.167 elements
Removing connected nodes from the dual graph
List of unconnected elements created
Allocating for the dual graph for 32000 with 768866 connections
There are at maximum 26 connections in dual graph (in element 1242).
There are at all in all 768866 connections in dual graph.
Average connection per active element in dual graph is 24.027
There are 768866 connections altogether in the graph.
Starting graph partitioning METIS_PartGraphKway.
 Runtime parameters:
   Objective type: METIS_OBJTYPE_CUT
   Coarsening type: METIS_CTYPE_SHEM
   Initial partitioning type: METIS_IPTYPE_METISRB
   Refinement type: METIS_RTYPE_GREEDY
   Perform a 2-hop matching: No
   Number of balancing constraints: 1
   Number of refinement iterations: 10
   Random number seed: -1
   Number of partitions: 768
   Number of cuts: 1
   User-supplied ufactor: 30
   Minimize connectivity: No
   Create contigous partitions: No
   Target partition weights: 
        0=[1.30e-03]   1=[1.30e-03]   2=[1.30e-03]   3=[1.30e-03]   4=[1.30e-03]
        5=[1.30e-03]   6=[1.30e-03]   7=[1.30e-03]   8=[1.30e-03]   9=[1.30e-03]
       10=[1.30e-03]  11=[1.30e-03]  12=[1.30e-03]  13=[1.30e-03]  14=[1.30e-03]
       15=[1.30e-03]  16=[1.30e-03]  17=[1.30e-03]  18=[1.30e-03]  19=[1.30e-03]
       20=[1.30e-03]  21=[1.30e-03]  22=[1.30e-03]  23=[1.30e-03]  24=[1.30e-03]
       25=[1.30e-03]  26=[1.30e-03]  27=[1.30e-03]  28=[1.30e-03]  29=[1.30e-03]
       30=[1.30e-03]  31=[1.30e-03]  32=[1.30e-03]  33=[1.30e-03]  34=[1.30e-03]
       35=[1.30e-03]  36=[1.30e-03]  37=[1.30e-03]  38=[1.30e-03]  39=[1.30e-03]
       40=[1.30e-03]  41=[1.30e-03]  42=[1.30e-03]  43=[1.30e-03]  44=[1.30e-03]
       45=[1.30e-03]  46=[1.30e-03]  47=[1.30e-03]  48=[1.30e-03]  49=[1.30e-03]
       50=[1.30e-03]  51=[1.30e-03]  52=[1.30e-03]  53=[1.30e-03]  54=[1.30e-03]
       55=[1.30e-03]  56=[1.30e-03]  57=[1.30e-03]  58=[1.30e-03]  59=[1.30e-03]
       60=[1.30e-03]  61=[1.30e-03]  62=[1.30e-03]  63=[1.30e-03]  64=[1.30e-03]
       65=[1.30e-03]  66=[1.30e-03]  67=[1.30e-03]  68=[1.30e-03]  69=[1.30e-03]
       70=[1.30e-03]  71=[1.30e-03]  72=[1.30e-03]  73=[1.30e-03]  74=[1.30e-03]
       75=[1.30e-03]  76=[1.30e-03]  77=[1.30e-03]  78=[1.30e-03]  79=[1.30e-03]
       80=[1.30e-03]  81=[1.30e-03]  82=[1.30e-03]  83=[1.30e-03]  84=[1.30e-03]
       85=[1.30e-03]  86=[1.30e-03]  87=[1.30e-03]  88=[1.30e-03]  89=[1.30e-03]
       90=[1.30e-03]  91=[1.30e-03]  92=[1.30e-03]  93=[1.30e-03]  94=[1.30e-03]
       95=[1.30e-03]  96=[1.30e-03]  97=[1.30e-03]  98=[1.30e-03]  99=[1.30e-03]
      100=[1.30e-03] 101=[1.30e-03] 102=[1.30e-03] 103=[1.30e-03] 104=[1.30e-03]
      105=[1.30e-03] 106=[1.30e-03] 107=[1.30e-03] 108=[1.30e-03] 109=[1.30e-03]
      110=[1.30e-03] 111=[1.30e-03] 112=[1.30e-03] 113=[1.30e-03] 114=[1.30e-03]
      115=[1.30e-03] 116=[1.30e-03] 117=[1.30e-03] 118=[1.30e-03] 119=[1.30e-03]
      120=[1.30e-03] 121=[1.30e-03] 122=[1.30e-03] 123=[1.30e-03] 124=[1.30e-03]
      125=[1.30e-03] 126=[1.30e-03] 127=[1.30e-03] 128=[1.30e-03] 129=[1.30e-03]
      130=[1.30e-03] 131=[1.30e-03] 132=[1.30e-03] 133=[1.30e-03] 134=[1.30e-03]
      135=[1.30e-03] 136=[1.30e-03] 137=[1.30e-03] 138=[1.30e-03] 139=[1.30e-03]
      140=[1.30e-03] 141=[1.30e-03] 142=[1.30e-03] 143=[1.30e-03] 144=[1.30e-03]
      145=[1.30e-03] 146=[1.30e-03] 147=[1.30e-03] 148=[1.30e-03] 149=[1.30e-03]
      150=[1.30e-03] 151=[1.30e-03] 152=[1.30e-03] 153=[1.30e-03] 154=[1.30e-03]
      155=[1.30e-03] 156=[1.30e-03] 157=[1.30e-03] 158=[1.30e-03] 159=[1.30e-03]
      160=[1.30e-03] 161=[1.30e-03] 162=[1.30e-03] 163=[1.30e-03] 164=[1.30e-03]
      165=[1.30e-03] 166=[1.30e-03] 167=[1.30e-03] 168=[1.30e-03] 169=[1.30e-03]
      170=[1.30e-03] 171=[1.30e-03] 172=[1.30e-03] 173=[1.30e-03] 174=[1.30e-03]
      175=[1.30e-03] 176=[1.30e-03] 177=[1.30e-03] 178=[1.30e-03] 179=[1.30e-03]
      180=[1.30e-03] 181=[1.30e-03] 182=[1.30e-03] 183=[1.30e-03] 184=[1.30e-03]
      185=[1.30e-03] 186=[1.30e-03] 187=[1.30e-03] 188=[1.30e-03] 189=[1.30e-03]
      190=[1.30e-03] 191=[1.30e-03] 192=[1.30e-03] 193=[1.30e-03] 194=[1.30e-03]
      195=[1.30e-03] 196=[1.30e-03] 197=[1.30e-03] 198=[1.30e-03] 199=[1.30e-03]
      200=[1.30e-03] 201=[1.30e-03] 202=[1.30e-03] 203=[1.30e-03] 204=[1.30e-03]
      205=[1.30e-03] 206=[1.30e-03] 207=[1.30e-03] 208=[1.30e-03] 209=[1.30e-03]
      210=[1.30e-03] 211=[1.30e-03] 212=[1.30e-03] 213=[1.30e-03] 214=[1.30e-03]
      215=[1.30e-03] 216=[1.30e-03] 217=[1.30e-03] 218=[1.30e-03] 219=[1.30e-03]
      220=[1.30e-03] 221=[1.30e-03] 222=[1.30e-03] 223=[1.30e-03] 224=[1.30e-03]
      225=[1.30e-03] 226=[1.30e-03] 227=[1.30e-03] 228=[1.30e-03] 229=[1.30e-03]
      230=[1.30e-03] 231=[1.30e-03] 232=[1.30e-03] 233=[1.30e-03] 234=[1.30e-03]
      235=[1.30e-03] 236=[1.30e-03] 237=[1.30e-03] 238=[1.30e-03] 239=[1.30e-03]
      240=[1.30e-03] 241=[1.30e-03] 242=[1.30e-03] 243=[1.30e-03] 244=[1.30e-03]
      245=[1.30e-03] 246=[1.30e-03] 247=[1.30e-03] 248=[1.30e-03] 249=[1.30e-03]
      250=[1.30e-03] 251=[1.30e-03] 252=[1.30e-03] 253=[1.30e-03] 254=[1.30e-03]
      255=[1.30e-03] 256=[1.30e-03] 257=[1.30e-03] 258=[1.30e-03] 259=[1.30e-03]
      260=[1.30e-03] 261=[1.30e-03] 262=[1.30e-03] 263=[1.30e-03] 264=[1.30e-03]
      265=[1.30e-03] 266=[1.30e-03] 267=[1.30e-03] 268=[1.30e-03] 269=[1.30e-03]
      270=[1.30e-03] 271=[1.30e-03] 272=[1.30e-03] 273=[1.30e-03] 274=[1.30e-03]
      275=[1.30e-03] 276=[1.30e-03] 277=[1.30e-03] 278=[1.30e-03] 279=[1.30e-03]
      280=[1.30e-03] 281=[1.30e-03] 282=[1.30e-03] 283=[1.30e-03] 284=[1.30e-03]
      285=[1.30e-03] 286=[1.30e-03] 287=[1.30e-03] 288=[1.30e-03] 289=[1.30e-03]
      290=[1.30e-03] 291=[1.30e-03] 292=[1.30e-03] 293=[1.30e-03] 294=[1.30e-03]
      295=[1.30e-03] 296=[1.30e-03] 297=[1.30e-03] 298=[1.30e-03] 299=[1.30e-03]
      300=[1.30e-03] 301=[1.30e-03] 302=[1.30e-03] 303=[1.30e-03] 304=[1.30e-03]
      305=[1.30e-03] 306=[1.30e-03] 307=[1.30e-03] 308=[1.30e-03] 309=[1.30e-03]
      310=[1.30e-03] 311=[1.30e-03] 312=[1.30e-03] 313=[1.30e-03] 314=[1.30e-03]
      315=[1.30e-03] 316=[1.30e-03] 317=[1.30e-03] 318=[1.30e-03] 319=[1.30e-03]
      320=[1.30e-03] 321=[1.30e-03] 322=[1.30e-03] 323=[1.30e-03] 324=[1.30e-03]
      325=[1.30e-03] 326=[1.30e-03] 327=[1.30e-03] 328=[1.30e-03] 329=[1.30e-03]
      330=[1.30e-03] 331=[1.30e-03] 332=[1.30e-03] 333=[1.30e-03] 334=[1.30e-03]
      335=[1.30e-03] 336=[1.30e-03] 337=[1.30e-03] 338=[1.30e-03] 339=[1.30e-03]
      340=[1.30e-03] 341=[1.30e-03] 342=[1.30e-03] 343=[1.30e-03] 344=[1.30e-03]
      345=[1.30e-03] 346=[1.30e-03] 347=[1.30e-03] 348=[1.30e-03] 349=[1.30e-03]
      350=[1.30e-03] 351=[1.30e-03] 352=[1.30e-03] 353=[1.30e-03] 354=[1.30e-03]
      355=[1.30e-03] 356=[1.30e-03] 357=[1.30e-03] 358=[1.30e-03] 359=[1.30e-03]
      360=[1.30e-03] 361=[1.30e-03] 362=[1.30e-03] 363=[1.30e-03] 364=[1.30e-03]
      365=[1.30e-03] 366=[1.30e-03] 367=[1.30e-03] 368=[1.30e-03] 369=[1.30e-03]
      370=[1.30e-03] 371=[1.30e-03] 372=[1.30e-03] 373=[1.30e-03] 374=[1.30e-03]
      375=[1.30e-03] 376=[1.30e-03] 377=[1.30e-03] 378=[1.30e-03] 379=[1.30e-03]
      380=[1.30e-03] 381=[1.30e-03] 382=[1.30e-03] 383=[1.30e-03] 384=[1.30e-03]
      385=[1.30e-03] 386=[1.30e-03] 387=[1.30e-03] 388=[1.30e-03] 389=[1.30e-03]
      390=[1.30e-03] 391=[1.30e-03] 392=[1.30e-03] 393=[1.30e-03] 394=[1.30e-03]
      395=[1.30e-03] 396=[1.30e-03] 397=[1.30e-03] 398=[1.30e-03] 399=[1.30e-03]
      400=[1.30e-03] 401=[1.30e-03] 402=[1.30e-03] 403=[1.30e-03] 404=[1.30e-03]
      405=[1.30e-03] 406=[1.30e-03] 407=[1.30e-03] 408=[1.30e-03] 409=[1.30e-03]
      410=[1.30e-03] 411=[1.30e-03] 412=[1.30e-03] 413=[1.30e-03] 414=[1.30e-03]
      415=[1.30e-03] 416=[1.30e-03] 417=[1.30e-03] 418=[1.30e-03] 419=[1.30e-03]
      420=[1.30e-03] 421=[1.30e-03] 422=[1.30e-03] 423=[1.30e-03] 424=[1.30e-03]
      425=[1.30e-03] 426=[1.30e-03] 427=[1.30e-03] 428=[1.30e-03] 429=[1.30e-03]
      430=[1.30e-03] 431=[1.30e-03] 432=[1.30e-03] 433=[1.30e-03] 434=[1.30e-03]
      435=[1.30e-03] 436=[1.30e-03] 437=[1.30e-03] 438=[1.30e-03] 439=[1.30e-03]
      440=[1.30e-03] 441=[1.30e-03] 442=[1.30e-03] 443=[1.30e-03] 444=[1.30e-03]
      445=[1.30e-03] 446=[1.30e-03] 447=[1.30e-03] 448=[1.30e-03] 449=[1.30e-03]
      450=[1.30e-03] 451=[1.30e-03] 452=[1.30e-03] 453=[1.30e-03] 454=[1.30e-03]
      455=[1.30e-03] 456=[1.30e-03] 457=[1.30e-03] 458=[1.30e-03] 459=[1.30e-03]
      460=[1.30e-03] 461=[1.30e-03] 462=[1.30e-03] 463=[1.30e-03] 464=[1.30e-03]
      465=[1.30e-03] 466=[1.30e-03] 467=[1.30e-03] 468=[1.30e-03] 469=[1.30e-03]
      470=[1.30e-03] 471=[1.30e-03] 472=[1.30e-03] 473=[1.30e-03] 474=[1.30e-03]
      475=[1.30e-03] 476=[1.30e-03] 477=[1.30e-03] 478=[1.30e-03] 479=[1.30e-03]
      480=[1.30e-03] 481=[1.30e-03] 482=[1.30e-03] 483=[1.30e-03] 484=[1.30e-03]
      485=[1.30e-03] 486=[1.30e-03] 487=[1.30e-03] 488=[1.30e-03] 489=[1.30e-03]
      490=[1.30e-03] 491=[1.30e-03] 492=[1.30e-03] 493=[1.30e-03] 494=[1.30e-03]
      495=[1.30e-03] 496=[1.30e-03] 497=[1.30e-03] 498=[1.30e-03] 499=[1.30e-03]
      500=[1.30e-03] 501=[1.30e-03] 502=[1.30e-03] 503=[1.30e-03] 504=[1.30e-03]
      505=[1.30e-03] 506=[1.30e-03] 507=[1.30e-03] 508=[1.30e-03] 509=[1.30e-03]
      510=[1.30e-03] 511=[1.30e-03] 512=[1.30e-03] 513=[1.30e-03] 514=[1.30e-03]
      515=[1.30e-03] 516=[1.30e-03] 517=[1.30e-03] 518=[1.30e-03] 519=[1.30e-03]
      520=[1.30e-03] 521=[1.30e-03] 522=[1.30e-03] 523=[1.30e-03] 524=[1.30e-03]
      525=[1.30e-03] 526=[1.30e-03] 527=[1.30e-03] 528=[1.30e-03] 529=[1.30e-03]
      530=[1.30e-03] 531=[1.30e-03] 532=[1.30e-03] 533=[1.30e-03] 534=[1.30e-03]
      535=[1.30e-03] 536=[1.30e-03] 537=[1.30e-03] 538=[1.30e-03] 539=[1.30e-03]
      540=[1.30e-03] 541=[1.30e-03] 542=[1.30e-03] 543=[1.30e-03] 544=[1.30e-03]
      545=[1.30e-03] 546=[1.30e-03] 547=[1.30e-03] 548=[1.30e-03] 549=[1.30e-03]
      550=[1.30e-03] 551=[1.30e-03] 552=[1.30e-03] 553=[1.30e-03] 554=[1.30e-03]
      555=[1.30e-03] 556=[1.30e-03] 557=[1.30e-03] 558=[1.30e-03] 559=[1.30e-03]
      560=[1.30e-03] 561=[1.30e-03] 562=[1.30e-03] 563=[1.30e-03] 564=[1.30e-03]
      565=[1.30e-03] 566=[1.30e-03] 567=[1.30e-03] 568=[1.30e-03] 569=[1.30e-03]
      570=[1.30e-03] 571=[1.30e-03] 572=[1.30e-03] 573=[1.30e-03] 574=[1.30e-03]
      575=[1.30e-03] 576=[1.30e-03] 577=[1.30e-03] 578=[1.30e-03] 579=[1.30e-03]
      580=[1.30e-03] 581=[1.30e-03] 582=[1.30e-03] 583=[1.30e-03] 584=[1.30e-03]
      585=[1.30e-03] 586=[1.30e-03] 587=[1.30e-03] 588=[1.30e-03] 589=[1.30e-03]
      590=[1.30e-03] 591=[1.30e-03] 592=[1.30e-03] 593=[1.30e-03] 594=[1.30e-03]
      595=[1.30e-03] 596=[1.30e-03] 597=[1.30e-03] 598=[1.30e-03] 599=[1.30e-03]
      600=[1.30e-03] 601=[1.30e-03] 602=[1.30e-03] 603=[1.30e-03] 604=[1.30e-03]
      605=[1.30e-03] 606=[1.30e-03] 607=[1.30e-03] 608=[1.30e-03] 609=[1.30e-03]
      610=[1.30e-03] 611=[1.30e-03] 612=[1.30e-03] 613=[1.30e-03] 614=[1.30e-03]
      615=[1.30e-03] 616=[1.30e-03] 617=[1.30e-03] 618=[1.30e-03] 619=[1.30e-03]
      620=[1.30e-03] 621=[1.30e-03] 622=[1.30e-03] 623=[1.30e-03] 624=[1.30e-03]
      625=[1.30e-03] 626=[1.30e-03] 627=[1.30e-03] 628=[1.30e-03] 629=[1.30e-03]
      630=[1.30e-03] 631=[1.30e-03] 632=[1.30e-03] 633=[1.30e-03] 634=[1.30e-03]
      635=[1.30e-03] 636=[1.30e-03] 637=[1.30e-03] 638=[1.30e-03] 639=[1.30e-03]
      640=[1.30e-03] 641=[1.30e-03] 642=[1.30e-03] 643=[1.30e-03] 644=[1.30e-03]
      645=[1.30e-03] 646=[1.30e-03] 647=[1.30e-03] 648=[1.30e-03] 649=[1.30e-03]
      650=[1.30e-03] 651=[1.30e-03] 652=[1.30e-03] 653=[1.30e-03] 654=[1.30e-03]
      655=[1.30e-03] 656=[1.30e-03] 657=[1.30e-03] 658=[1.30e-03] 659=[1.30e-03]
      660=[1.30e-03] 661=[1.30e-03] 662=[1.30e-03] 663=[1.30e-03] 664=[1.30e-03]
      665=[1.30e-03] 666=[1.30e-03] 667=[1.30e-03] 668=[1.30e-03] 669=[1.30e-03]
      670=[1.30e-03] 671=[1.30e-03] 672=[1.30e-03] 673=[1.30e-03] 674=[1.30e-03]
      675=[1.30e-03] 676=[1.30e-03] 677=[1.30e-03] 678=[1.30e-03] 679=[1.30e-03]
      680=[1.30e-03] 681=[1.30e-03] 682=[1.30e-03] 683=[1.30e-03] 684=[1.30e-03]
      685=[1.30e-03] 686=[1.30e-03] 687=[1.30e-03] 688=[1.30e-03] 689=[1.30e-03]
      690=[1.30e-03] 691=[1.30e-03] 692=[1.30e-03] 693=[1.30e-03] 694=[1.30e-03]
      695=[1.30e-03] 696=[1.30e-03] 697=[1.30e-03] 698=[1.30e-03] 699=[1.30e-03]
      700=[1.30e-03] 701=[1.30e-03] 702=[1.30e-03] 703=[1.30e-03] 704=[1.30e-03]
      705=[1.30e-03] 706=[1.30e-03] 707=[1.30e-03] 708=[1.30e-03] 709=[1.30e-03]
      710=[1.30e-03] 711=[1.30e-03] 712=[1.30e-03] 713=[1.30e-03] 714=[1.30e-03]
      715=[1.30e-03] 716=[1.30e-03] 717=[1.30e-03] 718=[1.30e-03] 719=[1.30e-03]
      720=[1.30e-03] 721=[1.30e-03] 722=[1.30e-03] 723=[1.30e-03] 724=[1.30e-03]
      725=[1.30e-03] 726=[1.30e-03] 727=[1.30e-03] 728=[1.30e-03] 729=[1.30e-03]
      730=[1.30e-03] 731=[1.30e-03] 732=[1.30e-03] 733=[1.30e-03] 734=[1.30e-03]
      735=[1.30e-03] 736=[1.30e-03] 737=[1.30e-03] 738=[1.30e-03] 739=[1.30e-03]
      740=[1.30e-03] 741=[1.30e-03] 742=[1.30e-03] 743=[1.30e-03] 744=[1.30e-03]
      745=[1.30e-03] 746=[1.30e-03] 747=[1.30e-03] 748=[1.30e-03] 749=[1.30e-03]
      750=[1.30e-03] 751=[1.30e-03] 752=[1.30e-03] 753=[1.30e-03] 754=[1.30e-03]
      755=[1.30e-03] 756=[1.30e-03] 757=[1.30e-03] 758=[1.30e-03] 759=[1.30e-03]
      760=[1.30e-03] 761=[1.30e-03] 762=[1.30e-03] 763=[1.30e-03] 764=[1.30e-03]
      765=[1.30e-03] 766=[1.30e-03] 767=[1.30e-03]
   Allowed maximum load imbalance: 1.030 


 gk_mcore statistics
           coresize:       542776         nmops:         2048  cmop:      0
        num_callocs:            3   num_hallocs:            0
       size_callocs:       264192  size_hallocs:            0
        cur_callocs:            0   cur_hallocs:            0
        max_callocs:       264192   max_hallocs:            0
 nbrpool statistics
        nbrpoolsize:            0   nbrpoolcpos:            0
    nbrpoolreallocs:            0


Timing Information -------------------------------------------------
 Multilevel: 		   0.684
     Coarsening: 		   0.005
            Matching: 			   0.001
            Contract: 			   0.004
     Initial Partition: 	   0.545
     Uncoarsening: 		   0.135
          Refinement: 			   0.062
          Projection: 			   0.004
     Splitting: 		   0.000
********************************************************************

 gk_mcore statistics
           coresize:       542776         nmops:         2048  cmop:      0
        num_callocs:           41   num_hallocs:            0
       size_callocs:      2371872  size_hallocs:            0
        cur_callocs:            0   cur_hallocs:            0
        max_callocs:       524288   max_hallocs:            0
 nbrpool statistics
        nbrpoolsize:       883476   nbrpoolcpos:       800850
    nbrpoolreallocs:            0

Finished Metis graph partitioning call.
Number of nodal partitions: 768
Set the node partitions by the dominating element partition.
There are from 38 to 104 nodes in the 768 partitions.
Successfully made a Metis partition using the dual graph.
Optimizing the partitioning at boundaries.
Ownership of 0 parents was changed at BCs
Optimizing for 768 partitions
Creating a table showing all parenting partitions of nodes.
Nodes belong to 7 partitions in maximum
There are 26368 shared nodes which is 73.82 % of all nodes.
The initial owner was not any of the elements for 0 nodes
Checking partitioning before optimization
Checking for partitioning
Information on partition bandwidth
Average 41 elements with range 2 in partition
Average 46 nodes with range 31 in partition
Average 56 shared nodes with range 49 in partition
Average number of elements in partition 4.651e+01
Maximum deviation in ownership 31
Average deviation in ownership 5.576e+00
Average relative deviation 11.99 %
Checking for problematic sharings
Optimizing sharing for 768 partitions
Partitions 295 and 310 in element 3876 (6 owners) oddly related 2 times
Partitions 431 and 449 in element 12618 (5 owners) oddly related 2 times
Partitions 376 and 223 in element 13581 (6 owners) oddly related 2 times
Partitions 316 and 378 in element 14790 (6 owners) oddly related 2 times
Partitions 615 and 738 in element 17873 (5 owners) oddly related 2 times
Partitions 726 and 740 in element 18813 (5 owners) oddly related 2 times
Partitions 716 and 741 in element 18891 (6 owners) oddly related 2 times
Partitions 608 and 611 in element 19073 (6 owners) oddly related 2 times
Partitions 582 and 600 in element 19145 (5 owners) oddly related 2 times
Partitions 595 and 599 in element 19165 (6 owners) oddly related 2 times
Partitions 434 and 744 in element 20036 (6 owners) oddly related 2 times
Partitions 701 and 703 in element 20085 (6 owners) oddly related 2 times
Partitions 146 and 30 in element 24186 (5 owners) oddly related 2 times
Partitions 150 and 131 in element 25472 (6 owners) oddly related 2 times
Partitions 139 and 141 in element 25856 (5 owners) oddly related 2 times
Partitions 165 and 173 in element 28284 (6 owners) oddly related 3 times
Partitions 179 and 100 in element 29008 (6 owners) oddly related 2 times
Partitions 192 and 174 in element 29481 (5 owners) oddly related 2 times
Partitions 64 and 61 in element 30444 (6 owners) oddly related 2 times
Partitions 189 and 183 in element 30746 (6 owners) oddly related 2 times
Changed the ownership of 388 nodes
Partitions 394 and 397 in element 2890 (5 owners) oddly related 1 times
Partitions 242 and 268 in element 2952 (4 owners) oddly related 1 times
Partitions 420 and 425 in element 3018 (5 owners) oddly related 1 times
Partitions 302 and 345 in element 3709 (5 owners) oddly related 1 times
Partitions 295 and 310 in element 3876 (6 owners) oddly related 2 times
Partitions 492 and 395 in element 4049 (5 owners) oddly related 1 times
Partitions 265 and 272 in element 4190 (5 owners) oddly related 1 times
Partitions 269 and 267 in element 4191 (5 owners) oddly related 1 times
Partitions 348 and 344 in element 4948 (5 owners) oddly related 1 times
Partitions 306 and 296 in element 5037 (4 owners) oddly related 1 times
Partitions 353 and 351 in element 5187 (5 owners) oddly related 1 times
Partitions 273 and 414 in element 5303 (5 owners) oddly related 1 times
Partitions 270 and 283 in element 5429 (4 owners) oddly related 1 times
Partitions 349 and 285 in element 6427 (5 owners) oddly related 1 times
Partitions 355 and 279 in element 6542 (4 owners) oddly related 1 times
Partitions 393 and 428 in element 9013 (5 owners) oddly related 1 times
Partitions 279 and 284 in element 9025 (5 owners) oddly related 1 times
Partitions 393 and 389 in element 9051 (4 owners) oddly related 1 times
Partitions 286 and 277 in element 9066 (5 owners) oddly related 1 times
Partitions 339 and 546 in element 9739 (6 owners) oddly related 1 times
Partitions 338 and 545 in element 10898 (4 owners) oddly related 1 times
Partitions 281 and 222 in element 11426 (5 owners) oddly related 1 times
Partitions 760 and 428 in element 11574 (5 owners) oddly related 1 times
Partitions 277 and 218 in element 12587 (5 owners) oddly related 1 times
Partitions 431 and 450 in element 12619 (5 owners) oddly related 1 times
Partitions 218 and 281 in element 12668 (4 owners) oddly related 1 times
Partitions 388 and 438 in element 12735 (4 owners) oddly related 1 times
Partitions 376 and 223 in element 13581 (6 owners) oddly related 2 times
Partitions 432 and 448 in element 13778 (6 owners) oddly related 1 times
Partitions 284 and 226 in element 13907 (5 owners) oddly related 1 times
Partitions 364 and 382 in element 14585 (5 owners) oddly related 1 times
Partitions 369 and 377 in element 14625 (4 owners) oddly related 1 times
Partitions 323 and 328 in element 14636 (5 owners) oddly related 1 times
Partitions 320 and 315 in element 14677 (5 owners) oddly related 1 times
Partitions 225 and 448 in element 14820 (5 owners) oddly related 1 times
Partitions 700 and 718 in element 15325 (5 owners) oddly related 1 times
Partitions 369 and 377 in element 15825 (5 owners) oddly related 1 times
Partitions 324 and 332 in element 15836 (4 owners) oddly related 1 times
Partitions 374 and 378 in element 15866 (4 owners) oddly related 1 times
Partitions 681 and 716 in element 16526 (5 owners) oddly related 1 times
Partitions 551 and 532 in element 17056 (4 owners) oddly related 1 times
Partitions 719 and 714 in element 17710 (4 owners) oddly related 1 times
Partitions 609 and 623 in element 17873 (5 owners) oddly related 1 times
Partitions 580 and 595 in element 17945 (4 owners) oddly related 1 times
Partitions 537 and 534 in element 18295 (5 owners) oddly related 1 times
Partitions 223 and 384 in element 18341 (6 owners) oddly related 1 times
Partitions 373 and 535 in element 18380 (5 owners) oddly related 1 times
Partitions 444 and 440 in element 18693 (5 owners) oddly related 1 times
Partitions 443 and 740 in element 18813 (5 owners) oddly related 1 times
Partitions 741 and 716 in element 18891 (6 owners) oddly related 2 times
Partitions 602 and 620 in element 19136 (5 owners) oddly related 1 times
Partitions 580 and 595 in element 19145 (4 owners) oddly related 1 times
Partitions 604 and 612 in element 19156 (5 owners) oddly related 1 times
Partitions 582 and 596 in element 19164 (4 owners) oddly related 1 times
Partitions 741 and 434 in element 20036 (5 owners) oddly related 1 times
Partitions 716 and 699 in element 20085 (5 owners) oddly related 1 times
Partitions 724 and 739 in element 20113 (4 owners) oddly related 1 times
Partitions 609 and 601 in element 20355 (4 owners) oddly related 1 times
Partitions 744 and 736 in element 21294 (4 owners) oddly related 1 times
Partitions 540 and 145 in element 23180 (5 owners) oddly related 1 times
Partitions 238 and 146 in element 23186 (4 owners) oddly related 1 times
Partitions 236 and 160 in element 23382 (4 owners) oddly related 1 times
Partitions 383 and 147 in element 24201 (4 owners) oddly related 1 times
Partitions 145 and 433 in element 24301 (5 owners) oddly related 1 times
Partitions 210 and 131 in element 24715 (4 owners) oddly related 1 times
Partitions 24 and 6 in element 24894 (6 owners) oddly related 1 times
Partitions 139 and 132 in element 25134 (5 owners) oddly related 1 times
Partitions 5 and 19 in element 25315 (5 owners) oddly related 1 times
Partitions 2 and 7 in element 25436 (5 owners) oddly related 1 times
Partitions 162 and 154 in element 25524 (5 owners) oddly related 1 times
Partitions 1 and 140 in element 25857 (5 owners) oddly related 1 times
Partitions 160 and 167 in element 25905 (5 owners) oddly related 1 times
Partitions 42 and 177 in element 26544 (5 owners) oddly related 1 times
Partitions 18 and 11 in element 27297 (4 owners) oddly related 1 times
Partitions 16 and 14 in element 27317 (4 owners) oddly related 1 times
Partitions 15 and 77 in element 27718 (5 owners) oddly related 1 times
Partitions 15 and 83 in element 27736 (4 owners) oddly related 1 times
Partitions 125 and 101 in element 28274 (4 owners) oddly related 1 times
Partitions 180 and 191 in element 28284 (5 owners) oddly related 1 times
Partitions 126 and 116 in element 28655 (5 owners) oddly related 1 times
Partitions 156 and 188 in element 28685 (4 owners) oddly related 1 times
Partitions 179 and 100 in element 29009 (5 owners) oddly related 1 times
Partitions 178 and 182 in element 29481 (4 owners) oddly related 1 times
Partitions 85 and 95 in element 29693 (5 owners) oddly related 1 times
Partitions 172 and 188 in element 29848 (5 owners) oddly related 1 times
Partitions 99 and 184 in element 29869 (6 owners) oddly related 1 times
Partitions 88 and 96 in element 30113 (5 owners) oddly related 1 times
Partitions 182 and 184 in element 30283 (4 owners) oddly related 1 times
Partitions 63 and 66 in element 30444 (5 owners) oddly related 1 times
Partitions 173 and 186 in element 30684 (5 owners) oddly related 1 times
Changed the ownership of 90 nodes
Partitions 394 and 397 in element 2890 (5 owners) oddly related 1 times
Partitions 242 and 268 in element 2952 (4 owners) oddly related 1 times
Partitions 302 and 345 in element 3709 (5 owners) oddly related 1 times
Partitions 295 and 310 in element 3876 (6 owners) oddly related 2 times
Partitions 492 and 395 in element 4049 (5 owners) oddly related 1 times
Partitions 265 and 272 in element 4190 (5 owners) oddly related 1 times
Partitions 269 and 267 in element 4191 (5 owners) oddly related 1 times
Partitions 348 and 344 in element 4948 (5 owners) oddly related 1 times
Partitions 306 and 296 in element 5037 (4 owners) oddly related 1 times
Partitions 353 and 351 in element 5187 (5 owners) oddly related 1 times
Partitions 273 and 414 in element 5303 (5 owners) oddly related 1 times
Partitions 270 and 283 in element 5429 (4 owners) oddly related 1 times
Partitions 349 and 285 in element 6427 (5 owners) oddly related 1 times
Partitions 355 and 279 in element 6542 (4 owners) oddly related 1 times
Partitions 279 and 284 in element 9025 (5 owners) oddly related 1 times
Partitions 286 and 277 in element 9066 (5 owners) oddly related 1 times
Partitions 339 and 546 in element 9739 (6 owners) oddly related 1 times
Partitions 338 and 545 in element 10898 (4 owners) oddly related 1 times
Partitions 281 and 222 in element 11426 (5 owners) oddly related 1 times
Partitions 760 and 428 in element 11574 (5 owners) oddly related 1 times
Partitions 277 and 218 in element 12587 (5 owners) oddly related 1 times
Partitions 431 and 450 in element 12619 (5 owners) oddly related 1 times
Partitions 218 and 281 in element 12668 (4 owners) oddly related 1 times
Partitions 388 and 438 in element 12735 (4 owners) oddly related 1 times
Partitions 376 and 223 in element 13581 (6 owners) oddly related 2 times
Partitions 432 and 448 in element 13778 (6 owners) oddly related 1 times
Partitions 284 and 226 in element 13907 (5 owners) oddly related 1 times
Partitions 364 and 382 in element 14585 (5 owners) oddly related 1 times
Partitions 369 and 377 in element 14625 (4 owners) oddly related 1 times
Partitions 323 and 328 in element 14636 (5 owners) oddly related 1 times
Partitions 320 and 315 in element 14677 (5 owners) oddly related 1 times
Partitions 225 and 448 in element 14820 (5 owners) oddly related 1 times
Partitions 700 and 718 in element 15325 (5 owners) oddly related 1 times
Partitions 369 and 377 in element 15825 (5 owners) oddly related 1 times
Partitions 324 and 332 in element 15836 (4 owners) oddly related 1 times
Partitions 374 and 378 in element 15866 (4 owners) oddly related 1 times
Partitions 681 and 716 in element 16526 (5 owners) oddly related 1 times
Partitions 551 and 532 in element 17056 (4 owners) oddly related 1 times
Partitions 719 and 714 in element 17710 (4 owners) oddly related 1 times
Partitions 580 and 595 in element 17945 (4 owners) oddly related 1 times
Partitions 537 and 534 in element 18295 (5 owners) oddly related 1 times
Partitions 223 and 384 in element 18341 (6 owners) oddly related 1 times
Partitions 373 and 535 in element 18380 (5 owners) oddly related 1 times
Partitions 741 and 716 in element 18891 (6 owners) oddly related 2 times
Partitions 602 and 620 in element 19136 (6 owners) oddly related 1 times
Partitions 582 and 596 in element 19164 (4 owners) oddly related 1 times
Partitions 724 and 739 in element 20113 (4 owners) oddly related 1 times
Partitions 609 and 601 in element 20355 (4 owners) oddly related 1 times
Partitions 744 and 736 in element 21294 (4 owners) oddly related 1 times
Partitions 540 and 145 in element 23180 (5 owners) oddly related 1 times
Partitions 236 and 160 in element 23382 (4 owners) oddly related 1 times
Partitions 383 and 147 in element 24201 (4 owners) oddly related 1 times
Partitions 145 and 433 in element 24301 (5 owners) oddly related 1 times
Partitions 210 and 131 in element 24715 (4 owners) oddly related 1 times
Partitions 24 and 6 in element 24894 (6 owners) oddly related 1 times
Partitions 139 and 132 in element 25134 (5 owners) oddly related 1 times
Partitions 5 and 19 in element 25315 (5 owners) oddly related 1 times
Partitions 2 and 7 in element 25436 (5 owners) oddly related 1 times
Partitions 162 and 154 in element 25524 (5 owners) oddly related 1 times
Partitions 1 and 140 in element 25857 (5 owners) oddly related 1 times
Partitions 160 and 167 in element 25905 (5 owners) oddly related 1 times
Partitions 18 and 11 in element 27297 (4 owners) oddly related 1 times
Partitions 16 and 14 in element 27317 (4 owners) oddly related 1 times
Partitions 15 and 77 in element 27718 (5 owners) oddly related 1 times
Partitions 15 and 83 in element 27736 (4 owners) oddly related 1 times
Partitions 125 and 101 in element 28274 (4 owners) oddly related 1 times
Partitions 165 and 173 in element 28304 (5 owners) oddly related 1 times
Partitions 126 and 116 in element 28655 (5 owners) oddly related 1 times
Partitions 85 and 95 in element 29693 (5 owners) oddly related 1 times
Partitions 172 and 188 in element 29848 (5 owners) oddly related 1 times
Partitions 99 and 184 in element 29869 (6 owners) oddly related 1 times
Partitions 88 and 96 in element 30113 (5 owners) oddly related 1 times
Partitions 182 and 184 in element 30283 (4 owners) oddly related 1 times
Partitions 173 and 186 in element 30684 (5 owners) oddly related 1 times
Changed the ownership of 74 nodes
74 problematic sharings may still exist
The partitioning was optimized: 552
Checking partitioning after optimization
Checking for partitioning
Information on partition bandwidth
Average 41 elements with range 2 in partition
Average 46 nodes with range 31 in partition
Average 56 shared nodes with range 49 in partition
Partitioning routines finished!
Bounding box of all nodes in mesh:
X:[0,2] Y:[0,2] Z:[0,2]
Calculate Mesh Pieces in mesh:
There is a single piece in the mesh, so the mesh is conforming.

Elmergrid saving data with method 2:
-------------------------------------
Saving Elmer mesh in partitioned format
Number of boundary nodes at the boundary: 7202
Number of additional interface nodes: 0
Reusing existing subdirectory: partitioning.768
Saving mesh in parallel ElmerSolver format to directory winkel/partitioning.768.
Saving 768 partitions in maximum sets of 512
Nodes belong to 7 partitions in maximum
Saving mesh for 768 partitions
   part  elements   nodes      shared   bc elems
   1     42         39         69       0       
   2     42         41         62       0       
   3     42         43         58       0       
   4     42         38         69       0       
   5     42         43         59       0       
   6     42         40         64       0       
   7     42         45         49       11      
   8     41         48         50       14      
   9     42         49         67       12      
   10    41         41         59       0       
   11    42         47         56       14      
   12    40         46         51       14      
   13    42         46         51       14      
   14    42         40         71       0       
   15    41         44         59       0       
   16    42         46         55       11      
   17    42         56         42       24      
   18    42         50         48       14      
   19    42         46         57       10      
   20    42         56         39       27      
   21    42         54         44       26      
   22    42         48         51       12      
   23    42         47         57       4       
   24    42         48         56       15      
   25    42         38         71       0       
   26    42         50         51       18      
   27    40         38         60       0       
   28    42         40         66       0       
   29    42         40         66       0       
   30    42         44         60       0       
   31    42         40         64       0       
   32    40         40         60       0       
   33    42         41         68       0       
   34    42         47         56       4       
   35    41         41         61       7       
   36    42         55         46       18      
   37    42         52         45       26      
   38    41         47         48       11      
   39    41         47         55       11      
   40    42         47         56       14      
   41    42         45         68       0       
   42    41         43         63       0       
   43    42         46         58       0       
   44    42         44         61       3       
   45    42         48         53       13      
   46    42         45         60       5       
   47    41         52         42       21      
   48    42         49         56       12      
   49    40         39         62       0       
   50    42         47         56       13      
   51    42         51         57       18      
   52    42         38         66       0       
   53    42         42         59       0       
   54    42         50         49       16      
   55    42         57         39       27      
   56    41         52         62       22      
   57    41         37         81       0       
   58    42         47         59       6       
   59    42         52         48       18      
   60    42         46         63       0       
   61    42         56         39       28      
   62    42         54         42       21      
   63    42         48         59       13      
   64    42         47         68       9       
   65    42         61         49       30      
   66    42         64         34       35      
   67    42         50         51       14      
   68    42         47         56       12      
   69    42         45         60       7       
   70    42         61         35       30      
   71    42         44         60       11      
   72    41         47         53       11      
   73    42         63         33       40      
   74    40         48         46       13      
   75    42         55         46       24      
   76    41         54         45       22      
   77    41         49         51       14      
   78    41         42         57       0       
   79    42         52         50       19      
   80    42         48         51       11      
   81    42         55         40       27      
   82    42         49         52       20      
   83    42         43         61       0       
   84    42         43         63       0       
   85    42         40         69       0       
   86    41         42         59       0       
   87    42         44         55       0       
   88    41         42         61       5       
   89    42         48         51       11      
   90    42         52         45       14      
   91    41         51         50       22      
   92    41         55         39       27      
   93    42         48         59       10      
   94    42         51         52       16      
   95    42         45         60       4       
   96    42         44         62       6       
   97    42         38         68       0       
   98    41         41         62       0       
   99    41         41         60       0       
   100   42         42         57       0       
   101   42         42         67       0       
   102   41         40         63       0       
   103   42         48         50       15      
   104   42         41         65       5       
   105   42         49         59       10      
   106   41         40         68       5       
   107   42         48         59       18      
   108   41         43         59       0       
   109   42         47         53       13      
   110   42         42         64       0       
   111   42         50         61       12      
   112   42         47         69       15      
   113   42         57         50       25      
   114   41         55         43       23      
   115   42         60         41       29      
   116   42         45         63       0       
   117   42         45         55       13      
   118   41         43         65       1       
   119   42         66         52       42      
   120   42         57         60       29      
   121   42         44         62       0       
   122   41         40         66       0       
   123   42         40         61       0       
   124   41         43         57       0       
   125   40         38         61       0       
   126   42         41         66       0       
   127   42         51         48       9       
   128   42         46         51       9       
   129   42         48         55       14      
   130   41         46         57       18      
   131   42         42         63       0       
   132   42         41         73       0       
   133   42         44         57       0       
   134   41         45         61       7       
   135   42         50         47       14      
   136   42         50         51       11      
   137   42         48         51       13      
   138   41         57         47       31      
   139   40         40         61       0       
   140   42         50         51       17      
   141   41         40         65       0       
   142   42         52         46       21      
   143   42         54         45       22      
   144   41         50         46       13      
   145   42         46         66       5       
   146   42         42         59       5       
   147   42         47         52       15      
   148   42         48         55       12      
   149   42         44         73       0       
   150   41         38         69       0       
   151   42         44         64       0       
   152   42         43         66       0       
   153   42         45         62       0       
   154   42         43         58       0       
   155   42         48         53       14      
   156   40         40         71       11      
   157   42         44         63       10      
   158   42         45         70       16      
   159   42         44         61       0       
   160   42         49         51       13      
   161   41         46         56       11      
   162   42         54         42       25      
   163   42         54         48       18      
   164   42         56         46       29      
   165   42         42         68       4       
   166   40         37         69       0       
   167   42         45         53       0       
   168   41         51         48       14      
   169   42         56         41       27      
   170   42         43         63       0       
   171   40         49         53       21      
   172   42         42         60       0       
   173   42         43         64       1       
   174   40         47         53       18      
   175   40         40         62       0       
   176   42         41         64       0       
   177   42         54         48       15      
   178   42         52         53       17      
   179   42         42         60       0       
   180   41         43         59       0       
   181   42         57         42       27      
   182   42         61         41       34      
   183   42         53         44       28      
   184   42         40         65       0       
   185   41         54         40       21      
   186   42         53         48       12      
   187   42         48         56       15      
   188   42         42         67       0       
   189   42         46         53       14      
   190   42         48         52       8       
   191   42         52         57       10      
   192   40         53         36       23      
   193   42         46         57       11      
   194   42         49         48       13      
   195   42         45         58       7       
   196   41         48         50       14      
   197   42         40         67       0       
   198   42         45         58       0       
   199   42         42         65       0       
   200   41         38         66       0       
   201   42         45         65       0       
   202   42         42         67       0       
   203   42         42         69       0       
   204   42         44         62       0       
   205   42         49         51       13      
   206   42         59         44       32      
   207   41         39         65       0       
   208   42         51         52       18      
   209   41         55         52       25      
   210   42         44         59       3       
   211   42         46         59       11      
   212   42         43         66       0       
   213   42         45         64       0       
   214   40         45         52       15      
   215   42         42         59       0       
   216   40         48         49       17      
   217   42         40         67       0       
   218   42         40         63       0       
   219   40         43         60       8       
   220   41         39         66       0       
   221   42         43         66       0       
   222   40         40         63       0       
   223   42         39         67       0       
   224   42         41         67       0       
   225   41         38         80       0       
   226   42         51         51       16      
   227   42         45         67       0       
   228   42         42         80       0       
   229   42         50         53       8       
   230   42         51         51       14      
   231   42         49         57       11      
   232   42         51         49       13      
   233   41         41         59       10      
   234   42         47         56       14      
   235   42         45         64       0       
   236   41         43         64       0       
   237   40         36         70       0       
   238   42         41         70       0       
   239   42         42         65       0       
   240   42         44         69       0       
   241   42         39         63       0       
   242   41         47         58       15      
   243   40         38         57       0       
   244   42         48         52       14      
   245   42         52         45       22      
   246   40         51         41       22      
   247   42         61         35       37      
   248   41         59         37       32      
   249   42         45         57       7       
   250   42         42         60       0       
   251   41         47         52       14      
   252   42         60         41       27      
   253   41         42         62       0       
   254   41         44         58       6       
   255   42         48         56       17      
   256   41         41         59       0       
   257   42         47         57       0       
   258   42         42         63       0       
   259   42         57         43       28      
   260   41         56         44       24      
   261   41         43         59       0       
   262   42         49         59       14      
   263   40         45         50       13      
   264   42         40         61       0       
   265   42         49         49       11      
   266   42         45         62       10      
   267   41         49         64       22      
   268   41         39         68       0       
   269   41         49         47       15      
   270   42         46         57       13      
   271   42         38         72       0       
   272   42         46         63       0       
   273   42         51         55       15      
   274   42         56         55       23      
   275   42         51         57       15      
   276   42         54         52       25      
   277   42         39         64       0       
   278   42         41         63       0       
   279   40         40         61       0       
   280   42         45         55       13      
   281   42         47         51       9       
   282   42         55         44       12      
   283   41         42         69       0       
   284   42         40         65       0       
   285   41         42         62       0       
   286   41         47         57       16      
   287   42         47         60       10      
   288   40         52         43       15      
   289   42         49         55       19      
   290   42         43         61       6       
   291   42         47         56       7       
   292   41         42         59       0       
   293   42         40         70       0       
   294   42         43         63       0       
   295   42         53         49       21      
   296   42         43         62       0       
   297   40         48         49       15      
   298   42         44         60       0       
   299   42         48         51       12      
   300   41         44         55       10      
   301   42         47         53       8       
   302   42         58         42       25      
   303   42         55         45       30      
   304   41         64         37       39      
   305   42         57         44       27      
   306   42         49         54       15      
   307   42         49         54       10      
   308   42         43         68       4       
   309   42         50         51       18      
   310   42         44         61       3       
   311   42         48         52       15      
   312   42         55         40       27      
   313   42         40         65       0       
   314   41         52         44       14      
   315   42         47         53       8       
   316   40         42         58       0       
   317   42         43         63       0       
   318   42         43         64       0       
   319   40         38         63       8       
   320   41         45         60       0       
   321   42         52         48       16      
   322   41         53         40       21      
   323   42         46         54       10      
   324   40         47         51       14      
   325   42         56         40       26      
   326   40         42         60       10      
   327   41         54         48       25      
   328   42         37         63       0       
   329   42         47         62       15      
   330   42         55         50       12      
   331   42         41         71       0       
   332   42         43         61       0       
   333   41         43         62       0       
   334   42         51         48       11      
   335   41         47         52       9       
   336   40         44         57       10      
   337   42         48         52       16      
   338   41         46         61       9       
   339   42         41         61       0       
   340   42         46         61       0       
   341   42         54         51       28      
   342   42         51         54       21      
   343   42         53         52       21      
   344   41         40         65       0       
   345   40         43         59       9       
   346   40         43         56       7       
   347   41         44         64       4       
   348   42         56         45       26      
   349   42         44         62       0       
   350   42         44         60       0       
   351   42         43         62       0       
   352   42         53         53       16      
   353   42         49         52       15      
   354   42         45         66       8       
   355   42         41         62       0       
   356   42         48         59       8       
   357   42         50         60       15      
   358   42         40         65       0       
   359   42         41         62       0       
   360   42         41         62       0       
   361   41         42         61       0       
   362   42         46         57       0       
   363   42         43         59       0       
   364   41         40         66       0       
   365   42         50         54       16      
   366   42         42         69       0       
   367   40         41         57       9       
   368   40         49         47       13      
   369   42         44         61       8       
   370   41         49         52       16      
   371   42         45         59       8       
   372   42         51         47       11      
   373   42         41         66       0       
   374   42         44         64       0       
   375   41         40         65       0       
   376   42         42         60       0       
   377   41         38         64       0       
   378   42         41         70       0       
   379   42         49         53       0       
   380   42         41         64       0       
   381   42         42         64       0       
   382   42         44         61       0       
   383   42         42         64       1       
   384   42         40         67       0       
   385   42         42         64       0       
   386   42         39         64       0       
   387   42         43         65       0       
   388   42         41         61       0       
   389   42         42         64       0       
   390   41         40         61       0       
   391   41         47         55       16      
   392   42         51         49       14      
   393   41         43         56       0       
   394   42         43         56       12      
   395   42         47         57       10      
   396   42         49         55       16      
   397   40         37         67       1       
   398   41         53         41       23      
   399   42         49         55       16      
   400   42         47         59       10      
   401   42         55         42       27      
   402   42         51         49       14      
   403   42         49         57       18      
   404   42         43         62       0       
   405   42         42         58       0       
   406   41         44         58       14      
   407   42         42         73       0       
   408   42         44         63       0       
   409   42         39         63       0       
   410   42         41         60       0       
   411   41         43         69       0       
   412   42         44         58       0       
   413   42         43         59       0       
   414   42         46         54       0       
   415   41         41         62       0       
   416   41         51         50       16      
   417   42         43         67       1       
   418   42         49         55       19      
   419   42         52         48       14      
   420   41         44         59       0       
   421   41         56         48       29      
   422   42         45         61       10      
   423   42         45         57       5       
   424   42         39         66       0       
   425   42         48         58       6       
   426   42         43         60       0       
   427   42         43         66       0       
   428   42         41         69       0       
   429   42         43         61       0       
   430   41         46         51       13      
   431   41         38         63       0       
   432   42         45         56       5       
   433   42         44         60       9       
   434   42         44         60       10      
   435   42         51         52       25      
   436   41         42         60       5       
   437   42         50         55       9       
   438   42         44         63       0       
   439   42         45         49       10      
   440   40         46         48       14      
   441   42         44         60       0       
   442   42         41         69       0       
   443   42         41         62       0       
   444   42         40         63       0       
   445   42         52         47       17      
   446   42         43         59       0       
   447   42         46         55       6       
   448   41         41         58       0       
   449   41         39         62       0       
   450   41         42         60       0       
   451   42         37         67       0       
   452   41         44         58       0       
   453   42         45         61       0       
   454   42         42         68       0       
   455   42         44         67       0       
   456   40         48         45       13      
   457   40         48         49       15      
   458   40         45         52       12      
   459   42         58         42       32      
   460   42         40         66       0       
   461   42         39         64       0       
   462   42         50         52       14      
   463   42         40         68       0       
   464   42         45         60       15      
   465   42         47         56       7       
   466   42         50         51       12      
   467   42         47         54       10      
   468   42         55         46       24      
   469   42         47         53       8       
   470   41         50         47       16      
   471   42         44         61       0       
   472   42         41         59       0       
   473   41         50         49       14      
   474   41         43         66       0       
   475   42         42         65       0       
   476   42         46         56       0       
   477   41         43         57       0       
   478   42         44         58       0       
   479   42         41         64       0       
   480   41         39         67       0       
   481   42         56         43       24      
   482   42         45         55       0       
   483   42         48         58       15      
   484   41         50         52       20      
   485   42         36         78       1       
   486   42         42         59       0       
   487   42         42         63       0       
   488   41         37         64       0       
   489   41         43         58       0       
   490   41         51         48       17      
   491   42         40         63       0       
   492   41         45         60       0       
   493   41         49         54       18      
   494   42         62         36       35      
   495   42         55         47       25      
   496   42         60         36       30      
   497   42         47         54       12      
   498   42         48         55       10      
   499   41         49         52       17      
   500   42         49         57       10      
   501   42         42         60       0       
   502   41         55         45       27      
   503   42         42         61       0       
   504   42         43         60       0       
   505   42         55         56       32      
   506   42         44         62       5       
   507   42         54         45       22      
   508   42         40         65       0       
   509   42         50         49       15      
   510   42         57         52       27      
   511   42         51         51       16      
   512   42         46         50       9       
   513   42         40         63       0       
   514   42         40         74       1       
   515   42         50         54       13      
   516   42         55         46       19      
   517   42         50         50       16      
   518   42         41         68       0       
   519   42         51         54       16      
   520   42         55         48       17      
   521   41         41         61       0       
   522   41         41         60       0       
   523   42         45         58       0       
   524   41         44         55       0       
   525   42         42         64       0       
   526   42         42         63       0       
   527   42         44         61       0       
   528   42         43         58       0       
   529   42         39         69       0       
   530   42         40         69       0       
   531   42         43         61       0       
   532   42         44         62       0       
   533   42         48         55       12      
   534   42         51         47       13      
   535   41         42         58       0       
   536   42         44         62       0       
   537   42         44         65       0       
   538   42         47         52       17      
   539   41         51         47       9       
   540   41         46         56       8       
   541   42         44         63       6       
   542   42         51         51       16      
   543   42         48         54       11      
   544   42         47         56       11      
   545   42         45         65       6       
   546   42         50         47       13      
   547   42         52         56       20      
   548   42         43         60       6       
   549   42         59         42       30      
   550   41         55         45       26      
   551   41         46         66       12      
   552   40         44         54       8       
   553   42         48         53       13      
   554   42         42         61       0       
   555   40         45         61       15      
   556   42         49         57       12      
   557   42         54         43       23      
   558   42         56         45       24      
   559   40         49         45       23      
   560   42         41         60       3       
   561   42         50         51       15      
   562   42         55         44       25      
   563   41         54         46       25      
   564   42         65         33       37      
   565   42         53         45       23      
   566   42         50         54       11      
   567   42         54         45       24      
   568   41         51         47       15      
   569   42         41         66       0       
   570   42         43         64       2       
   571   41         44         61       4       
   572   41         47         55       7       
   573   42         51         49       18      
   574   42         42         61       0       
   575   42         46         56       0       
   576   42         42         65       0       
   577   42         57         47       30      
   578   42         60         46       31      
   579   42         45         64       7       
   580   42         46         57       15      
   581   42         47         57       14      
   582   41         40         70       0       
   583   42         50         66       21      
   584   42         45         53       11      
   585   42         48         49       11      
   586   41         36         81       0       
   587   42         40         68       0       
   588   42         42         71       0       
   589   42         47         56       17      
   590   41         49         44       19      
   591   42         50         51       16      
   592   42         47         54       15      
   593   42         45         65       4       
   594   41         42         61       0       
   595   42         51         57       18      
   596   42         66         34       39      
   597   41         53         47       21      
   598   42         47         60       0       
   599   42         56         57       26      
   600   42         48         68       13      
   601   42         55         49       27      
   602   41         50         50       15      
   603   42         66         32       42      
   604   42         45         59       14      
   605   42         48         57       14      
   606   42         56         58       28      
   607   41         44         62       12      
   608   41         40         66       0       
   609   42         43         64       0       
   610   42         54         43       22      
   611   41         45         64       10      
   612   42         47         64       9       
   613   42         39         67       0       
   614   41         43         65       0       
   615   42         39         75       0       
   616   42         47         68       0       
   617   42         51         54       19      
   618   42         39         71       0       
   619   42         53         47       28      
   620   42         45         72       2       
   621   42         45         63       8       
   622   42         45         59       9       
   623   42         45         67       0       
   624   42         55         53       18      
   625   42         44         63       0       
   626   41         39         64       0       
   627   42         48         66       17      
   628   42         50         51       20      
   629   42         51         71       19      
   630   42         43         70       8       
   631   42         48         49       16      
   632   42         49         58       15      
   633   40         42         60       0       
   634   42         39         68       0       
   635   42         44         61       0       
   636   42         47         64       0       
   637   42         57         43       27      
   638   42         63         51       38      
   639   42         53         45       10      
   640   42         59         45       26      
   641   42         45         65       0       
   642   42         49         62       18      
   643   42         42         70       0       
   644   41         46         54       13      
   645   42         50         55       14      
   646   42         56         44       23      
   647   42         54         44       26      
   648   41         49         58       18      
   649   42         47         64       10      
   650   42         50         54       9       
   651   42         47         57       16      
   652   42         37         77       0       
   653   42         46         64       0       
   654   42         43         60       0       
   655   41         38         68       0       
   656   42         48         58       6       
   657   42         49         53       10      
   658   42         46         69       2       
   659   42         59         39       29      
   660   40         43         61       12      
   661   42         49         50       15      
   662   42         67         32       39      
   663   41         51         44       25      
   664   42         50         53       12      
   665   42         57         45       28      
   666   41         48         58       17      
   667   42         48         60       11      
   668   41         44         62       0       
   669   41         49         50       14      
   670   41         49         49       13      
   671   42         44         60       0       
   672   42         57         41       33      
   673   42         50         51       12      
   674   40         53         37       23      
   675   42         50         53       13      
   676   42         50         50       14      
   677   42         42         63       0       
   678   41         38         64       0       
   679   40         43         54       11      
   680   42         47         56       8       
   681   42         40         64       0       
   682   42         44         60       0       
   683   42         41         68       0       
   684   40         39         64       0       
   685   42         49         51       11      
   686   40         45         54       13      
   687   42         47         66       5       
   688   42         55         47       29      
   689   42         43         66       0       
   690   42         55         49       28      
   691   42         38         66       0       
   692   41         39         69       0       
   693   42         45         60       0       
   694   41         49         53       12      
   695   42         47         54       13      
   696   42         47         53       12      
   697   42         48         57       12      
   698   42         57         43       27      
   699   42         53         49       19      
   700   42         48         63       14      
   701   42         44         59       0       
   702   42         52         50       19      
   703   42         46         51       10      
   704   42         46         57       9       
   705   42         58         38       30      
   706   42         51         46       12      
   707   42         41         62       0       
   708   40         45         50       13      
   709   41         42         64       0       
   710   42         44         65       0       
   711   42         40         62       0       
   712   41         49         48       16      
   713   42         47         50       14      
   714   42         42         63       0       
   715   41         39         63       0       
   716   40         42         57       0       
   717   42         46         60       0       
   718   42         41         61       0       
   719   40         39         62       0       
   720   42         51         45       16      
   721   42         45         55       0       
   722   42         38         65       0       
   723   42         50         53       17      
   724   41         41         62       0       
   725   41         38         63       0       
   726   42         43         62       0       
   727   42         50         55       16      
   728   41         47         55       6       
   729   42         47         60       13      
   730   42         44         62       0       
   731   40         42         66       0       
   732   42         44         63       0       
   733   40         38         67       0       
   734   42         48         62       8       
   735   42         56         42       29      
   736   42         44         66       5       
   737   42         50         53       17      
   738   42         45         60       0       
   739   41         46         51       17      
   740   42         50         51       12      
   741   42         43         64       0       
   742   42         54         50       24      
   743   42         59         39       25      
   744   42         52         55       10      
   745   42         49         49       13      
   746   42         46         62       11      
   747   42         42         63       0       
   748   42         50         55       14      
   749   42         51         53       17      
   750   41         37         73       0       
   751   42         48         51       13      
   752   42         51         60       18      
   753   42         56         43       22      
   754   42         52         47       16      
   755   42         56         44       25      
   756   40         41         60       0       
   757   42         43         68       0       
   758   42         42         59       0       
   759   42         47         57       0       
   760   42         42         62       0       
   761   42         40         62       0       
   762   42         41         59       0       
   763   42         43         62       0       
   764   41         42         65       0       
   765   42         42         70       0       
   766   42         52         51       16      
   767   42         49         53       12      
   768   41         44         64       5       
----------------------------------------------------------------------------------------------
   ave   41.7       46.5       56.9     9.4     
Writing of partitioned mesh finished

Thank you for using Elmergrid!
Send bug reports and feature wishes to elmeradm@csc.fi
Running ElmerSolver...

Solver linsys/BPC_BiCGStab2_ILU0.sif not recommended for given problem. Ignoring it


Solver linsys/BPC_BiCGStab2_ILU1.sif not recommended for given problem. Ignoring it


Solver linsys/BPC_BiCGStab2_none.sif not recommended for given problem. Ignoring it


Solver linsys/BPC_BiCGStab4_ILU0.sif not recommended for given problem. Ignoring it


Solver linsys/BPC_BiCGStab4_ILU1.sif not recommended for given problem. Ignoring it


Solver linsys/BPC_BiCGStab4_none.sif not recommended for given problem. Ignoring it


Solver linsys/BPC_BiCGStab_BoomerAMG.sif not recommended for given problem. Ignoring it


Solver linsys/BPC_BiCGStab_BoomerAMG_wos.sif not recommended for given problem. Ignoring it


Solver linsys/BPC_CG_ILU0.sif not recommended for given problem. Ignoring it


Solver linsys/BPC_CG_ILU1.sif not recommended for given problem. Ignoring it


Solver linsys/BPC_CG_none.sif not recommended for given problem. Ignoring it


Solver linsys/BPC_GCR_Z_Quadratic_Hcurl_GCR_mumps.sif not recommended for given problem. Ignoring it


Solver linsys/BPC_GCR_Z_Quadratic_Hcurl_GCR_umfpack.sif not recommended for given problem. Ignoring it


Solver linsys/BPC_Gmres_ILU0.sif not recommended for given problem. Ignoring it


Solver linsys/BPC_idrs5_ILU0.sif not recommended for given problem. Ignoring it


Solver linsys/BPC_idrs5_vanka.sif not recommended for given problem. Ignoring it


Solver linsys/direct_MUMPS.sif not recommended for given problem. Ignoring it


Solver linsys/direct_umfpack.sif not recommended for given problem. Ignoring it


Solver linsys/elmer_BPC.sif not recommended for given problem. Ignoring it


Solver linsys/elmer_feti_mumps_10.sif not recommended for given problem. Ignoring it


Solver linsys/elmer_feti_mumps.sif not recommended for given problem. Ignoring it


Solver linsys/elmer_GCR_GMG_jacobi_BiCGStab_none.sif not recommended for given problem. Ignoring it


Solver linsys/elmer_GCR_GMG_wjacobi_CG.sif not recommended for given problem. Ignoring it


Solver linsys/elmer_GMG_sgs_BiCGStab_none.sif not recommended for given problem. Ignoring it


Solver linsys/elmer_iter_BiCGStab2_BILU0.sif not recommended for given problem. Ignoring it


Solver linsys/elmer_iter_BiCGStab2_BILU1.sif not recommended for given problem. Ignoring it


Solver linsys/elmer_iter_BiCGStab2_ILU0.sif not recommended for given problem. Ignoring it


Solver linsys/elmer_iter_BiCGStab2_ILU1.sif not recommended for given problem. Ignoring it


Solver linsys/elmer_iter_BiCGStab2_ILUT_1.sif not recommended for given problem. Ignoring it


Solver linsys/elmer_iter_BiCGStab2_ILUT_2.sif not recommended for given problem. Ignoring it


Solver linsys/elmer_iter_BiCGStab2_ILUT_3.sif not recommended for given problem. Ignoring it


Solver linsys/elmer_iter_BiCGStab2_ILUT_4.sif not recommended for given problem. Ignoring it


Solver linsys/elmer_iter_BiCGStab2_ILUT_5.sif not recommended for given problem. Ignoring it


Solver linsys/elmer_iter_BiCGStab2_ILUT_6.sif not recommended for given problem. Ignoring it


Solver linsys/elmer_iter_BiCGStab2_ILUT_7.sif not recommended for given problem. Ignoring it


Solver linsys/elmer_iter_BiCGStab2_none.sif not recommended for given problem. Ignoring it


Solver linsys/elmer_iter_BiCGStab2_vanka1.sif not recommended for given problem. Ignoring it


Solver linsys/elmer_iter_BiCGStab2_vanka2.sif not recommended for given problem. Ignoring it


Solver linsys/elmer_iter_BiCGStab2_vanka.sif not recommended for given problem. Ignoring it


Solver linsys/elmer_iter_BiCGStab4_ILU0.sif not recommended for given problem. Ignoring it


Solver linsys/elmer_iter_BiCGStab4_ILU1.sif not recommended for given problem. Ignoring it


Solver linsys/elmer_iter_BiCGStab4_none.sif not recommended for given problem. Ignoring it


Solver linsys/elmer_iter_BiCGStab_ILU0.sif not recommended for given problem. Ignoring it


Solver linsys/elmer_iter_BiCGStab_ILU1.sif not recommended for given problem. Ignoring it


Solver linsys/elmer_iter_BiCGStab_none.sif not recommended for given problem. Ignoring it



-----------------------------------
Starting linsys/elmer_iter_CG_ILU0.sif with mesh level 3

ELMER SOLVER (v 26.2) STARTED AT: 2026/07/28 13:55:24
ELMER SOLVER (v 26.2) STARTED AT: 2026/07/28 13:55:24
ELMER SOLVER (v 26.2) STARTED AT: 2026/07/28 13:55:24
ELMER SOLVER (v 26.2) STARTED AT: 2026/07/28 13:55:24
ELMER SOLVER (v 26.2) STARTED AT: 2026/07/28 13:55:24
ELMER SOLVER (v 26.2) STARTED AT: 2026/07/28 13:55:24
ELMER SOLVER (v 26.2) STARTED AT: 2026/07/28 13:55:24
ELMER SOLVER (v 26.2) STARTED AT: 2026/07/28 13:55:24
ELMER SOLVER (v 26.2) STARTED AT: 2026/07/28 13:55:24
ELMER SOLVER (v 26.2) STARTED AT: 2026/07/28 13:55:24
ELMER SOLVER (v 26.2) STARTED AT: 2026/07/28 13:55:24
ELMER SOLVER (v 26.2) STARTED AT: 2026/07/28 13:55:24
ELMER SOLVER (v 26.2) STARTED AT: 2026/07/28 13:55:24
ELMER SOLVER (v 26.2) STARTED AT: 2026/07/28 13:55:24
ELMER SOLVER (v 26.2) STARTED AT: 2026/07/28 13:55:24
ELMER SOLVER (v 26.2) STARTED AT: 2026/07/28 13:55:24
ELMER SOLVER (v 26.2) STARTED AT: 2026/07/28 13:55:24
ELMER SOLVER (v 26.2) STARTED AT: 2026/07/28 13:55:24
ELMER SOLVER (v 26.2) STARTED AT: 2026/07/28 13:55:24
ELMER SOLVER (v 26.2) STARTED AT: 2026/07/28 13:55:24
ELMER SOLVER (v 26.2) STARTED AT: 2026/07/28 13:55:24
ELMER SOLVER (v 26.2) STARTED AT: 2026/07/28 13:55:24
ELMER SOLVER (v 26.2) STARTED AT: 2026/07/28 13:55:24
ELMER SOLVER (v 26.2) STARTED AT: 2026/07/28 13:55:24
ELMER SOLVER (v 26.2) STARTED AT: 2026/07/28 13:55:24
ELMER SOLVER (v 26.2) STARTED AT: 2026/07/28 13:55:24
ELMER SOLVER (v 26.2) STARTED AT: 2026/07/28 13:55:24
ELMER SOLVER (v 26.2) STARTED AT: 2026/07/28 13:55:24
ELMER SOLVER (v 26.2) STARTED AT: 2026/07/28 13:55:24
ELMER SOLVER (v 26.2) STARTED AT: 2026/07/28 13:55:24
ELMER SOLVER (v 26.2) STARTED AT: 2026/07/28 13:55:24
ELMER SOLVER (v 26.2) STARTED AT: 2026/07/28 13:55:24
ELMER SOLVER (v 26.2) STARTED AT: 2026/07/28 13:55:24
ELMER SOLVER (v 26.2) STARTED AT: 2026/07/28 13:55:24
ELMER SOLVER (v 26.2) STARTED AT: 2026/07/28 13:55:24
ELMER SOLVER (v 26.2) STARTED AT: 2026/07/28 13:55:24
ELMER SOLVER (v 26.2) STARTED AT: 2026/07/28 13:55:24
ELMER SOLVER (v 26.2) STARTED AT: 2026/07/28 13:55:24
ELMER SOLVER (v 26.2) STARTED AT: 2026/07/28 13:55:24
ELMER SOLVER (v 26.2) STARTED AT: 2026/07/28 13:55:24
ELMER SOLVER (v 26.2) STARTED AT: 2026/07/28 13:55:24
ELMER SOLVER (v 26.2) STARTED AT: 2026/07/28 13:55:24
ELMER SOLVER (v 26.2) STARTED AT: 2026/07/28 13:55:24
ELMER SOLVER (v 26.2) STARTED AT: 2026/07/28 13:55:24
ELMER SOLVER (v 26.2) STARTED AT: 2026/07/28 13:55:24
ELMER SOLVER (v 26.2) STARTED AT: 2026/07/28 13:55:24
ELMER SOLVER (v 26.2) STARTED AT: 2026/07/28 13:55:24
ELMER SOLVER (v 26.2) STARTED AT: 2026/07/28 13:55:24
ELMER SOLVER (v 26.2) STARTED AT: 2026/07/28 13:55:24
ELMER SOLVER (v 26.2) STARTED AT: 2026/07/28 13:55:24
ELMER SOLVER (v 26.2) STARTED AT: 2026/07/28 13:55:24
ELMER SOLVER (v 26.2) STARTED AT: 2026/07/28 13:55:24
ELMER SOLVER (v 26.2) STARTED AT: 2026/07/28 13:55:24
ELMER SOLVER (v 26.2) STARTED AT: 2026/07/28 13:55:24
ELMER SOLVER (v 26.2) STARTED AT: 2026/07/28 13:55:24
ELMER SOLVER (v 26.2) STARTED AT: 2026/07/28 13:55:24
ELMER SOLVER (v 26.2) STARTED AT: 2026/07/28 13:55:24
ELMER SOLVER (v 26.2) STARTED AT: 2026/07/28 13:55:24
ELMER SOLVER (v 26.2) STARTED AT: 2026/07/28 13:55:24
ELMER SOLVER (v 26.2) STARTED AT: 2026/07/28 13:55:24
ELMER SOLVER (v 26.2) STARTED AT: 2026/07/28 13:55:24
ELMER SOLVER (v 26.2) STARTED AT: 2026/07/28 13:55:24
ELMER SOLVER (v 26.2) STARTED AT: 2026/07/28 13:55:24
ELMER SOLVER (v 26.2) STARTED AT: 2026/07/28 13:55:24
ELMER SOLVER (v 26.2) STARTED AT: 2026/07/28 13:55:24
ELMER SOLVER (v 26.2) STARTED AT: 2026/07/28 13:55:24
ELMER SOLVER (v 26.2) STARTED AT: 2026/07/28 13:55:24
ELMER SOLVER (v 26.2) STARTED AT: 2026/07/28 13:55:24
ELMER SOLVER (v 26.2) STARTED AT: 2026/07/28 13:55:24
ELMER SOLVER (v 26.2) STARTED AT: 2026/07/28 13:55:24
ELMER SOLVER (v 26.2) STARTED AT: 2026/07/28 13:55:24
ELMER SOLVER (v 26.2) STARTED AT: 2026/07/28 13:55:24
ELMER SOLVER (v 26.2) STARTED AT: 2026/07/28 13:55:24
ELMER SOLVER (v 26.2) STARTED AT: 2026/07/28 13:55:24
ELMER SOLVER (v 26.2) STARTED AT: 2026/07/28 13:55:24
ELMER SOLVER (v 26.2) STARTED AT: 2026/07/28 13:55:24
ELMER SOLVER (v 26.2) STARTED AT: 2026/07/28 13:55:24
ELMER SOLVER (v 26.2) STARTED AT: 2026/07/28 13:55:24
ELMER SOLVER (v 26.2) STARTED AT: 2026/07/28 13:55:24
ELMER SOLVER (v 26.2) STARTED AT: 2026/07/28 13:55:24
ELMER SOLVER (v 26.2) STARTED AT: 2026/07/28 13:55:24
ELMER SOLVER (v 26.2) STARTED AT: 2026/07/28 13:55:24
ELMER SOLVER (v 26.2) STARTED AT: 2026/07/28 13:55:24
ELMER SOLVER (v 26.2) STARTED AT: 2026/07/28 13:55:24
ELMER SOLVER (v 26.2) STARTED AT: 2026/07/28 13:55:24
ELMER SOLVER (v 26.2) STARTED AT: 2026/07/28 13:55:24
ELMER SOLVER (v 26.2) STARTED AT: 2026/07/28 13:55:24
ELMER SOLVER (v 26.2) STARTED AT: 2026/07/28 13:55:24
ELMER SOLVER (v 26.2) STARTED AT: 2026/07/28 13:55:24
ELMER SOLVER (v 26.2) STARTED AT: 2026/07/28 13:55:24
ELMER SOLVER (v 26.2) STARTED AT: 2026/07/28 13:55:24
ELMER SOLVER (v 26.2) STARTED AT: 2026/07/28 13:55:25
ELMER SOLVER (v 26.2) STARTED AT: 2026/07/28 13:55:25
ELMER SOLVER (v 26.2) STARTED AT: 2026/07/28 13:55:25
ELMER SOLVER (v 26.2) STARTED AT: 2026/07/28 13:55:25
ELMER SOLVER (v 26.2) STARTED AT: 2026/07/28 13:55:25
ELMER SOLVER (v 26.2) STARTED AT: 2026/07/28 13:55:25
ELMER SOLVER (v 26.2) STARTED AT: 2026/07/28 13:55:25
ELMER SOLVER (v 26.2) STARTED AT: 2026/07/28 13:55:25
ELMER SOLVER (v 26.2) STARTED AT: 2026/07/28 13:55:25
ELMER SOLVER (v 26.2) STARTED AT: 2026/07/28 13:55:25
ELMER SOLVER (v 26.2) STARTED AT: 2026/07/28 13:55:25
ELMER SOLVER (v 26.2) STARTED AT: 2026/07/28 13:55:25
ELMER SOLVER (v 26.2) STARTED AT: 2026/07/28 13:55:25
ELMER SOLVER (v 26.2) STARTED AT: 2026/07/28 13:55:25
ELMER SOLVER (v 26.2) STARTED AT: 2026/07/28 13:55:25
ELMER SOLVER (v 26.2) STARTED AT: 2026/07/28 13:55:25
ELMER SOLVER (v 26.2) STARTED AT: 2026/07/28 13:55:25
ELMER SOLVER (v 26.2) STARTED AT: 2026/07/28 13:55:25
ELMER SOLVER (v 26.2) STARTED AT: 2026/07/28 13:55:25
ELMER SOLVER (v 26.2) STARTED AT: 2026/07/28 13:55:25
ELMER SOLVER (v 26.2) STARTED AT: 2026/07/28 13:55:25
ELMER SOLVER (v 26.2) STARTED AT: 2026/07/28 13:55:25
ELMER SOLVER (v 26.2) STARTED AT: 2026/07/28 13:55:25
ELMER SOLVER (v 26.2) STARTED AT: 2026/07/28 13:55:25
ELMER SOLVER (v 26.2) STARTED AT: 2026/07/28 13:55:25
ELMER SOLVER (v 26.2) STARTED AT: 2026/07/28 13:55:25
ELMER SOLVER (v 26.2) STARTED AT: 2026/07/28 13:55:25
ELMER SOLVER (v 26.2) STARTED AT: 2026/07/28 13:55:25
ELMER SOLVER (v 26.2) STARTED AT: 2026/07/28 13:55:25
ELMER SOLVER (v 26.2) STARTED AT: 2026/07/28 13:55:25
ELMER SOLVER (v 26.2) STARTED AT: 2026/07/28 13:55:25
ELMER SOLVER (v 26.2) STARTED AT: 2026/07/28 13:55:25
ELMER SOLVER (v 26.2) STARTED AT: 2026/07/28 13:55:25
ELMER SOLVER (v 26.2) STARTED AT: 2026/07/28 13:55:25
ELMER SOLVER (v 26.2) STARTED AT: 2026/07/28 13:55:25
ELMER SOLVER (v 26.2) STARTED AT: 2026/07/28 13:55:25
ELMER SOLVER (v 26.2) STARTED AT: 2026/07/28 13:55:25
ELMER SOLVER (v 26.2) STARTED AT: 2026/07/28 13:55:25
ELMER SOLVER (v 26.2) STARTED AT: 2026/07/28 13:55:25
ELMER SOLVER (v 26.2) STARTED AT: 2026/07/28 13:55:25
ELMER SOLVER (v 26.2) STARTED AT: 2026/07/28 13:55:25
ELMER SOLVER (v 26.2) STARTED AT: 2026/07/28 13:55:25
ELMER SOLVER (v 26.2) STARTED AT: 2026/07/28 13:55:25
ELMER SOLVER (v 26.2) STARTED AT: 2026/07/28 13:55:25
ELMER SOLVER (v 26.2) STARTED AT: 2026/07/28 13:55:25
ELMER SOLVER (v 26.2) STARTED AT: 2026/07/28 13:55:25
ELMER SOLVER (v 26.2) STARTED AT: 2026/07/28 13:55:25
ELMER SOLVER (v 26.2) STARTED AT: 2026/07/28 13:55:25
ELMER SOLVER (v 26.2) STARTED AT: 2026/07/28 13:55:25
ELMER SOLVER (v 26.2) STARTED AT: 2026/07/28 13:55:25
ELMER SOLVER (v 26.2) STARTED AT: 2026/07/28 13:55:25
ELMER SOLVER (v 26.2) STARTED AT: 2026/07/28 13:55:25
ELMER SOLVER (v 26.2) STARTED AT: 2026/07/28 13:55:25
ELMER SOLVER (v 26.2) STARTED AT: 2026/07/28 13:55:25
ELMER SOLVER (v 26.2) STARTED AT: 2026/07/28 13:55:25
ELMER SOLVER (v 26.2) STARTED AT: 2026/07/28 13:55:25
ELMER SOLVER (v 26.2) STARTED AT: 2026/07/28 13:55:25
ELMER SOLVER (v 26.2) STARTED AT: 2026/07/28 13:55:25
ELMER SOLVER (v 26.2) STARTED AT: 2026/07/28 13:55:25
ELMER SOLVER (v 26.2) STARTED AT: 2026/07/28 13:55:25
ELMER SOLVER (v 26.2) STARTED AT: 2026/07/28 13:55:25
ELMER SOLVER (v 26.2) STARTED AT: 2026/07/28 13:55:25
ELMER SOLVER (v 26.2) STARTED AT: 2026/07/28 13:55:25
ELMER SOLVER (v 26.2) STARTED AT: 2026/07/28 13:55:25
ELMER SOLVER (v 26.2) STARTED AT: 2026/07/28 13:55:25
ELMER SOLVER (v 26.2) STARTED AT: 2026/07/28 13:55:25
ELMER SOLVER (v 26.2) STARTED AT: 2026/07/28 13:55:25
ELMER SOLVER (v 26.2) STARTED AT: 2026/07/28 13:55:25
ELMER SOLVER (v 26.2) STARTED AT: 2026/07/28 13:55:25
ELMER SOLVER (v 26.2) STARTED AT: 2026/07/28 13:55:25
ELMER SOLVER (v 26.2) STARTED AT: 2026/07/28 13:55:25
ELMER SOLVER (v 26.2) STARTED AT: 2026/07/28 13:55:25
ELMER SOLVER (v 26.2) STARTED AT: 2026/07/28 13:55:25
ELMER SOLVER (v 26.2) STARTED AT: 2026/07/28 13:55:25
ELMER SOLVER (v 26.2) STARTED AT: 2026/07/28 13:55:25
ELMER SOLVER (v 26.2) STARTED AT: 2026/07/28 13:55:25
ELMER SOLVER (v 26.2) STARTED AT: 2026/07/28 13:55:25
ELMER SOLVER (v 26.2) STARTED AT: 2026/07/28 13:55:25
ELMER SOLVER (v 26.2) STARTED AT: 2026/07/28 13:55:25
ELMER SOLVER (v 26.2) STARTED AT: 2026/07/28 13:55:25
ELMER SOLVER (v 26.2) STARTED AT: 2026/07/28 13:55:25
ELMER SOLVER (v 26.2) STARTED AT: 2026/07/28 13:55:25
ELMER SOLVER (v 26.2) STARTED AT: 2026/07/28 13:55:25
ELMER SOLVER (v 26.2) STARTED AT: 2026/07/28 13:55:25
ELMER SOLVER (v 26.2) STARTED AT: 2026/07/28 13:55:25
ELMER SOLVER (v 26.2) STARTED AT: 2026/07/28 13:55:25
ELMER SOLVER (v 26.2) STARTED AT: 2026/07/28 13:55:25
ELMER SOLVER (v 26.2) STARTED AT: 2026/07/28 13:55:25
ELMER SOLVER (v 26.2) STARTED AT: 2026/07/28 13:55:25
ELMER SOLVER (v 26.2) STARTED AT: 2026/07/28 13:55:25
ELMER SOLVER (v 26.2) STARTED AT: 2026/07/28 13:55:25
ELMER SOLVER (v 26.2) STARTED AT: 2026/07/28 13:55:25
ELMER SOLVER (v 26.2) STARTED AT: 2026/07/28 13:55:25
ELMER SOLVER (v 26.2) STARTED AT: 2026/07/28 13:55:25
ELMER SOLVER (v 26.2) STARTED AT: 2026/07/28 13:55:25
ELMER SOLVER (v 26.2) STARTED AT: 2026/07/28 13:55:25
ELMER SOLVER (v 26.2) STARTED AT: 2026/07/28 13:55:25
ELMER SOLVER (v 26.2) STARTED AT: 2026/07/28 13:55:25
ELMER SOLVER (v 26.2) STARTED AT: 2026/07/28 13:55:25
ELMER SOLVER (v 26.2) STARTED AT: 2026/07/28 13:55:25
ELMER SOLVER (v 26.2) STARTED AT: 2026/07/28 13:55:25
ELMER SOLVER (v 26.2) STARTED AT: 2026/07/28 13:55:25
ELMER SOLVER (v 26.2) STARTED AT: 2026/07/28 13:55:25
ELMER SOLVER (v 26.2) STARTED AT: 2026/07/28 13:55:25
ELMER SOLVER (v 26.2) STARTED AT: 2026/07/28 13:55:25
ELMER SOLVER (v 26.2) STARTED AT: 2026/07/28 13:55:25
ELMER SOLVER (v 26.2) STARTED AT: 2026/07/28 13:55:25
ELMER SOLVER (v 26.2) STARTED AT: 2026/07/28 13:55:25
ELMER SOLVER (v 26.2) STARTED AT: 2026/07/28 13:55:25
ELMER SOLVER (v 26.2) STARTED AT: 2026/07/28 13:55:25
ELMER SOLVER (v 26.2) STARTED AT: 2026/07/28 13:55:25
ELMER SOLVER (v 26.2) STARTED AT: 2026/07/28 13:55:25
ELMER SOLVER (v 26.2) STARTED AT: 2026/07/28 13:55:25
ELMER SOLVER (v 26.2) STARTED AT: 2026/07/28 13:55:25
ELMER SOLVER (v 26.2) STARTED AT: 2026/07/28 13:55:25
ELMER SOLVER (v 26.2) STARTED AT: 2026/07/28 13:55:25
ELMER SOLVER (v 26.2) STARTED AT: 2026/07/28 13:55:25
ELMER SOLVER (v 26.2) STARTED AT: 2026/07/28 13:55:25
ELMER SOLVER (v 26.2) STARTED AT: 2026/07/28 13:55:25
ELMER SOLVER (v 26.2) STARTED AT: 2026/07/28 13:55:25
ELMER SOLVER (v 26.2) STARTED AT: 2026/07/28 13:55:25
ELMER SOLVER (v 26.2) STARTED AT: 2026/07/28 13:55:25
ELMER SOLVER (v 26.2) STARTED AT: 2026/07/28 13:55:25
ELMER SOLVER (v 26.2) STARTED AT: 2026/07/28 13:55:25
ELMER SOLVER (v 26.2) STARTED AT: 2026/07/28 13:55:25
ELMER SOLVER (v 26.2) STARTED AT: 2026/07/28 13:55:25
ELMER SOLVER (v 26.2) STARTED AT: 2026/07/28 13:55:25
ELMER SOLVER (v 26.2) STARTED AT: 2026/07/28 13:55:25
ELMER SOLVER (v 26.2) STARTED AT: 2026/07/28 13:55:25
ELMER SOLVER (v 26.2) STARTED AT: 2026/07/28 13:55:25
ELMER SOLVER (v 26.2) STARTED AT: 2026/07/28 13:55:25
ELMER SOLVER (v 26.2) STARTED AT: 2026/07/28 13:55:25
ELMER SOLVER (v 26.2) STARTED AT: 2026/07/28 13:55:25
ELMER SOLVER (v 26.2) STARTED AT: 2026/07/28 13:55:25
ELMER SOLVER (v 26.2) STARTED AT: 2026/07/28 13:55:25
ELMER SOLVER (v 26.2) STARTED AT: 2026/07/28 13:55:25
ELMER SOLVER (v 26.2) STARTED AT: 2026/07/28 13:55:25
ELMER SOLVER (v 26.2) STARTED AT: 2026/07/28 13:55:25
ELMER SOLVER (v 26.2) STARTED AT: 2026/07/28 13:55:25
ELMER SOLVER (v 26.2) STARTED AT: 2026/07/28 13:55:25
ELMER SOLVER (v 26.2) STARTED AT: 2026/07/28 13:55:25
ELMER SOLVER (v 26.2) STARTED AT: 2026/07/28 13:55:25
ELMER SOLVER (v 26.2) STARTED AT: 2026/07/28 13:55:25
ELMER SOLVER (v 26.2) STARTED AT: 2026/07/28 13:55:25
ELMER SOLVER (v 26.2) STARTED AT: 2026/07/28 13:55:25
ELMER SOLVER (v 26.2) STARTED AT: 2026/07/28 13:55:25
ELMER SOLVER (v 26.2) STARTED AT: 2026/07/28 13:55:25
ELMER SOLVER (v 26.2) STARTED AT: 2026/07/28 13:55:25
ELMER SOLVER (v 26.2) STARTED AT: 2026/07/28 13:55:25
ELMER SOLVER (v 26.2) STARTED AT: 2026/07/28 13:55:25
ELMER SOLVER (v 26.2) STARTED AT: 2026/07/28 13:55:25
ELMER SOLVER (v 26.2) STARTED AT: 2026/07/28 13:55:25
ELMER SOLVER (v 26.2) STARTED AT: 2026/07/28 13:55:25
ELMER SOLVER (v 26.2) STARTED AT: 2026/07/28 13:55:25
ELMER SOLVER (v 26.2) STARTED AT: 2026/07/28 13:55:25
ELMER SOLVER (v 26.2) STARTED AT: 2026/07/28 13:55:25
ELMER SOLVER (v 26.2) STARTED AT: 2026/07/28 13:55:25
ELMER SOLVER (v 26.2) STARTED AT: 2026/07/28 13:55:25
ELMER SOLVER (v 26.2) STARTED AT: 2026/07/28 13:55:25
ELMER SOLVER (v 26.2) STARTED AT: 2026/07/28 13:55:25
ELMER SOLVER (v 26.2) STARTED AT: 2026/07/28 13:55:25
ELMER SOLVER (v 26.2) STARTED AT: 2026/07/28 13:55:25
ELMER SOLVER (v 26.2) STARTED AT: 2026/07/28 13:55:25
ELMER SOLVER (v 26.2) STARTED AT: 2026/07/28 13:55:25
ELMER SOLVER (v 26.2) STARTED AT: 2026/07/28 13:55:25
ELMER SOLVER (v 26.2) STARTED AT: 2026/07/28 13:55:25
ELMER SOLVER (v 26.2) STARTED AT: 2026/07/28 13:55:25
ELMER SOLVER (v 26.2) STARTED AT: 2026/07/28 13:55:25
ELMER SOLVER (v 26.2) STARTED AT: 2026/07/28 13:55:25
ELMER SOLVER (v 26.2) STARTED AT: 2026/07/28 13:55:25
ELMER SOLVER (v 26.2) STARTED AT: 2026/07/28 13:55:25
ELMER SOLVER (v 26.2) STARTED AT: 2026/07/28 13:55:25
ELMER SOLVER (v 26.2) STARTED AT: 2026/07/28 13:55:25
ELMER SOLVER (v 26.2) STARTED AT: 2026/07/28 13:55:25
ELMER SOLVER (v 26.2) STARTED AT: 2026/07/28 13:55:25
ELMER SOLVER (v 26.2) STARTED AT: 2026/07/28 13:55:25
ELMER SOLVER (v 26.2) STARTED AT: 2026/07/28 13:55:25
ELMER SOLVER (v 26.2) STARTED AT: 2026/07/28 13:55:25
ELMER SOLVER (v 26.2) STARTED AT: 2026/07/28 13:55:25
ELMER SOLVER (v 26.2) STARTED AT: 2026/07/28 13:55:25
ELMER SOLVER (v 26.2) STARTED AT: 2026/07/28 13:55:25
ELMER SOLVER (v 26.2) STARTED AT: 2026/07/28 13:55:25
ELMER SOLVER (v 26.2) STARTED AT: 2026/07/28 13:55:25
ELMER SOLVER (v 26.2) STARTED AT: 2026/07/28 13:55:25
ELMER SOLVER (v 26.2) STARTED AT: 2026/07/28 13:55:25
ELMER SOLVER (v 26.2) STARTED AT: 2026/07/28 13:55:25
ELMER SOLVER (v 26.2) STARTED AT: 2026/07/28 13:55:25
ELMER SOLVER (v 26.2) STARTED AT: 2026/07/28 13:55:25
ELMER SOLVER (v 26.2) STARTED AT: 2026/07/28 13:55:25
ELMER SOLVER (v 26.2) STARTED AT: 2026/07/28 13:55:25
ELMER SOLVER (v 26.2) STARTED AT: 2026/07/28 13:55:25
ELMER SOLVER (v 26.2) STARTED AT: 2026/07/28 13:55:25
ELMER SOLVER (v 26.2) STARTED AT: 2026/07/28 13:55:25
ELMER SOLVER (v 26.2) STARTED AT: 2026/07/28 13:55:25
ELMER SOLVER (v 26.2) STARTED AT: 2026/07/28 13:55:25
ELMER SOLVER (v 26.2) STARTED AT: 2026/07/28 13:55:25
ELMER SOLVER (v 26.2) STARTED AT: 2026/07/28 13:55:25
ELMER SOLVER (v 26.2) STARTED AT: 2026/07/28 13:55:25
ELMER SOLVER (v 26.2) STARTED AT: 2026/07/28 13:55:25
ELMER SOLVER (v 26.2) STARTED AT: 2026/07/28 13:55:25
ELMER SOLVER (v 26.2) STARTED AT: 2026/07/28 13:55:25
ELMER SOLVER (v 26.2) STARTED AT: 2026/07/28 13:55:25
ELMER SOLVER (v 26.2) STARTED AT: 2026/07/28 13:55:25
ELMER SOLVER (v 26.2) STARTED AT: 2026/07/28 13:55:25
ELMER SOLVER (v 26.2) STARTED AT: 2026/07/28 13:55:25
ELMER SOLVER (v 26.2) STARTED AT: 2026/07/28 13:55:25
ELMER SOLVER (v 26.2) STARTED AT: 2026/07/28 13:55:25
ELMER SOLVER (v 26.2) STARTED AT: 2026/07/28 13:55:25
ELMER SOLVER (v 26.2) STARTED AT: 2026/07/28 13:55:25
ELMER SOLVER (v 26.2) STARTED AT: 2026/07/28 13:55:25
ELMER SOLVER (v 26.2) STARTED AT: 2026/07/28 13:55:25
ELMER SOLVER (v 26.2) STARTED AT: 2026/07/28 13:55:25
ELMER SOLVER (v 26.2) STARTED AT: 2026/07/28 13:55:25
ELMER SOLVER (v 26.2) STARTED AT: 2026/07/28 13:55:25
ELMER SOLVER (v 26.2) STARTED AT: 2026/07/28 13:55:25
ELMER SOLVER (v 26.2) STARTED AT: 2026/07/28 13:55:25
ELMER SOLVER (v 26.2) STARTED AT: 2026/07/28 13:55:25
ELMER SOLVER (v 26.2) STARTED AT: 2026/07/28 13:55:25
ELMER SOLVER (v 26.2) STARTED AT: 2026/07/28 13:55:25
ELMER SOLVER (v 26.2) STARTED AT: 2026/07/28 13:55:25
ELMER SOLVER (v 26.2) STARTED AT: 2026/07/28 13:55:25
ELMER SOLVER (v 26.2) STARTED AT: 2026/07/28 13:55:25
ELMER SOLVER (v 26.2) STARTED AT: 2026/07/28 13:55:25
ELMER SOLVER (v 26.2) STARTED AT: 2026/07/28 13:55:25
ELMER SOLVER (v 26.2) STARTED AT: 2026/07/28 13:55:25
ELMER SOLVER (v 26.2) STARTED AT: 2026/07/28 13:55:25
ELMER SOLVER (v 26.2) STARTED AT: 2026/07/28 13:55:25
ELMER SOLVER (v 26.2) STARTED AT: 2026/07/28 13:55:25
ELMER SOLVER (v 26.2) STARTED AT: 2026/07/28 13:55:25
ELMER SOLVER (v 26.2) STARTED AT: 2026/07/28 13:55:25
ELMER SOLVER (v 26.2) STARTED AT: 2026/07/28 13:55:25
ELMER SOLVER (v 26.2) STARTED AT: 2026/07/28 13:55:25
ELMER SOLVER (v 26.2) STARTED AT: 2026/07/28 13:55:25
ELMER SOLVER (v 26.2) STARTED AT: 2026/07/28 13:55:25
ELMER SOLVER (v 26.2) STARTED AT: 2026/07/28 13:55:25
ELMER SOLVER (v 26.2) STARTED AT: 2026/07/28 13:55:25
ELMER SOLVER (v 26.2) STARTED AT: 2026/07/28 13:55:25
ELMER SOLVER (v 26.2) STARTED AT: 2026/07/28 13:55:25
ELMER SOLVER (v 26.2) STARTED AT: 2026/07/28 13:55:25
ELMER SOLVER (v 26.2) STARTED AT: 2026/07/28 13:55:25
ELMER SOLVER (v 26.2) STARTED AT: 2026/07/28 13:55:25
ELMER SOLVER (v 26.2) STARTED AT: 2026/07/28 13:55:25
ELMER SOLVER (v 26.2) STARTED AT: 2026/07/28 13:55:25
ELMER SOLVER (v 26.2) STARTED AT: 2026/07/28 13:55:25
ELMER SOLVER (v 26.2) STARTED AT: 2026/07/28 13:55:25
ELMER SOLVER (v 26.2) STARTED AT: 2026/07/28 13:55:25
ELMER SOLVER (v 26.2) STARTED AT: 2026/07/28 13:55:25
ELMER SOLVER (v 26.2) STARTED AT: 2026/07/28 13:55:25
ELMER SOLVER (v 26.2) STARTED AT: 2026/07/28 13:55:25
ELMER SOLVER (v 26.2) STARTED AT: 2026/07/28 13:55:25
ELMER SOLVER (v 26.2) STARTED AT: 2026/07/28 13:55:25
ELMER SOLVER (v 26.2) STARTED AT: 2026/07/28 13:55:25
ELMER SOLVER (v 26.2) STARTED AT: 2026/07/28 13:55:25
ELMER SOLVER (v 26.2) STARTED AT: 2026/07/28 13:55:25
ELMER SOLVER (v 26.2) STARTED AT: 2026/07/28 13:55:25
ELMER SOLVER (v 26.2) STARTED AT: 2026/07/28 13:55:25
ELMER SOLVER (v 26.2) STARTED AT: 2026/07/28 13:55:25
ELMER SOLVER (v 26.2) STARTED AT: 2026/07/28 13:55:25
ELMER SOLVER (v 26.2) STARTED AT: 2026/07/28 13:55:25
ELMER SOLVER (v 26.2) STARTED AT: 2026/07/28 13:55:25
ELMER SOLVER (v 26.2) STARTED AT: 2026/07/28 13:55:25
ELMER SOLVER (v 26.2) STARTED AT: 2026/07/28 13:55:25
ELMER SOLVER (v 26.2) STARTED AT: 2026/07/28 13:55:25
ELMER SOLVER (v 26.2) STARTED AT: 2026/07/28 13:55:25
ELMER SOLVER (v 26.2) STARTED AT: 2026/07/28 13:55:25
ELMER SOLVER (v 26.2) STARTED AT: 2026/07/28 13:55:25
ELMER SOLVER (v 26.2) STARTED AT: 2026/07/28 13:55:25
ELMER SOLVER (v 26.2) STARTED AT: 2026/07/28 13:55:25
ELMER SOLVER (v 26.2) STARTED AT: 2026/07/28 13:55:25
ELMER SOLVER (v 26.2) STARTED AT: 2026/07/28 13:55:25
ELMER SOLVER (v 26.2) STARTED AT: 2026/07/28 13:55:25
ELMER SOLVER (v 26.2) STARTED AT: 2026/07/28 13:55:25
ELMER SOLVER (v 26.2) STARTED AT: 2026/07/28 13:55:25
ELMER SOLVER (v 26.2) STARTED AT: 2026/07/28 13:55:25
ELMER SOLVER (v 26.2) STARTED AT: 2026/07/28 13:55:25
ELMER SOLVER (v 26.2) STARTED AT: 2026/07/28 13:55:25
ELMER SOLVER (v 26.2) STARTED AT: 2026/07/28 13:55:25
ELMER SOLVER (v 26.2) STARTED AT: 2026/07/28 13:55:25
ELMER SOLVER (v 26.2) STARTED AT: 2026/07/28 13:55:25
ELMER SOLVER (v 26.2) STARTED AT: 2026/07/28 13:55:25
ELMER SOLVER (v 26.2) STARTED AT: 2026/07/28 13:55:25
ELMER SOLVER (v 26.2) STARTED AT: 2026/07/28 13:55:25
ELMER SOLVER (v 26.2) STARTED AT: 2026/07/28 13:55:25
ELMER SOLVER (v 26.2) STARTED AT: 2026/07/28 13:55:25
ELMER SOLVER (v 26.2) STARTED AT: 2026/07/28 13:55:25
ELMER SOLVER (v 26.2) STARTED AT: 2026/07/28 13:55:25
ELMER SOLVER (v 26.2) STARTED AT: 2026/07/28 13:55:25
ELMER SOLVER (v 26.2) STARTED AT: 2026/07/28 13:55:25
ELMER SOLVER (v 26.2) STARTED AT: 2026/07/28 13:55:25
ELMER SOLVER (v 26.2) STARTED AT: 2026/07/28 13:55:25
ELMER SOLVER (v 26.2) STARTED AT: 2026/07/28 13:55:25
ELMER SOLVER (v 26.2) STARTED AT: 2026/07/28 13:55:25
ELMER SOLVER (v 26.2) STARTED AT: 2026/07/28 13:55:25
ELMER SOLVER (v 26.2) STARTED AT: 2026/07/28 13:55:25
ELMER SOLVER (v 26.2) STARTED AT: 2026/07/28 13:55:25
ELMER SOLVER (v 26.2) STARTED AT: 2026/07/28 13:55:25
ELMER SOLVER (v 26.2) STARTED AT: 2026/07/28 13:55:25
ELMER SOLVER (v 26.2) STARTED AT: 2026/07/28 13:55:25
ELMER SOLVER (v 26.2) STARTED AT: 2026/07/28 13:55:25
ELMER SOLVER (v 26.2) STARTED AT: 2026/07/28 13:55:25
ELMER SOLVER (v 26.2) STARTED AT: 2026/07/28 13:55:25
ELMER SOLVER (v 26.2) STARTED AT: 2026/07/28 13:55:25
ELMER SOLVER (v 26.2) STARTED AT: 2026/07/28 13:55:25
ELMER SOLVER (v 26.2) STARTED AT: 2026/07/28 13:55:25
ELMER SOLVER (v 26.2) STARTED AT: 2026/07/28 13:55:25
ELMER SOLVER (v 26.2) STARTED AT: 2026/07/28 13:55:25
ELMER SOLVER (v 26.2) STARTED AT: 2026/07/28 13:55:25
ELMER SOLVER (v 26.2) STARTED AT: 2026/07/28 13:55:25
ELMER SOLVER (v 26.2) STARTED AT: 2026/07/28 13:55:25
ELMER SOLVER (v 26.2) STARTED AT: 2026/07/28 13:55:25
ELMER SOLVER (v 26.2) STARTED AT: 2026/07/28 13:55:25
ELMER SOLVER (v 26.2) STARTED AT: 2026/07/28 13:55:25
ELMER SOLVER (v 26.2) STARTED AT: 2026/07/28 13:55:25
ELMER SOLVER (v 26.2) STARTED AT: 2026/07/28 13:55:25
ELMER SOLVER (v 26.2) STARTED AT: 2026/07/28 13:55:25
ELMER SOLVER (v 26.2) STARTED AT: 2026/07/28 13:55:25
ELMER SOLVER (v 26.2) STARTED AT: 2026/07/28 13:55:25
ELMER SOLVER (v 26.2) STARTED AT: 2026/07/28 13:55:25
ELMER SOLVER (v 26.2) STARTED AT: 2026/07/28 13:55:25
ELMER SOLVER (v 26.2) STARTED AT: 2026/07/28 13:55:25
ELMER SOLVER (v 26.2) STARTED AT: 2026/07/28 13:55:25
ELMER SOLVER (v 26.2) STARTED AT: 2026/07/28 13:55:25
ELMER SOLVER (v 26.2) STARTED AT: 2026/07/28 13:55:25
ELMER SOLVER (v 26.2) STARTED AT: 2026/07/28 13:55:25
ELMER SOLVER (v 26.2) STARTED AT: 2026/07/28 13:55:25
ELMER SOLVER (v 26.2) STARTED AT: 2026/07/28 13:55:25
ELMER SOLVER (v 26.2) STARTED AT: 2026/07/28 13:55:25
ELMER SOLVER (v 26.2) STARTED AT: 2026/07/28 13:55:25
ELMER SOLVER (v 26.2) STARTED AT: 2026/07/28 13:55:25
ELMER SOLVER (v 26.2) STARTED AT: 2026/07/28 13:55:25
ELMER SOLVER (v 26.2) STARTED AT: 2026/07/28 13:55:25
ELMER SOLVER (v 26.2) STARTED AT: 2026/07/28 13:55:25
ELMER SOLVER (v 26.2) STARTED AT: 2026/07/28 13:55:25
ELMER SOLVER (v 26.2) STARTED AT: 2026/07/28 13:55:25
ELMER SOLVER (v 26.2) STARTED AT: 2026/07/28 13:55:25
ELMER SOLVER (v 26.2) STARTED AT: 2026/07/28 13:55:25
ELMER SOLVER (v 26.2) STARTED AT: 2026/07/28 13:55:25
ELMER SOLVER (v 26.2) STARTED AT: 2026/07/28 13:55:25
ELMER SOLVER (v 26.2) STARTED AT: 2026/07/28 13:55:25
ELMER SOLVER (v 26.2) STARTED AT: 2026/07/28 13:55:25
ELMER SOLVER (v 26.2) STARTED AT: 2026/07/28 13:55:25
ELMER SOLVER (v 26.2) STARTED AT: 2026/07/28 13:55:25
ELMER SOLVER (v 26.2) STARTED AT: 2026/07/28 13:55:25
ELMER SOLVER (v 26.2) STARTED AT: 2026/07/28 13:55:25
ELMER SOLVER (v 26.2) STARTED AT: 2026/07/28 13:55:25
ELMER SOLVER (v 26.2) STARTED AT: 2026/07/28 13:55:25
ELMER SOLVER (v 26.2) STARTED AT: 2026/07/28 13:55:25
ELMER SOLVER (v 26.2) STARTED AT: 2026/07/28 13:55:25
ELMER SOLVER (v 26.2) STARTED AT: 2026/07/28 13:55:25
ELMER SOLVER (v 26.2) STARTED AT: 2026/07/28 13:55:25
ELMER SOLVER (v 26.2) STARTED AT: 2026/07/28 13:55:25
ELMER SOLVER (v 26.2) STARTED AT: 2026/07/28 13:55:25
ELMER SOLVER (v 26.2) STARTED AT: 2026/07/28 13:55:25
ELMER SOLVER (v 26.2) STARTED AT: 2026/07/28 13:55:25
ELMER SOLVER (v 26.2) STARTED AT: 2026/07/28 13:55:25
ELMER SOLVER (v 26.2) STARTED AT: 2026/07/28 13:55:25
ELMER SOLVER (v 26.2) STARTED AT: 2026/07/28 13:55:25
ELMER SOLVER (v 26.2) STARTED AT: 2026/07/28 13:55:25
ELMER SOLVER (v 26.2) STARTED AT: 2026/07/28 13:55:25
ELMER SOLVER (v 26.2) STARTED AT: 2026/07/28 13:55:25
ELMER SOLVER (v 26.2) STARTED AT: 2026/07/28 13:55:25
ELMER SOLVER (v 26.2) STARTED AT: 2026/07/28 13:55:25
ELMER SOLVER (v 26.2) STARTED AT: 2026/07/28 13:55:25
ELMER SOLVER (v 26.2) STARTED AT: 2026/07/28 13:55:25
ELMER SOLVER (v 26.2) STARTED AT: 2026/07/28 13:55:25
ELMER SOLVER (v 26.2) STARTED AT: 2026/07/28 13:55:25
ELMER SOLVER (v 26.2) STARTED AT: 2026/07/28 13:55:25
ELMER SOLVER (v 26.2) STARTED AT: 2026/07/28 13:55:25
ELMER SOLVER (v 26.2) STARTED AT: 2026/07/28 13:55:25
ELMER SOLVER (v 26.2) STARTED AT: 2026/07/28 13:55:25
ELMER SOLVER (v 26.2) STARTED AT: 2026/07/28 13:55:25
ELMER SOLVER (v 26.2) STARTED AT: 2026/07/28 13:55:25
ELMER SOLVER (v 26.2) STARTED AT: 2026/07/28 13:55:25
ELMER SOLVER (v 26.2) STARTED AT: 2026/07/28 13:55:25
ELMER SOLVER (v 26.2) STARTED AT: 2026/07/28 13:55:25
ELMER SOLVER (v 26.2) STARTED AT: 2026/07/28 13:55:25
ELMER SOLVER (v 26.2) STARTED AT: 2026/07/28 13:55:25
ELMER SOLVER (v 26.2) STARTED AT: 2026/07/28 13:55:25
ELMER SOLVER (v 26.2) STARTED AT: 2026/07/28 13:55:25
ELMER SOLVER (v 26.2) STARTED AT: 2026/07/28 13:55:25
ELMER SOLVER (v 26.2) STARTED AT: 2026/07/28 13:55:25
ELMER SOLVER (v 26.2) STARTED AT: 2026/07/28 13:55:25
ELMER SOLVER (v 26.2) STARTED AT: 2026/07/28 13:55:25
ELMER SOLVER (v 26.2) STARTED AT: 2026/07/28 13:55:25
ELMER SOLVER (v 26.2) STARTED AT: 2026/07/28 13:55:25
ELMER SOLVER (v 26.2) STARTED AT: 2026/07/28 13:55:25
ELMER SOLVER (v 26.2) STARTED AT: 2026/07/28 13:55:25
ELMER SOLVER (v 26.2) STARTED AT: 2026/07/28 13:55:25
ELMER SOLVER (v 26.2) STARTED AT: 2026/07/28 13:55:25
ELMER SOLVER (v 26.2) STARTED AT: 2026/07/28 13:55:25
ELMER SOLVER (v 26.2) STARTED AT: 2026/07/28 13:55:25
ELMER SOLVER (v 26.2) STARTED AT: 2026/07/28 13:55:25
ELMER SOLVER (v 26.2) STARTED AT: 2026/07/28 13:55:25
ELMER SOLVER (v 26.2) STARTED AT: 2026/07/28 13:55:25
ELMER SOLVER (v 26.2) STARTED AT: 2026/07/28 13:55:25
ELMER SOLVER (v 26.2) STARTED AT: 2026/07/28 13:55:25
ELMER SOLVER (v 26.2) STARTED AT: 2026/07/28 13:55:25
ELMER SOLVER (v 26.2) STARTED AT: 2026/07/28 13:55:25
ELMER SOLVER (v 26.2) STARTED AT: 2026/07/28 13:55:25
ELMER SOLVER (v 26.2) STARTED AT: 2026/07/28 13:55:25
ELMER SOLVER (v 26.2) STARTED AT: 2026/07/28 13:55:25
ELMER SOLVER (v 26.2) STARTED AT: 2026/07/28 13:55:25
ELMER SOLVER (v 26.2) STARTED AT: 2026/07/28 13:55:25
ELMER SOLVER (v 26.2) STARTED AT: 2026/07/28 13:55:25
ELMER SOLVER (v 26.2) STARTED AT: 2026/07/28 13:55:25
ELMER SOLVER (v 26.2) STARTED AT: 2026/07/28 13:55:25
ELMER SOLVER (v 26.2) STARTED AT: 2026/07/28 13:55:25
ELMER SOLVER (v 26.2) STARTED AT: 2026/07/28 13:55:25
ELMER SOLVER (v 26.2) STARTED AT: 2026/07/28 13:55:25
ELMER SOLVER (v 26.2) STARTED AT: 2026/07/28 13:55:25
ELMER SOLVER (v 26.2) STARTED AT: 2026/07/28 13:55:25
ELMER SOLVER (v 26.2) STARTED AT: 2026/07/28 13:55:25
ELMER SOLVER (v 26.2) STARTED AT: 2026/07/28 13:55:25
ELMER SOLVER (v 26.2) STARTED AT: 2026/07/28 13:55:25
ELMER SOLVER (v 26.2) STARTED AT: 2026/07/28 13:55:25
ELMER SOLVER (v 26.2) STARTED AT: 2026/07/28 13:55:25
ELMER SOLVER (v 26.2) STARTED AT: 2026/07/28 13:55:25
ELMER SOLVER (v 26.2) STARTED AT: 2026/07/28 13:55:25
ELMER SOLVER (v 26.2) STARTED AT: 2026/07/28 13:55:25
ELMER SOLVER (v 26.2) STARTED AT: 2026/07/28 13:55:25
ELMER SOLVER (v 26.2) STARTED AT: 2026/07/28 13:55:25
ELMER SOLVER (v 26.2) STARTED AT: 2026/07/28 13:55:25
ELMER SOLVER (v 26.2) STARTED AT: 2026/07/28 13:55:25
ELMER SOLVER (v 26.2) STARTED AT: 2026/07/28 13:55:25
ELMER SOLVER (v 26.2) STARTED AT: 2026/07/28 13:55:25
ELMER SOLVER (v 26.2) STARTED AT: 2026/07/28 13:55:25
ELMER SOLVER (v 26.2) STARTED AT: 2026/07/28 13:55:25
ELMER SOLVER (v 26.2) STARTED AT: 2026/07/28 13:55:25
ELMER SOLVER (v 26.2) STARTED AT: 2026/07/28 13:55:25
ELMER SOLVER (v 26.2) STARTED AT: 2026/07/28 13:55:25
ELMER SOLVER (v 26.2) STARTED AT: 2026/07/28 13:55:25
ELMER SOLVER (v 26.2) STARTED AT: 2026/07/28 13:55:25
ELMER SOLVER (v 26.2) STARTED AT: 2026/07/28 13:55:26
ELMER SOLVER (v 26.2) STARTED AT: 2026/07/28 13:55:26
ELMER SOLVER (v 26.2) STARTED AT: 2026/07/28 13:55:26
ELMER SOLVER (v 26.2) STARTED AT: 2026/07/28 13:55:26
ELMER SOLVER (v 26.2) STARTED AT: 2026/07/28 13:55:26
ELMER SOLVER (v 26.2) STARTED AT: 2026/07/28 13:55:26
ELMER SOLVER (v 26.2) STARTED AT: 2026/07/28 13:55:26
ELMER SOLVER (v 26.2) STARTED AT: 2026/07/28 13:55:26
ELMER SOLVER (v 26.2) STARTED AT: 2026/07/28 13:55:26
ELMER SOLVER (v 26.2) STARTED AT: 2026/07/28 13:55:26
ELMER SOLVER (v 26.2) STARTED AT: 2026/07/28 13:55:26
ELMER SOLVER (v 26.2) STARTED AT: 2026/07/28 13:55:26
ELMER SOLVER (v 26.2) STARTED AT: 2026/07/28 13:55:26
ELMER SOLVER (v 26.2) STARTED AT: 2026/07/28 13:55:26
ELMER SOLVER (v 26.2) STARTED AT: 2026/07/28 13:55:26
ELMER SOLVER (v 26.2) STARTED AT: 2026/07/28 13:55:26
ELMER SOLVER (v 26.2) STARTED AT: 2026/07/28 13:55:26
ELMER SOLVER (v 26.2) STARTED AT: 2026/07/28 13:55:26
ELMER SOLVER (v 26.2) STARTED AT: 2026/07/28 13:55:26
ELMER SOLVER (v 26.2) STARTED AT: 2026/07/28 13:55:26
ELMER SOLVER (v 26.2) STARTED AT: 2026/07/28 13:55:26
ELMER SOLVER (v 26.2) STARTED AT: 2026/07/28 13:55:26
ELMER SOLVER (v 26.2) STARTED AT: 2026/07/28 13:55:26
ELMER SOLVER (v 26.2) STARTED AT: 2026/07/28 13:55:26
ELMER SOLVER (v 26.2) STARTED AT: 2026/07/28 13:55:26
ELMER SOLVER (v 26.2) STARTED AT: 2026/07/28 13:55:26
ELMER SOLVER (v 26.2) STARTED AT: 2026/07/28 13:55:26
ELMER SOLVER (v 26.2) STARTED AT: 2026/07/28 13:55:26
ELMER SOLVER (v 26.2) STARTED AT: 2026/07/28 13:55:26
ELMER SOLVER (v 26.2) STARTED AT: 2026/07/28 13:55:26
ELMER SOLVER (v 26.2) STARTED AT: 2026/07/28 13:55:26
ELMER SOLVER (v 26.2) STARTED AT: 2026/07/28 13:55:26
ELMER SOLVER (v 26.2) STARTED AT: 2026/07/28 13:55:26
ELMER SOLVER (v 26.2) STARTED AT: 2026/07/28 13:55:26
ELMER SOLVER (v 26.2) STARTED AT: 2026/07/28 13:55:26
ELMER SOLVER (v 26.2) STARTED AT: 2026/07/28 13:55:26
ELMER SOLVER (v 26.2) STARTED AT: 2026/07/28 13:55:26
ELMER SOLVER (v 26.2) STARTED AT: 2026/07/28 13:55:26
ELMER SOLVER (v 26.2) STARTED AT: 2026/07/28 13:55:26
ELMER SOLVER (v 26.2) STARTED AT: 2026/07/28 13:55:26
ELMER SOLVER (v 26.2) STARTED AT: 2026/07/28 13:55:26
ELMER SOLVER (v 26.2) STARTED AT: 2026/07/28 13:55:26
ELMER SOLVER (v 26.2) STARTED AT: 2026/07/28 13:55:26
ELMER SOLVER (v 26.2) STARTED AT: 2026/07/28 13:55:26
ELMER SOLVER (v 26.2) STARTED AT: 2026/07/28 13:55:26
ELMER SOLVER (v 26.2) STARTED AT: 2026/07/28 13:55:26
ELMER SOLVER (v 26.2) STARTED AT: 2026/07/28 13:55:26
ELMER SOLVER (v 26.2) STARTED AT: 2026/07/28 13:55:26
ELMER SOLVER (v 26.2) STARTED AT: 2026/07/28 13:55:26
ELMER SOLVER (v 26.2) STARTED AT: 2026/07/28 13:55:26
ELMER SOLVER (v 26.2) STARTED AT: 2026/07/28 13:55:26
ELMER SOLVER (v 26.2) STARTED AT: 2026/07/28 13:55:26
ELMER SOLVER (v 26.2) STARTED AT: 2026/07/28 13:55:26
ELMER SOLVER (v 26.2) STARTED AT: 2026/07/28 13:55:26
ELMER SOLVER (v 26.2) STARTED AT: 2026/07/28 13:55:26
ELMER SOLVER (v 26.2) STARTED AT: 2026/07/28 13:55:26
ELMER SOLVER (v 26.2) STARTED AT: 2026/07/28 13:55:26
ELMER SOLVER (v 26.2) STARTED AT: 2026/07/28 13:55:26
ELMER SOLVER (v 26.2) STARTED AT: 2026/07/28 13:55:26
ELMER SOLVER (v 26.2) STARTED AT: 2026/07/28 13:55:26
ELMER SOLVER (v 26.2) STARTED AT: 2026/07/28 13:55:26
ELMER SOLVER (v 26.2) STARTED AT: 2026/07/28 13:55:26
ELMER SOLVER (v 26.2) STARTED AT: 2026/07/28 13:55:26
ELMER SOLVER (v 26.2) STARTED AT: 2026/07/28 13:55:26
ELMER SOLVER (v 26.2) STARTED AT: 2026/07/28 13:55:26
ELMER SOLVER (v 26.2) STARTED AT: 2026/07/28 13:55:26
ELMER SOLVER (v 26.2) STARTED AT: 2026/07/28 13:55:26
ELMER SOLVER (v 26.2) STARTED AT: 2026/07/28 13:55:26
ELMER SOLVER (v 26.2) STARTED AT: 2026/07/28 13:55:26
ELMER SOLVER (v 26.2) STARTED AT: 2026/07/28 13:55:26
ELMER SOLVER (v 26.2) STARTED AT: 2026/07/28 13:55:26
ELMER SOLVER (v 26.2) STARTED AT: 2026/07/28 13:55:26
ELMER SOLVER (v 26.2) STARTED AT: 2026/07/28 13:55:26
ELMER SOLVER (v 26.2) STARTED AT: 2026/07/28 13:55:26
ELMER SOLVER (v 26.2) STARTED AT: 2026/07/28 13:55:26
ELMER SOLVER (v 26.2) STARTED AT: 2026/07/28 13:55:26
ELMER SOLVER (v 26.2) STARTED AT: 2026/07/28 13:55:26
ELMER SOLVER (v 26.2) STARTED AT: 2026/07/28 13:55:26
ELMER SOLVER (v 26.2) STARTED AT: 2026/07/28 13:55:26
ELMER SOLVER (v 26.2) STARTED AT: 2026/07/28 13:55:26
ELMER SOLVER (v 26.2) STARTED AT: 2026/07/28 13:55:26
ELMER SOLVER (v 26.2) STARTED AT: 2026/07/28 13:55:26
ELMER SOLVER (v 26.2) STARTED AT: 2026/07/28 13:55:26
ELMER SOLVER (v 26.2) STARTED AT: 2026/07/28 13:55:26
ELMER SOLVER (v 26.2) STARTED AT: 2026/07/28 13:55:26
ELMER SOLVER (v 26.2) STARTED AT: 2026/07/28 13:55:26
ELMER SOLVER (v 26.2) STARTED AT: 2026/07/28 13:55:26
ELMER SOLVER (v 26.2) STARTED AT: 2026/07/28 13:55:26
ELMER SOLVER (v 26.2) STARTED AT: 2026/07/28 13:55:26
ELMER SOLVER (v 26.2) STARTED AT: 2026/07/28 13:55:26
ELMER SOLVER (v 26.2) STARTED AT: 2026/07/28 13:55:26
ELMER SOLVER (v 26.2) STARTED AT: 2026/07/28 13:55:26
ELMER SOLVER (v 26.2) STARTED AT: 2026/07/28 13:55:26
ELMER SOLVER (v 26.2) STARTED AT: 2026/07/28 13:55:26
ELMER SOLVER (v 26.2) STARTED AT: 2026/07/28 13:55:26
ELMER SOLVER (v 26.2) STARTED AT: 2026/07/28 13:55:26
ELMER SOLVER (v 26.2) STARTED AT: 2026/07/28 13:55:26
ELMER SOLVER (v 26.2) STARTED AT: 2026/07/28 13:55:26
ELMER SOLVER (v 26.2) STARTED AT: 2026/07/28 13:55:26
ELMER SOLVER (v 26.2) STARTED AT: 2026/07/28 13:55:26
ELMER SOLVER (v 26.2) STARTED AT: 2026/07/28 13:55:26
ELMER SOLVER (v 26.2) STARTED AT: 2026/07/28 13:55:26
ELMER SOLVER (v 26.2) STARTED AT: 2026/07/28 13:55:26
ELMER SOLVER (v 26.2) STARTED AT: 2026/07/28 13:55:26
ELMER SOLVER (v 26.2) STARTED AT: 2026/07/28 13:55:26
ELMER SOLVER (v 26.2) STARTED AT: 2026/07/28 13:55:26
ELMER SOLVER (v 26.2) STARTED AT: 2026/07/28 13:55:26
ELMER SOLVER (v 26.2) STARTED AT: 2026/07/28 13:55:26
ELMER SOLVER (v 26.2) STARTED AT: 2026/07/28 13:55:26
ELMER SOLVER (v 26.2) STARTED AT: 2026/07/28 13:55:26
ELMER SOLVER (v 26.2) STARTED AT: 2026/07/28 13:55:26
ELMER SOLVER (v 26.2) STARTED AT: 2026/07/28 13:55:26
ELMER SOLVER (v 26.2) STARTED AT: 2026/07/28 13:55:26
ELMER SOLVER (v 26.2) STARTED AT: 2026/07/28 13:55:26
ELMER SOLVER (v 26.2) STARTED AT: 2026/07/28 13:55:26
ELMER SOLVER (v 26.2) STARTED AT: 2026/07/28 13:55:26
ELMER SOLVER (v 26.2) STARTED AT: 2026/07/28 13:55:26
ELMER SOLVER (v 26.2) STARTED AT: 2026/07/28 13:55:26
ELMER SOLVER (v 26.2) STARTED AT: 2026/07/28 13:55:26
ELMER SOLVER (v 26.2) STARTED AT: 2026/07/28 13:55:26
ELMER SOLVER (v 26.2) STARTED AT: 2026/07/28 13:55:26
ELMER SOLVER (v 26.2) STARTED AT: 2026/07/28 13:55:26
ELMER SOLVER (v 26.2) STARTED AT: 2026/07/28 13:55:26
ELMER SOLVER (v 26.2) STARTED AT: 2026/07/28 13:55:26
ELMER SOLVER (v 26.2) STARTED AT: 2026/07/28 13:55:26
ELMER SOLVER (v 26.2) STARTED AT: 2026/07/28 13:55:26
ELMER SOLVER (v 26.2) STARTED AT: 2026/07/28 13:55:26
ELMER SOLVER (v 26.2) STARTED AT: 2026/07/28 13:55:26
ELMER SOLVER (v 26.2) STARTED AT: 2026/07/28 13:55:26
ELMER SOLVER (v 26.2) STARTED AT: 2026/07/28 13:55:26
ELMER SOLVER (v 26.2) STARTED AT: 2026/07/28 13:55:26
ELMER SOLVER (v 26.2) STARTED AT: 2026/07/28 13:55:26
ELMER SOLVER (v 26.2) STARTED AT: 2026/07/28 13:55:26
ELMER SOLVER (v 26.2) STARTED AT: 2026/07/28 13:55:26
ELMER SOLVER (v 26.2) STARTED AT: 2026/07/28 13:55:26
ELMER SOLVER (v 26.2) STARTED AT: 2026/07/28 13:55:26
ELMER SOLVER (v 26.2) STARTED AT: 2026/07/28 13:55:26
ELMER SOLVER (v 26.2) STARTED AT: 2026/07/28 13:55:26
ELMER SOLVER (v 26.2) STARTED AT: 2026/07/28 13:55:26
ELMER SOLVER (v 26.2) STARTED AT: 2026/07/28 13:55:26
ELMER SOLVER (v 26.2) STARTED AT: 2026/07/28 13:55:26
ELMER SOLVER (v 26.2) STARTED AT: 2026/07/28 13:55:26
ELMER SOLVER (v 26.2) STARTED AT: 2026/07/28 13:55:26
ELMER SOLVER (v 26.2) STARTED AT: 2026/07/28 13:55:26
ELMER SOLVER (v 26.2) STARTED AT: 2026/07/28 13:55:26
ELMER SOLVER (v 26.2) STARTED AT: 2026/07/28 13:55:26
ELMER SOLVER (v 26.2) STARTED AT: 2026/07/28 13:55:26
ELMER SOLVER (v 26.2) STARTED AT: 2026/07/28 13:55:26
ELMER SOLVER (v 26.2) STARTED AT: 2026/07/28 13:55:26
ELMER SOLVER (v 26.2) STARTED AT: 2026/07/28 13:55:26
ELMER SOLVER (v 26.2) STARTED AT: 2026/07/28 13:55:26
ELMER SOLVER (v 26.2) STARTED AT: 2026/07/28 13:55:26
ELMER SOLVER (v 26.2) STARTED AT: 2026/07/28 13:55:26
ELMER SOLVER (v 26.2) STARTED AT: 2026/07/28 13:55:26
ELMER SOLVER (v 26.2) STARTED AT: 2026/07/28 13:55:26
ELMER SOLVER (v 26.2) STARTED AT: 2026/07/28 13:55:26
ELMER SOLVER (v 26.2) STARTED AT: 2026/07/28 13:55:26
ELMER SOLVER (v 26.2) STARTED AT: 2026/07/28 13:55:26
ELMER SOLVER (v 26.2) STARTED AT: 2026/07/28 13:55:26
ELMER SOLVER (v 26.2) STARTED AT: 2026/07/28 13:55:26
ELMER SOLVER (v 26.2) STARTED AT: 2026/07/28 13:55:26
ELMER SOLVER (v 26.2) STARTED AT: 2026/07/28 13:55:26
ELMER SOLVER (v 26.2) STARTED AT: 2026/07/28 13:55:26
ELMER SOLVER (v 26.2) STARTED AT: 2026/07/28 13:55:26
ELMER SOLVER (v 26.2) STARTED AT: 2026/07/28 13:55:26
ELMER SOLVER (v 26.2) STARTED AT: 2026/07/28 13:55:26
ELMER SOLVER (v 26.2) STARTED AT: 2026/07/28 13:55:26
ELMER SOLVER (v 26.2) STARTED AT: 2026/07/28 13:55:26
ELMER SOLVER (v 26.2) STARTED AT: 2026/07/28 13:55:26
ELMER SOLVER (v 26.2) STARTED AT: 2026/07/28 13:55:26
ELMER SOLVER (v 26.2) STARTED AT: 2026/07/28 13:55:26
ELMER SOLVER (v 26.2) STARTED AT: 2026/07/28 13:55:26
ELMER SOLVER (v 26.2) STARTED AT: 2026/07/28 13:55:26
ELMER SOLVER (v 26.2) STARTED AT: 2026/07/28 13:55:26
ELMER SOLVER (v 26.2) STARTED AT: 2026/07/28 13:55:26
ELMER SOLVER (v 26.2) STARTED AT: 2026/07/28 13:55:26
ELMER SOLVER (v 26.2) STARTED AT: 2026/07/28 13:55:26
ELMER SOLVER (v 26.2) STARTED AT: 2026/07/28 13:55:26
ELMER SOLVER (v 26.2) STARTED AT: 2026/07/28 13:55:26
ELMER SOLVER (v 26.2) STARTED AT: 2026/07/28 13:55:26
ELMER SOLVER (v 26.2) STARTED AT: 2026/07/28 13:55:26
ELMER SOLVER (v 26.2) STARTED AT: 2026/07/28 13:55:26
ELMER SOLVER (v 26.2) STARTED AT: 2026/07/28 13:55:26
ELMER SOLVER (v 26.2) STARTED AT: 2026/07/28 13:55:26
ELMER SOLVER (v 26.2) STARTED AT: 2026/07/28 13:55:26
ELMER SOLVER (v 26.2) STARTED AT: 2026/07/28 13:55:26
ELMER SOLVER (v 26.2) STARTED AT: 2026/07/28 13:55:26
ELMER SOLVER (v 26.2) STARTED AT: 2026/07/28 13:55:26
ELMER SOLVER (v 26.2) STARTED AT: 2026/07/28 13:55:26
ELMER SOLVER (v 26.2) STARTED AT: 2026/07/28 13:55:26
ELMER SOLVER (v 26.2) STARTED AT: 2026/07/28 13:55:26
ELMER SOLVER (v 26.2) STARTED AT: 2026/07/28 13:55:26
ELMER SOLVER (v 26.2) STARTED AT: 2026/07/28 13:55:26
ELMER SOLVER (v 26.2) STARTED AT: 2026/07/28 13:55:26
ELMER SOLVER (v 26.2) STARTED AT: 2026/07/28 13:55:26
ELMER SOLVER (v 26.2) STARTED AT: 2026/07/28 13:55:26
ELMER SOLVER (v 26.2) STARTED AT: 2026/07/28 13:55:26
ELMER SOLVER (v 26.2) STARTED AT: 2026/07/28 13:55:26
ELMER SOLVER (v 26.2) STARTED AT: 2026/07/28 13:55:26
ELMER SOLVER (v 26.2) STARTED AT: 2026/07/28 13:55:26
ELMER SOLVER (v 26.2) STARTED AT: 2026/07/28 13:55:26
ELMER SOLVER (v 26.2) STARTED AT: 2026/07/28 13:55:26
ELMER SOLVER (v 26.2) STARTED AT: 2026/07/28 13:55:26
ELMER SOLVER (v 26.2) STARTED AT: 2026/07/28 13:55:26
ELMER SOLVER (v 26.2) STARTED AT: 2026/07/28 13:55:26
ELMER SOLVER (v 26.2) STARTED AT: 2026/07/28 13:55:26
ELMER SOLVER (v 26.2) STARTED AT: 2026/07/28 13:55:26
ELMER SOLVER (v 26.2) STARTED AT: 2026/07/28 13:55:26
ELMER SOLVER (v 26.2) STARTED AT: 2026/07/28 13:55:26
ELMER SOLVER (v 26.2) STARTED AT: 2026/07/28 13:55:26
ELMER SOLVER (v 26.2) STARTED AT: 2026/07/28 13:55:26
ELMER SOLVER (v 26.2) STARTED AT: 2026/07/28 13:55:27
ELMER SOLVER (v 26.2) STARTED AT: 2026/07/28 13:55:27
ELMER SOLVER (v 26.2) STARTED AT: 2026/07/28 13:55:27
ELMER SOLVER (v 26.2) STARTED AT: 2026/07/28 13:55:27
ELMER SOLVER (v 26.2) STARTED AT: 2026/07/28 13:55:27
ELMER SOLVER (v 26.2) STARTED AT: 2026/07/28 13:55:27
ELMER SOLVER (v 26.2) STARTED AT: 2026/07/28 13:55:27
ELMER SOLVER (v 26.2) STARTED AT: 2026/07/28 13:55:27
ELMER SOLVER (v 26.2) STARTED AT: 2026/07/28 13:55:27
ELMER SOLVER (v 26.2) STARTED AT: 2026/07/28 13:55:27
ELMER SOLVER (v 26.2) STARTED AT: 2026/07/28 13:55:27
ELMER SOLVER (v 26.2) STARTED AT: 2026/07/28 13:55:27
ELMER SOLVER (v 26.2) STARTED AT: 2026/07/28 13:55:27
ELMER SOLVER (v 26.2) STARTED AT: 2026/07/28 13:55:27
ELMER SOLVER (v 26.2) STARTED AT: 2026/07/28 13:55:27
ELMER SOLVER (v 26.2) STARTED AT: 2026/07/28 13:55:27
ELMER SOLVER (v 26.2) STARTED AT: 2026/07/28 13:55:27
ELMER SOLVER (v 26.2) STARTED AT: 2026/07/28 13:55:27
ELMER SOLVER (v 26.2) STARTED AT: 2026/07/28 13:55:27
ELMER SOLVER (v 26.2) STARTED AT: 2026/07/28 13:55:27
ELMER SOLVER (v 26.2) STARTED AT: 2026/07/28 13:55:27
ELMER SOLVER (v 26.2) STARTED AT: 2026/07/28 13:55:27
ELMER SOLVER (v 26.2) STARTED AT: 2026/07/28 13:55:27
ELMER SOLVER (v 26.2) STARTED AT: 2026/07/28 13:55:27
ELMER SOLVER (v 26.2) STARTED AT: 2026/07/28 13:55:27
ELMER SOLVER (v 26.2) STARTED AT: 2026/07/28 13:55:27
ELMER SOLVER (v 26.2) STARTED AT: 2026/07/28 13:55:27
ELMER SOLVER (v 26.2) STARTED AT: 2026/07/28 13:55:27
ELMER SOLVER (v 26.2) STARTED AT: 2026/07/28 13:55:27
ELMER SOLVER (v 26.2) STARTED AT: 2026/07/28 13:55:27
ELMER SOLVER (v 26.2) STARTED AT: 2026/07/28 13:55:27
ELMER SOLVER (v 26.2) STARTED AT: 2026/07/28 13:55:27
ELMER SOLVER (v 26.2) STARTED AT: 2026/07/28 13:55:27
ELMER SOLVER (v 26.2) STARTED AT: 2026/07/28 13:55:27
 2
 2
 2
 2
 2
 2
 2
 2
 2
 2
 2
 2
 2
 2
 2
 2
 2
 2
 2
 2
 2
 2
 2
 2
 2
 2
 2
 2
 2
 2
 2
 2
 2
 2
 2
 2
 2
 2
 2
 2
 2
 2
 2
 2
 2
 2
 2
 2
 2
 2
 2
 2
 2
 2
 2
 2
 2
 2
 2
 2
 2
 2
 2
 2
 2
 2
 2
 2
 2
 2
 2
 2
 2
 2
 2
 2
 2
 2
 2
 2
 2
 2
 2
 2
 2
 2
 2
 2
 2
 2
 2
 2
 2
 2
 2
 2
 2
ParCommInit: Initialize #PEs: 768
 2
 2
 2
 2
 2
 2
 2
 2
 2
 2
 2
 2
MAIN: Read 2 integer parameters from command line!
 2
 2
 2
 2
 2
 2
 2
 2
 2
 2
 2
 2
 2
 2
 2
 2
 2
 2
 2
 2
 2
 2
 2
 2
 2
 2
 2
 2
 2
 2
 2
 2
 2
 2
 2
 2
 2
 2
 2
 2
 2
 2
 2
 2
 2
 2
 2
 2
 2
 2
 2
 2
 2
 2
MAIN: 
MAIN: =============================================================
 2
 2
 2
 2
 2
MAIN: ElmerSolver finite element software, Welcome!
MAIN: This program is free software licensed under (L)GPL
MAIN: Copyright 1st April 1995 - , CSC - IT Center for Science Ltd.
MAIN: Webpage http://www.csc.fi/elmer, Email elmeradm@csc.fi
MAIN: Version: 26.2-unknown (Rev: a19504ac5, Compiled: 2026-06-16)
MAIN:  Running in parallel using 768 tasks.
 2
 2
 2
 2
 2
 2
 2
 2
 2
 2
 2
 2
 2
 2
 2
 2
 2
MAIN:  Running with just one thread per task.
MAIN:  HYPRE library linked in.
MAIN:  MUMPS library linked in.
MAIN:  Lua interpreter linked in.
MAIN:  Zoltan library linked in.
MAIN:  ADIOS2 library linked in.
MAIN: =============================================================
 2
 2
 2
 2
 2
 2
 2
 2
 2
 2
 2
 2
 2
 2
 2
 2
 2
 2
 2
 2
 2
 2
 2
 2
 2
 2
 2
 2
 2
 2
 2
 2
 2
 2
 2
 2
 2
 2
 2
 2
 2
 2
 2
 2
 2
 2
 2
 2
 2
 2
 2
 2
 2
 2
 2
 2
 2
 2
 2
 2
 2
 2
 2
 2
 2
 2
 2
 2
 2
 2
 2
 2
 2
 2
 2
 2
 2
 2
 2
 2
 2
 2
 2
 2
 2
 2
 2
 2
 2
 2
 2
 2
 2
 2
 2
 2
 2
 2
 2
 2
 2
 2
 2
 2
 2
 2
 2
 2
 2
 2
 2
 2
 2
 2
 2
 2
 2
 2
 2
 2
 2
 2
 2
 2
 2
 2
 2
 2
 2
 2
 2
 2
 2
 2
 2
 2
 2
 2
 2
 2
 2
 2
 2
 2
 2
 2
 2
 2
 2
 2
 2
 2
 2
 2
 2
 2
 2
 2
 2
 2
 2
 2
 2
 2
 2
 2
 2
 2
 2
 2
 2
 2
 2
 2
 2
 2
 2
 2
 2
 2
 2
 2
 2
 2
 2
 2
 2
 2
 2
 2
 2
 2
 2
 2
 2
 2
 2
 2
 2
 2
 2
 2
 2
 2
 2
 2
 2
 2
 2
 2
 2
 2
 2
 2
 2
 2
 2
 2
 2
 2
 2
 2
 2
 2
 2
 2
 2
 2
 2
 2
 2
 2
 2
 2
 2
 2
 2
 2
 2
 2
 2
 2
 2
 2
 2
 2
 2
 2
 2
 2
 2
 2
 2
 2
 2
 2
 2
 2
 2
 2
 2
 2
 2
 2
 2
 2
 2
 2
 2
 2
 2
 2
 2
 2
 2
 2
 2
 2
 2
 2
 2
 2
 2
 2
 2
 2
 2
 2
 2
 2
 2
 2
 2
 2
ParCommInit: Initialize #PEs: 768
 2
 2
 2
 2
 2
 2
 2
 2
 2
 2
 2
 2
 2
 2
 2
 2
 2
 2
 2
 2
 2
 2
 2
 2
 2
 2
 2
 2
 2
 2
 2
 2
 2
 2
 2
 2
 2
 2
 2
 2
 2
 2
 2
 2
 2
 2
 2
 2
 2
 2
 2
 2
 2
 2
 2
 2
 2
 2
 2
 2
 2
 2
 2
 2
 2
 2
 2
 2
 2
 2
 2
 2
 2
 2
 2
 2
 2
 2
 2
 2
 2
 2
 2
 2
 2
 2
 2
 2
 2
 2
 2
 2
 2
 2
 2
 2
 2
 2
 2
 2
 2
 2
 2
 2
 2
 2
 2
 2
 2
 2
 2
 2
 2
 2
 2
 2
 2
 2
 2
 2
 2
 2
 2
 2
 2
 2
ParCommInit: Initialize #PEs: 768
 2
 2
 2
 2
 2
 2
 2
 2
 2
 2
 2
 2
 2
 2
 2
 2
 2
 2
 2
 2
 2
 2
 2
 2
 2
 2
 2
 2
 2
 2
 2
 2
 2
 2
 2
 2
 2
 2
 2
 2
 2
 2
 2
 2
 2
 2
 2
 2
MAIN: 
MAIN: 
 2
 2
 2
 2
 2
MAIN: -------------------------------------
MAIN: Reading Model: case_cpu_367269.sif
 2
 2
 2
 2
 2
 2
 2
 2
 2
 2
 2
 2
 2
 2
 2
 2
 2
 2
 2
 2
 2
 2
 2
 2
 2
 2
 2
 2
 2
 2
 2
 2
 2
 2
 2
 2
 2
 2
 2
 2
 2
 2
 2
 2
 2
 2
 2
 2
 2
 2
 2
 2
 2
 2
 2
 2
 2
 2
 2
 2
 2
 2
 2
 2
 2
 2
 2
 2
 2
LoadInputFile: Scanning input file: case_cpu_367269.sif
LoadInputFile: Scanning only size info
LoadInputFile: First time visiting
LoadInputFile: Reading base load of sif file
 2
 2
 2
 2
 2
 2
 2
 2
 2
 2
 2
 2
 2
 2
 2
 2
 2
 2
 2
 2
 2
 2
OpenIncludeFile: Trying to include file: linsys_367269.sif
CheckKeyword: Found keyword type assuming suffix 1 for: operator 2
CheckKeyword: Found keyword type assuming suffix 1 for: operator 2
CheckKeyword: Found keyword type assuming suffix 1 for: operator 3
CheckKeyword: Found keyword type assuming suffix 1 for: operator 3
CheckKeyword: Found keyword type assuming suffix 1 for: operator 4
CheckKeyword: Found keyword type assuming suffix 1 for: operator 4
CheckKeyword: Found keyword type assuming suffix 1 for: operator 5
CheckKeyword: Found keyword type assuming suffix 1 for: operator 5
ParCommInit: Initialize #PEs: 768
 2
LoadInputFile: Loading input file: case_cpu_367269.sif
LoadInputFile: Reading base load of sif file
 2
 2
 2
OpenIncludeFile: Trying to include file: linsys_367269.sif
CheckKeyword: Found keyword type assuming suffix 1 for: operator 2
CheckKeyword: Found keyword type assuming suffix 1 for: operator 2
CheckKeyword: Found keyword type assuming suffix 1 for: operator 3
CheckKeyword: Found keyword type assuming suffix 1 for: operator 3
CheckKeyword: Found keyword type assuming suffix 1 for: operator 4
CheckKeyword: Found keyword type assuming suffix 1 for: operator 4
CheckKeyword: Found keyword type assuming suffix 1 for: operator 5
CheckKeyword: Found keyword type assuming suffix 1 for: operator 5
 2
CheckKeyword:  Unlisted keyword: [line marker] in section: [solver 2]
LoadInputFile: Number of BCs: 3
LoadInputFile: Number of Body Forces: 0
LoadInputFile: Number of Initial Conditions: 0
LoadInputFile: Number of Materials: 1
LoadInputFile: Number of Equations: 1
LoadInputFile: Number of Solvers: 2
LoadInputFile: Number of Bodies: 1
 2
 2
 2
 2
 2
 2
 2
 2
Loading user function library: [StressSolve]...[StressSolver_Init0]
 2
 2
 2
 2
 2
 2
Loading user function library: [SaveData]...[SaveScalars_Init0]
Loading user function library: [SaveData]...[SaveScalars_Init0]
LoadMesh: Loading parallel mesh for 768 partitions
ElmerMeshReader: Performing step: 1
ElmerMeshReader: Base mesh name: ./winkel
ReadHeaderFile: Reading header info from file: ./winkel/partitioning.768/part.1.header
InitializeMesh: Number of nodes in mesh: 108
InitializeMesh: Number of bulk elements in mesh: 42
InitializeMesh: Number of boundary elements in mesh: 0
InitializeMesh: Initial number of max element nodes: 8
ElmerMeshReader: Performing step: 2
ReadNodesFile: Reading nodes from file: ./winkel/partitioning.768/part.1.nodes
SetMeshDimension: Dimension of mesh is: 3
SetMeshDimension: Max dimension of mesh is: 3
ElmerMeshReader: Performing step: 3
ReadElementsFile: Reading bulk elements from file: ./winkel/partitioning.768/part.1.elements
ElmerMeshReader: Performing step: 4
ReadBoundaryFile: Reading boundary elements from file: ./winkel/partitioning.768/part.1.boundary
PermuteNodeNumbering: Performing node mapping
MapBodiesAndBCs: Skipping remapping of bodies
ElmerMeshReader: Performing step: 5
ReadSharedFile: Reading nodes from file: ./winkel/partitioning.768/part.1.shared
ElmerMeshReader: Performing step: 6
LoadMesh: Loading mesh done
NonNodalElements: Element dofs max: 8
SParFaceNumbering: Elapsed REAL time:     0.0043 (s)
SParEdgeNumbering: Elapsed REAL time:     0.0000 (s)
ParallelNonNodalElements: Number of initial nodes: 108
ParallelNonNodalElements: Number of initial faces: 0
ParallelNonNodalElements: Number of initial edges: 0
ParallelNonNodalElements: Number of shared nodes: 100
ParallelNonNodalElements: Number of owned shared nodes: 31
ParallelNonNodal: Elapsed REAL time:     0.0043 (s)
LoadMesh: Preparing mesh done
LoadMesh: Elapsed REAL time:     2.5906 (s)
LoadModel: Creating hierarchy of meshes by mesh multiplication: 3
LoadModel: Keeping number of meshes: 3
LoadModel: Performing splitting at level: 2
SplitMeshEqual: Mesh splitting works for first order elements 303, 404, 504, (706) and 808.
FindMeshEdges: Determining faces in 3D mesh
FindMeshFaces3D: Finding mesh faces in 3D mesh
FindMeshFaces3D: Number of faces found: 176
FindMeshEdges: Determining edges in 3D mesh
FindMeshEdges3D: Finding mesh edges in 3D mesh
FindMeshEdges3D: Number of edges found: 241
SplitMeshEqual: ******** Old mesh ********
SplitMeshEqual:  Nodes             :          108
SplitMeshEqual:  Bulk elements     :           42
SplitMeshEqual:  Boundary elements :            0
SplitMeshEqual:  Edges             :          241
SplitMeshEqual:  Faces             :          176
SplitMeshEqual: Added 176 nodes in the center of faces
SplitMeshEqual: Added 42 nodes in the center of bulks
SplitMeshEqual: Added edge centers to the nodes list.
SplitMeshEqual: Added face centers to the nodes list.
SplitMeshEqual: Added quad and brick centers to the nodes list.
SplitMeshEqual:  Count of new elements :          336
SplitMeshEqual: New mesh allocated.
SplitMeshEqual: Array for bulk elements allocated.
SplitMeshEqual: ******** New mesh ********
SplitMeshEqual:  Nodes             :          567
SplitMeshEqual:  Bulk elements     :          336
SplitMeshEqual:  Boundary elements :            0
SplitMeshEqual: Elapsed REAL time:     0.0003 (s)
SParIterGlobalNumbering:  Numbering seems consistent, advancing...
ParallelGlobalNumbering: Elapsed REAL time:     0.2283 (s)
ReleaseMeshFaceTables: Releasing number of faces: 176
SetMeshDimension: Dimension of mesh is: 3
SetMeshDimension: Max dimension of mesh is: 3
NonNodalElements: Element dofs max: 8
SParFaceNumbering: Elapsed REAL time:     0.0000 (s)
SParEdgeNumbering: Elapsed REAL time:     0.0000 (s)
ParallelNonNodalElements: Number of initial nodes: 567
ParallelNonNodalElements: Number of initial faces: 0
ParallelNonNodalElements: Number of initial edges: 0
ParallelNonNodalElements: Number of shared nodes: 398
ParallelNonNodalElements: Number of owned shared nodes: 329
ParallelNonNodal: Elapsed REAL time:     0.0026 (s)
LoadModel: Performing splitting at level: 3
SplitMeshEqual: Mesh splitting works for first order elements 303, 404, 504, (706) and 808.
FindMeshEdges: Determining faces in 3D mesh
FindMeshFaces3D: Finding mesh faces in 3D mesh
FindMeshFaces3D: Number of faces found: 1208
FindMeshEdges: Determining edges in 3D mesh
FindMeshEdges3D: Finding mesh edges in 3D mesh
FindMeshEdges3D: Number of edges found: 1438
SplitMeshEqual: ******** Old mesh ********
SplitMeshEqual:  Nodes             :          567
SplitMeshEqual:  Bulk elements     :          336
SplitMeshEqual:  Boundary elements :            0
SplitMeshEqual:  Edges             :         1438
SplitMeshEqual:  Faces             :         1208
SplitMeshEqual: Added 1208 nodes in the center of faces
SplitMeshEqual: Added 336 nodes in the center of bulks
SplitMeshEqual: Added edge centers to the nodes list.
SplitMeshEqual: Added face centers to the nodes list.
SplitMeshEqual: Added quad and brick centers to the nodes list.
SplitMeshEqual:  Count of new elements :         2688
SplitMeshEqual: New mesh allocated.
SplitMeshEqual: Array for bulk elements allocated.
SplitMeshEqual: ******** New mesh ********
SplitMeshEqual:  Nodes             :         3549
SplitMeshEqual:  Bulk elements     :         2688
SplitMeshEqual:  Boundary elements :            0
SplitMeshEqual: Elapsed REAL time:     0.0084 (s)
SParIterGlobalNumbering:  Numbering seems consistent, advancing...
ParallelGlobalNumbering: Elapsed REAL time:     0.0209 (s)
ReleaseMeshFaceTables: Releasing number of faces: 1208
SetMeshDimension: Dimension of mesh is: 3
SetMeshDimension: Max dimension of mesh is: 3
NonNodalElements: Element dofs max: 8
SParFaceNumbering: Elapsed REAL time:     0.0000 (s)
SParEdgeNumbering: Elapsed REAL time:     0.0000 (s)
ParallelNonNodalElements: Number of initial nodes: 3549
ParallelNonNodalElements: Number of initial faces: 0
ParallelNonNodalElements: Number of initial edges: 0
ParallelNonNodalElements: Number of shared nodes: 1594
ParallelNonNodalElements: Number of owned shared nodes: 1525
ParallelNonNodal: Elapsed REAL time:     0.0000 (s)
MeshStabParams: Computing stabilization parameters
MeshStabParams: Elapsed REAL time:     0.0022 (s)
MeshStabParams: Computing stabilization parameters
MeshStabParams: Elapsed REAL time:     0.0001 (s)
MeshStabParams: Computing stabilization parameters
MeshStabParams: Elapsed REAL time:     0.0000 (s)
CompleteModelKeywords: Completing keywords for mortars and mechanics!
MAIN: -------------------------------------
AddMeshCoordinates: Setting mesh coordinates and time
VariableAdd: Adding variable > Coordinate 1 < of size 3549
VariableAdd: Adding variable > Coordinate 2 < of size 3549
VariableAdd: Adding variable > Coordinate 3 < of size 3549
VariableAdd: Adding variable > Coordinate 1 < of size 567
VariableAdd: Adding variable > Coordinate 2 < of size 567
VariableAdd: Adding variable > Coordinate 3 < of size 567
VariableAdd: Adding variable > Coordinate 1 < of size 108
VariableAdd: Adding variable > Coordinate 2 < of size 108
VariableAdd: Adding variable > Coordinate 3 < of size 108
AddSolvers: Setting up 2 solvers
AddSolvers: Setting up solver 1: linelast
AddEquationBasics: Using procedure: StressSolve StressSolver
AddEquationBasics: Setting up solver: linelast
Loading user function library: [StressSolve]...[StressSolver_Init]
AddEquationBasics: Checking for _init solver
StressSolve_init: --------------------------------------------------
StressSolve_init: Solving displacements from linear elasticity model
StressSolve_init: --------------------------------------------------
Loading user function library: [StressSolve]...[StressSolver_bulk]
Loading user function library: [StressSolve]...[StressSolver_bulk]
AddEquationBasics: Checking for _bulk solver
Loading user function library: [StressSolve]...[StressSolver]
AddEquationBasics: Treating variable string: -dofs 3 displacement
AddEquationBasics: Creating standard variable: displacement
AddEquationBasics: Computing size of permutation vector
AddEquationBasics: Maximum size of permutation vector is: 3549
AddEquationBasics: Creating solver matrix topology
CreateMatrix: Creating initial permutation
CreateMatrix: Creating inverse of initial order of size: 3549
CreateMatrix: Creating list matrix for equation: linelast
MakeListMatrix: Creating list matrix
OptimizeBandwidth: ---------------------------------------------------------
OptimizeBandwidth: Computing matrix structure for: linelast
OptimizeBandwidth: Initial bandwidth for linelast: 3457
OptimizeBandwidth: Optimized bandwidth for linelast: 405
OptimizeBandwidth: ---------------------------------------------------------
CreateMatrix: Initializing list matrix for equation
CRS_CreateMatrix: Creating CRS Matrix of size: 10647
CRS_CreateMatrix: Creating CRS Matrix with nofs: 719613
CreateMatrix: Sparse matrix created
AddEquationBasics: Number of rows in CRS matrix: 10647
AddEquationBasics: Creating solver variable
VariableAdd: Adding variable > displacement < of size 10647
VariableAdd: Adding variable > displacement 1 < of size 3549
VariableAdd: Adding variable > displacement 2 < of size 3549
VariableAdd: Adding variable > displacement 3 < of size 3549
SolverInitialization: Elapsed REAL time:     0.2633 (s)
AddSolvers: Setting up solver 2: savescalars
AddEquationBasics: Using procedure: SaveData SaveScalars
AddEquationBasics: Setting up solver: savescalars
Loading user function library: [SaveData]...[SaveScalars_Init]
AddEquationBasics: Checking for _init solver
Loading user function library: [SaveData]...[SaveScalars_bulk]
Loading user function library: [SaveData]...[SaveScalars_bulk]
AddEquationBasics: Checking for _bulk solver
Loading user function library: [SaveData]...[SaveScalars]
AddEquationBasics: Creating null variable with no name
AddSolvers: Setting up solvers done
AddTimeEtc: Setting time and other global variables
VariableAdd: Adding variable > Time < of size 1
VariableAdd: Adding variable > Timestep < of size 1
VariableAdd: Adding variable > Timestep size < of size 1
VariableAdd: Adding variable > Timestep interval < of size 1
VariableAdd: Adding variable > nonlin iter < of size 1
VariableAdd: Adding variable > coupled iter < of size 1
VariableAdd: Adding variable > Partition < of size 1
VariableAdd: Adding variable > Time < of size 1
VariableAdd: Adding variable > Timestep < of size 1
VariableAdd: Adding variable > Timestep size < of size 1
VariableAdd: Adding variable > Timestep interval < of size 1
VariableAdd: Adding variable > nonlin iter < of size 1
VariableAdd: Adding variable > coupled iter < of size 1
VariableAdd: Adding variable > Partition < of size 1
VariableAdd: Adding variable > Time < of size 1
VariableAdd: Adding variable > Timestep < of size 1
VariableAdd: Adding variable > Timestep size < of size 1
VariableAdd: Adding variable > Timestep interval < of size 1
VariableAdd: Adding variable > nonlin iter < of size 1
VariableAdd: Adding variable > coupled iter < of size 1
VariableAdd: Adding variable > Partition < of size 1
MAIN: Random seed initialized to: 314159265
SetInitialConditions: Setting up initial conditions (if any)
MAIN: Number of timesteps to be saved: 1
MAIN: 
MAIN: -------------------------------------
MAIN:  Steady state iteration:            1
MAIN: -------------------------------------
MAIN: 
SolveEquations: Solvers before timestep
SolveEquations: Solvers in main iteration loop
SolveEquations: Performing set of solvers in sequence
ListTagCount: Counting tags for keyword normalization!
SetActiveElementsTable: Creating active element table for: linelast
SetActiveElementsTable: Number of active elements found : 2688
ParallelInitMatrix: Creating communication structures for matrix!
ParallelInitMatrix: Allocating communication structures for matrix!
SplitMatrix: Splitting parallel matrix
SplitMatrix: Allocating split stuff for 768 partitions!
List_ToListMatrix: Matrix format changed from CRS to List
List_ToCRSMatrix: Changing matrix type with number of non-zeros: 716850
List_ToCRSMatrix: Matrix format changed from List to CRS
SingleSolver: Attempting to call solver: 1
SingleSolver: Solver Equation string is: linelast
StressSolve: 
StressSolve: --------------------------------------------------
StressSolve: Solving displacements from linear elasticity model
StressSolve: --------------------------------------------------
DefaultStart: Starting solver: linelast
StressSolve: Starting assembly...
InitializeToZero: Initializing the linear system to zero
StressSolve: Assembly:
SetNodalLoads: Finished checking for nodal loads
SetNodalLoads: Finished checking for nodal loads
SetNodalLoads: Finished checking for nodal loads
SetDirichletBoundaries: Number of dofs set for displacement: 0
DefUtils::DefaultDirichletBCs: Setting Dirichlet boundary conditions
SetDirichletBoundaries: Number of dofs set for displacement 1: 25600
DefUtils::DefaultDirichletBCs: p-element condition setup: displacement 1
SetDirichletBoundaries: Number of dofs set for displacement 2: 25600
DefUtils::DefaultDirichletBCs: p-element condition setup: displacement 2
SetDirichletBoundaries: Number of dofs set for displacement 3: 25600
DefUtils::DefaultDirichletBCs: p-element condition setup: displacement 3
EnforceDirichletConditions: Enforcing total of 22506 Dirichlet conditions.
EnforceDirichletConditions: Applying Dirichlet conditions using scaled diagonal
ScaleLinearSystem: Creating > DiagScaling < vector of size 10647
EnforceDirichletConditions: Dirichlet conditions enforced for dofs: 19683
EnforceDirichletConditions: Dirichlet conditions shared count: 2823
DefUtils::DefaultDirichletBCs: Dirichlet boundary conditions set
DefaultSolve: Solving linear system with default routines
GenerateConstraintMatrix: Nothing to do for now
SolveSystem: Solving linear system
SolveSystem: Solving linear system in standard way
SolveLinearSystem: Assuming real valued linear system
SolveLinearSystem: Using previously created parallel matrix structures!
SolveLinearSystem: Assuming parallel linear system
ScaleLinearSystem: Creating > DiagScaling < vector of size 10647
SolveLinearSystem: Linear System Preconditioning: ilu0
Prec0-ilu0: Elapsed REAL time:     0.0000 (s)
SolveLinearSystem: CRS matrix passed the dense test of size 3
SolveLinearSystem: Parallel linear System Solver: iterative
SParIterSolver: Solving linear in parallel with iterative methods
SplittedMatrix: Elapsed REAL time:     0.0508 (s)
IterSolver: Using iterative method: cg
IterSolver: Matrix is real valued
CRS_IncompleteLU: ILU(0) (Real), Performing Factorization:
CRS_IncompleteLU: Allocated LU matrix of size: 716850
CRS_IncompleteLU: Performing incomplete LU
CRS_IncompleteLU: ILU(0) (Real), NOF nonzeros:    716851
CRS_IncompleteLU: ILU(0) (Real), filling (%) :       100
CRS_IncompleteLU: ILU(0) (Real), Factorization time (s):     0.01
Prec-ilu0: Elapsed REAL time:     0.0165 (s)
      20 0.1502E+01
      40 0.2270E+01
      60 0.2299E+01
      80 0.2530E+01
     100 0.3769E+01
     120 0.3416E+01
     140 0.2913E+01
     160 0.2054E+01
     180 0.1764E+01
     200 0.1758E+01
     220 0.1452E+01
     240 0.1548E+01
     260 0.2189E+01
     280 0.3015E+01
     300 0.2404E+01
     320 0.1891E+01
     340 0.1137E+01
     360 0.1170E+01
     380 0.1477E+01
     400 0.1600E+01
     420 0.1366E+01
     440 0.1035E+01
     460 0.1519E+01
     480 0.1804E+01
     500 0.1420E+01
     520 0.1373E+01
     540 0.1808E+01
     560 0.1106E+01
     580 0.1048E+01
     600 0.1058E+01
     620 0.8146E+00
     640 0.5255E+00
     660 0.3432E+00
     680 0.3532E+00
     700 0.4675E+00
     720 0.6411E+00
     740 0.9927E+00
     760 0.9082E+00
     780 0.6562E+00
     800 0.3910E+00
     820 0.2448E+00
     840 0.2141E+00
     860 0.1816E+00
     880 0.1895E+00
     900 0.1502E+00
     920 0.8734E-01
     940 0.5147E-01
     960 0.2753E-01
     980 0.1580E-01
    1000 0.1056E-01
    1020 0.8586E-02
    1040 0.1153E-01
    1060 0.1737E-01
    1080 0.2550E-01
    1100 0.4026E-01
    1120 0.6684E-01
    1140 0.5320E-01
    1160 0.2626E-01
    1180 0.1133E-01
    1200 0.5982E-02
    1220 0.2031E-02
    1240 0.6057E-03
    1260 0.1849E-03
    1280 0.6457E-04
    1300 0.2192E-04
    1320 0.8363E-05
    1340 0.2553E-05
    1360 0.7808E-06
    1380 0.2550E-06
    1400 0.8330E-07
    1420 0.2300E-07
    1433 0.9390E-08
BackScaleLinearSystem: Scaling back to original scale
ComputeNorm: Computing norm of solution
ComputeNorm: Using consistent norm in parallel
ComputeChange: NS (ITER=1) (NRM,RELC): ( 0.23389156E-01  2.0000000     ) :: linelast
SolveSystem: System solved
SolveSystem: Linear system time (CPU,REAL) for displacement:    17.67   18.19 (s)
SolveSystem: Finished solving the system
DefaultFinish: Finished solver: linelast
StressSolver: All done
StressSolver: ------------------------------------------
SolverActivate: Solver time (CPU,REAL) for linelast:    18.13   18.90 (s)
ComputeNorm: Computing norm of solution
ComputeNorm: Using consistent norm in parallel
ComputeChange: SS (ITER=1) (NRM,RELC): ( 0.23389156E-01  2.0000000     ) :: linelast
SetActiveElementsTable: Creating active element table for: savescalars
SetActiveElementsTable: No active elements found
SingleSolver: Attempting to call solver: 2
SingleSolver: Solver Equation string is: savescalars
SaveScalars: -----------------------------------------
SaveScalars: Saving scalar values of various kinds
SolverOutputDirectory: Creating directory: results_cpu
SaveScalars: Treating variable: displacement
SaveScalars: Treating operator: dofs
OperToParOperMap: dofs -> sum
SaveScalars: Treating variable: displacement
SaveScalars: Treating operator: elements
OperToParOperMap: elements -> sum
SaveScalars: Treating variable: displacement
SaveScalars: Treating operator: partitions
OperToParOperMap: partitions -> none
SaveScalars: Treating variable: displacement
SaveScalars: Treating operator: norm
OperToParOperMap: norm -> none
SaveScalars: Treating variable: displacement
SaveScalars: Treating operator: cpu time
OperToParOperMap: cpu time -> none
SaveScalars: Performed 5 reduction operations
SaveScalars: Adding information on simulation timing
SaveScalars: Found 4 result scalars in simulation section
SaveScalars: Found 12 values to save in total
SaveScalars: Saving names of values to file: results_cpu/f768.dat.names
SaveScalars: Parallel data is reduced into one file
SaveScalars: Data is appended to existing file
SaveScalars: Saving values to file: results_cpu/f768.dat
SaveScalars: -----------------------------------------
SolveEquations: Solvers after timestep
WARNING:: CompareToReferenceSolution: Solver 1 FAILED:  Norm = 2.33891558E-02  RefNorm = 2.33900606E-02
CompareToReferenceSolution: Relative Error to reference norm: 3.868246E-05
ReloadInputFile: Reloading input file
LoadInputFile: Loading input file:
WARNING:: CompareToReferenceSolution: FAILED 1 tests out of 1!
MAIN: Reporting unused list entries for sif improvement!
MAIN: If you do not want these lines undefine > DEVEL_LISTUSAGE < !
   Unused keywords:
       Simulation            max output level
       Boundary Condition 2  force 2
       Solver 1              linear system ilut tolerance
       Solver 1              linear system abort not converged
MAIN: *** Elmer Solver: ALL DONE ***
FreeModel: Freeing meshes
ReleaseMesh: Releasing mesh variables
ReleaseMesh: Releasing mesh nodes
ReleaseMesh: Releasing mesh finished
ReleaseMesh: Releasing mesh variables
ReleaseMesh: Releasing mesh nodes
ReleaseMesh: Releasing mesh finished
ReleaseMesh: Releasing mesh variables
ReleaseMesh: Releasing mesh nodes
ReleaseMesh: Releasing mesh finished
FreeModel: Freeing constants list
FreeModel: Freeing simulation list
FreeModel: Freeing boundary lists
FreeModel: Freeing solvers
Loading user function library: [StressSolve]...[StressSolver_Finalize]
Loading user function library: [StressSolve]...[StressSolver_Finalize]
Loading user function library: [SaveData]...[SaveScalars_Finalize]
Loading user function library: [SaveData]...[SaveScalars_Finalize]
FreeModel: Freeing initial conditions lists
FreeModel: Freeing body lists
FreeModel: Freeing equations lists
FreeModel: Freeing body forces lists
ParallelFinalize: Final synchronization of the MPI system!
MAIN: The end
SOLVER TOTAL TIME(CPU,REAL):        20.75       66.26
ELMER SOLVER FINISHED AT: 2026/07/28 13:56:32

Ending linsys/elmer_iter_CG_ILU0.sif with mesh level 3
Elapsed time: 85 s
-----------------------------------


Solver linsys/elmer_iter_CG_ILUT_3.sif not recommended for given problem. Ignoring it


Solver linsys/elmer_iter_CG_ILUT_4.sif not recommended for given problem. Ignoring it


Solver linsys/elmer_iter_CG_ILUT_5.sif not recommended for given problem. Ignoring it


Solver linsys/elmer_iter_CG_ILUT_6.sif not recommended for given problem. Ignoring it


Solver linsys/elmer_iter_CG_ILUT_7.sif not recommended for given problem. Ignoring it


Solver linsys/elmer_iter_CG_none.sif not recommended for given problem. Ignoring it


Solver linsys/elmer_iter_CG_vanka1.sif not recommended for given problem. Ignoring it


Solver linsys/elmer_iter_CG_vanka2.sif not recommended for given problem. Ignoring it


Solver linsys/elmer_iter_CG_vanka.sif not recommended for given problem. Ignoring it


Solver linsys/elmer_iter_GCR_BP_CMG_SGS.sif not recommended for given problem. Ignoring it


Solver linsys/elmer_iter_GCR_GMG_BiCGStab_none.sif not recommended for given problem. Ignoring it


Solver linsys/elmer_iter_GCR_PMG_cjacobi_direct_mumps.sif not recommended for given problem. Ignoring it


Solver linsys/elmer_iter_GCR_PMG_cjacobi_direct_umfpack.sif not recommended for given problem. Ignoring it


Solver linsys/elmer_iter_Gmres_ILU0.sif not recommended for given problem. Ignoring it



-----------------------------------
Starting linsys/elmer_iter_Idrs5_ILU0.sif with mesh level 3

ELMER SOLVER (v 26.2) STARTED AT: 2026/07/28 13:56:47
ELMER SOLVER (v 26.2) STARTED AT: 2026/07/28 13:56:47
ELMER SOLVER (v 26.2) STARTED AT: 2026/07/28 13:56:47
ELMER SOLVER (v 26.2) STARTED AT: 2026/07/28 13:56:47
ELMER SOLVER (v 26.2) STARTED AT: 2026/07/28 13:56:47
ELMER SOLVER (v 26.2) STARTED AT: 2026/07/28 13:56:47
ELMER SOLVER (v 26.2) STARTED AT: 2026/07/28 13:56:47
ELMER SOLVER (v 26.2) STARTED AT: 2026/07/28 13:56:47
ELMER SOLVER (v 26.2) STARTED AT: 2026/07/28 13:56:47
ELMER SOLVER (v 26.2) STARTED AT: 2026/07/28 13:56:47
ELMER SOLVER (v 26.2) STARTED AT: 2026/07/28 13:56:47
ELMER SOLVER (v 26.2) STARTED AT: 2026/07/28 13:56:47
ELMER SOLVER (v 26.2) STARTED AT: 2026/07/28 13:56:47
ELMER SOLVER (v 26.2) STARTED AT: 2026/07/28 13:56:47
ELMER SOLVER (v 26.2) STARTED AT: 2026/07/28 13:56:47
ELMER SOLVER (v 26.2) STARTED AT: 2026/07/28 13:56:47
ELMER SOLVER (v 26.2) STARTED AT: 2026/07/28 13:56:47
ELMER SOLVER (v 26.2) STARTED AT: 2026/07/28 13:56:47
ELMER SOLVER (v 26.2) STARTED AT: 2026/07/28 13:56:47
ELMER SOLVER (v 26.2) STARTED AT: 2026/07/28 13:56:47
ELMER SOLVER (v 26.2) STARTED AT: 2026/07/28 13:56:47
ELMER SOLVER (v 26.2) STARTED AT: 2026/07/28 13:56:47
ELMER SOLVER (v 26.2) STARTED AT: 2026/07/28 13:56:47
ELMER SOLVER (v 26.2) STARTED AT: 2026/07/28 13:56:47
ELMER SOLVER (v 26.2) STARTED AT: 2026/07/28 13:56:47
ELMER SOLVER (v 26.2) STARTED AT: 2026/07/28 13:56:47
ELMER SOLVER (v 26.2) STARTED AT: 2026/07/28 13:56:47
ELMER SOLVER (v 26.2) STARTED AT: 2026/07/28 13:56:47
ELMER SOLVER (v 26.2) STARTED AT: 2026/07/28 13:56:47
ELMER SOLVER (v 26.2) STARTED AT: 2026/07/28 13:56:47
ELMER SOLVER (v 26.2) STARTED AT: 2026/07/28 13:56:47
ELMER SOLVER (v 26.2) STARTED AT: 2026/07/28 13:56:47
ELMER SOLVER (v 26.2) STARTED AT: 2026/07/28 13:56:47
ELMER SOLVER (v 26.2) STARTED AT: 2026/07/28 13:56:47
ELMER SOLVER (v 26.2) STARTED AT: 2026/07/28 13:56:47
ELMER SOLVER (v 26.2) STARTED AT: 2026/07/28 13:56:47
ELMER SOLVER (v 26.2) STARTED AT: 2026/07/28 13:56:47
ELMER SOLVER (v 26.2) STARTED AT: 2026/07/28 13:56:47
ELMER SOLVER (v 26.2) STARTED AT: 2026/07/28 13:56:47
ELMER SOLVER (v 26.2) STARTED AT: 2026/07/28 13:56:47
ELMER SOLVER (v 26.2) STARTED AT: 2026/07/28 13:56:47
ELMER SOLVER (v 26.2) STARTED AT: 2026/07/28 13:56:47
ELMER SOLVER (v 26.2) STARTED AT: 2026/07/28 13:56:47
ELMER SOLVER (v 26.2) STARTED AT: 2026/07/28 13:56:47
ELMER SOLVER (v 26.2) STARTED AT: 2026/07/28 13:56:47
ELMER SOLVER (v 26.2) STARTED AT: 2026/07/28 13:56:47
ELMER SOLVER (v 26.2) STARTED AT: 2026/07/28 13:56:47
ELMER SOLVER (v 26.2) STARTED AT: 2026/07/28 13:56:47
ELMER SOLVER (v 26.2) STARTED AT: 2026/07/28 13:56:47
ELMER SOLVER (v 26.2) STARTED AT: 2026/07/28 13:56:47
ELMER SOLVER (v 26.2) STARTED AT: 2026/07/28 13:56:47
ELMER SOLVER (v 26.2) STARTED AT: 2026/07/28 13:56:47
ELMER SOLVER (v 26.2) STARTED AT: 2026/07/28 13:56:47
ELMER SOLVER (v 26.2) STARTED AT: 2026/07/28 13:56:47
ELMER SOLVER (v 26.2) STARTED AT: 2026/07/28 13:56:47
ELMER SOLVER (v 26.2) STARTED AT: 2026/07/28 13:56:47
ELMER SOLVER (v 26.2) STARTED AT: 2026/07/28 13:56:47
ELMER SOLVER (v 26.2) STARTED AT: 2026/07/28 13:56:47
ELMER SOLVER (v 26.2) STARTED AT: 2026/07/28 13:56:47
ELMER SOLVER (v 26.2) STARTED AT: 2026/07/28 13:56:47
ELMER SOLVER (v 26.2) STARTED AT: 2026/07/28 13:56:47
ELMER SOLVER (v 26.2) STARTED AT: 2026/07/28 13:56:47
ELMER SOLVER (v 26.2) STARTED AT: 2026/07/28 13:56:47
ELMER SOLVER (v 26.2) STARTED AT: 2026/07/28 13:56:47
ELMER SOLVER (v 26.2) STARTED AT: 2026/07/28 13:56:47
ELMER SOLVER (v 26.2) STARTED AT: 2026/07/28 13:56:47
ELMER SOLVER (v 26.2) STARTED AT: 2026/07/28 13:56:47
ELMER SOLVER (v 26.2) STARTED AT: 2026/07/28 13:56:47
ELMER SOLVER (v 26.2) STARTED AT: 2026/07/28 13:56:47
ELMER SOLVER (v 26.2) STARTED AT: 2026/07/28 13:56:47
ELMER SOLVER (v 26.2) STARTED AT: 2026/07/28 13:56:47
ELMER SOLVER (v 26.2) STARTED AT: 2026/07/28 13:56:47
ELMER SOLVER (v 26.2) STARTED AT: 2026/07/28 13:56:47
ELMER SOLVER (v 26.2) STARTED AT: 2026/07/28 13:56:47
ELMER SOLVER (v 26.2) STARTED AT: 2026/07/28 13:56:47
ELMER SOLVER (v 26.2) STARTED AT: 2026/07/28 13:56:47
ELMER SOLVER (v 26.2) STARTED AT: 2026/07/28 13:56:47
ELMER SOLVER (v 26.2) STARTED AT: 2026/07/28 13:56:47
ELMER SOLVER (v 26.2) STARTED AT: 2026/07/28 13:56:47
ELMER SOLVER (v 26.2) STARTED AT: 2026/07/28 13:56:47
ELMER SOLVER (v 26.2) STARTED AT: 2026/07/28 13:56:47
ELMER SOLVER (v 26.2) STARTED AT: 2026/07/28 13:56:47
ELMER SOLVER (v 26.2) STARTED AT: 2026/07/28 13:56:47
ELMER SOLVER (v 26.2) STARTED AT: 2026/07/28 13:56:47
ELMER SOLVER (v 26.2) STARTED AT: 2026/07/28 13:56:47
ELMER SOLVER (v 26.2) STARTED AT: 2026/07/28 13:56:47
ELMER SOLVER (v 26.2) STARTED AT: 2026/07/28 13:56:47
ELMER SOLVER (v 26.2) STARTED AT: 2026/07/28 13:56:47
ELMER SOLVER (v 26.2) STARTED AT: 2026/07/28 13:56:47
ELMER SOLVER (v 26.2) STARTED AT: 2026/07/28 13:56:47
ELMER SOLVER (v 26.2) STARTED AT: 2026/07/28 13:56:47
ELMER SOLVER (v 26.2) STARTED AT: 2026/07/28 13:56:47
ELMER SOLVER (v 26.2) STARTED AT: 2026/07/28 13:56:47
ELMER SOLVER (v 26.2) STARTED AT: 2026/07/28 13:56:47
ELMER SOLVER (v 26.2) STARTED AT: 2026/07/28 13:56:47
ELMER SOLVER (v 26.2) STARTED AT: 2026/07/28 13:56:47
ELMER SOLVER (v 26.2) STARTED AT: 2026/07/28 13:56:47
ELMER SOLVER (v 26.2) STARTED AT: 2026/07/28 13:56:47
ELMER SOLVER (v 26.2) STARTED AT: 2026/07/28 13:56:47
ELMER SOLVER (v 26.2) STARTED AT: 2026/07/28 13:56:48
ELMER SOLVER (v 26.2) STARTED AT: 2026/07/28 13:56:48
ELMER SOLVER (v 26.2) STARTED AT: 2026/07/28 13:56:48
ELMER SOLVER (v 26.2) STARTED AT: 2026/07/28 13:56:48
ELMER SOLVER (v 26.2) STARTED AT: 2026/07/28 13:56:48
ELMER SOLVER (v 26.2) STARTED AT: 2026/07/28 13:56:48
ELMER SOLVER (v 26.2) STARTED AT: 2026/07/28 13:56:48
ELMER SOLVER (v 26.2) STARTED AT: 2026/07/28 13:56:48
ELMER SOLVER (v 26.2) STARTED AT: 2026/07/28 13:56:48
ELMER SOLVER (v 26.2) STARTED AT: 2026/07/28 13:56:48
ELMER SOLVER (v 26.2) STARTED AT: 2026/07/28 13:56:48
ELMER SOLVER (v 26.2) STARTED AT: 2026/07/28 13:56:48
ELMER SOLVER (v 26.2) STARTED AT: 2026/07/28 13:56:48
ELMER SOLVER (v 26.2) STARTED AT: 2026/07/28 13:56:48
ELMER SOLVER (v 26.2) STARTED AT: 2026/07/28 13:56:48
ELMER SOLVER (v 26.2) STARTED AT: 2026/07/28 13:56:48
ELMER SOLVER (v 26.2) STARTED AT: 2026/07/28 13:56:48
ELMER SOLVER (v 26.2) STARTED AT: 2026/07/28 13:56:48
ELMER SOLVER (v 26.2) STARTED AT: 2026/07/28 13:56:48
ELMER SOLVER (v 26.2) STARTED AT: 2026/07/28 13:56:48
ELMER SOLVER (v 26.2) STARTED AT: 2026/07/28 13:56:48
ELMER SOLVER (v 26.2) STARTED AT: 2026/07/28 13:56:48
ELMER SOLVER (v 26.2) STARTED AT: 2026/07/28 13:56:48
ELMER SOLVER (v 26.2) STARTED AT: 2026/07/28 13:56:48
ELMER SOLVER (v 26.2) STARTED AT: 2026/07/28 13:56:48
ELMER SOLVER (v 26.2) STARTED AT: 2026/07/28 13:56:48
ELMER SOLVER (v 26.2) STARTED AT: 2026/07/28 13:56:48
ELMER SOLVER (v 26.2) STARTED AT: 2026/07/28 13:56:48
ELMER SOLVER (v 26.2) STARTED AT: 2026/07/28 13:56:48
ELMER SOLVER (v 26.2) STARTED AT: 2026/07/28 13:56:48
ELMER SOLVER (v 26.2) STARTED AT: 2026/07/28 13:56:48
ELMER SOLVER (v 26.2) STARTED AT: 2026/07/28 13:56:48
ELMER SOLVER (v 26.2) STARTED AT: 2026/07/28 13:56:48
ELMER SOLVER (v 26.2) STARTED AT: 2026/07/28 13:56:48
ELMER SOLVER (v 26.2) STARTED AT: 2026/07/28 13:56:48
ELMER SOLVER (v 26.2) STARTED AT: 2026/07/28 13:56:48
ELMER SOLVER (v 26.2) STARTED AT: 2026/07/28 13:56:48
ELMER SOLVER (v 26.2) STARTED AT: 2026/07/28 13:56:48
ELMER SOLVER (v 26.2) STARTED AT: 2026/07/28 13:56:48
ELMER SOLVER (v 26.2) STARTED AT: 2026/07/28 13:56:48
ELMER SOLVER (v 26.2) STARTED AT: 2026/07/28 13:56:48
ELMER SOLVER (v 26.2) STARTED AT: 2026/07/28 13:56:48
ELMER SOLVER (v 26.2) STARTED AT: 2026/07/28 13:56:48
ELMER SOLVER (v 26.2) STARTED AT: 2026/07/28 13:56:48
ELMER SOLVER (v 26.2) STARTED AT: 2026/07/28 13:56:48
ELMER SOLVER (v 26.2) STARTED AT: 2026/07/28 13:56:48
ELMER SOLVER (v 26.2) STARTED AT: 2026/07/28 13:56:48
ELMER SOLVER (v 26.2) STARTED AT: 2026/07/28 13:56:48
ELMER SOLVER (v 26.2) STARTED AT: 2026/07/28 13:56:48
ELMER SOLVER (v 26.2) STARTED AT: 2026/07/28 13:56:48
ELMER SOLVER (v 26.2) STARTED AT: 2026/07/28 13:56:48
ELMER SOLVER (v 26.2) STARTED AT: 2026/07/28 13:56:48
ELMER SOLVER (v 26.2) STARTED AT: 2026/07/28 13:56:48
ELMER SOLVER (v 26.2) STARTED AT: 2026/07/28 13:56:48
ELMER SOLVER (v 26.2) STARTED AT: 2026/07/28 13:56:48
ELMER SOLVER (v 26.2) STARTED AT: 2026/07/28 13:56:48
ELMER SOLVER (v 26.2) STARTED AT: 2026/07/28 13:56:48
ELMER SOLVER (v 26.2) STARTED AT: 2026/07/28 13:56:48
ELMER SOLVER (v 26.2) STARTED AT: 2026/07/28 13:56:48
ELMER SOLVER (v 26.2) STARTED AT: 2026/07/28 13:56:48
ELMER SOLVER (v 26.2) STARTED AT: 2026/07/28 13:56:48
ELMER SOLVER (v 26.2) STARTED AT: 2026/07/28 13:56:48
ELMER SOLVER (v 26.2) STARTED AT: 2026/07/28 13:56:48
ELMER SOLVER (v 26.2) STARTED AT: 2026/07/28 13:56:48
ELMER SOLVER (v 26.2) STARTED AT: 2026/07/28 13:56:48
ELMER SOLVER (v 26.2) STARTED AT: 2026/07/28 13:56:48
ELMER SOLVER (v 26.2) STARTED AT: 2026/07/28 13:56:48
ELMER SOLVER (v 26.2) STARTED AT: 2026/07/28 13:56:48
ELMER SOLVER (v 26.2) STARTED AT: 2026/07/28 13:56:48
ELMER SOLVER (v 26.2) STARTED AT: 2026/07/28 13:56:48
ELMER SOLVER (v 26.2) STARTED AT: 2026/07/28 13:56:48
ELMER SOLVER (v 26.2) STARTED AT: 2026/07/28 13:56:48
ELMER SOLVER (v 26.2) STARTED AT: 2026/07/28 13:56:48
ELMER SOLVER (v 26.2) STARTED AT: 2026/07/28 13:56:48
ELMER SOLVER (v 26.2) STARTED AT: 2026/07/28 13:56:48
ELMER SOLVER (v 26.2) STARTED AT: 2026/07/28 13:56:48
ELMER SOLVER (v 26.2) STARTED AT: 2026/07/28 13:56:48
ELMER SOLVER (v 26.2) STARTED AT: 2026/07/28 13:56:48
ELMER SOLVER (v 26.2) STARTED AT: 2026/07/28 13:56:48
ELMER SOLVER (v 26.2) STARTED AT: 2026/07/28 13:56:48
ELMER SOLVER (v 26.2) STARTED AT: 2026/07/28 13:56:48
ELMER SOLVER (v 26.2) STARTED AT: 2026/07/28 13:56:48
ELMER SOLVER (v 26.2) STARTED AT: 2026/07/28 13:56:48
ELMER SOLVER (v 26.2) STARTED AT: 2026/07/28 13:56:48
ELMER SOLVER (v 26.2) STARTED AT: 2026/07/28 13:56:48
ELMER SOLVER (v 26.2) STARTED AT: 2026/07/28 13:56:48
ELMER SOLVER (v 26.2) STARTED AT: 2026/07/28 13:56:48
ELMER SOLVER (v 26.2) STARTED AT: 2026/07/28 13:56:48
ELMER SOLVER (v 26.2) STARTED AT: 2026/07/28 13:56:48
ELMER SOLVER (v 26.2) STARTED AT: 2026/07/28 13:56:48
ELMER SOLVER (v 26.2) STARTED AT: 2026/07/28 13:56:48
ELMER SOLVER (v 26.2) STARTED AT: 2026/07/28 13:56:48
ELMER SOLVER (v 26.2) STARTED AT: 2026/07/28 13:56:48
ELMER SOLVER (v 26.2) STARTED AT: 2026/07/28 13:56:48
ELMER SOLVER (v 26.2) STARTED AT: 2026/07/28 13:56:48
ELMER SOLVER (v 26.2) STARTED AT: 2026/07/28 13:56:48
ELMER SOLVER (v 26.2) STARTED AT: 2026/07/28 13:56:48
ELMER SOLVER (v 26.2) STARTED AT: 2026/07/28 13:56:48
ELMER SOLVER (v 26.2) STARTED AT: 2026/07/28 13:56:48
ELMER SOLVER (v 26.2) STARTED AT: 2026/07/28 13:56:48
ELMER SOLVER (v 26.2) STARTED AT: 2026/07/28 13:56:48
ELMER SOLVER (v 26.2) STARTED AT: 2026/07/28 13:56:48
ELMER SOLVER (v 26.2) STARTED AT: 2026/07/28 13:56:48
ELMER SOLVER (v 26.2) STARTED AT: 2026/07/28 13:56:48
ELMER SOLVER (v 26.2) STARTED AT: 2026/07/28 13:56:48
ELMER SOLVER (v 26.2) STARTED AT: 2026/07/28 13:56:48
ELMER SOLVER (v 26.2) STARTED AT: 2026/07/28 13:56:48
ELMER SOLVER (v 26.2) STARTED AT: 2026/07/28 13:56:48
ELMER SOLVER (v 26.2) STARTED AT: 2026/07/28 13:56:48
ELMER SOLVER (v 26.2) STARTED AT: 2026/07/28 13:56:48
ELMER SOLVER (v 26.2) STARTED AT: 2026/07/28 13:56:48
ELMER SOLVER (v 26.2) STARTED AT: 2026/07/28 13:56:48
ELMER SOLVER (v 26.2) STARTED AT: 2026/07/28 13:56:48
ELMER SOLVER (v 26.2) STARTED AT: 2026/07/28 13:56:48
ELMER SOLVER (v 26.2) STARTED AT: 2026/07/28 13:56:48
ELMER SOLVER (v 26.2) STARTED AT: 2026/07/28 13:56:48
ELMER SOLVER (v 26.2) STARTED AT: 2026/07/28 13:56:48
ELMER SOLVER (v 26.2) STARTED AT: 2026/07/28 13:56:48
ELMER SOLVER (v 26.2) STARTED AT: 2026/07/28 13:56:48
ELMER SOLVER (v 26.2) STARTED AT: 2026/07/28 13:56:48
ELMER SOLVER (v 26.2) STARTED AT: 2026/07/28 13:56:48
ELMER SOLVER (v 26.2) STARTED AT: 2026/07/28 13:56:48
ELMER SOLVER (v 26.2) STARTED AT: 2026/07/28 13:56:48
ELMER SOLVER (v 26.2) STARTED AT: 2026/07/28 13:56:48
ELMER SOLVER (v 26.2) STARTED AT: 2026/07/28 13:56:48
ELMER SOLVER (v 26.2) STARTED AT: 2026/07/28 13:56:48
ELMER SOLVER (v 26.2) STARTED AT: 2026/07/28 13:56:48
ELMER SOLVER (v 26.2) STARTED AT: 2026/07/28 13:56:48
ELMER SOLVER (v 26.2) STARTED AT: 2026/07/28 13:56:48
ELMER SOLVER (v 26.2) STARTED AT: 2026/07/28 13:56:48
ELMER SOLVER (v 26.2) STARTED AT: 2026/07/28 13:56:48
ELMER SOLVER (v 26.2) STARTED AT: 2026/07/28 13:56:48
ELMER SOLVER (v 26.2) STARTED AT: 2026/07/28 13:56:48
ELMER SOLVER (v 26.2) STARTED AT: 2026/07/28 13:56:48
ELMER SOLVER (v 26.2) STARTED AT: 2026/07/28 13:56:48
ELMER SOLVER (v 26.2) STARTED AT: 2026/07/28 13:56:48
ELMER SOLVER (v 26.2) STARTED AT: 2026/07/28 13:56:48
ELMER SOLVER (v 26.2) STARTED AT: 2026/07/28 13:56:48
ELMER SOLVER (v 26.2) STARTED AT: 2026/07/28 13:56:48
ELMER SOLVER (v 26.2) STARTED AT: 2026/07/28 13:56:48
ELMER SOLVER (v 26.2) STARTED AT: 2026/07/28 13:56:48
ELMER SOLVER (v 26.2) STARTED AT: 2026/07/28 13:56:48
ELMER SOLVER (v 26.2) STARTED AT: 2026/07/28 13:56:48
ELMER SOLVER (v 26.2) STARTED AT: 2026/07/28 13:56:48
ELMER SOLVER (v 26.2) STARTED AT: 2026/07/28 13:56:48
ELMER SOLVER (v 26.2) STARTED AT: 2026/07/28 13:56:48
ELMER SOLVER (v 26.2) STARTED AT: 2026/07/28 13:56:48
ELMER SOLVER (v 26.2) STARTED AT: 2026/07/28 13:56:48
ELMER SOLVER (v 26.2) STARTED AT: 2026/07/28 13:56:48
ELMER SOLVER (v 26.2) STARTED AT: 2026/07/28 13:56:48
ELMER SOLVER (v 26.2) STARTED AT: 2026/07/28 13:56:48
ELMER SOLVER (v 26.2) STARTED AT: 2026/07/28 13:56:48
ELMER SOLVER (v 26.2) STARTED AT: 2026/07/28 13:56:48
ELMER SOLVER (v 26.2) STARTED AT: 2026/07/28 13:56:48
ELMER SOLVER (v 26.2) STARTED AT: 2026/07/28 13:56:48
ELMER SOLVER (v 26.2) STARTED AT: 2026/07/28 13:56:48
ELMER SOLVER (v 26.2) STARTED AT: 2026/07/28 13:56:48
ELMER SOLVER (v 26.2) STARTED AT: 2026/07/28 13:56:48
ELMER SOLVER (v 26.2) STARTED AT: 2026/07/28 13:56:48
ELMER SOLVER (v 26.2) STARTED AT: 2026/07/28 13:56:48
ELMER SOLVER (v 26.2) STARTED AT: 2026/07/28 13:56:48
ELMER SOLVER (v 26.2) STARTED AT: 2026/07/28 13:56:48
ELMER SOLVER (v 26.2) STARTED AT: 2026/07/28 13:56:48
ELMER SOLVER (v 26.2) STARTED AT: 2026/07/28 13:56:48
ELMER SOLVER (v 26.2) STARTED AT: 2026/07/28 13:56:48
ELMER SOLVER (v 26.2) STARTED AT: 2026/07/28 13:56:48
ELMER SOLVER (v 26.2) STARTED AT: 2026/07/28 13:56:48
ELMER SOLVER (v 26.2) STARTED AT: 2026/07/28 13:56:48
ELMER SOLVER (v 26.2) STARTED AT: 2026/07/28 13:56:48
ELMER SOLVER (v 26.2) STARTED AT: 2026/07/28 13:56:48
ELMER SOLVER (v 26.2) STARTED AT: 2026/07/28 13:56:48
ELMER SOLVER (v 26.2) STARTED AT: 2026/07/28 13:56:48
ELMER SOLVER (v 26.2) STARTED AT: 2026/07/28 13:56:48
ELMER SOLVER (v 26.2) STARTED AT: 2026/07/28 13:56:48
ELMER SOLVER (v 26.2) STARTED AT: 2026/07/28 13:56:48
ELMER SOLVER (v 26.2) STARTED AT: 2026/07/28 13:56:48
ELMER SOLVER (v 26.2) STARTED AT: 2026/07/28 13:56:48
ELMER SOLVER (v 26.2) STARTED AT: 2026/07/28 13:56:48
ELMER SOLVER (v 26.2) STARTED AT: 2026/07/28 13:56:48
ELMER SOLVER (v 26.2) STARTED AT: 2026/07/28 13:56:48
ELMER SOLVER (v 26.2) STARTED AT: 2026/07/28 13:56:48
ELMER SOLVER (v 26.2) STARTED AT: 2026/07/28 13:56:48
ELMER SOLVER (v 26.2) STARTED AT: 2026/07/28 13:56:48
ELMER SOLVER (v 26.2) STARTED AT: 2026/07/28 13:56:48
ELMER SOLVER (v 26.2) STARTED AT: 2026/07/28 13:56:48
ELMER SOLVER (v 26.2) STARTED AT: 2026/07/28 13:56:48
ELMER SOLVER (v 26.2) STARTED AT: 2026/07/28 13:56:48
ELMER SOLVER (v 26.2) STARTED AT: 2026/07/28 13:56:48
ELMER SOLVER (v 26.2) STARTED AT: 2026/07/28 13:56:48
ELMER SOLVER (v 26.2) STARTED AT: 2026/07/28 13:56:48
ELMER SOLVER (v 26.2) STARTED AT: 2026/07/28 13:56:48
ELMER SOLVER (v 26.2) STARTED AT: 2026/07/28 13:56:48
ELMER SOLVER (v 26.2) STARTED AT: 2026/07/28 13:56:48
ELMER SOLVER (v 26.2) STARTED AT: 2026/07/28 13:56:48
ELMER SOLVER (v 26.2) STARTED AT: 2026/07/28 13:56:48
ELMER SOLVER (v 26.2) STARTED AT: 2026/07/28 13:56:48
ELMER SOLVER (v 26.2) STARTED AT: 2026/07/28 13:56:48
ELMER SOLVER (v 26.2) STARTED AT: 2026/07/28 13:56:48
ELMER SOLVER (v 26.2) STARTED AT: 2026/07/28 13:56:48
ELMER SOLVER (v 26.2) STARTED AT: 2026/07/28 13:56:48
ELMER SOLVER (v 26.2) STARTED AT: 2026/07/28 13:56:48
ELMER SOLVER (v 26.2) STARTED AT: 2026/07/28 13:56:48
ELMER SOLVER (v 26.2) STARTED AT: 2026/07/28 13:56:48
ELMER SOLVER (v 26.2) STARTED AT: 2026/07/28 13:56:48
ELMER SOLVER (v 26.2) STARTED AT: 2026/07/28 13:56:48
ELMER SOLVER (v 26.2) STARTED AT: 2026/07/28 13:56:48
ELMER SOLVER (v 26.2) STARTED AT: 2026/07/28 13:56:48
ELMER SOLVER (v 26.2) STARTED AT: 2026/07/28 13:56:48
ELMER SOLVER (v 26.2) STARTED AT: 2026/07/28 13:56:48
ELMER SOLVER (v 26.2) STARTED AT: 2026/07/28 13:56:48
ELMER SOLVER (v 26.2) STARTED AT: 2026/07/28 13:56:49
ELMER SOLVER (v 26.2) STARTED AT: 2026/07/28 13:56:49
ELMER SOLVER (v 26.2) STARTED AT: 2026/07/28 13:56:49
ELMER SOLVER (v 26.2) STARTED AT: 2026/07/28 13:56:49
ELMER SOLVER (v 26.2) STARTED AT: 2026/07/28 13:56:49
ELMER SOLVER (v 26.2) STARTED AT: 2026/07/28 13:56:49
ELMER SOLVER (v 26.2) STARTED AT: 2026/07/28 13:56:49
ELMER SOLVER (v 26.2) STARTED AT: 2026/07/28 13:56:49
ELMER SOLVER (v 26.2) STARTED AT: 2026/07/28 13:56:49
ELMER SOLVER (v 26.2) STARTED AT: 2026/07/28 13:56:49
ELMER SOLVER (v 26.2) STARTED AT: 2026/07/28 13:56:49
ELMER SOLVER (v 26.2) STARTED AT: 2026/07/28 13:56:49
ELMER SOLVER (v 26.2) STARTED AT: 2026/07/28 13:56:49
ELMER SOLVER (v 26.2) STARTED AT: 2026/07/28 13:56:49
ELMER SOLVER (v 26.2) STARTED AT: 2026/07/28 13:56:49
ELMER SOLVER (v 26.2) STARTED AT: 2026/07/28 13:56:49
ELMER SOLVER (v 26.2) STARTED AT: 2026/07/28 13:56:49
ELMER SOLVER (v 26.2) STARTED AT: 2026/07/28 13:56:49
ELMER SOLVER (v 26.2) STARTED AT: 2026/07/28 13:56:49
ELMER SOLVER (v 26.2) STARTED AT: 2026/07/28 13:56:49
ELMER SOLVER (v 26.2) STARTED AT: 2026/07/28 13:56:49
ELMER SOLVER (v 26.2) STARTED AT: 2026/07/28 13:56:49
ELMER SOLVER (v 26.2) STARTED AT: 2026/07/28 13:56:49
ELMER SOLVER (v 26.2) STARTED AT: 2026/07/28 13:56:49
ELMER SOLVER (v 26.2) STARTED AT: 2026/07/28 13:56:49
ELMER SOLVER (v 26.2) STARTED AT: 2026/07/28 13:56:49
ELMER SOLVER (v 26.2) STARTED AT: 2026/07/28 13:56:49
ELMER SOLVER (v 26.2) STARTED AT: 2026/07/28 13:56:49
ELMER SOLVER (v 26.2) STARTED AT: 2026/07/28 13:56:49
ELMER SOLVER (v 26.2) STARTED AT: 2026/07/28 13:56:49
ELMER SOLVER (v 26.2) STARTED AT: 2026/07/28 13:56:49
ELMER SOLVER (v 26.2) STARTED AT: 2026/07/28 13:56:49
ELMER SOLVER (v 26.2) STARTED AT: 2026/07/28 13:56:49
ELMER SOLVER (v 26.2) STARTED AT: 2026/07/28 13:56:49
ELMER SOLVER (v 26.2) STARTED AT: 2026/07/28 13:56:49
ELMER SOLVER (v 26.2) STARTED AT: 2026/07/28 13:56:49
ELMER SOLVER (v 26.2) STARTED AT: 2026/07/28 13:56:49
ELMER SOLVER (v 26.2) STARTED AT: 2026/07/28 13:56:49
ELMER SOLVER (v 26.2) STARTED AT: 2026/07/28 13:56:49
ELMER SOLVER (v 26.2) STARTED AT: 2026/07/28 13:56:49
ELMER SOLVER (v 26.2) STARTED AT: 2026/07/28 13:56:49
ELMER SOLVER (v 26.2) STARTED AT: 2026/07/28 13:56:49
ELMER SOLVER (v 26.2) STARTED AT: 2026/07/28 13:56:49
ELMER SOLVER (v 26.2) STARTED AT: 2026/07/28 13:56:49
ELMER SOLVER (v 26.2) STARTED AT: 2026/07/28 13:56:49
ELMER SOLVER (v 26.2) STARTED AT: 2026/07/28 13:56:49
ELMER SOLVER (v 26.2) STARTED AT: 2026/07/28 13:56:49
ELMER SOLVER (v 26.2) STARTED AT: 2026/07/28 13:56:49
ELMER SOLVER (v 26.2) STARTED AT: 2026/07/28 13:56:49
ELMER SOLVER (v 26.2) STARTED AT: 2026/07/28 13:56:49
ELMER SOLVER (v 26.2) STARTED AT: 2026/07/28 13:56:49
ELMER SOLVER (v 26.2) STARTED AT: 2026/07/28 13:56:49
ELMER SOLVER (v 26.2) STARTED AT: 2026/07/28 13:56:49
ELMER SOLVER (v 26.2) STARTED AT: 2026/07/28 13:56:49
ELMER SOLVER (v 26.2) STARTED AT: 2026/07/28 13:56:49
ELMER SOLVER (v 26.2) STARTED AT: 2026/07/28 13:56:49
ELMER SOLVER (v 26.2) STARTED AT: 2026/07/28 13:56:49
ELMER SOLVER (v 26.2) STARTED AT: 2026/07/28 13:56:49
ELMER SOLVER (v 26.2) STARTED AT: 2026/07/28 13:56:49
ELMER SOLVER (v 26.2) STARTED AT: 2026/07/28 13:56:49
ELMER SOLVER (v 26.2) STARTED AT: 2026/07/28 13:56:49
ELMER SOLVER (v 26.2) STARTED AT: 2026/07/28 13:56:49
ELMER SOLVER (v 26.2) STARTED AT: 2026/07/28 13:56:49
ELMER SOLVER (v 26.2) STARTED AT: 2026/07/28 13:56:49
ELMER SOLVER (v 26.2) STARTED AT: 2026/07/28 13:56:49
ELMER SOLVER (v 26.2) STARTED AT: 2026/07/28 13:56:49
ELMER SOLVER (v 26.2) STARTED AT: 2026/07/28 13:56:49
ELMER SOLVER (v 26.2) STARTED AT: 2026/07/28 13:56:49
ELMER SOLVER (v 26.2) STARTED AT: 2026/07/28 13:56:49
ELMER SOLVER (v 26.2) STARTED AT: 2026/07/28 13:56:49
ELMER SOLVER (v 26.2) STARTED AT: 2026/07/28 13:56:49
ELMER SOLVER (v 26.2) STARTED AT: 2026/07/28 13:56:49
ELMER SOLVER (v 26.2) STARTED AT: 2026/07/28 13:56:49
ELMER SOLVER (v 26.2) STARTED AT: 2026/07/28 13:56:49
ELMER SOLVER (v 26.2) STARTED AT: 2026/07/28 13:56:49
ELMER SOLVER (v 26.2) STARTED AT: 2026/07/28 13:56:49
ELMER SOLVER (v 26.2) STARTED AT: 2026/07/28 13:56:49
ELMER SOLVER (v 26.2) STARTED AT: 2026/07/28 13:56:49
ELMER SOLVER (v 26.2) STARTED AT: 2026/07/28 13:56:49
ELMER SOLVER (v 26.2) STARTED AT: 2026/07/28 13:56:49
ELMER SOLVER (v 26.2) STARTED AT: 2026/07/28 13:56:49
ELMER SOLVER (v 26.2) STARTED AT: 2026/07/28 13:56:49
ELMER SOLVER (v 26.2) STARTED AT: 2026/07/28 13:56:49
ELMER SOLVER (v 26.2) STARTED AT: 2026/07/28 13:56:49
ELMER SOLVER (v 26.2) STARTED AT: 2026/07/28 13:56:49
ELMER SOLVER (v 26.2) STARTED AT: 2026/07/28 13:56:49
ELMER SOLVER (v 26.2) STARTED AT: 2026/07/28 13:56:49
ELMER SOLVER (v 26.2) STARTED AT: 2026/07/28 13:56:49
ELMER SOLVER (v 26.2) STARTED AT: 2026/07/28 13:56:49
ELMER SOLVER (v 26.2) STARTED AT: 2026/07/28 13:56:49
ELMER SOLVER (v 26.2) STARTED AT: 2026/07/28 13:56:49
ELMER SOLVER (v 26.2) STARTED AT: 2026/07/28 13:56:49
ELMER SOLVER (v 26.2) STARTED AT: 2026/07/28 13:56:49
ELMER SOLVER (v 26.2) STARTED AT: 2026/07/28 13:56:49
ELMER SOLVER (v 26.2) STARTED AT: 2026/07/28 13:56:49
ELMER SOLVER (v 26.2) STARTED AT: 2026/07/28 13:56:49
ELMER SOLVER (v 26.2) STARTED AT: 2026/07/28 13:56:49
ELMER SOLVER (v 26.2) STARTED AT: 2026/07/28 13:56:49
ELMER SOLVER (v 26.2) STARTED AT: 2026/07/28 13:56:49
ELMER SOLVER (v 26.2) STARTED AT: 2026/07/28 13:56:49
ELMER SOLVER (v 26.2) STARTED AT: 2026/07/28 13:56:49
ELMER SOLVER (v 26.2) STARTED AT: 2026/07/28 13:56:49
ELMER SOLVER (v 26.2) STARTED AT: 2026/07/28 13:56:49
ELMER SOLVER (v 26.2) STARTED AT: 2026/07/28 13:56:49
ELMER SOLVER (v 26.2) STARTED AT: 2026/07/28 13:56:49
ELMER SOLVER (v 26.2) STARTED AT: 2026/07/28 13:56:49
ELMER SOLVER (v 26.2) STARTED AT: 2026/07/28 13:56:49
ELMER SOLVER (v 26.2) STARTED AT: 2026/07/28 13:56:49
ELMER SOLVER (v 26.2) STARTED AT: 2026/07/28 13:56:49
ELMER SOLVER (v 26.2) STARTED AT: 2026/07/28 13:56:49
ELMER SOLVER (v 26.2) STARTED AT: 2026/07/28 13:56:49
ELMER SOLVER (v 26.2) STARTED AT: 2026/07/28 13:56:49
ELMER SOLVER (v 26.2) STARTED AT: 2026/07/28 13:56:49
ELMER SOLVER (v 26.2) STARTED AT: 2026/07/28 13:56:49
ELMER SOLVER (v 26.2) STARTED AT: 2026/07/28 13:56:49
ELMER SOLVER (v 26.2) STARTED AT: 2026/07/28 13:56:49
ELMER SOLVER (v 26.2) STARTED AT: 2026/07/28 13:56:49
ELMER SOLVER (v 26.2) STARTED AT: 2026/07/28 13:56:49
ELMER SOLVER (v 26.2) STARTED AT: 2026/07/28 13:56:49
ELMER SOLVER (v 26.2) STARTED AT: 2026/07/28 13:56:49
ELMER SOLVER (v 26.2) STARTED AT: 2026/07/28 13:56:49
ELMER SOLVER (v 26.2) STARTED AT: 2026/07/28 13:56:49
ELMER SOLVER (v 26.2) STARTED AT: 2026/07/28 13:56:49
ELMER SOLVER (v 26.2) STARTED AT: 2026/07/28 13:56:49
ELMER SOLVER (v 26.2) STARTED AT: 2026/07/28 13:56:49
ELMER SOLVER (v 26.2) STARTED AT: 2026/07/28 13:56:49
ELMER SOLVER (v 26.2) STARTED AT: 2026/07/28 13:56:49
ELMER SOLVER (v 26.2) STARTED AT: 2026/07/28 13:56:49
ELMER SOLVER (v 26.2) STARTED AT: 2026/07/28 13:56:49
ELMER SOLVER (v 26.2) STARTED AT: 2026/07/28 13:56:49
ELMER SOLVER (v 26.2) STARTED AT: 2026/07/28 13:56:49
ELMER SOLVER (v 26.2) STARTED AT: 2026/07/28 13:56:49
ELMER SOLVER (v 26.2) STARTED AT: 2026/07/28 13:56:49
ELMER SOLVER (v 26.2) STARTED AT: 2026/07/28 13:56:49
ELMER SOLVER (v 26.2) STARTED AT: 2026/07/28 13:56:49
ELMER SOLVER (v 26.2) STARTED AT: 2026/07/28 13:56:49
ELMER SOLVER (v 26.2) STARTED AT: 2026/07/28 13:56:49
ELMER SOLVER (v 26.2) STARTED AT: 2026/07/28 13:56:49
ELMER SOLVER (v 26.2) STARTED AT: 2026/07/28 13:56:49
ELMER SOLVER (v 26.2) STARTED AT: 2026/07/28 13:56:49
ELMER SOLVER (v 26.2) STARTED AT: 2026/07/28 13:56:49
ELMER SOLVER (v 26.2) STARTED AT: 2026/07/28 13:56:49
ELMER SOLVER (v 26.2) STARTED AT: 2026/07/28 13:56:49
ELMER SOLVER (v 26.2) STARTED AT: 2026/07/28 13:56:49
ELMER SOLVER (v 26.2) STARTED AT: 2026/07/28 13:56:49
ELMER SOLVER (v 26.2) STARTED AT: 2026/07/28 13:56:49
ELMER SOLVER (v 26.2) STARTED AT: 2026/07/28 13:56:49
ELMER SOLVER (v 26.2) STARTED AT: 2026/07/28 13:56:49
ELMER SOLVER (v 26.2) STARTED AT: 2026/07/28 13:56:49
ELMER SOLVER (v 26.2) STARTED AT: 2026/07/28 13:56:49
ELMER SOLVER (v 26.2) STARTED AT: 2026/07/28 13:56:49
ELMER SOLVER (v 26.2) STARTED AT: 2026/07/28 13:56:49
ELMER SOLVER (v 26.2) STARTED AT: 2026/07/28 13:56:49
ELMER SOLVER (v 26.2) STARTED AT: 2026/07/28 13:56:49
ELMER SOLVER (v 26.2) STARTED AT: 2026/07/28 13:56:49
ELMER SOLVER (v 26.2) STARTED AT: 2026/07/28 13:56:49
ELMER SOLVER (v 26.2) STARTED AT: 2026/07/28 13:56:49
ELMER SOLVER (v 26.2) STARTED AT: 2026/07/28 13:56:49
ELMER SOLVER (v 26.2) STARTED AT: 2026/07/28 13:56:49
ELMER SOLVER (v 26.2) STARTED AT: 2026/07/28 13:56:49
ELMER SOLVER (v 26.2) STARTED AT: 2026/07/28 13:56:49
ELMER SOLVER (v 26.2) STARTED AT: 2026/07/28 13:56:49
ELMER SOLVER (v 26.2) STARTED AT: 2026/07/28 13:56:49
ELMER SOLVER (v 26.2) STARTED AT: 2026/07/28 13:56:49
ELMER SOLVER (v 26.2) STARTED AT: 2026/07/28 13:56:49
ELMER SOLVER (v 26.2) STARTED AT: 2026/07/28 13:56:49
ELMER SOLVER (v 26.2) STARTED AT: 2026/07/28 13:56:49
ELMER SOLVER (v 26.2) STARTED AT: 2026/07/28 13:56:49
ELMER SOLVER (v 26.2) STARTED AT: 2026/07/28 13:56:49
ELMER SOLVER (v 26.2) STARTED AT: 2026/07/28 13:56:49
ELMER SOLVER (v 26.2) STARTED AT: 2026/07/28 13:56:49
ELMER SOLVER (v 26.2) STARTED AT: 2026/07/28 13:56:49
ELMER SOLVER (v 26.2) STARTED AT: 2026/07/28 13:56:49
ELMER SOLVER (v 26.2) STARTED AT: 2026/07/28 13:56:49
ELMER SOLVER (v 26.2) STARTED AT: 2026/07/28 13:56:49
ELMER SOLVER (v 26.2) STARTED AT: 2026/07/28 13:56:49
ELMER SOLVER (v 26.2) STARTED AT: 2026/07/28 13:56:49
ELMER SOLVER (v 26.2) STARTED AT: 2026/07/28 13:56:49
ELMER SOLVER (v 26.2) STARTED AT: 2026/07/28 13:56:49
ELMER SOLVER (v 26.2) STARTED AT: 2026/07/28 13:56:49
ELMER SOLVER (v 26.2) STARTED AT: 2026/07/28 13:56:49
ELMER SOLVER (v 26.2) STARTED AT: 2026/07/28 13:56:49
ELMER SOLVER (v 26.2) STARTED AT: 2026/07/28 13:56:49
ELMER SOLVER (v 26.2) STARTED AT: 2026/07/28 13:56:49
ELMER SOLVER (v 26.2) STARTED AT: 2026/07/28 13:56:49
ELMER SOLVER (v 26.2) STARTED AT: 2026/07/28 13:56:49
ELMER SOLVER (v 26.2) STARTED AT: 2026/07/28 13:56:49
ELMER SOLVER (v 26.2) STARTED AT: 2026/07/28 13:56:49
ELMER SOLVER (v 26.2) STARTED AT: 2026/07/28 13:56:49
ELMER SOLVER (v 26.2) STARTED AT: 2026/07/28 13:56:49
ELMER SOLVER (v 26.2) STARTED AT: 2026/07/28 13:56:49
ELMER SOLVER (v 26.2) STARTED AT: 2026/07/28 13:56:49
ELMER SOLVER (v 26.2) STARTED AT: 2026/07/28 13:56:49
ELMER SOLVER (v 26.2) STARTED AT: 2026/07/28 13:56:49
ELMER SOLVER (v 26.2) STARTED AT: 2026/07/28 13:56:49
ELMER SOLVER (v 26.2) STARTED AT: 2026/07/28 13:56:49
ELMER SOLVER (v 26.2) STARTED AT: 2026/07/28 13:56:49
ELMER SOLVER (v 26.2) STARTED AT: 2026/07/28 13:56:49
ELMER SOLVER (v 26.2) STARTED AT: 2026/07/28 13:56:49
ELMER SOLVER (v 26.2) STARTED AT: 2026/07/28 13:56:49
ELMER SOLVER (v 26.2) STARTED AT: 2026/07/28 13:56:49
ELMER SOLVER (v 26.2) STARTED AT: 2026/07/28 13:56:49
ELMER SOLVER (v 26.2) STARTED AT: 2026/07/28 13:56:49
ELMER SOLVER (v 26.2) STARTED AT: 2026/07/28 13:56:49
ELMER SOLVER (v 26.2) STARTED AT: 2026/07/28 13:56:49
ELMER SOLVER (v 26.2) STARTED AT: 2026/07/28 13:56:49
ELMER SOLVER (v 26.2) STARTED AT: 2026/07/28 13:56:49
ELMER SOLVER (v 26.2) STARTED AT: 2026/07/28 13:56:49
ELMER SOLVER (v 26.2) STARTED AT: 2026/07/28 13:56:49
ELMER SOLVER (v 26.2) STARTED AT: 2026/07/28 13:56:49
ELMER SOLVER (v 26.2) STARTED AT: 2026/07/28 13:56:49
ELMER SOLVER (v 26.2) STARTED AT: 2026/07/28 13:56:49
ELMER SOLVER (v 26.2) STARTED AT: 2026/07/28 13:56:49
ELMER SOLVER (v 26.2) STARTED AT: 2026/07/28 13:56:49
ELMER SOLVER (v 26.2) STARTED AT: 2026/07/28 13:56:49
ELMER SOLVER (v 26.2) STARTED AT: 2026/07/28 13:56:49
ELMER SOLVER (v 26.2) STARTED AT: 2026/07/28 13:56:49
ELMER SOLVER (v 26.2) STARTED AT: 2026/07/28 13:56:49
ELMER SOLVER (v 26.2) STARTED AT: 2026/07/28 13:56:49
ELMER SOLVER (v 26.2) STARTED AT: 2026/07/28 13:56:49
ELMER SOLVER (v 26.2) STARTED AT: 2026/07/28 13:56:49
ELMER SOLVER (v 26.2) STARTED AT: 2026/07/28 13:56:49
ELMER SOLVER (v 26.2) STARTED AT: 2026/07/28 13:56:49
ELMER SOLVER (v 26.2) STARTED AT: 2026/07/28 13:56:49
ELMER SOLVER (v 26.2) STARTED AT: 2026/07/28 13:56:49
ELMER SOLVER (v 26.2) STARTED AT: 2026/07/28 13:56:49
ELMER SOLVER (v 26.2) STARTED AT: 2026/07/28 13:56:49
ELMER SOLVER (v 26.2) STARTED AT: 2026/07/28 13:56:49
ELMER SOLVER (v 26.2) STARTED AT: 2026/07/28 13:56:49
ELMER SOLVER (v 26.2) STARTED AT: 2026/07/28 13:56:49
ELMER SOLVER (v 26.2) STARTED AT: 2026/07/28 13:56:49
ELMER SOLVER (v 26.2) STARTED AT: 2026/07/28 13:56:49
ELMER SOLVER (v 26.2) STARTED AT: 2026/07/28 13:56:49
ELMER SOLVER (v 26.2) STARTED AT: 2026/07/28 13:56:49
ELMER SOLVER (v 26.2) STARTED AT: 2026/07/28 13:56:49
ELMER SOLVER (v 26.2) STARTED AT: 2026/07/28 13:56:49
ELMER SOLVER (v 26.2) STARTED AT: 2026/07/28 13:56:49
ELMER SOLVER (v 26.2) STARTED AT: 2026/07/28 13:56:49
ELMER SOLVER (v 26.2) STARTED AT: 2026/07/28 13:56:49
ELMER SOLVER (v 26.2) STARTED AT: 2026/07/28 13:56:49
ELMER SOLVER (v 26.2) STARTED AT: 2026/07/28 13:56:49
ELMER SOLVER (v 26.2) STARTED AT: 2026/07/28 13:56:49
ELMER SOLVER (v 26.2) STARTED AT: 2026/07/28 13:56:49
ELMER SOLVER (v 26.2) STARTED AT: 2026/07/28 13:56:49
ELMER SOLVER (v 26.2) STARTED AT: 2026/07/28 13:56:49
ELMER SOLVER (v 26.2) STARTED AT: 2026/07/28 13:56:49
ELMER SOLVER (v 26.2) STARTED AT: 2026/07/28 13:56:49
ELMER SOLVER (v 26.2) STARTED AT: 2026/07/28 13:56:49
ELMER SOLVER (v 26.2) STARTED AT: 2026/07/28 13:56:49
ELMER SOLVER (v 26.2) STARTED AT: 2026/07/28 13:56:49
ELMER SOLVER (v 26.2) STARTED AT: 2026/07/28 13:56:49
ELMER SOLVER (v 26.2) STARTED AT: 2026/07/28 13:56:49
ELMER SOLVER (v 26.2) STARTED AT: 2026/07/28 13:56:49
ELMER SOLVER (v 26.2) STARTED AT: 2026/07/28 13:56:49
ELMER SOLVER (v 26.2) STARTED AT: 2026/07/28 13:56:49
ELMER SOLVER (v 26.2) STARTED AT: 2026/07/28 13:56:49
ELMER SOLVER (v 26.2) STARTED AT: 2026/07/28 13:56:49
ELMER SOLVER (v 26.2) STARTED AT: 2026/07/28 13:56:49
ELMER SOLVER (v 26.2) STARTED AT: 2026/07/28 13:56:49
ELMER SOLVER (v 26.2) STARTED AT: 2026/07/28 13:56:49
ELMER SOLVER (v 26.2) STARTED AT: 2026/07/28 13:56:49
ELMER SOLVER (v 26.2) STARTED AT: 2026/07/28 13:56:49
ELMER SOLVER (v 26.2) STARTED AT: 2026/07/28 13:56:49
ELMER SOLVER (v 26.2) STARTED AT: 2026/07/28 13:56:49
ELMER SOLVER (v 26.2) STARTED AT: 2026/07/28 13:56:49
ELMER SOLVER (v 26.2) STARTED AT: 2026/07/28 13:56:49
ELMER SOLVER (v 26.2) STARTED AT: 2026/07/28 13:56:49
ELMER SOLVER (v 26.2) STARTED AT: 2026/07/28 13:56:49
ELMER SOLVER (v 26.2) STARTED AT: 2026/07/28 13:56:49
ELMER SOLVER (v 26.2) STARTED AT: 2026/07/28 13:56:49
ELMER SOLVER (v 26.2) STARTED AT: 2026/07/28 13:56:49
ELMER SOLVER (v 26.2) STARTED AT: 2026/07/28 13:56:49
ELMER SOLVER (v 26.2) STARTED AT: 2026/07/28 13:56:49
ELMER SOLVER (v 26.2) STARTED AT: 2026/07/28 13:56:49
ELMER SOLVER (v 26.2) STARTED AT: 2026/07/28 13:56:49
ELMER SOLVER (v 26.2) STARTED AT: 2026/07/28 13:56:49
ELMER SOLVER (v 26.2) STARTED AT: 2026/07/28 13:56:49
ELMER SOLVER (v 26.2) STARTED AT: 2026/07/28 13:56:49
ELMER SOLVER (v 26.2) STARTED AT: 2026/07/28 13:56:49
ELMER SOLVER (v 26.2) STARTED AT: 2026/07/28 13:56:49
ELMER SOLVER (v 26.2) STARTED AT: 2026/07/28 13:56:49
ELMER SOLVER (v 26.2) STARTED AT: 2026/07/28 13:56:49
ELMER SOLVER (v 26.2) STARTED AT: 2026/07/28 13:56:49
ELMER SOLVER (v 26.2) STARTED AT: 2026/07/28 13:56:49
ELMER SOLVER (v 26.2) STARTED AT: 2026/07/28 13:56:49
ELMER SOLVER (v 26.2) STARTED AT: 2026/07/28 13:56:49
ELMER SOLVER (v 26.2) STARTED AT: 2026/07/28 13:56:49
ELMER SOLVER (v 26.2) STARTED AT: 2026/07/28 13:56:49
ELMER SOLVER (v 26.2) STARTED AT: 2026/07/28 13:56:49
ELMER SOLVER (v 26.2) STARTED AT: 2026/07/28 13:56:49
ELMER SOLVER (v 26.2) STARTED AT: 2026/07/28 13:56:49
ELMER SOLVER (v 26.2) STARTED AT: 2026/07/28 13:56:49
ELMER SOLVER (v 26.2) STARTED AT: 2026/07/28 13:56:49
ELMER SOLVER (v 26.2) STARTED AT: 2026/07/28 13:56:49
ELMER SOLVER (v 26.2) STARTED AT: 2026/07/28 13:56:49
ELMER SOLVER (v 26.2) STARTED AT: 2026/07/28 13:56:49
ELMER SOLVER (v 26.2) STARTED AT: 2026/07/28 13:56:49
ELMER SOLVER (v 26.2) STARTED AT: 2026/07/28 13:56:49
ELMER SOLVER (v 26.2) STARTED AT: 2026/07/28 13:56:49
ELMER SOLVER (v 26.2) STARTED AT: 2026/07/28 13:56:49
ELMER SOLVER (v 26.2) STARTED AT: 2026/07/28 13:56:49
ELMER SOLVER (v 26.2) STARTED AT: 2026/07/28 13:56:49
ELMER SOLVER (v 26.2) STARTED AT: 2026/07/28 13:56:49
ELMER SOLVER (v 26.2) STARTED AT: 2026/07/28 13:56:49
ELMER SOLVER (v 26.2) STARTED AT: 2026/07/28 13:56:49
ELMER SOLVER (v 26.2) STARTED AT: 2026/07/28 13:56:49
ELMER SOLVER (v 26.2) STARTED AT: 2026/07/28 13:56:49
ELMER SOLVER (v 26.2) STARTED AT: 2026/07/28 13:56:49
ELMER SOLVER (v 26.2) STARTED AT: 2026/07/28 13:56:49
ELMER SOLVER (v 26.2) STARTED AT: 2026/07/28 13:56:49
ELMER SOLVER (v 26.2) STARTED AT: 2026/07/28 13:56:49
ELMER SOLVER (v 26.2) STARTED AT: 2026/07/28 13:56:49
ELMER SOLVER (v 26.2) STARTED AT: 2026/07/28 13:56:49
ELMER SOLVER (v 26.2) STARTED AT: 2026/07/28 13:56:49
ELMER SOLVER (v 26.2) STARTED AT: 2026/07/28 13:56:49
ELMER SOLVER (v 26.2) STARTED AT: 2026/07/28 13:56:49
ELMER SOLVER (v 26.2) STARTED AT: 2026/07/28 13:56:49
ELMER SOLVER (v 26.2) STARTED AT: 2026/07/28 13:56:49
ELMER SOLVER (v 26.2) STARTED AT: 2026/07/28 13:56:49
ELMER SOLVER (v 26.2) STARTED AT: 2026/07/28 13:56:49
ELMER SOLVER (v 26.2) STARTED AT: 2026/07/28 13:56:49
ELMER SOLVER (v 26.2) STARTED AT: 2026/07/28 13:56:49
ELMER SOLVER (v 26.2) STARTED AT: 2026/07/28 13:56:49
ELMER SOLVER (v 26.2) STARTED AT: 2026/07/28 13:56:49
ELMER SOLVER (v 26.2) STARTED AT: 2026/07/28 13:56:49
ELMER SOLVER (v 26.2) STARTED AT: 2026/07/28 13:56:50
ELMER SOLVER (v 26.2) STARTED AT: 2026/07/28 13:56:50
ELMER SOLVER (v 26.2) STARTED AT: 2026/07/28 13:56:50
ELMER SOLVER (v 26.2) STARTED AT: 2026/07/28 13:56:50
ELMER SOLVER (v 26.2) STARTED AT: 2026/07/28 13:56:50
ELMER SOLVER (v 26.2) STARTED AT: 2026/07/28 13:56:50
ELMER SOLVER (v 26.2) STARTED AT: 2026/07/28 13:56:50
ELMER SOLVER (v 26.2) STARTED AT: 2026/07/28 13:56:50
ELMER SOLVER (v 26.2) STARTED AT: 2026/07/28 13:56:50
ELMER SOLVER (v 26.2) STARTED AT: 2026/07/28 13:56:50
ELMER SOLVER (v 26.2) STARTED AT: 2026/07/28 13:56:50
ELMER SOLVER (v 26.2) STARTED AT: 2026/07/28 13:56:50
ELMER SOLVER (v 26.2) STARTED AT: 2026/07/28 13:56:50
ELMER SOLVER (v 26.2) STARTED AT: 2026/07/28 13:56:50
ELMER SOLVER (v 26.2) STARTED AT: 2026/07/28 13:56:50
ELMER SOLVER (v 26.2) STARTED AT: 2026/07/28 13:56:50
ELMER SOLVER (v 26.2) STARTED AT: 2026/07/28 13:56:50
ELMER SOLVER (v 26.2) STARTED AT: 2026/07/28 13:56:50
ELMER SOLVER (v 26.2) STARTED AT: 2026/07/28 13:56:50
ELMER SOLVER (v 26.2) STARTED AT: 2026/07/28 13:56:50
ELMER SOLVER (v 26.2) STARTED AT: 2026/07/28 13:56:50
ELMER SOLVER (v 26.2) STARTED AT: 2026/07/28 13:56:50
ELMER SOLVER (v 26.2) STARTED AT: 2026/07/28 13:56:50
ELMER SOLVER (v 26.2) STARTED AT: 2026/07/28 13:56:50
ELMER SOLVER (v 26.2) STARTED AT: 2026/07/28 13:56:50
ELMER SOLVER (v 26.2) STARTED AT: 2026/07/28 13:56:50
ELMER SOLVER (v 26.2) STARTED AT: 2026/07/28 13:56:50
ELMER SOLVER (v 26.2) STARTED AT: 2026/07/28 13:56:50
ELMER SOLVER (v 26.2) STARTED AT: 2026/07/28 13:56:50
ELMER SOLVER (v 26.2) STARTED AT: 2026/07/28 13:56:50
ELMER SOLVER (v 26.2) STARTED AT: 2026/07/28 13:56:50
ELMER SOLVER (v 26.2) STARTED AT: 2026/07/28 13:56:50
ELMER SOLVER (v 26.2) STARTED AT: 2026/07/28 13:56:50
ELMER SOLVER (v 26.2) STARTED AT: 2026/07/28 13:56:50
ELMER SOLVER (v 26.2) STARTED AT: 2026/07/28 13:56:50
ELMER SOLVER (v 26.2) STARTED AT: 2026/07/28 13:56:50
ELMER SOLVER (v 26.2) STARTED AT: 2026/07/28 13:56:50
ELMER SOLVER (v 26.2) STARTED AT: 2026/07/28 13:56:50
ELMER SOLVER (v 26.2) STARTED AT: 2026/07/28 13:56:50
ELMER SOLVER (v 26.2) STARTED AT: 2026/07/28 13:56:50
ELMER SOLVER (v 26.2) STARTED AT: 2026/07/28 13:56:50
ELMER SOLVER (v 26.2) STARTED AT: 2026/07/28 13:56:50
ELMER SOLVER (v 26.2) STARTED AT: 2026/07/28 13:56:50
ELMER SOLVER (v 26.2) STARTED AT: 2026/07/28 13:56:50
ELMER SOLVER (v 26.2) STARTED AT: 2026/07/28 13:56:50
ELMER SOLVER (v 26.2) STARTED AT: 2026/07/28 13:56:50
ELMER SOLVER (v 26.2) STARTED AT: 2026/07/28 13:56:50
ELMER SOLVER (v 26.2) STARTED AT: 2026/07/28 13:56:50
ELMER SOLVER (v 26.2) STARTED AT: 2026/07/28 13:56:50
ELMER SOLVER (v 26.2) STARTED AT: 2026/07/28 13:56:50
ELMER SOLVER (v 26.2) STARTED AT: 2026/07/28 13:56:50
ELMER SOLVER (v 26.2) STARTED AT: 2026/07/28 13:56:50
ELMER SOLVER (v 26.2) STARTED AT: 2026/07/28 13:56:50
ELMER SOLVER (v 26.2) STARTED AT: 2026/07/28 13:56:50
ELMER SOLVER (v 26.2) STARTED AT: 2026/07/28 13:56:50
ELMER SOLVER (v 26.2) STARTED AT: 2026/07/28 13:56:50
ELMER SOLVER (v 26.2) STARTED AT: 2026/07/28 13:56:50
ELMER SOLVER (v 26.2) STARTED AT: 2026/07/28 13:56:50
ELMER SOLVER (v 26.2) STARTED AT: 2026/07/28 13:56:50
ELMER SOLVER (v 26.2) STARTED AT: 2026/07/28 13:56:50
ELMER SOLVER (v 26.2) STARTED AT: 2026/07/28 13:56:50
ELMER SOLVER (v 26.2) STARTED AT: 2026/07/28 13:56:50
ELMER SOLVER (v 26.2) STARTED AT: 2026/07/28 13:56:50
ELMER SOLVER (v 26.2) STARTED AT: 2026/07/28 13:56:50
ELMER SOLVER (v 26.2) STARTED AT: 2026/07/28 13:56:50
ELMER SOLVER (v 26.2) STARTED AT: 2026/07/28 13:56:50
ELMER SOLVER (v 26.2) STARTED AT: 2026/07/28 13:56:50
ELMER SOLVER (v 26.2) STARTED AT: 2026/07/28 13:56:50
ELMER SOLVER (v 26.2) STARTED AT: 2026/07/28 13:56:50
ELMER SOLVER (v 26.2) STARTED AT: 2026/07/28 13:56:50
ELMER SOLVER (v 26.2) STARTED AT: 2026/07/28 13:56:50
ELMER SOLVER (v 26.2) STARTED AT: 2026/07/28 13:56:50
ELMER SOLVER (v 26.2) STARTED AT: 2026/07/28 13:56:50
ELMER SOLVER (v 26.2) STARTED AT: 2026/07/28 13:56:50
ELMER SOLVER (v 26.2) STARTED AT: 2026/07/28 13:56:50
ELMER SOLVER (v 26.2) STARTED AT: 2026/07/28 13:56:50
ELMER SOLVER (v 26.2) STARTED AT: 2026/07/28 13:56:50
ELMER SOLVER (v 26.2) STARTED AT: 2026/07/28 13:56:50
ELMER SOLVER (v 26.2) STARTED AT: 2026/07/28 13:56:50
ELMER SOLVER (v 26.2) STARTED AT: 2026/07/28 13:56:50
ELMER SOLVER (v 26.2) STARTED AT: 2026/07/28 13:56:50
ELMER SOLVER (v 26.2) STARTED AT: 2026/07/28 13:56:50
ELMER SOLVER (v 26.2) STARTED AT: 2026/07/28 13:56:50
ELMER SOLVER (v 26.2) STARTED AT: 2026/07/28 13:56:50
ELMER SOLVER (v 26.2) STARTED AT: 2026/07/28 13:56:50
ELMER SOLVER (v 26.2) STARTED AT: 2026/07/28 13:56:50
ELMER SOLVER (v 26.2) STARTED AT: 2026/07/28 13:56:50
ELMER SOLVER (v 26.2) STARTED AT: 2026/07/28 13:56:50
ELMER SOLVER (v 26.2) STARTED AT: 2026/07/28 13:56:50
ELMER SOLVER (v 26.2) STARTED AT: 2026/07/28 13:56:50
ELMER SOLVER (v 26.2) STARTED AT: 2026/07/28 13:56:50
ELMER SOLVER (v 26.2) STARTED AT: 2026/07/28 13:56:50
ELMER SOLVER (v 26.2) STARTED AT: 2026/07/28 13:56:50
ELMER SOLVER (v 26.2) STARTED AT: 2026/07/28 13:56:50
ELMER SOLVER (v 26.2) STARTED AT: 2026/07/28 13:56:50
ELMER SOLVER (v 26.2) STARTED AT: 2026/07/28 13:56:50
ELMER SOLVER (v 26.2) STARTED AT: 2026/07/28 13:56:50
ELMER SOLVER (v 26.2) STARTED AT: 2026/07/28 13:56:50
ELMER SOLVER (v 26.2) STARTED AT: 2026/07/28 13:56:50
ELMER SOLVER (v 26.2) STARTED AT: 2026/07/28 13:56:50
ELMER SOLVER (v 26.2) STARTED AT: 2026/07/28 13:56:50
ELMER SOLVER (v 26.2) STARTED AT: 2026/07/28 13:56:50
ELMER SOLVER (v 26.2) STARTED AT: 2026/07/28 13:56:50
ELMER SOLVER (v 26.2) STARTED AT: 2026/07/28 13:56:50
ELMER SOLVER (v 26.2) STARTED AT: 2026/07/28 13:56:50
ELMER SOLVER (v 26.2) STARTED AT: 2026/07/28 13:56:50
ELMER SOLVER (v 26.2) STARTED AT: 2026/07/28 13:56:50
ELMER SOLVER (v 26.2) STARTED AT: 2026/07/28 13:56:50
ELMER SOLVER (v 26.2) STARTED AT: 2026/07/28 13:56:50
ELMER SOLVER (v 26.2) STARTED AT: 2026/07/28 13:56:50
ELMER SOLVER (v 26.2) STARTED AT: 2026/07/28 13:56:50
ELMER SOLVER (v 26.2) STARTED AT: 2026/07/28 13:56:50
ELMER SOLVER (v 26.2) STARTED AT: 2026/07/28 13:56:50
ELMER SOLVER (v 26.2) STARTED AT: 2026/07/28 13:56:50
ELMER SOLVER (v 26.2) STARTED AT: 2026/07/28 13:56:50
ELMER SOLVER (v 26.2) STARTED AT: 2026/07/28 13:56:50
ELMER SOLVER (v 26.2) STARTED AT: 2026/07/28 13:56:50
ELMER SOLVER (v 26.2) STARTED AT: 2026/07/28 13:56:50
ELMER SOLVER (v 26.2) STARTED AT: 2026/07/28 13:56:50
ELMER SOLVER (v 26.2) STARTED AT: 2026/07/28 13:56:50
ELMER SOLVER (v 26.2) STARTED AT: 2026/07/28 13:56:50
ELMER SOLVER (v 26.2) STARTED AT: 2026/07/28 13:56:50
ELMER SOLVER (v 26.2) STARTED AT: 2026/07/28 13:56:50
ELMER SOLVER (v 26.2) STARTED AT: 2026/07/28 13:56:50
ELMER SOLVER (v 26.2) STARTED AT: 2026/07/28 13:56:50
ELMER SOLVER (v 26.2) STARTED AT: 2026/07/28 13:56:50
ELMER SOLVER (v 26.2) STARTED AT: 2026/07/28 13:56:50
ELMER SOLVER (v 26.2) STARTED AT: 2026/07/28 13:56:50
ELMER SOLVER (v 26.2) STARTED AT: 2026/07/28 13:56:50
ELMER SOLVER (v 26.2) STARTED AT: 2026/07/28 13:56:50
ELMER SOLVER (v 26.2) STARTED AT: 2026/07/28 13:56:50
ELMER SOLVER (v 26.2) STARTED AT: 2026/07/28 13:56:50
ELMER SOLVER (v 26.2) STARTED AT: 2026/07/28 13:56:50
ELMER SOLVER (v 26.2) STARTED AT: 2026/07/28 13:56:50
 2
 2
 2
 2
 2
 2
 2
 2
 2
 2
 2
 2
 2
 2
 2
 2
 2
 2
 2
 2
 2
 2
 2
 2
 2
 2
 2
 2
 2
 2
 2
 2
 2
 2
 2
 2
 2
 2
 2
 2
 2
 2
 2
 2
 2
 2
 2
 2
 2
 2
 2
 2
 2
 2
 2
 2
 2
 2
 2
 2
 2
 2
 2
 2
 2
 2
 2
 2
 2
 2
 2
 2
 2
 2
 2
 2
 2
 2
 2
 2
 2
 2
 2
 2
 2
 2
 2
 2
 2
 2
 2
 2
 2
 2
 2
 2
 2
 2
 2
 2
 2
 2
 2
 2
 2
 2
 2
 2
 2
 2
 2
 2
 2
 2
 2
 2
 2
 2
 2
 2
 2
 2
 2
 2
 2
 2
 2
 2
 2
 2
 2
 2
 2
 2
 2
 2
 2
 2
 2
 2
 2
 2
 2
 2
 2
 2
 2
 2
 2
 2
 2
 2
 2
 2
 2
 2
 2
ParCommInit: Initialize #PEs: 768
 2
 2
 2
 2
 2
 2
 2
 2
 2
 2
 2
 2
 2
 2
 2
 2
 2
 2
 2
MAIN: Read 2 integer parameters from command line!
 2
 2
 2
 2
 2
 2
 2
 2
 2
 2
ParCommInit: Initialize #PEs: 768
 2
 2
 2
 2
 2
 2
 2
 2
 2
 2
 2
 2
 2
MAIN: 
MAIN: =============================================================
MAIN: ElmerSolver finite element software, Welcome!
MAIN: This program is free software licensed under (L)GPL
MAIN: Copyright 1st April 1995 - , CSC - IT Center for Science Ltd.
MAIN: Webpage http://www.csc.fi/elmer, Email elmeradm@csc.fi
MAIN: Version: 26.2-unknown (Rev: a19504ac5, Compiled: 2026-06-16)
MAIN:  Running in parallel using 768 tasks.
MAIN:  Running with just one thread per task.
 2
 2
 2
 2
MAIN:  HYPRE library linked in.
MAIN:  MUMPS library linked in.
MAIN:  Lua interpreter linked in.
MAIN:  Zoltan library linked in.
MAIN:  ADIOS2 library linked in.
MAIN: =============================================================
 2
 2
 2
 2
 2
 2
 2
 2
 2
 2
 2
 2
 2
 2
 2
 2
 2
 2
 2
 2
 2
 2
 2
 2
 2
 2
 2
 2
 2
 2
 2
 2
 2
 2
 2
 2
 2
 2
 2
 2
 2
 2
 2
 2
 2
 2
 2
 2
 2
 2
 2
 2
 2
 2
 2
 2
 2
 2
 2
 2
 2
 2
 2
 2
 2
 2
 2
 2
 2
 2
 2
 2
 2
 2
 2
 2
 2
 2
 2
 2
 2
 2
 2
 2
 2
 2
 2
 2
 2
 2
 2
 2
 2
 2
 2
 2
 2
 2
 2
 2
 2
 2
 2
 2
 2
 2
 2
 2
 2
 2
 2
 2
 2
 2
 2
 2
 2
 2
 2
 2
 2
 2
 2
 2
 2
 2
 2
 2
 2
 2
 2
 2
 2
 2
 2
 2
 2
 2
 2
 2
 2
 2
 2
 2
 2
 2
 2
 2
 2
 2
 2
 2
 2
 2
 2
 2
 2
 2
 2
 2
 2
 2
 2
 2
 2
 2
 2
 2
 2
 2
 2
 2
 2
 2
 2
 2
 2
 2
 2
 2
 2
 2
 2
 2
 2
 2
 2
 2
 2
 2
 2
 2
 2
 2
 2
 2
 2
 2
 2
 2
 2
 2
 2
 2
 2
 2
 2
 2
 2
 2
 2
 2
 2
 2
 2
 2
 2
 2
 2
 2
 2
 2
 2
 2
 2
 2
 2
 2
 2
 2
 2
 2
 2
 2
 2
 2
 2
 2
 2
 2
 2
 2
 2
 2
 2
 2
 2
 2
 2
 2
 2
 2
 2
 2
 2
 2
 2
 2
 2
 2
 2
 2
 2
 2
 2
 2
 2
 2
 2
 2
 2
 2
 2
 2
 2
 2
 2
 2
 2
 2
 2
 2
 2
 2
 2
 2
 2
 2
 2
 2
 2
 2
 2
 2
 2
 2
 2
 2
 2
 2
 2
 2
 2
 2
 2
 2
 2
 2
 2
 2
 2
 2
 2
 2
 2
 2
 2
 2
 2
 2
 2
 2
 2
 2
 2
 2
 2
 2
 2
 2
 2
 2
 2
 2
 2
 2
 2
 2
 2
 2
 2
 2
 2
 2
 2
 2
 2
 2
 2
 2
 2
 2
 2
 2
 2
 2
 2
 2
 2
 2
 2
 2
 2
 2
 2
 2
 2
 2
 2
 2
 2
 2
 2
 2
 2
 2
 2
 2
 2
 2
 2
 2
 2
 2
 2
 2
 2
 2
 2
 2
 2
 2
 2
 2
 2
 2
 2
 2
 2
 2
 2
 2
 2
 2
 2
 2
 2
 2
 2
 2
 2
 2
 2
 2
 2
 2
 2
 2
 2
 2
 2
 2
 2
 2
 2
 2
 2
 2
 2
 2
 2
 2
 2
 2
 2
 2
 2
 2
 2
 2
 2
 2
 2
 2
 2
 2
 2
 2
 2
 2
 2
 2
 2
 2
 2
 2
 2
 2
 2
 2
 2
 2
 2
 2
 2
 2
 2
 2
 2
 2
 2
 2
 2
 2
 2
 2
 2
 2
 2
 2
 2
 2
 2
 2
 2
 2
 2
 2
 2
 2
 2
 2
 2
 2
 2
 2
 2
 2
 2
 2
 2
 2
 2
 2
 2
 2
 2
 2
 2
 2
 2
 2
 2
 2
 2
 2
 2
 2
 2
 2
 2
 2
ParCommInit: Initialize #PEs: 768
 2
 2
ParCommInit: Initialize #PEs: 768
 2
 2
 2
 2
 2
 2
 2
 2
 2
 2
 2
 2
 2
MAIN: 
MAIN: 
MAIN: -------------------------------------
MAIN: Reading Model: case_cpu_367269.sif
 2
 2
 2
 2
 2
 2
 2
 2
 2
 2
 2
 2
 2
 2
 2
 2
 2
 2
 2
 2
 2
 2
 2
 2
 2
 2
 2
 2
LoadInputFile: Scanning input file: case_cpu_367269.sif
LoadInputFile: Scanning only size info
LoadInputFile: First time visiting
LoadInputFile: Reading base load of sif file
OpenIncludeFile: Trying to include file: linsys_367269.sif
CheckKeyword: Found keyword type assuming suffix 1 for: operator 2
CheckKeyword: Found keyword type assuming suffix 1 for: operator 2
CheckKeyword: Found keyword type assuming suffix 1 for: operator 3
CheckKeyword: Found keyword type assuming suffix 1 for: operator 3
CheckKeyword: Found keyword type assuming suffix 1 for: operator 4
CheckKeyword: Found keyword type assuming suffix 1 for: operator 4
CheckKeyword: Found keyword type assuming suffix 1 for: operator 5
CheckKeyword: Found keyword type assuming suffix 1 for: operator 5
LoadInputFile: Loading input file: case_cpu_367269.sif
LoadInputFile: Reading base load of sif file
OpenIncludeFile: Trying to include file: linsys_367269.sif
CheckKeyword: Found keyword type assuming suffix 1 for: operator 2
CheckKeyword: Found keyword type assuming suffix 1 for: operator 2
CheckKeyword: Found keyword type assuming suffix 1 for: operator 3
CheckKeyword: Found keyword type assuming suffix 1 for: operator 3
CheckKeyword: Found keyword type assuming suffix 1 for: operator 4
CheckKeyword: Found keyword type assuming suffix 1 for: operator 4
CheckKeyword: Found keyword type assuming suffix 1 for: operator 5
CheckKeyword: Found keyword type assuming suffix 1 for: operator 5
CheckKeyword:  Unlisted keyword: [line marker] in section: [solver 2]
LoadInputFile: Number of BCs: 3
LoadInputFile: Number of Body Forces: 0
LoadInputFile: Number of Initial Conditions: 0
LoadInputFile: Number of Materials: 1
LoadInputFile: Number of Equations: 1
LoadInputFile: Number of Solvers: 2
LoadInputFile: Number of Bodies: 1
Loading user function library: [StressSolve]...[StressSolver_Init0]
Loading user function library: [SaveData]...[SaveScalars_Init0]
Loading user function library: [SaveData]...[SaveScalars_Init0]
LoadMesh: Loading parallel mesh for 768 partitions
ElmerMeshReader: Performing step: 1
ElmerMeshReader: Base mesh name: ./winkel
ReadHeaderFile: Reading header info from file: ./winkel/partitioning.768/part.1.header
InitializeMesh: Number of nodes in mesh: 108
InitializeMesh: Number of bulk elements in mesh: 42
InitializeMesh: Number of boundary elements in mesh: 0
InitializeMesh: Initial number of max element nodes: 8
ElmerMeshReader: Performing step: 2
ReadNodesFile: Reading nodes from file: ./winkel/partitioning.768/part.1.nodes
SetMeshDimension: Dimension of mesh is: 3
SetMeshDimension: Max dimension of mesh is: 3
ElmerMeshReader: Performing step: 3
ReadElementsFile: Reading bulk elements from file: ./winkel/partitioning.768/part.1.elements
ElmerMeshReader: Performing step: 4
ReadBoundaryFile: Reading boundary elements from file: ./winkel/partitioning.768/part.1.boundary
PermuteNodeNumbering: Performing node mapping
MapBodiesAndBCs: Skipping remapping of bodies
ElmerMeshReader: Performing step: 5
ReadSharedFile: Reading nodes from file: ./winkel/partitioning.768/part.1.shared
ElmerMeshReader: Performing step: 6
LoadMesh: Loading mesh done
NonNodalElements: Element dofs max: 8
SParFaceNumbering: Elapsed REAL time:     0.0008 (s)
SParEdgeNumbering: Elapsed REAL time:     0.0003 (s)
ParallelNonNodalElements: Number of initial nodes: 108
ParallelNonNodalElements: Number of initial faces: 0
ParallelNonNodalElements: Number of initial edges: 0
ParallelNonNodalElements: Number of shared nodes: 100
ParallelNonNodalElements: Number of owned shared nodes: 31
ParallelNonNodal: Elapsed REAL time:     0.0013 (s)
LoadMesh: Preparing mesh done
LoadMesh: Elapsed REAL time:     2.2676 (s)
LoadModel: Creating hierarchy of meshes by mesh multiplication: 3
LoadModel: Keeping number of meshes: 3
LoadModel: Performing splitting at level: 2
SplitMeshEqual: Mesh splitting works for first order elements 303, 404, 504, (706) and 808.
FindMeshEdges: Determining faces in 3D mesh
FindMeshFaces3D: Finding mesh faces in 3D mesh
FindMeshFaces3D: Number of faces found: 176
FindMeshEdges: Determining edges in 3D mesh
FindMeshEdges3D: Finding mesh edges in 3D mesh
FindMeshEdges3D: Number of edges found: 241
SplitMeshEqual: ******** Old mesh ********
SplitMeshEqual:  Nodes             :          108
SplitMeshEqual:  Bulk elements     :           42
SplitMeshEqual:  Boundary elements :            0
SplitMeshEqual:  Edges             :          241
SplitMeshEqual:  Faces             :          176
SplitMeshEqual: Added 176 nodes in the center of faces
SplitMeshEqual: Added 42 nodes in the center of bulks
SplitMeshEqual: Added edge centers to the nodes list.
SplitMeshEqual: Added face centers to the nodes list.
SplitMeshEqual: Added quad and brick centers to the nodes list.
SplitMeshEqual:  Count of new elements :          336
SplitMeshEqual: New mesh allocated.
SplitMeshEqual: Array for bulk elements allocated.
SplitMeshEqual: ******** New mesh ********
SplitMeshEqual:  Nodes             :          567
SplitMeshEqual:  Bulk elements     :          336
SplitMeshEqual:  Boundary elements :            0
SplitMeshEqual: Elapsed REAL time:     0.0001 (s)
SParIterGlobalNumbering:  Numbering seems consistent, advancing...
ParallelGlobalNumbering: Elapsed REAL time:     0.1085 (s)
ReleaseMeshFaceTables: Releasing number of faces: 176
SetMeshDimension: Dimension of mesh is: 3
SetMeshDimension: Max dimension of mesh is: 3
NonNodalElements: Element dofs max: 8
SParFaceNumbering: Elapsed REAL time:     0.0000 (s)
SParEdgeNumbering: Elapsed REAL time:     0.0000 (s)
ParallelNonNodalElements: Number of initial nodes: 567
ParallelNonNodalElements: Number of initial faces: 0
ParallelNonNodalElements: Number of initial edges: 0
ParallelNonNodalElements: Number of shared nodes: 398
ParallelNonNodalElements: Number of owned shared nodes: 329
ParallelNonNodal: Elapsed REAL time:     0.0000 (s)
LoadModel: Performing splitting at level: 3
SplitMeshEqual: Mesh splitting works for first order elements 303, 404, 504, (706) and 808.
FindMeshEdges: Determining faces in 3D mesh
FindMeshFaces3D: Finding mesh faces in 3D mesh
FindMeshFaces3D: Number of faces found: 1208
FindMeshEdges: Determining edges in 3D mesh
FindMeshEdges3D: Finding mesh edges in 3D mesh
FindMeshEdges3D: Number of edges found: 1438
SplitMeshEqual: ******** Old mesh ********
SplitMeshEqual:  Nodes             :          567
SplitMeshEqual:  Bulk elements     :          336
SplitMeshEqual:  Boundary elements :            0
SplitMeshEqual:  Edges             :         1438
SplitMeshEqual:  Faces             :         1208
SplitMeshEqual: Added 1208 nodes in the center of faces
SplitMeshEqual: Added 336 nodes in the center of bulks
SplitMeshEqual: Added edge centers to the nodes list.
SplitMeshEqual: Added face centers to the nodes list.
SplitMeshEqual: Added quad and brick centers to the nodes list.
SplitMeshEqual:  Count of new elements :         2688
SplitMeshEqual: New mesh allocated.
SplitMeshEqual: Array for bulk elements allocated.
SplitMeshEqual: ******** New mesh ********
SplitMeshEqual:  Nodes             :         3549
SplitMeshEqual:  Bulk elements     :         2688
SplitMeshEqual:  Boundary elements :            0
SplitMeshEqual: Elapsed REAL time:     0.0005 (s)
SParIterGlobalNumbering:  Numbering seems consistent, advancing...
ParallelGlobalNumbering: Elapsed REAL time:     0.0246 (s)
ReleaseMeshFaceTables: Releasing number of faces: 1208
SetMeshDimension: Dimension of mesh is: 3
SetMeshDimension: Max dimension of mesh is: 3
NonNodalElements: Element dofs max: 8
SParFaceNumbering: Elapsed REAL time:     0.0000 (s)
SParEdgeNumbering: Elapsed REAL time:     0.0000 (s)
ParallelNonNodalElements: Number of initial nodes: 3549
ParallelNonNodalElements: Number of initial faces: 0
ParallelNonNodalElements: Number of initial edges: 0
ParallelNonNodalElements: Number of shared nodes: 1594
ParallelNonNodalElements: Number of owned shared nodes: 1525
ParallelNonNodal: Elapsed REAL time:     0.0000 (s)
MeshStabParams: Computing stabilization parameters
MeshStabParams: Elapsed REAL time:     0.0032 (s)
MeshStabParams: Computing stabilization parameters
MeshStabParams: Elapsed REAL time:     0.0000 (s)
MeshStabParams: Computing stabilization parameters
MeshStabParams: Elapsed REAL time:     0.0000 (s)
CompleteModelKeywords: Completing keywords for mortars and mechanics!
MAIN: -------------------------------------
AddMeshCoordinates: Setting mesh coordinates and time
VariableAdd: Adding variable > Coordinate 1 < of size 3549
VariableAdd: Adding variable > Coordinate 2 < of size 3549
VariableAdd: Adding variable > Coordinate 3 < of size 3549
VariableAdd: Adding variable > Coordinate 1 < of size 567
VariableAdd: Adding variable > Coordinate 2 < of size 567
VariableAdd: Adding variable > Coordinate 3 < of size 567
VariableAdd: Adding variable > Coordinate 1 < of size 108
VariableAdd: Adding variable > Coordinate 2 < of size 108
VariableAdd: Adding variable > Coordinate 3 < of size 108
AddSolvers: Setting up 2 solvers
AddSolvers: Setting up solver 1: linelast
AddEquationBasics: Using procedure: StressSolve StressSolver
AddEquationBasics: Setting up solver: linelast
Loading user function library: [StressSolve]...[StressSolver_Init]
AddEquationBasics: Checking for _init solver
StressSolve_init: --------------------------------------------------
StressSolve_init: Solving displacements from linear elasticity model
StressSolve_init: --------------------------------------------------
Loading user function library: [StressSolve]...[StressSolver_bulk]
Loading user function library: [StressSolve]...[StressSolver_bulk]
AddEquationBasics: Checking for _bulk solver
Loading user function library: [StressSolve]...[StressSolver]
AddEquationBasics: Treating variable string: -dofs 3 displacement
AddEquationBasics: Creating standard variable: displacement
AddEquationBasics: Computing size of permutation vector
AddEquationBasics: Maximum size of permutation vector is: 3549
AddEquationBasics: Creating solver matrix topology
CreateMatrix: Creating initial permutation
CreateMatrix: Creating inverse of initial order of size: 3549
CreateMatrix: Creating list matrix for equation: linelast
MakeListMatrix: Creating list matrix
OptimizeBandwidth: ---------------------------------------------------------
OptimizeBandwidth: Computing matrix structure for: linelast
OptimizeBandwidth: Initial bandwidth for linelast: 3457
OptimizeBandwidth: Optimized bandwidth for linelast: 405
OptimizeBandwidth: ---------------------------------------------------------
CreateMatrix: Initializing list matrix for equation
CRS_CreateMatrix: Creating CRS Matrix of size: 10647
CRS_CreateMatrix: Creating CRS Matrix with nofs: 719613
CreateMatrix: Sparse matrix created
AddEquationBasics: Number of rows in CRS matrix: 10647
AddEquationBasics: Creating solver variable
VariableAdd: Adding variable > displacement < of size 10647
VariableAdd: Adding variable > displacement 1 < of size 3549
VariableAdd: Adding variable > displacement 2 < of size 3549
VariableAdd: Adding variable > displacement 3 < of size 3549
SolverInitialization: Elapsed REAL time:     0.2476 (s)
AddSolvers: Setting up solver 2: savescalars
AddEquationBasics: Using procedure: SaveData SaveScalars
AddEquationBasics: Setting up solver: savescalars
Loading user function library: [SaveData]...[SaveScalars_Init]
AddEquationBasics: Checking for _init solver
Loading user function library: [SaveData]...[SaveScalars_bulk]
Loading user function library: [SaveData]...[SaveScalars_bulk]
AddEquationBasics: Checking for _bulk solver
Loading user function library: [SaveData]...[SaveScalars]
AddEquationBasics: Creating null variable with no name
AddSolvers: Setting up solvers done
AddTimeEtc: Setting time and other global variables
VariableAdd: Adding variable > Time < of size 1
VariableAdd: Adding variable > Timestep < of size 1
VariableAdd: Adding variable > Timestep size < of size 1
VariableAdd: Adding variable > Timestep interval < of size 1
VariableAdd: Adding variable > nonlin iter < of size 1
VariableAdd: Adding variable > coupled iter < of size 1
VariableAdd: Adding variable > Partition < of size 1
VariableAdd: Adding variable > Time < of size 1
VariableAdd: Adding variable > Timestep < of size 1
VariableAdd: Adding variable > Timestep size < of size 1
VariableAdd: Adding variable > Timestep interval < of size 1
VariableAdd: Adding variable > nonlin iter < of size 1
VariableAdd: Adding variable > coupled iter < of size 1
VariableAdd: Adding variable > Partition < of size 1
VariableAdd: Adding variable > Time < of size 1
VariableAdd: Adding variable > Timestep < of size 1
VariableAdd: Adding variable > Timestep size < of size 1
VariableAdd: Adding variable > Timestep interval < of size 1
VariableAdd: Adding variable > nonlin iter < of size 1
VariableAdd: Adding variable > coupled iter < of size 1
VariableAdd: Adding variable > Partition < of size 1
MAIN: Random seed initialized to: 314159265
SetInitialConditions: Setting up initial conditions (if any)
MAIN: Number of timesteps to be saved: 1
MAIN: 
MAIN: -------------------------------------
MAIN:  Steady state iteration:            1
MAIN: -------------------------------------
MAIN: 
SolveEquations: Solvers before timestep
SolveEquations: Solvers in main iteration loop
SolveEquations: Performing set of solvers in sequence
ListTagCount: Counting tags for keyword normalization!
SetActiveElementsTable: Creating active element table for: linelast
SetActiveElementsTable: Number of active elements found : 2688
ParallelInitMatrix: Creating communication structures for matrix!
ParallelInitMatrix: Allocating communication structures for matrix!
SplitMatrix: Splitting parallel matrix
SplitMatrix: Allocating split stuff for 768 partitions!
List_ToListMatrix: Matrix format changed from CRS to List
List_ToCRSMatrix: Changing matrix type with number of non-zeros: 716850
List_ToCRSMatrix: Matrix format changed from List to CRS
SingleSolver: Attempting to call solver: 1
SingleSolver: Solver Equation string is: linelast
StressSolve: 
StressSolve: --------------------------------------------------
StressSolve: Solving displacements from linear elasticity model
StressSolve: --------------------------------------------------
DefaultStart: Starting solver: linelast
StressSolve: Starting assembly...
InitializeToZero: Initializing the linear system to zero
StressSolve: Assembly:
SetNodalLoads: Finished checking for nodal loads
SetNodalLoads: Finished checking for nodal loads
SetNodalLoads: Finished checking for nodal loads
SetDirichletBoundaries: Number of dofs set for displacement: 0
DefUtils::DefaultDirichletBCs: Setting Dirichlet boundary conditions
SetDirichletBoundaries: Number of dofs set for displacement 1: 25600
DefUtils::DefaultDirichletBCs: p-element condition setup: displacement 1
SetDirichletBoundaries: Number of dofs set for displacement 2: 25600
DefUtils::DefaultDirichletBCs: p-element condition setup: displacement 2
SetDirichletBoundaries: Number of dofs set for displacement 3: 25600
DefUtils::DefaultDirichletBCs: p-element condition setup: displacement 3
EnforceDirichletConditions: Enforcing total of 22506 Dirichlet conditions.
EnforceDirichletConditions: Applying Dirichlet conditions using scaled diagonal
ScaleLinearSystem: Creating > DiagScaling < vector of size 10647
EnforceDirichletConditions: Dirichlet conditions enforced for dofs: 19683
EnforceDirichletConditions: Dirichlet conditions shared count: 2823
DefUtils::DefaultDirichletBCs: Dirichlet boundary conditions set
DefaultSolve: Solving linear system with default routines
GenerateConstraintMatrix: Nothing to do for now
SolveSystem: Solving linear system
SolveSystem: Solving linear system in standard way
SolveLinearSystem: Assuming real valued linear system
SolveLinearSystem: Using previously created parallel matrix structures!
SolveLinearSystem: Assuming parallel linear system
ScaleLinearSystem: Creating > DiagScaling < vector of size 10647
SolveLinearSystem: Linear System Preconditioning: ilu0
Prec0-ilu0: Elapsed REAL time:     0.0000 (s)
SolveLinearSystem: CRS matrix passed the dense test of size 3
SolveLinearSystem: Parallel linear System Solver: iterative
SParIterSolver: Solving linear in parallel with iterative methods
SplittedMatrix: Elapsed REAL time:     0.0517 (s)
IterSolver: Using iterative method: idrs
IterSolver: Matrix is real valued
CRS_IncompleteLU: ILU(0) (Real), Performing Factorization:
CRS_IncompleteLU: Allocated LU matrix of size: 716850
CRS_IncompleteLU: Performing incomplete LU
CRS_IncompleteLU: ILU(0) (Real), NOF nonzeros:    716851
CRS_IncompleteLU: ILU(0) (Real), filling (%) :       100
CRS_IncompleteLU: ILU(0) (Real), Factorization time (s):     0.01
Prec-ilu0: Elapsed REAL time:     0.0145 (s)
      20 0.1922E+02
      40 0.3985E+03
      60 0.7021E+02
      80 0.1087E+03
     100 0.9065E+03
     120 0.6721E+02
     140 0.5515E+02
     160 0.2657E+01
     180 0.1316E+01
     200 0.5197E+01
     220 0.2385E+01
     240 0.1073E+01
     260 0.9115E+00
     280 0.2181E+01
     300 0.1811E+01
     320 0.3271E+01
     340 0.1953E+02
     360 0.1205E+01
     380 0.4882E+01
     400 0.2677E+01
     420 0.7357E+01
     440 0.2330E+01
     460 0.6317E+01
     480 0.2671E+01
     500 0.1441E+01
     520 0.1085E+01
     540 0.1091E+01
     560 0.1937E+01
     580 0.6962E+00
     600 0.1099E+01
     620 0.1273E+01
     640 0.1494E+01
     660 0.9680E+00
     680 0.6442E+00
     700 0.4796E+00
     720 0.8277E+00
     740 0.4800E+00
     760 0.3207E+00
     780 0.3882E+00
     800 0.9292E-01
     820 0.8873E-01
     840 0.1596E+00
     860 0.6984E+00
     880 0.3807E+00
     900 0.4632E+00
     920 0.2002E+00
     940 0.3611E+00
     960 0.1004E+00
     980 0.1067E+00
    1000 0.1164E+00
    1020 0.1027E+00
    1040 0.1447E+00
    1060 0.1686E+00
    1080 0.8368E+00
    1100 0.2138E+00
    1120 0.8764E-01
    1140 0.7541E-01
    1160 0.9872E-01
    1180 0.3754E-01
    1200 0.5558E-01
    1220 0.2506E+00
    1240 0.4567E-01
    1260 0.2637E-01
    1280 0.9326E-02
    1300 0.5318E-01
    1320 0.9885E-02
    1340 0.1098E-01
    1360 0.1021E-01
    1380 0.8432E-02
    1400 0.1374E-01
    1420 0.6209E-02
    1440 0.6335E-02
    1460 0.2032E-01
    1480 0.9157E-02
    1500 0.8009E-02
    1520 0.5767E-02
    1540 0.1797E-01
    1560 0.9194E-02
    1580 0.3016E-02
    1600 0.2487E-02
    1620 0.5698E-02
    1640 0.7525E-02
    1660 0.3669E-02
    1680 0.1057E-01
    1700 0.4039E-02
    1720 0.4496E-02
    1740 0.4239E-02
    1760 0.3596E-02
    1780 0.2901E-02
    1800 0.4423E-02
    1820 0.2463E-02
    1840 0.1074E-02
    1860 0.2882E-01
    1880 0.4999E-02
    1900 0.2386E-02
    1920 0.1436E-02
    1940 0.2690E-02
    1960 0.7632E-03
    1980 0.4779E-03
    2000 0.8833E-03
    2020 0.6782E-03
    2040 0.3202E-03
    2060 0.7957E-03
    2080 0.2060E-03
    2100 0.9559E-04
    2120 0.2398E-03
    2140 0.2016E-03
    2160 0.1461E-03
    2180 0.2751E-04
    2200 0.4278E-04
    2220 0.6078E-04
    2240 0.3112E-04
    2260 0.1817E-05
    2280 0.2428E-04
    2300 0.1529E-05
    2320 0.5511E-06
    2340 0.4692E-06
    2360 0.2330E-05
    2380 0.5252E-04
    2400 0.6667E-07
    2420 0.2211E-07
    2440 0.6973E-07
    2460 0.1259E-07
Idrs:     2478 0.5331E-08
BackScaleLinearSystem: Scaling back to original scale
ComputeNorm: Computing norm of solution
ComputeNorm: Using consistent norm in parallel
ComputeChange: NS (ITER=1) (NRM,RELC): ( 0.23389156E-01  2.0000000     ) :: linelast
SolveSystem: System solved
SolveSystem: Linear system time (CPU,REAL) for displacement:    22.18   22.90 (s)
SolveSystem: Finished solving the system
DefaultFinish: Finished solver: linelast
StressSolver: All done
StressSolver: ------------------------------------------
SolverActivate: Solver time (CPU,REAL) for linelast:    22.67   23.54 (s)
ComputeNorm: Computing norm of solution
ComputeNorm: Using consistent norm in parallel
ComputeChange: SS (ITER=1) (NRM,RELC): ( 0.23389156E-01  2.0000000     ) :: linelast
SetActiveElementsTable: Creating active element table for: savescalars
SetActiveElementsTable: No active elements found
SingleSolver: Attempting to call solver: 2
SingleSolver: Solver Equation string is: savescalars
SaveScalars: -----------------------------------------
SaveScalars: Saving scalar values of various kinds
SolverOutputDirectory: Creating directory: results_cpu
SaveScalars: Treating variable: displacement
SaveScalars: Treating operator: dofs
OperToParOperMap: dofs -> sum
SaveScalars: Treating variable: displacement
SaveScalars: Treating operator: elements
OperToParOperMap: elements -> sum
SaveScalars: Treating variable: displacement
SaveScalars: Treating operator: partitions
OperToParOperMap: partitions -> none
SaveScalars: Treating variable: displacement
SaveScalars: Treating operator: norm
OperToParOperMap: norm -> none
SaveScalars: Treating variable: displacement
SaveScalars: Treating operator: cpu time
OperToParOperMap: cpu time -> none
SaveScalars: Performed 5 reduction operations
SaveScalars: Adding information on simulation timing
SaveScalars: Found 4 result scalars in simulation section
SaveScalars: Found 12 values to save in total
SaveScalars: Saving names of values to file: results_cpu/f768.dat.names
SaveScalars: Parallel data is reduced into one file
SaveScalars: Data is appended to existing file
SaveScalars: Saving values to file: results_cpu/f768.dat
SaveScalars: -----------------------------------------
SolveEquations: Solvers after timestep
WARNING:: CompareToReferenceSolution: Solver 1 FAILED:  Norm = 2.33891555E-02  RefNorm = 2.33900606E-02
CompareToReferenceSolution: Relative Error to reference norm: 3.869454E-05
ReloadInputFile: Reloading input file
LoadInputFile: Loading input file:
WARNING:: CompareToReferenceSolution: FAILED 1 tests out of 1!
MAIN: Reporting unused list entries for sif improvement!
MAIN: If you do not want these lines undefine > DEVEL_LISTUSAGE < !
   Unused keywords:
       Simulation            max output level
       Boundary Condition 2  force 2
       Solver 1              linear system ilut tolerance
       Solver 1              linear system abort not converged
MAIN: *** Elmer Solver: ALL DONE ***
FreeModel: Freeing meshes
ReleaseMesh: Releasing mesh variables
ReleaseMesh: Releasing mesh nodes
ReleaseMesh: Releasing mesh finished
ReleaseMesh: Releasing mesh variables
ReleaseMesh: Releasing mesh nodes
ReleaseMesh: Releasing mesh finished
ReleaseMesh: Releasing mesh variables
ReleaseMesh: Releasing mesh nodes
ReleaseMesh: Releasing mesh finished
FreeModel: Freeing constants list
FreeModel: Freeing simulation list
FreeModel: Freeing boundary lists
FreeModel: Freeing solvers
Loading user function library: [StressSolve]...[StressSolver_Finalize]
Loading user function library: [StressSolve]...[StressSolver_Finalize]
Loading user function library: [SaveData]...[SaveScalars_Finalize]
Loading user function library: [SaveData]...[SaveScalars_Finalize]
FreeModel: Freeing initial conditions lists
FreeModel: Freeing body lists
FreeModel: Freeing equations lists
FreeModel: Freeing body forces lists
ParallelFinalize: Final synchronization of the MPI system!
MAIN: The end
SOLVER TOTAL TIME(CPU,REAL):        24.97       65.35
ELMER SOLVER FINISHED AT: 2026/07/28 13:57:55

Ending linsys/elmer_iter_Idrs5_ILU0.sif with mesh level 3
Elapsed time: 83 s
-----------------------------------


Solver linsys/elmer_iter_Idrs5_ILU1.sif not recommended for given problem. Ignoring it


Solver linsys/elmer_iter_Idrs5_ILUT_1.sif not recommended for given problem. Ignoring it


Solver linsys/elmer_iter_Idrs5_ILUT_2.sif not recommended for given problem. Ignoring it


Solver linsys/elmer_iter_Idrs5_ILUT_3.sif not recommended for given problem. Ignoring it


Solver linsys/elmer_iter_Idrs5_ILUT_4.sif not recommended for given problem. Ignoring it


Solver linsys/elmer_iter_Idrs5_ILUT_5.sif not recommended for given problem. Ignoring it


Solver linsys/elmer_iter_Idrs5_ILUT_6.sif not recommended for given problem. Ignoring it


Solver linsys/elmer_iter_Idrs5_ILUT_7.sif not recommended for given problem. Ignoring it


Solver linsys/elmer_iter_Idrs5_none.sif not recommended for given problem. Ignoring it


Solver linsys/elmer_iter_Idrs5_vanka1.sif not recommended for given problem. Ignoring it


Solver linsys/elmer_iter_Idrs5_vanka2.sif not recommended for given problem. Ignoring it


Solver linsys/elmer_iter_Idrs5_vanka.sif not recommended for given problem. Ignoring it


Solver linsys/elmer_iter_Tfqmr_ILU0.sif not recommended for given problem. Ignoring it


Solver linsys/elmer_P_BiCGStab2_CG_ILU0.sif not recommended for given problem. Ignoring it


Solver linsys/elmer_P_BiCGStab2_CG_none.sif not recommended for given problem. Ignoring it


Solver linsys/elmer_P_BiCGStab4_CG_ILU0.sif not recommended for given problem. Ignoring it


Solver linsys/elmer_P_BiCGStab4_CG_none.sif not recommended for given problem. Ignoring it


Solver linsys/elmer_P_Idrs5_CG_ILU0.sif not recommended for given problem. Ignoring it


Solver linsys/elmer_P_Idrs5_CG_none.sif not recommended for given problem. Ignoring it


Solver linsys/hypre_BiCGStab_BoomerAMG_R1_C0_S3.sif not recommended for given problem. Ignoring it


Solver linsys/hypre_BiCGStab_BoomerAMG_R1_C0_S3_wos.sif not recommended for given problem. Ignoring it


Solver linsys/hypre_BiCGStab_BoomerAMG_R1_C0_S6.sif not recommended for given problem. Ignoring it


Solver linsys/hypre_BiCGStab_BoomerAMG_R1_C0_S6_wos.sif not recommended for given problem. Ignoring it


Solver linsys/hypre_BiCGStab_BoomerAMG_R1_C1_S3.sif not recommended for given problem. Ignoring it


Solver linsys/hypre_BiCGStab_BoomerAMG_R1_C1_S3_wos.sif not recommended for given problem. Ignoring it


Solver linsys/hypre_BiCGStab_BoomerAMG_R2_C0_S3.sif not recommended for given problem. Ignoring it


Solver linsys/hypre_BiCGStab_BoomerAMG_R2_C0_S3_wos.sif not recommended for given problem. Ignoring it


Solver linsys/hypre_BiCGStab_BoomerAMG_R2_C0_S6.sif not recommended for given problem. Ignoring it


Solver linsys/hypre_BiCGStab_BoomerAMG_R2_C0_S6_wos.sif not recommended for given problem. Ignoring it


Solver linsys/hypre_BiCGStab_BoomerAMG_R2_C1_S3.sif not recommended for given problem. Ignoring it


Solver linsys/hypre_BiCGStab_BoomerAMG_R2_C1_S3_wos.sif not recommended for given problem. Ignoring it


Solver linsys/hypre_BiCGStab_BoomerAMG_R3_C0_S3.sif not recommended for given problem. Ignoring it


Solver linsys/hypre_BiCGStab_BoomerAMG_R3_C0_S3_wos.sif not recommended for given problem. Ignoring it


Solver linsys/hypre_BiCGStab_BoomerAMG_R3_C0_S6.sif not recommended for given problem. Ignoring it


Solver linsys/hypre_BiCGStab_BoomerAMG_R3_C0_S6_wos.sif not recommended for given problem. Ignoring it


Solver linsys/hypre_BiCGStab_BoomerAMG_R3_C1_S3.sif not recommended for given problem. Ignoring it


Solver linsys/hypre_BiCGStab_BoomerAMG_R3_C1_S3_wos.sif not recommended for given problem. Ignoring it


Solver linsys/hypre_BiCGStab_BoomerAMG_smoother3.sif not recommended for given problem. Ignoring it


Solver linsys/hypre_BiCGStab_BoomerAMG_smoother6.sif not recommended for given problem. Ignoring it


Solver linsys/hypre_BiCGStab_BoomerAMG_wo_scaling.sif not recommended for given problem. Ignoring it


Solver linsys/hypre_BiCGStab_ILU0.sif not recommended for given problem. Ignoring it


Solver linsys/hypre_BiCGStab_ILU1.sif not recommended for given problem. Ignoring it


Solver linsys/hypre_BiCGStab_none.sif not recommended for given problem. Ignoring it



-----------------------------------
Starting linsys/hypre_BiCGStab_Parasails.sif with mesh level 3

ELMER SOLVER (v 26.2) STARTED AT: 2026/07/28 13:58:11
ELMER SOLVER (v 26.2) STARTED AT: 2026/07/28 13:58:11
ELMER SOLVER (v 26.2) STARTED AT: 2026/07/28 13:58:11
ELMER SOLVER (v 26.2) STARTED AT: 2026/07/28 13:58:11
ELMER SOLVER (v 26.2) STARTED AT: 2026/07/28 13:58:11
ELMER SOLVER (v 26.2) STARTED AT: 2026/07/28 13:58:11
ELMER SOLVER (v 26.2) STARTED AT: 2026/07/28 13:58:11
ELMER SOLVER (v 26.2) STARTED AT: 2026/07/28 13:58:11
ELMER SOLVER (v 26.2) STARTED AT: 2026/07/28 13:58:11
ELMER SOLVER (v 26.2) STARTED AT: 2026/07/28 13:58:11
ELMER SOLVER (v 26.2) STARTED AT: 2026/07/28 13:58:11
ELMER SOLVER (v 26.2) STARTED AT: 2026/07/28 13:58:11
ELMER SOLVER (v 26.2) STARTED AT: 2026/07/28 13:58:11
ELMER SOLVER (v 26.2) STARTED AT: 2026/07/28 13:58:11
ELMER SOLVER (v 26.2) STARTED AT: 2026/07/28 13:58:11
ELMER SOLVER (v 26.2) STARTED AT: 2026/07/28 13:58:11
ELMER SOLVER (v 26.2) STARTED AT: 2026/07/28 13:58:11
ELMER SOLVER (v 26.2) STARTED AT: 2026/07/28 13:58:11
ELMER SOLVER (v 26.2) STARTED AT: 2026/07/28 13:58:11
ELMER SOLVER (v 26.2) STARTED AT: 2026/07/28 13:58:11
ELMER SOLVER (v 26.2) STARTED AT: 2026/07/28 13:58:11
ELMER SOLVER (v 26.2) STARTED AT: 2026/07/28 13:58:11
ELMER SOLVER (v 26.2) STARTED AT: 2026/07/28 13:58:11
ELMER SOLVER (v 26.2) STARTED AT: 2026/07/28 13:58:11
ELMER SOLVER (v 26.2) STARTED AT: 2026/07/28 13:58:11
ELMER SOLVER (v 26.2) STARTED AT: 2026/07/28 13:58:11
ELMER SOLVER (v 26.2) STARTED AT: 2026/07/28 13:58:11
ELMER SOLVER (v 26.2) STARTED AT: 2026/07/28 13:58:11
ELMER SOLVER (v 26.2) STARTED AT: 2026/07/28 13:58:11
ELMER SOLVER (v 26.2) STARTED AT: 2026/07/28 13:58:11
ELMER SOLVER (v 26.2) STARTED AT: 2026/07/28 13:58:11
ELMER SOLVER (v 26.2) STARTED AT: 2026/07/28 13:58:11
ELMER SOLVER (v 26.2) STARTED AT: 2026/07/28 13:58:11
ELMER SOLVER (v 26.2) STARTED AT: 2026/07/28 13:58:11
ELMER SOLVER (v 26.2) STARTED AT: 2026/07/28 13:58:11
ELMER SOLVER (v 26.2) STARTED AT: 2026/07/28 13:58:11
ELMER SOLVER (v 26.2) STARTED AT: 2026/07/28 13:58:11
ELMER SOLVER (v 26.2) STARTED AT: 2026/07/28 13:58:11
ELMER SOLVER (v 26.2) STARTED AT: 2026/07/28 13:58:11
ELMER SOLVER (v 26.2) STARTED AT: 2026/07/28 13:58:11
ELMER SOLVER (v 26.2) STARTED AT: 2026/07/28 13:58:11
ELMER SOLVER (v 26.2) STARTED AT: 2026/07/28 13:58:11
ELMER SOLVER (v 26.2) STARTED AT: 2026/07/28 13:58:11
ELMER SOLVER (v 26.2) STARTED AT: 2026/07/28 13:58:11
ELMER SOLVER (v 26.2) STARTED AT: 2026/07/28 13:58:11
ELMER SOLVER (v 26.2) STARTED AT: 2026/07/28 13:58:11
ELMER SOLVER (v 26.2) STARTED AT: 2026/07/28 13:58:11
ELMER SOLVER (v 26.2) STARTED AT: 2026/07/28 13:58:11
ELMER SOLVER (v 26.2) STARTED AT: 2026/07/28 13:58:11
ELMER SOLVER (v 26.2) STARTED AT: 2026/07/28 13:58:11
ELMER SOLVER (v 26.2) STARTED AT: 2026/07/28 13:58:11
ELMER SOLVER (v 26.2) STARTED AT: 2026/07/28 13:58:11
ELMER SOLVER (v 26.2) STARTED AT: 2026/07/28 13:58:11
ELMER SOLVER (v 26.2) STARTED AT: 2026/07/28 13:58:11
ELMER SOLVER (v 26.2) STARTED AT: 2026/07/28 13:58:11
ELMER SOLVER (v 26.2) STARTED AT: 2026/07/28 13:58:11
ELMER SOLVER (v 26.2) STARTED AT: 2026/07/28 13:58:11
ELMER SOLVER (v 26.2) STARTED AT: 2026/07/28 13:58:11
ELMER SOLVER (v 26.2) STARTED AT: 2026/07/28 13:58:11
ELMER SOLVER (v 26.2) STARTED AT: 2026/07/28 13:58:11
ELMER SOLVER (v 26.2) STARTED AT: 2026/07/28 13:58:11
ELMER SOLVER (v 26.2) STARTED AT: 2026/07/28 13:58:11
ELMER SOLVER (v 26.2) STARTED AT: 2026/07/28 13:58:11
ELMER SOLVER (v 26.2) STARTED AT: 2026/07/28 13:58:11
ELMER SOLVER (v 26.2) STARTED AT: 2026/07/28 13:58:11
ELMER SOLVER (v 26.2) STARTED AT: 2026/07/28 13:58:11
ELMER SOLVER (v 26.2) STARTED AT: 2026/07/28 13:58:11
ELMER SOLVER (v 26.2) STARTED AT: 2026/07/28 13:58:11
ELMER SOLVER (v 26.2) STARTED AT: 2026/07/28 13:58:11
ELMER SOLVER (v 26.2) STARTED AT: 2026/07/28 13:58:11
ELMER SOLVER (v 26.2) STARTED AT: 2026/07/28 13:58:11
ELMER SOLVER (v 26.2) STARTED AT: 2026/07/28 13:58:11
ELMER SOLVER (v 26.2) STARTED AT: 2026/07/28 13:58:11
ELMER SOLVER (v 26.2) STARTED AT: 2026/07/28 13:58:11
ELMER SOLVER (v 26.2) STARTED AT: 2026/07/28 13:58:11
ELMER SOLVER (v 26.2) STARTED AT: 2026/07/28 13:58:11
ELMER SOLVER (v 26.2) STARTED AT: 2026/07/28 13:58:11
ELMER SOLVER (v 26.2) STARTED AT: 2026/07/28 13:58:11
ELMER SOLVER (v 26.2) STARTED AT: 2026/07/28 13:58:11
ELMER SOLVER (v 26.2) STARTED AT: 2026/07/28 13:58:11
ELMER SOLVER (v 26.2) STARTED AT: 2026/07/28 13:58:11
ELMER SOLVER (v 26.2) STARTED AT: 2026/07/28 13:58:11
ELMER SOLVER (v 26.2) STARTED AT: 2026/07/28 13:58:11
ELMER SOLVER (v 26.2) STARTED AT: 2026/07/28 13:58:11
ELMER SOLVER (v 26.2) STARTED AT: 2026/07/28 13:58:11
ELMER SOLVER (v 26.2) STARTED AT: 2026/07/28 13:58:11
ELMER SOLVER (v 26.2) STARTED AT: 2026/07/28 13:58:11
ELMER SOLVER (v 26.2) STARTED AT: 2026/07/28 13:58:11
ELMER SOLVER (v 26.2) STARTED AT: 2026/07/28 13:58:11
ELMER SOLVER (v 26.2) STARTED AT: 2026/07/28 13:58:11
ELMER SOLVER (v 26.2) STARTED AT: 2026/07/28 13:58:11
ELMER SOLVER (v 26.2) STARTED AT: 2026/07/28 13:58:11
ELMER SOLVER (v 26.2) STARTED AT: 2026/07/28 13:58:11
ELMER SOLVER (v 26.2) STARTED AT: 2026/07/28 13:58:11
ELMER SOLVER (v 26.2) STARTED AT: 2026/07/28 13:58:11
ELMER SOLVER (v 26.2) STARTED AT: 2026/07/28 13:58:11
ELMER SOLVER (v 26.2) STARTED AT: 2026/07/28 13:58:11
ELMER SOLVER (v 26.2) STARTED AT: 2026/07/28 13:58:11
ELMER SOLVER (v 26.2) STARTED AT: 2026/07/28 13:58:11
ELMER SOLVER (v 26.2) STARTED AT: 2026/07/28 13:58:11
ELMER SOLVER (v 26.2) STARTED AT: 2026/07/28 13:58:11
ELMER SOLVER (v 26.2) STARTED AT: 2026/07/28 13:58:11
ELMER SOLVER (v 26.2) STARTED AT: 2026/07/28 13:58:11
ELMER SOLVER (v 26.2) STARTED AT: 2026/07/28 13:58:11
ELMER SOLVER (v 26.2) STARTED AT: 2026/07/28 13:58:11
ELMER SOLVER (v 26.2) STARTED AT: 2026/07/28 13:58:11
ELMER SOLVER (v 26.2) STARTED AT: 2026/07/28 13:58:11
ELMER SOLVER (v 26.2) STARTED AT: 2026/07/28 13:58:11
ELMER SOLVER (v 26.2) STARTED AT: 2026/07/28 13:58:11
ELMER SOLVER (v 26.2) STARTED AT: 2026/07/28 13:58:11
ELMER SOLVER (v 26.2) STARTED AT: 2026/07/28 13:58:11
ELMER SOLVER (v 26.2) STARTED AT: 2026/07/28 13:58:11
ELMER SOLVER (v 26.2) STARTED AT: 2026/07/28 13:58:11
ELMER SOLVER (v 26.2) STARTED AT: 2026/07/28 13:58:11
ELMER SOLVER (v 26.2) STARTED AT: 2026/07/28 13:58:11
ELMER SOLVER (v 26.2) STARTED AT: 2026/07/28 13:58:11
ELMER SOLVER (v 26.2) STARTED AT: 2026/07/28 13:58:11
ELMER SOLVER (v 26.2) STARTED AT: 2026/07/28 13:58:11
ELMER SOLVER (v 26.2) STARTED AT: 2026/07/28 13:58:11
ELMER SOLVER (v 26.2) STARTED AT: 2026/07/28 13:58:11
ELMER SOLVER (v 26.2) STARTED AT: 2026/07/28 13:58:11
ELMER SOLVER (v 26.2) STARTED AT: 2026/07/28 13:58:11
ELMER SOLVER (v 26.2) STARTED AT: 2026/07/28 13:58:11
ELMER SOLVER (v 26.2) STARTED AT: 2026/07/28 13:58:11
ELMER SOLVER (v 26.2) STARTED AT: 2026/07/28 13:58:11
ELMER SOLVER (v 26.2) STARTED AT: 2026/07/28 13:58:11
ELMER SOLVER (v 26.2) STARTED AT: 2026/07/28 13:58:11
ELMER SOLVER (v 26.2) STARTED AT: 2026/07/28 13:58:11
ELMER SOLVER (v 26.2) STARTED AT: 2026/07/28 13:58:11
ELMER SOLVER (v 26.2) STARTED AT: 2026/07/28 13:58:11
ELMER SOLVER (v 26.2) STARTED AT: 2026/07/28 13:58:11
ELMER SOLVER (v 26.2) STARTED AT: 2026/07/28 13:58:11
ELMER SOLVER (v 26.2) STARTED AT: 2026/07/28 13:58:11
ELMER SOLVER (v 26.2) STARTED AT: 2026/07/28 13:58:11
ELMER SOLVER (v 26.2) STARTED AT: 2026/07/28 13:58:11
ELMER SOLVER (v 26.2) STARTED AT: 2026/07/28 13:58:11
ELMER SOLVER (v 26.2) STARTED AT: 2026/07/28 13:58:11
ELMER SOLVER (v 26.2) STARTED AT: 2026/07/28 13:58:11
ELMER SOLVER (v 26.2) STARTED AT: 2026/07/28 13:58:11
ELMER SOLVER (v 26.2) STARTED AT: 2026/07/28 13:58:11
ELMER SOLVER (v 26.2) STARTED AT: 2026/07/28 13:58:11
ELMER SOLVER (v 26.2) STARTED AT: 2026/07/28 13:58:11
ELMER SOLVER (v 26.2) STARTED AT: 2026/07/28 13:58:11
ELMER SOLVER (v 26.2) STARTED AT: 2026/07/28 13:58:11
ELMER SOLVER (v 26.2) STARTED AT: 2026/07/28 13:58:11
ELMER SOLVER (v 26.2) STARTED AT: 2026/07/28 13:58:11
ELMER SOLVER (v 26.2) STARTED AT: 2026/07/28 13:58:11
ELMER SOLVER (v 26.2) STARTED AT: 2026/07/28 13:58:11
ELMER SOLVER (v 26.2) STARTED AT: 2026/07/28 13:58:11
ELMER SOLVER (v 26.2) STARTED AT: 2026/07/28 13:58:11
ELMER SOLVER (v 26.2) STARTED AT: 2026/07/28 13:58:11
ELMER SOLVER (v 26.2) STARTED AT: 2026/07/28 13:58:11
ELMER SOLVER (v 26.2) STARTED AT: 2026/07/28 13:58:11
ELMER SOLVER (v 26.2) STARTED AT: 2026/07/28 13:58:11
ELMER SOLVER (v 26.2) STARTED AT: 2026/07/28 13:58:12
ELMER SOLVER (v 26.2) STARTED AT: 2026/07/28 13:58:12
ELMER SOLVER (v 26.2) STARTED AT: 2026/07/28 13:58:12
ELMER SOLVER (v 26.2) STARTED AT: 2026/07/28 13:58:12
ELMER SOLVER (v 26.2) STARTED AT: 2026/07/28 13:58:12
ELMER SOLVER (v 26.2) STARTED AT: 2026/07/28 13:58:12
ELMER SOLVER (v 26.2) STARTED AT: 2026/07/28 13:58:12
ELMER SOLVER (v 26.2) STARTED AT: 2026/07/28 13:58:12
ELMER SOLVER (v 26.2) STARTED AT: 2026/07/28 13:58:12
ELMER SOLVER (v 26.2) STARTED AT: 2026/07/28 13:58:12
ELMER SOLVER (v 26.2) STARTED AT: 2026/07/28 13:58:12
ELMER SOLVER (v 26.2) STARTED AT: 2026/07/28 13:58:12
ELMER SOLVER (v 26.2) STARTED AT: 2026/07/28 13:58:12
ELMER SOLVER (v 26.2) STARTED AT: 2026/07/28 13:58:12
ELMER SOLVER (v 26.2) STARTED AT: 2026/07/28 13:58:12
ELMER SOLVER (v 26.2) STARTED AT: 2026/07/28 13:58:12
ELMER SOLVER (v 26.2) STARTED AT: 2026/07/28 13:58:12
ELMER SOLVER (v 26.2) STARTED AT: 2026/07/28 13:58:12
ELMER SOLVER (v 26.2) STARTED AT: 2026/07/28 13:58:12
ELMER SOLVER (v 26.2) STARTED AT: 2026/07/28 13:58:12
ELMER SOLVER (v 26.2) STARTED AT: 2026/07/28 13:58:12
ELMER SOLVER (v 26.2) STARTED AT: 2026/07/28 13:58:12
ELMER SOLVER (v 26.2) STARTED AT: 2026/07/28 13:58:12
ELMER SOLVER (v 26.2) STARTED AT: 2026/07/28 13:58:12
ELMER SOLVER (v 26.2) STARTED AT: 2026/07/28 13:58:12
ELMER SOLVER (v 26.2) STARTED AT: 2026/07/28 13:58:12
ELMER SOLVER (v 26.2) STARTED AT: 2026/07/28 13:58:12
ELMER SOLVER (v 26.2) STARTED AT: 2026/07/28 13:58:12
ELMER SOLVER (v 26.2) STARTED AT: 2026/07/28 13:58:12
ELMER SOLVER (v 26.2) STARTED AT: 2026/07/28 13:58:12
ELMER SOLVER (v 26.2) STARTED AT: 2026/07/28 13:58:12
ELMER SOLVER (v 26.2) STARTED AT: 2026/07/28 13:58:12
ELMER SOLVER (v 26.2) STARTED AT: 2026/07/28 13:58:12
ELMER SOLVER (v 26.2) STARTED AT: 2026/07/28 13:58:12
ELMER SOLVER (v 26.2) STARTED AT: 2026/07/28 13:58:12
ELMER SOLVER (v 26.2) STARTED AT: 2026/07/28 13:58:12
ELMER SOLVER (v 26.2) STARTED AT: 2026/07/28 13:58:12
ELMER SOLVER (v 26.2) STARTED AT: 2026/07/28 13:58:12
ELMER SOLVER (v 26.2) STARTED AT: 2026/07/28 13:58:12
ELMER SOLVER (v 26.2) STARTED AT: 2026/07/28 13:58:12
ELMER SOLVER (v 26.2) STARTED AT: 2026/07/28 13:58:12
ELMER SOLVER (v 26.2) STARTED AT: 2026/07/28 13:58:12
ELMER SOLVER (v 26.2) STARTED AT: 2026/07/28 13:58:12
ELMER SOLVER (v 26.2) STARTED AT: 2026/07/28 13:58:12
ELMER SOLVER (v 26.2) STARTED AT: 2026/07/28 13:58:12
ELMER SOLVER (v 26.2) STARTED AT: 2026/07/28 13:58:12
ELMER SOLVER (v 26.2) STARTED AT: 2026/07/28 13:58:12
ELMER SOLVER (v 26.2) STARTED AT: 2026/07/28 13:58:12
ELMER SOLVER (v 26.2) STARTED AT: 2026/07/28 13:58:12
ELMER SOLVER (v 26.2) STARTED AT: 2026/07/28 13:58:12
ELMER SOLVER (v 26.2) STARTED AT: 2026/07/28 13:58:12
ELMER SOLVER (v 26.2) STARTED AT: 2026/07/28 13:58:12
ELMER SOLVER (v 26.2) STARTED AT: 2026/07/28 13:58:12
ELMER SOLVER (v 26.2) STARTED AT: 2026/07/28 13:58:12
ELMER SOLVER (v 26.2) STARTED AT: 2026/07/28 13:58:12
ELMER SOLVER (v 26.2) STARTED AT: 2026/07/28 13:58:12
ELMER SOLVER (v 26.2) STARTED AT: 2026/07/28 13:58:12
ELMER SOLVER (v 26.2) STARTED AT: 2026/07/28 13:58:12
ELMER SOLVER (v 26.2) STARTED AT: 2026/07/28 13:58:12
ELMER SOLVER (v 26.2) STARTED AT: 2026/07/28 13:58:12
ELMER SOLVER (v 26.2) STARTED AT: 2026/07/28 13:58:12
ELMER SOLVER (v 26.2) STARTED AT: 2026/07/28 13:58:12
ELMER SOLVER (v 26.2) STARTED AT: 2026/07/28 13:58:12
ELMER SOLVER (v 26.2) STARTED AT: 2026/07/28 13:58:12
ELMER SOLVER (v 26.2) STARTED AT: 2026/07/28 13:58:12
ELMER SOLVER (v 26.2) STARTED AT: 2026/07/28 13:58:12
ELMER SOLVER (v 26.2) STARTED AT: 2026/07/28 13:58:12
ELMER SOLVER (v 26.2) STARTED AT: 2026/07/28 13:58:12
ELMER SOLVER (v 26.2) STARTED AT: 2026/07/28 13:58:12
ELMER SOLVER (v 26.2) STARTED AT: 2026/07/28 13:58:12
ELMER SOLVER (v 26.2) STARTED AT: 2026/07/28 13:58:12
ELMER SOLVER (v 26.2) STARTED AT: 2026/07/28 13:58:12
ELMER SOLVER (v 26.2) STARTED AT: 2026/07/28 13:58:12
ELMER SOLVER (v 26.2) STARTED AT: 2026/07/28 13:58:12
ELMER SOLVER (v 26.2) STARTED AT: 2026/07/28 13:58:12
ELMER SOLVER (v 26.2) STARTED AT: 2026/07/28 13:58:12
ELMER SOLVER (v 26.2) STARTED AT: 2026/07/28 13:58:12
ELMER SOLVER (v 26.2) STARTED AT: 2026/07/28 13:58:12
ELMER SOLVER (v 26.2) STARTED AT: 2026/07/28 13:58:12
ELMER SOLVER (v 26.2) STARTED AT: 2026/07/28 13:58:12
ELMER SOLVER (v 26.2) STARTED AT: 2026/07/28 13:58:12
ELMER SOLVER (v 26.2) STARTED AT: 2026/07/28 13:58:12
ELMER SOLVER (v 26.2) STARTED AT: 2026/07/28 13:58:12
ELMER SOLVER (v 26.2) STARTED AT: 2026/07/28 13:58:12
ELMER SOLVER (v 26.2) STARTED AT: 2026/07/28 13:58:12
ELMER SOLVER (v 26.2) STARTED AT: 2026/07/28 13:58:12
ELMER SOLVER (v 26.2) STARTED AT: 2026/07/28 13:58:12
ELMER SOLVER (v 26.2) STARTED AT: 2026/07/28 13:58:12
ELMER SOLVER (v 26.2) STARTED AT: 2026/07/28 13:58:12
ELMER SOLVER (v 26.2) STARTED AT: 2026/07/28 13:58:12
ELMER SOLVER (v 26.2) STARTED AT: 2026/07/28 13:58:12
ELMER SOLVER (v 26.2) STARTED AT: 2026/07/28 13:58:12
ELMER SOLVER (v 26.2) STARTED AT: 2026/07/28 13:58:12
ELMER SOLVER (v 26.2) STARTED AT: 2026/07/28 13:58:12
ELMER SOLVER (v 26.2) STARTED AT: 2026/07/28 13:58:12
ELMER SOLVER (v 26.2) STARTED AT: 2026/07/28 13:58:12
ELMER SOLVER (v 26.2) STARTED AT: 2026/07/28 13:58:12
ELMER SOLVER (v 26.2) STARTED AT: 2026/07/28 13:58:12
ELMER SOLVER (v 26.2) STARTED AT: 2026/07/28 13:58:12
ELMER SOLVER (v 26.2) STARTED AT: 2026/07/28 13:58:12
ELMER SOLVER (v 26.2) STARTED AT: 2026/07/28 13:58:12
ELMER SOLVER (v 26.2) STARTED AT: 2026/07/28 13:58:12
ELMER SOLVER (v 26.2) STARTED AT: 2026/07/28 13:58:12
ELMER SOLVER (v 26.2) STARTED AT: 2026/07/28 13:58:12
ELMER SOLVER (v 26.2) STARTED AT: 2026/07/28 13:58:12
ELMER SOLVER (v 26.2) STARTED AT: 2026/07/28 13:58:12
ELMER SOLVER (v 26.2) STARTED AT: 2026/07/28 13:58:12
ELMER SOLVER (v 26.2) STARTED AT: 2026/07/28 13:58:12
ELMER SOLVER (v 26.2) STARTED AT: 2026/07/28 13:58:12
ELMER SOLVER (v 26.2) STARTED AT: 2026/07/28 13:58:12
ELMER SOLVER (v 26.2) STARTED AT: 2026/07/28 13:58:12
ELMER SOLVER (v 26.2) STARTED AT: 2026/07/28 13:58:12
ELMER SOLVER (v 26.2) STARTED AT: 2026/07/28 13:58:12
ELMER SOLVER (v 26.2) STARTED AT: 2026/07/28 13:58:12
ELMER SOLVER (v 26.2) STARTED AT: 2026/07/28 13:58:12
ELMER SOLVER (v 26.2) STARTED AT: 2026/07/28 13:58:12
ELMER SOLVER (v 26.2) STARTED AT: 2026/07/28 13:58:12
ELMER SOLVER (v 26.2) STARTED AT: 2026/07/28 13:58:12
ELMER SOLVER (v 26.2) STARTED AT: 2026/07/28 13:58:12
ELMER SOLVER (v 26.2) STARTED AT: 2026/07/28 13:58:12
ELMER SOLVER (v 26.2) STARTED AT: 2026/07/28 13:58:12
ELMER SOLVER (v 26.2) STARTED AT: 2026/07/28 13:58:12
ELMER SOLVER (v 26.2) STARTED AT: 2026/07/28 13:58:12
ELMER SOLVER (v 26.2) STARTED AT: 2026/07/28 13:58:12
ELMER SOLVER (v 26.2) STARTED AT: 2026/07/28 13:58:12
ELMER SOLVER (v 26.2) STARTED AT: 2026/07/28 13:58:12
ELMER SOLVER (v 26.2) STARTED AT: 2026/07/28 13:58:12
ELMER SOLVER (v 26.2) STARTED AT: 2026/07/28 13:58:12
ELMER SOLVER (v 26.2) STARTED AT: 2026/07/28 13:58:12
ELMER SOLVER (v 26.2) STARTED AT: 2026/07/28 13:58:12
ELMER SOLVER (v 26.2) STARTED AT: 2026/07/28 13:58:12
ELMER SOLVER (v 26.2) STARTED AT: 2026/07/28 13:58:12
ELMER SOLVER (v 26.2) STARTED AT: 2026/07/28 13:58:12
ELMER SOLVER (v 26.2) STARTED AT: 2026/07/28 13:58:12
ELMER SOLVER (v 26.2) STARTED AT: 2026/07/28 13:58:12
ELMER SOLVER (v 26.2) STARTED AT: 2026/07/28 13:58:12
ELMER SOLVER (v 26.2) STARTED AT: 2026/07/28 13:58:12
ELMER SOLVER (v 26.2) STARTED AT: 2026/07/28 13:58:12
ELMER SOLVER (v 26.2) STARTED AT: 2026/07/28 13:58:12
ELMER SOLVER (v 26.2) STARTED AT: 2026/07/28 13:58:12
ELMER SOLVER (v 26.2) STARTED AT: 2026/07/28 13:58:12
ELMER SOLVER (v 26.2) STARTED AT: 2026/07/28 13:58:12
ELMER SOLVER (v 26.2) STARTED AT: 2026/07/28 13:58:12
ELMER SOLVER (v 26.2) STARTED AT: 2026/07/28 13:58:12
ELMER SOLVER (v 26.2) STARTED AT: 2026/07/28 13:58:12
ELMER SOLVER (v 26.2) STARTED AT: 2026/07/28 13:58:12
ELMER SOLVER (v 26.2) STARTED AT: 2026/07/28 13:58:12
ELMER SOLVER (v 26.2) STARTED AT: 2026/07/28 13:58:12
ELMER SOLVER (v 26.2) STARTED AT: 2026/07/28 13:58:12
ELMER SOLVER (v 26.2) STARTED AT: 2026/07/28 13:58:12
ELMER SOLVER (v 26.2) STARTED AT: 2026/07/28 13:58:12
ELMER SOLVER (v 26.2) STARTED AT: 2026/07/28 13:58:12
ELMER SOLVER (v 26.2) STARTED AT: 2026/07/28 13:58:12
ELMER SOLVER (v 26.2) STARTED AT: 2026/07/28 13:58:12
ELMER SOLVER (v 26.2) STARTED AT: 2026/07/28 13:58:12
ELMER SOLVER (v 26.2) STARTED AT: 2026/07/28 13:58:12
ELMER SOLVER (v 26.2) STARTED AT: 2026/07/28 13:58:12
ELMER SOLVER (v 26.2) STARTED AT: 2026/07/28 13:58:12
ELMER SOLVER (v 26.2) STARTED AT: 2026/07/28 13:58:12
ELMER SOLVER (v 26.2) STARTED AT: 2026/07/28 13:58:12
ELMER SOLVER (v 26.2) STARTED AT: 2026/07/28 13:58:12
ELMER SOLVER (v 26.2) STARTED AT: 2026/07/28 13:58:12
ELMER SOLVER (v 26.2) STARTED AT: 2026/07/28 13:58:12
ELMER SOLVER (v 26.2) STARTED AT: 2026/07/28 13:58:12
ELMER SOLVER (v 26.2) STARTED AT: 2026/07/28 13:58:12
ELMER SOLVER (v 26.2) STARTED AT: 2026/07/28 13:58:12
ELMER SOLVER (v 26.2) STARTED AT: 2026/07/28 13:58:12
ELMER SOLVER (v 26.2) STARTED AT: 2026/07/28 13:58:12
ELMER SOLVER (v 26.2) STARTED AT: 2026/07/28 13:58:12
ELMER SOLVER (v 26.2) STARTED AT: 2026/07/28 13:58:12
ELMER SOLVER (v 26.2) STARTED AT: 2026/07/28 13:58:12
ELMER SOLVER (v 26.2) STARTED AT: 2026/07/28 13:58:12
ELMER SOLVER (v 26.2) STARTED AT: 2026/07/28 13:58:12
ELMER SOLVER (v 26.2) STARTED AT: 2026/07/28 13:58:12
ELMER SOLVER (v 26.2) STARTED AT: 2026/07/28 13:58:12
ELMER SOLVER (v 26.2) STARTED AT: 2026/07/28 13:58:12
ELMER SOLVER (v 26.2) STARTED AT: 2026/07/28 13:58:12
ELMER SOLVER (v 26.2) STARTED AT: 2026/07/28 13:58:12
ELMER SOLVER (v 26.2) STARTED AT: 2026/07/28 13:58:12
ELMER SOLVER (v 26.2) STARTED AT: 2026/07/28 13:58:12
ELMER SOLVER (v 26.2) STARTED AT: 2026/07/28 13:58:12
ELMER SOLVER (v 26.2) STARTED AT: 2026/07/28 13:58:12
ELMER SOLVER (v 26.2) STARTED AT: 2026/07/28 13:58:12
ELMER SOLVER (v 26.2) STARTED AT: 2026/07/28 13:58:12
ELMER SOLVER (v 26.2) STARTED AT: 2026/07/28 13:58:12
ELMER SOLVER (v 26.2) STARTED AT: 2026/07/28 13:58:12
ELMER SOLVER (v 26.2) STARTED AT: 2026/07/28 13:58:12
ELMER SOLVER (v 26.2) STARTED AT: 2026/07/28 13:58:12
ELMER SOLVER (v 26.2) STARTED AT: 2026/07/28 13:58:12
ELMER SOLVER (v 26.2) STARTED AT: 2026/07/28 13:58:13
ELMER SOLVER (v 26.2) STARTED AT: 2026/07/28 13:58:13
ELMER SOLVER (v 26.2) STARTED AT: 2026/07/28 13:58:13
ELMER SOLVER (v 26.2) STARTED AT: 2026/07/28 13:58:13
ELMER SOLVER (v 26.2) STARTED AT: 2026/07/28 13:58:13
ELMER SOLVER (v 26.2) STARTED AT: 2026/07/28 13:58:13
ELMER SOLVER (v 26.2) STARTED AT: 2026/07/28 13:58:13
ELMER SOLVER (v 26.2) STARTED AT: 2026/07/28 13:58:13
ELMER SOLVER (v 26.2) STARTED AT: 2026/07/28 13:58:13
ELMER SOLVER (v 26.2) STARTED AT: 2026/07/28 13:58:13
ELMER SOLVER (v 26.2) STARTED AT: 2026/07/28 13:58:13
ELMER SOLVER (v 26.2) STARTED AT: 2026/07/28 13:58:13
ELMER SOLVER (v 26.2) STARTED AT: 2026/07/28 13:58:13
ELMER SOLVER (v 26.2) STARTED AT: 2026/07/28 13:58:13
ELMER SOLVER (v 26.2) STARTED AT: 2026/07/28 13:58:13
ELMER SOLVER (v 26.2) STARTED AT: 2026/07/28 13:58:13
ELMER SOLVER (v 26.2) STARTED AT: 2026/07/28 13:58:13
ELMER SOLVER (v 26.2) STARTED AT: 2026/07/28 13:58:13
ELMER SOLVER (v 26.2) STARTED AT: 2026/07/28 13:58:13
ELMER SOLVER (v 26.2) STARTED AT: 2026/07/28 13:58:13
ELMER SOLVER (v 26.2) STARTED AT: 2026/07/28 13:58:13
ELMER SOLVER (v 26.2) STARTED AT: 2026/07/28 13:58:13
ELMER SOLVER (v 26.2) STARTED AT: 2026/07/28 13:58:13
ELMER SOLVER (v 26.2) STARTED AT: 2026/07/28 13:58:13
ELMER SOLVER (v 26.2) STARTED AT: 2026/07/28 13:58:13
ELMER SOLVER (v 26.2) STARTED AT: 2026/07/28 13:58:13
ELMER SOLVER (v 26.2) STARTED AT: 2026/07/28 13:58:13
ELMER SOLVER (v 26.2) STARTED AT: 2026/07/28 13:58:13
ELMER SOLVER (v 26.2) STARTED AT: 2026/07/28 13:58:13
ELMER SOLVER (v 26.2) STARTED AT: 2026/07/28 13:58:13
ELMER SOLVER (v 26.2) STARTED AT: 2026/07/28 13:58:13
ELMER SOLVER (v 26.2) STARTED AT: 2026/07/28 13:58:13
ELMER SOLVER (v 26.2) STARTED AT: 2026/07/28 13:58:13
ELMER SOLVER (v 26.2) STARTED AT: 2026/07/28 13:58:13
ELMER SOLVER (v 26.2) STARTED AT: 2026/07/28 13:58:13
ELMER SOLVER (v 26.2) STARTED AT: 2026/07/28 13:58:13
ELMER SOLVER (v 26.2) STARTED AT: 2026/07/28 13:58:13
ELMER SOLVER (v 26.2) STARTED AT: 2026/07/28 13:58:13
ELMER SOLVER (v 26.2) STARTED AT: 2026/07/28 13:58:13
ELMER SOLVER (v 26.2) STARTED AT: 2026/07/28 13:58:13
ELMER SOLVER (v 26.2) STARTED AT: 2026/07/28 13:58:13
ELMER SOLVER (v 26.2) STARTED AT: 2026/07/28 13:58:13
ELMER SOLVER (v 26.2) STARTED AT: 2026/07/28 13:58:13
ELMER SOLVER (v 26.2) STARTED AT: 2026/07/28 13:58:13
ELMER SOLVER (v 26.2) STARTED AT: 2026/07/28 13:58:13
ELMER SOLVER (v 26.2) STARTED AT: 2026/07/28 13:58:13
ELMER SOLVER (v 26.2) STARTED AT: 2026/07/28 13:58:13
ELMER SOLVER (v 26.2) STARTED AT: 2026/07/28 13:58:13
ELMER SOLVER (v 26.2) STARTED AT: 2026/07/28 13:58:13
ELMER SOLVER (v 26.2) STARTED AT: 2026/07/28 13:58:13
ELMER SOLVER (v 26.2) STARTED AT: 2026/07/28 13:58:13
ELMER SOLVER (v 26.2) STARTED AT: 2026/07/28 13:58:13
ELMER SOLVER (v 26.2) STARTED AT: 2026/07/28 13:58:13
ELMER SOLVER (v 26.2) STARTED AT: 2026/07/28 13:58:13
ELMER SOLVER (v 26.2) STARTED AT: 2026/07/28 13:58:13
ELMER SOLVER (v 26.2) STARTED AT: 2026/07/28 13:58:13
ELMER SOLVER (v 26.2) STARTED AT: 2026/07/28 13:58:13
ELMER SOLVER (v 26.2) STARTED AT: 2026/07/28 13:58:13
ELMER SOLVER (v 26.2) STARTED AT: 2026/07/28 13:58:13
ELMER SOLVER (v 26.2) STARTED AT: 2026/07/28 13:58:13
ELMER SOLVER (v 26.2) STARTED AT: 2026/07/28 13:58:13
ELMER SOLVER (v 26.2) STARTED AT: 2026/07/28 13:58:13
ELMER SOLVER (v 26.2) STARTED AT: 2026/07/28 13:58:13
ELMER SOLVER (v 26.2) STARTED AT: 2026/07/28 13:58:13
ELMER SOLVER (v 26.2) STARTED AT: 2026/07/28 13:58:13
ELMER SOLVER (v 26.2) STARTED AT: 2026/07/28 13:58:13
ELMER SOLVER (v 26.2) STARTED AT: 2026/07/28 13:58:13
ELMER SOLVER (v 26.2) STARTED AT: 2026/07/28 13:58:13
ELMER SOLVER (v 26.2) STARTED AT: 2026/07/28 13:58:13
ELMER SOLVER (v 26.2) STARTED AT: 2026/07/28 13:58:13
ELMER SOLVER (v 26.2) STARTED AT: 2026/07/28 13:58:13
ELMER SOLVER (v 26.2) STARTED AT: 2026/07/28 13:58:13
ELMER SOLVER (v 26.2) STARTED AT: 2026/07/28 13:58:13
ELMER SOLVER (v 26.2) STARTED AT: 2026/07/28 13:58:13
ELMER SOLVER (v 26.2) STARTED AT: 2026/07/28 13:58:13
ELMER SOLVER (v 26.2) STARTED AT: 2026/07/28 13:58:13
ELMER SOLVER (v 26.2) STARTED AT: 2026/07/28 13:58:13
ELMER SOLVER (v 26.2) STARTED AT: 2026/07/28 13:58:13
ELMER SOLVER (v 26.2) STARTED AT: 2026/07/28 13:58:13
ELMER SOLVER (v 26.2) STARTED AT: 2026/07/28 13:58:13
ELMER SOLVER (v 26.2) STARTED AT: 2026/07/28 13:58:13
ELMER SOLVER (v 26.2) STARTED AT: 2026/07/28 13:58:13
ELMER SOLVER (v 26.2) STARTED AT: 2026/07/28 13:58:13
ELMER SOLVER (v 26.2) STARTED AT: 2026/07/28 13:58:13
ELMER SOLVER (v 26.2) STARTED AT: 2026/07/28 13:58:13
ELMER SOLVER (v 26.2) STARTED AT: 2026/07/28 13:58:13
ELMER SOLVER (v 26.2) STARTED AT: 2026/07/28 13:58:13
ELMER SOLVER (v 26.2) STARTED AT: 2026/07/28 13:58:13
ELMER SOLVER (v 26.2) STARTED AT: 2026/07/28 13:58:13
ELMER SOLVER (v 26.2) STARTED AT: 2026/07/28 13:58:13
ELMER SOLVER (v 26.2) STARTED AT: 2026/07/28 13:58:13
ELMER SOLVER (v 26.2) STARTED AT: 2026/07/28 13:58:13
ELMER SOLVER (v 26.2) STARTED AT: 2026/07/28 13:58:13
ELMER SOLVER (v 26.2) STARTED AT: 2026/07/28 13:58:13
ELMER SOLVER (v 26.2) STARTED AT: 2026/07/28 13:58:13
ELMER SOLVER (v 26.2) STARTED AT: 2026/07/28 13:58:13
ELMER SOLVER (v 26.2) STARTED AT: 2026/07/28 13:58:13
ELMER SOLVER (v 26.2) STARTED AT: 2026/07/28 13:58:13
ELMER SOLVER (v 26.2) STARTED AT: 2026/07/28 13:58:13
ELMER SOLVER (v 26.2) STARTED AT: 2026/07/28 13:58:13
ELMER SOLVER (v 26.2) STARTED AT: 2026/07/28 13:58:13
ELMER SOLVER (v 26.2) STARTED AT: 2026/07/28 13:58:13
ELMER SOLVER (v 26.2) STARTED AT: 2026/07/28 13:58:13
ELMER SOLVER (v 26.2) STARTED AT: 2026/07/28 13:58:13
ELMER SOLVER (v 26.2) STARTED AT: 2026/07/28 13:58:13
ELMER SOLVER (v 26.2) STARTED AT: 2026/07/28 13:58:13
ELMER SOLVER (v 26.2) STARTED AT: 2026/07/28 13:58:13
ELMER SOLVER (v 26.2) STARTED AT: 2026/07/28 13:58:13
ELMER SOLVER (v 26.2) STARTED AT: 2026/07/28 13:58:13
ELMER SOLVER (v 26.2) STARTED AT: 2026/07/28 13:58:13
ELMER SOLVER (v 26.2) STARTED AT: 2026/07/28 13:58:13
ELMER SOLVER (v 26.2) STARTED AT: 2026/07/28 13:58:13
ELMER SOLVER (v 26.2) STARTED AT: 2026/07/28 13:58:13
ELMER SOLVER (v 26.2) STARTED AT: 2026/07/28 13:58:13
ELMER SOLVER (v 26.2) STARTED AT: 2026/07/28 13:58:13
ELMER SOLVER (v 26.2) STARTED AT: 2026/07/28 13:58:13
ELMER SOLVER (v 26.2) STARTED AT: 2026/07/28 13:58:13
ELMER SOLVER (v 26.2) STARTED AT: 2026/07/28 13:58:13
ELMER SOLVER (v 26.2) STARTED AT: 2026/07/28 13:58:13
ELMER SOLVER (v 26.2) STARTED AT: 2026/07/28 13:58:13
ELMER SOLVER (v 26.2) STARTED AT: 2026/07/28 13:58:13
ELMER SOLVER (v 26.2) STARTED AT: 2026/07/28 13:58:13
ELMER SOLVER (v 26.2) STARTED AT: 2026/07/28 13:58:13
ELMER SOLVER (v 26.2) STARTED AT: 2026/07/28 13:58:13
ELMER SOLVER (v 26.2) STARTED AT: 2026/07/28 13:58:13
ELMER SOLVER (v 26.2) STARTED AT: 2026/07/28 13:58:13
ELMER SOLVER (v 26.2) STARTED AT: 2026/07/28 13:58:13
ELMER SOLVER (v 26.2) STARTED AT: 2026/07/28 13:58:13
ELMER SOLVER (v 26.2) STARTED AT: 2026/07/28 13:58:13
ELMER SOLVER (v 26.2) STARTED AT: 2026/07/28 13:58:13
ELMER SOLVER (v 26.2) STARTED AT: 2026/07/28 13:58:13
ELMER SOLVER (v 26.2) STARTED AT: 2026/07/28 13:58:13
ELMER SOLVER (v 26.2) STARTED AT: 2026/07/28 13:58:13
ELMER SOLVER (v 26.2) STARTED AT: 2026/07/28 13:58:13
ELMER SOLVER (v 26.2) STARTED AT: 2026/07/28 13:58:13
ELMER SOLVER (v 26.2) STARTED AT: 2026/07/28 13:58:13
ELMER SOLVER (v 26.2) STARTED AT: 2026/07/28 13:58:13
ELMER SOLVER (v 26.2) STARTED AT: 2026/07/28 13:58:13
ELMER SOLVER (v 26.2) STARTED AT: 2026/07/28 13:58:13
ELMER SOLVER (v 26.2) STARTED AT: 2026/07/28 13:58:13
ELMER SOLVER (v 26.2) STARTED AT: 2026/07/28 13:58:13
ELMER SOLVER (v 26.2) STARTED AT: 2026/07/28 13:58:13
ELMER SOLVER (v 26.2) STARTED AT: 2026/07/28 13:58:13
ELMER SOLVER (v 26.2) STARTED AT: 2026/07/28 13:58:13
ELMER SOLVER (v 26.2) STARTED AT: 2026/07/28 13:58:13
ELMER SOLVER (v 26.2) STARTED AT: 2026/07/28 13:58:13
ELMER SOLVER (v 26.2) STARTED AT: 2026/07/28 13:58:13
ELMER SOLVER (v 26.2) STARTED AT: 2026/07/28 13:58:13
ELMER SOLVER (v 26.2) STARTED AT: 2026/07/28 13:58:13
ELMER SOLVER (v 26.2) STARTED AT: 2026/07/28 13:58:13
ELMER SOLVER (v 26.2) STARTED AT: 2026/07/28 13:58:13
ELMER SOLVER (v 26.2) STARTED AT: 2026/07/28 13:58:13
ELMER SOLVER (v 26.2) STARTED AT: 2026/07/28 13:58:13
ELMER SOLVER (v 26.2) STARTED AT: 2026/07/28 13:58:13
ELMER SOLVER (v 26.2) STARTED AT: 2026/07/28 13:58:13
ELMER SOLVER (v 26.2) STARTED AT: 2026/07/28 13:58:13
ELMER SOLVER (v 26.2) STARTED AT: 2026/07/28 13:58:13
ELMER SOLVER (v 26.2) STARTED AT: 2026/07/28 13:58:13
ELMER SOLVER (v 26.2) STARTED AT: 2026/07/28 13:58:13
ELMER SOLVER (v 26.2) STARTED AT: 2026/07/28 13:58:13
ELMER SOLVER (v 26.2) STARTED AT: 2026/07/28 13:58:13
ELMER SOLVER (v 26.2) STARTED AT: 2026/07/28 13:58:13
ELMER SOLVER (v 26.2) STARTED AT: 2026/07/28 13:58:13
ELMER SOLVER (v 26.2) STARTED AT: 2026/07/28 13:58:13
ELMER SOLVER (v 26.2) STARTED AT: 2026/07/28 13:58:13
ELMER SOLVER (v 26.2) STARTED AT: 2026/07/28 13:58:13
ELMER SOLVER (v 26.2) STARTED AT: 2026/07/28 13:58:13
ELMER SOLVER (v 26.2) STARTED AT: 2026/07/28 13:58:13
ELMER SOLVER (v 26.2) STARTED AT: 2026/07/28 13:58:13
ELMER SOLVER (v 26.2) STARTED AT: 2026/07/28 13:58:13
ELMER SOLVER (v 26.2) STARTED AT: 2026/07/28 13:58:13
ELMER SOLVER (v 26.2) STARTED AT: 2026/07/28 13:58:13
ELMER SOLVER (v 26.2) STARTED AT: 2026/07/28 13:58:13
ELMER SOLVER (v 26.2) STARTED AT: 2026/07/28 13:58:13
ELMER SOLVER (v 26.2) STARTED AT: 2026/07/28 13:58:13
ELMER SOLVER (v 26.2) STARTED AT: 2026/07/28 13:58:13
ELMER SOLVER (v 26.2) STARTED AT: 2026/07/28 13:58:13
ELMER SOLVER (v 26.2) STARTED AT: 2026/07/28 13:58:13
ELMER SOLVER (v 26.2) STARTED AT: 2026/07/28 13:58:13
ELMER SOLVER (v 26.2) STARTED AT: 2026/07/28 13:58:13
ELMER SOLVER (v 26.2) STARTED AT: 2026/07/28 13:58:13
ELMER SOLVER (v 26.2) STARTED AT: 2026/07/28 13:58:13
ELMER SOLVER (v 26.2) STARTED AT: 2026/07/28 13:58:13
ELMER SOLVER (v 26.2) STARTED AT: 2026/07/28 13:58:13
ELMER SOLVER (v 26.2) STARTED AT: 2026/07/28 13:58:13
ELMER SOLVER (v 26.2) STARTED AT: 2026/07/28 13:58:13
ELMER SOLVER (v 26.2) STARTED AT: 2026/07/28 13:58:13
ELMER SOLVER (v 26.2) STARTED AT: 2026/07/28 13:58:13
ELMER SOLVER (v 26.2) STARTED AT: 2026/07/28 13:58:13
ELMER SOLVER (v 26.2) STARTED AT: 2026/07/28 13:58:13
ELMER SOLVER (v 26.2) STARTED AT: 2026/07/28 13:58:13
ELMER SOLVER (v 26.2) STARTED AT: 2026/07/28 13:58:13
ELMER SOLVER (v 26.2) STARTED AT: 2026/07/28 13:58:13
ELMER SOLVER (v 26.2) STARTED AT: 2026/07/28 13:58:13
ELMER SOLVER (v 26.2) STARTED AT: 2026/07/28 13:58:13
ELMER SOLVER (v 26.2) STARTED AT: 2026/07/28 13:58:13
ELMER SOLVER (v 26.2) STARTED AT: 2026/07/28 13:58:13
ELMER SOLVER (v 26.2) STARTED AT: 2026/07/28 13:58:13
ELMER SOLVER (v 26.2) STARTED AT: 2026/07/28 13:58:13
ELMER SOLVER (v 26.2) STARTED AT: 2026/07/28 13:58:13
ELMER SOLVER (v 26.2) STARTED AT: 2026/07/28 13:58:13
ELMER SOLVER (v 26.2) STARTED AT: 2026/07/28 13:58:13
ELMER SOLVER (v 26.2) STARTED AT: 2026/07/28 13:58:13
ELMER SOLVER (v 26.2) STARTED AT: 2026/07/28 13:58:13
ELMER SOLVER (v 26.2) STARTED AT: 2026/07/28 13:58:13
ELMER SOLVER (v 26.2) STARTED AT: 2026/07/28 13:58:13
ELMER SOLVER (v 26.2) STARTED AT: 2026/07/28 13:58:13
ELMER SOLVER (v 26.2) STARTED AT: 2026/07/28 13:58:13
ELMER SOLVER (v 26.2) STARTED AT: 2026/07/28 13:58:13
ELMER SOLVER (v 26.2) STARTED AT: 2026/07/28 13:58:13
ELMER SOLVER (v 26.2) STARTED AT: 2026/07/28 13:58:13
ELMER SOLVER (v 26.2) STARTED AT: 2026/07/28 13:58:13
ELMER SOLVER (v 26.2) STARTED AT: 2026/07/28 13:58:13
ELMER SOLVER (v 26.2) STARTED AT: 2026/07/28 13:58:13
ELMER SOLVER (v 26.2) STARTED AT: 2026/07/28 13:58:13
ELMER SOLVER (v 26.2) STARTED AT: 2026/07/28 13:58:13
ELMER SOLVER (v 26.2) STARTED AT: 2026/07/28 13:58:13
ELMER SOLVER (v 26.2) STARTED AT: 2026/07/28 13:58:13
ELMER SOLVER (v 26.2) STARTED AT: 2026/07/28 13:58:13
ELMER SOLVER (v 26.2) STARTED AT: 2026/07/28 13:58:13
ELMER SOLVER (v 26.2) STARTED AT: 2026/07/28 13:58:13
ELMER SOLVER (v 26.2) STARTED AT: 2026/07/28 13:58:13
ELMER SOLVER (v 26.2) STARTED AT: 2026/07/28 13:58:13
ELMER SOLVER (v 26.2) STARTED AT: 2026/07/28 13:58:13
ELMER SOLVER (v 26.2) STARTED AT: 2026/07/28 13:58:13
ELMER SOLVER (v 26.2) STARTED AT: 2026/07/28 13:58:13
ELMER SOLVER (v 26.2) STARTED AT: 2026/07/28 13:58:13
ELMER SOLVER (v 26.2) STARTED AT: 2026/07/28 13:58:13
ELMER SOLVER (v 26.2) STARTED AT: 2026/07/28 13:58:13
ELMER SOLVER (v 26.2) STARTED AT: 2026/07/28 13:58:13
ELMER SOLVER (v 26.2) STARTED AT: 2026/07/28 13:58:13
ELMER SOLVER (v 26.2) STARTED AT: 2026/07/28 13:58:13
ELMER SOLVER (v 26.2) STARTED AT: 2026/07/28 13:58:13
ELMER SOLVER (v 26.2) STARTED AT: 2026/07/28 13:58:13
ELMER SOLVER (v 26.2) STARTED AT: 2026/07/28 13:58:13
ELMER SOLVER (v 26.2) STARTED AT: 2026/07/28 13:58:13
ELMER SOLVER (v 26.2) STARTED AT: 2026/07/28 13:58:13
ELMER SOLVER (v 26.2) STARTED AT: 2026/07/28 13:58:13
ELMER SOLVER (v 26.2) STARTED AT: 2026/07/28 13:58:13
ELMER SOLVER (v 26.2) STARTED AT: 2026/07/28 13:58:13
ELMER SOLVER (v 26.2) STARTED AT: 2026/07/28 13:58:13
ELMER SOLVER (v 26.2) STARTED AT: 2026/07/28 13:58:13
ELMER SOLVER (v 26.2) STARTED AT: 2026/07/28 13:58:13
ELMER SOLVER (v 26.2) STARTED AT: 2026/07/28 13:58:13
ELMER SOLVER (v 26.2) STARTED AT: 2026/07/28 13:58:13
ELMER SOLVER (v 26.2) STARTED AT: 2026/07/28 13:58:13
ELMER SOLVER (v 26.2) STARTED AT: 2026/07/28 13:58:13
ELMER SOLVER (v 26.2) STARTED AT: 2026/07/28 13:58:13
ELMER SOLVER (v 26.2) STARTED AT: 2026/07/28 13:58:13
ELMER SOLVER (v 26.2) STARTED AT: 2026/07/28 13:58:13
ELMER SOLVER (v 26.2) STARTED AT: 2026/07/28 13:58:13
ELMER SOLVER (v 26.2) STARTED AT: 2026/07/28 13:58:13
ELMER SOLVER (v 26.2) STARTED AT: 2026/07/28 13:58:13
ELMER SOLVER (v 26.2) STARTED AT: 2026/07/28 13:58:13
ELMER SOLVER (v 26.2) STARTED AT: 2026/07/28 13:58:13
ELMER SOLVER (v 26.2) STARTED AT: 2026/07/28 13:58:13
ELMER SOLVER (v 26.2) STARTED AT: 2026/07/28 13:58:13
ELMER SOLVER (v 26.2) STARTED AT: 2026/07/28 13:58:13
ELMER SOLVER (v 26.2) STARTED AT: 2026/07/28 13:58:13
ELMER SOLVER (v 26.2) STARTED AT: 2026/07/28 13:58:13
ELMER SOLVER (v 26.2) STARTED AT: 2026/07/28 13:58:13
ELMER SOLVER (v 26.2) STARTED AT: 2026/07/28 13:58:13
ELMER SOLVER (v 26.2) STARTED AT: 2026/07/28 13:58:13
ELMER SOLVER (v 26.2) STARTED AT: 2026/07/28 13:58:13
ELMER SOLVER (v 26.2) STARTED AT: 2026/07/28 13:58:13
ELMER SOLVER (v 26.2) STARTED AT: 2026/07/28 13:58:13
ELMER SOLVER (v 26.2) STARTED AT: 2026/07/28 13:58:13
ELMER SOLVER (v 26.2) STARTED AT: 2026/07/28 13:58:13
ELMER SOLVER (v 26.2) STARTED AT: 2026/07/28 13:58:13
ELMER SOLVER (v 26.2) STARTED AT: 2026/07/28 13:58:13
ELMER SOLVER (v 26.2) STARTED AT: 2026/07/28 13:58:13
ELMER SOLVER (v 26.2) STARTED AT: 2026/07/28 13:58:13
ELMER SOLVER (v 26.2) STARTED AT: 2026/07/28 13:58:13
ELMER SOLVER (v 26.2) STARTED AT: 2026/07/28 13:58:13
ELMER SOLVER (v 26.2) STARTED AT: 2026/07/28 13:58:13
ELMER SOLVER (v 26.2) STARTED AT: 2026/07/28 13:58:13
ELMER SOLVER (v 26.2) STARTED AT: 2026/07/28 13:58:13
ELMER SOLVER (v 26.2) STARTED AT: 2026/07/28 13:58:13
ELMER SOLVER (v 26.2) STARTED AT: 2026/07/28 13:58:13
ELMER SOLVER (v 26.2) STARTED AT: 2026/07/28 13:58:13
ELMER SOLVER (v 26.2) STARTED AT: 2026/07/28 13:58:13
ELMER SOLVER (v 26.2) STARTED AT: 2026/07/28 13:58:13
ELMER SOLVER (v 26.2) STARTED AT: 2026/07/28 13:58:13
ELMER SOLVER (v 26.2) STARTED AT: 2026/07/28 13:58:13
ELMER SOLVER (v 26.2) STARTED AT: 2026/07/28 13:58:13
ELMER SOLVER (v 26.2) STARTED AT: 2026/07/28 13:58:13
ELMER SOLVER (v 26.2) STARTED AT: 2026/07/28 13:58:13
ELMER SOLVER (v 26.2) STARTED AT: 2026/07/28 13:58:13
ELMER SOLVER (v 26.2) STARTED AT: 2026/07/28 13:58:13
ELMER SOLVER (v 26.2) STARTED AT: 2026/07/28 13:58:13
ELMER SOLVER (v 26.2) STARTED AT: 2026/07/28 13:58:13
ELMER SOLVER (v 26.2) STARTED AT: 2026/07/28 13:58:13
ELMER SOLVER (v 26.2) STARTED AT: 2026/07/28 13:58:13
ELMER SOLVER (v 26.2) STARTED AT: 2026/07/28 13:58:13
ELMER SOLVER (v 26.2) STARTED AT: 2026/07/28 13:58:13
ELMER SOLVER (v 26.2) STARTED AT: 2026/07/28 13:58:13
ELMER SOLVER (v 26.2) STARTED AT: 2026/07/28 13:58:13
ELMER SOLVER (v 26.2) STARTED AT: 2026/07/28 13:58:13
ELMER SOLVER (v 26.2) STARTED AT: 2026/07/28 13:58:13
ELMER SOLVER (v 26.2) STARTED AT: 2026/07/28 13:58:13
ELMER SOLVER (v 26.2) STARTED AT: 2026/07/28 13:58:13
ELMER SOLVER (v 26.2) STARTED AT: 2026/07/28 13:58:13
ELMER SOLVER (v 26.2) STARTED AT: 2026/07/28 13:58:13
ELMER SOLVER (v 26.2) STARTED AT: 2026/07/28 13:58:13
ELMER SOLVER (v 26.2) STARTED AT: 2026/07/28 13:58:13
ELMER SOLVER (v 26.2) STARTED AT: 2026/07/28 13:58:13
ELMER SOLVER (v 26.2) STARTED AT: 2026/07/28 13:58:13
ELMER SOLVER (v 26.2) STARTED AT: 2026/07/28 13:58:13
ELMER SOLVER (v 26.2) STARTED AT: 2026/07/28 13:58:13
ELMER SOLVER (v 26.2) STARTED AT: 2026/07/28 13:58:13
ELMER SOLVER (v 26.2) STARTED AT: 2026/07/28 13:58:13
ELMER SOLVER (v 26.2) STARTED AT: 2026/07/28 13:58:13
ELMER SOLVER (v 26.2) STARTED AT: 2026/07/28 13:58:13
ELMER SOLVER (v 26.2) STARTED AT: 2026/07/28 13:58:13
ELMER SOLVER (v 26.2) STARTED AT: 2026/07/28 13:58:13
ELMER SOLVER (v 26.2) STARTED AT: 2026/07/28 13:58:13
ELMER SOLVER (v 26.2) STARTED AT: 2026/07/28 13:58:13
ELMER SOLVER (v 26.2) STARTED AT: 2026/07/28 13:58:13
ELMER SOLVER (v 26.2) STARTED AT: 2026/07/28 13:58:13
ELMER SOLVER (v 26.2) STARTED AT: 2026/07/28 13:58:13
ELMER SOLVER (v 26.2) STARTED AT: 2026/07/28 13:58:13
ELMER SOLVER (v 26.2) STARTED AT: 2026/07/28 13:58:13
ELMER SOLVER (v 26.2) STARTED AT: 2026/07/28 13:58:13
ELMER SOLVER (v 26.2) STARTED AT: 2026/07/28 13:58:13
ELMER SOLVER (v 26.2) STARTED AT: 2026/07/28 13:58:13
ELMER SOLVER (v 26.2) STARTED AT: 2026/07/28 13:58:13
ELMER SOLVER (v 26.2) STARTED AT: 2026/07/28 13:58:13
ELMER SOLVER (v 26.2) STARTED AT: 2026/07/28 13:58:13
ELMER SOLVER (v 26.2) STARTED AT: 2026/07/28 13:58:13
ELMER SOLVER (v 26.2) STARTED AT: 2026/07/28 13:58:13
ELMER SOLVER (v 26.2) STARTED AT: 2026/07/28 13:58:13
ELMER SOLVER (v 26.2) STARTED AT: 2026/07/28 13:58:13
ELMER SOLVER (v 26.2) STARTED AT: 2026/07/28 13:58:13
ELMER SOLVER (v 26.2) STARTED AT: 2026/07/28 13:58:13
ELMER SOLVER (v 26.2) STARTED AT: 2026/07/28 13:58:13
ELMER SOLVER (v 26.2) STARTED AT: 2026/07/28 13:58:13
ELMER SOLVER (v 26.2) STARTED AT: 2026/07/28 13:58:13
ELMER SOLVER (v 26.2) STARTED AT: 2026/07/28 13:58:13
ELMER SOLVER (v 26.2) STARTED AT: 2026/07/28 13:58:13
ELMER SOLVER (v 26.2) STARTED AT: 2026/07/28 13:58:13
ELMER SOLVER (v 26.2) STARTED AT: 2026/07/28 13:58:13
ELMER SOLVER (v 26.2) STARTED AT: 2026/07/28 13:58:13
ELMER SOLVER (v 26.2) STARTED AT: 2026/07/28 13:58:13
ELMER SOLVER (v 26.2) STARTED AT: 2026/07/28 13:58:13
ELMER SOLVER (v 26.2) STARTED AT: 2026/07/28 13:58:13
ELMER SOLVER (v 26.2) STARTED AT: 2026/07/28 13:58:13
ELMER SOLVER (v 26.2) STARTED AT: 2026/07/28 13:58:13
ELMER SOLVER (v 26.2) STARTED AT: 2026/07/28 13:58:13
ELMER SOLVER (v 26.2) STARTED AT: 2026/07/28 13:58:13
ELMER SOLVER (v 26.2) STARTED AT: 2026/07/28 13:58:13
ELMER SOLVER (v 26.2) STARTED AT: 2026/07/28 13:58:13
ELMER SOLVER (v 26.2) STARTED AT: 2026/07/28 13:58:13
ELMER SOLVER (v 26.2) STARTED AT: 2026/07/28 13:58:13
ELMER SOLVER (v 26.2) STARTED AT: 2026/07/28 13:58:13
ELMER SOLVER (v 26.2) STARTED AT: 2026/07/28 13:58:13
ELMER SOLVER (v 26.2) STARTED AT: 2026/07/28 13:58:13
ELMER SOLVER (v 26.2) STARTED AT: 2026/07/28 13:58:13
ELMER SOLVER (v 26.2) STARTED AT: 2026/07/28 13:58:13
ELMER SOLVER (v 26.2) STARTED AT: 2026/07/28 13:58:13
ELMER SOLVER (v 26.2) STARTED AT: 2026/07/28 13:58:13
ELMER SOLVER (v 26.2) STARTED AT: 2026/07/28 13:58:13
ELMER SOLVER (v 26.2) STARTED AT: 2026/07/28 13:58:13
ELMER SOLVER (v 26.2) STARTED AT: 2026/07/28 13:58:13
ELMER SOLVER (v 26.2) STARTED AT: 2026/07/28 13:58:13
ELMER SOLVER (v 26.2) STARTED AT: 2026/07/28 13:58:13
ELMER SOLVER (v 26.2) STARTED AT: 2026/07/28 13:58:13
ELMER SOLVER (v 26.2) STARTED AT: 2026/07/28 13:58:13
ELMER SOLVER (v 26.2) STARTED AT: 2026/07/28 13:58:13
ELMER SOLVER (v 26.2) STARTED AT: 2026/07/28 13:58:13
ELMER SOLVER (v 26.2) STARTED AT: 2026/07/28 13:58:13
ELMER SOLVER (v 26.2) STARTED AT: 2026/07/28 13:58:13
ELMER SOLVER (v 26.2) STARTED AT: 2026/07/28 13:58:13
ELMER SOLVER (v 26.2) STARTED AT: 2026/07/28 13:58:13
ELMER SOLVER (v 26.2) STARTED AT: 2026/07/28 13:58:13
ELMER SOLVER (v 26.2) STARTED AT: 2026/07/28 13:58:13
ELMER SOLVER (v 26.2) STARTED AT: 2026/07/28 13:58:13
ELMER SOLVER (v 26.2) STARTED AT: 2026/07/28 13:58:13
ELMER SOLVER (v 26.2) STARTED AT: 2026/07/28 13:58:13
ELMER SOLVER (v 26.2) STARTED AT: 2026/07/28 13:58:13
ELMER SOLVER (v 26.2) STARTED AT: 2026/07/28 13:58:13
ELMER SOLVER (v 26.2) STARTED AT: 2026/07/28 13:58:13
ELMER SOLVER (v 26.2) STARTED AT: 2026/07/28 13:58:13
ELMER SOLVER (v 26.2) STARTED AT: 2026/07/28 13:58:13
ELMER SOLVER (v 26.2) STARTED AT: 2026/07/28 13:58:13
ELMER SOLVER (v 26.2) STARTED AT: 2026/07/28 13:58:13
ELMER SOLVER (v 26.2) STARTED AT: 2026/07/28 13:58:13
ELMER SOLVER (v 26.2) STARTED AT: 2026/07/28 13:58:13
ELMER SOLVER (v 26.2) STARTED AT: 2026/07/28 13:58:13
ELMER SOLVER (v 26.2) STARTED AT: 2026/07/28 13:58:13
ELMER SOLVER (v 26.2) STARTED AT: 2026/07/28 13:58:13
ELMER SOLVER (v 26.2) STARTED AT: 2026/07/28 13:58:13
ELMER SOLVER (v 26.2) STARTED AT: 2026/07/28 13:58:13
ELMER SOLVER (v 26.2) STARTED AT: 2026/07/28 13:58:13
ELMER SOLVER (v 26.2) STARTED AT: 2026/07/28 13:58:13
ELMER SOLVER (v 26.2) STARTED AT: 2026/07/28 13:58:13
ELMER SOLVER (v 26.2) STARTED AT: 2026/07/28 13:58:13
ELMER SOLVER (v 26.2) STARTED AT: 2026/07/28 13:58:13
ELMER SOLVER (v 26.2) STARTED AT: 2026/07/28 13:58:13
ELMER SOLVER (v 26.2) STARTED AT: 2026/07/28 13:58:14
ELMER SOLVER (v 26.2) STARTED AT: 2026/07/28 13:58:14
ELMER SOLVER (v 26.2) STARTED AT: 2026/07/28 13:58:14
ELMER SOLVER (v 26.2) STARTED AT: 2026/07/28 13:58:14
ELMER SOLVER (v 26.2) STARTED AT: 2026/07/28 13:58:14
ELMER SOLVER (v 26.2) STARTED AT: 2026/07/28 13:58:14
ELMER SOLVER (v 26.2) STARTED AT: 2026/07/28 13:58:14
ELMER SOLVER (v 26.2) STARTED AT: 2026/07/28 13:58:14
ELMER SOLVER (v 26.2) STARTED AT: 2026/07/28 13:58:14
ELMER SOLVER (v 26.2) STARTED AT: 2026/07/28 13:58:14
ELMER SOLVER (v 26.2) STARTED AT: 2026/07/28 13:58:14
ELMER SOLVER (v 26.2) STARTED AT: 2026/07/28 13:58:14
ELMER SOLVER (v 26.2) STARTED AT: 2026/07/28 13:58:14
ELMER SOLVER (v 26.2) STARTED AT: 2026/07/28 13:58:14
ELMER SOLVER (v 26.2) STARTED AT: 2026/07/28 13:58:14
ELMER SOLVER (v 26.2) STARTED AT: 2026/07/28 13:58:14
ELMER SOLVER (v 26.2) STARTED AT: 2026/07/28 13:58:14
ELMER SOLVER (v 26.2) STARTED AT: 2026/07/28 13:58:14
ELMER SOLVER (v 26.2) STARTED AT: 2026/07/28 13:58:14
ELMER SOLVER (v 26.2) STARTED AT: 2026/07/28 13:58:14
ELMER SOLVER (v 26.2) STARTED AT: 2026/07/28 13:58:14
ELMER SOLVER (v 26.2) STARTED AT: 2026/07/28 13:58:14
ELMER SOLVER (v 26.2) STARTED AT: 2026/07/28 13:58:14
ELMER SOLVER (v 26.2) STARTED AT: 2026/07/28 13:58:14
ELMER SOLVER (v 26.2) STARTED AT: 2026/07/28 13:58:14
ELMER SOLVER (v 26.2) STARTED AT: 2026/07/28 13:58:14
ELMER SOLVER (v 26.2) STARTED AT: 2026/07/28 13:58:14
 2
 2
 2
 2
 2
 2
 2
 2
 2
 2
 2
 2
 2
 2
 2
 2
 2
 2
 2
 2
 2
 2
 2
 2
 2
 2
 2
 2
 2
 2
 2
 2
 2
 2
 2
 2
 2
 2
 2
 2
 2
 2
 2
 2
 2
 2
 2
 2
 2
 2
 2
 2
 2
 2
 2
 2
 2
 2
 2
 2
 2
 2
 2
 2
 2
 2
 2
 2
 2
 2
 2
 2
 2
 2
 2
 2
 2
 2
 2
 2
 2
 2
 2
 2
 2
 2
 2
 2
 2
 2
 2
 2
 2
 2
 2
 2
 2
 2
 2
 2
 2
 2
 2
 2
 2
 2
 2
 2
 2
 2
 2
 2
 2
 2
 2
 2
 2
 2
 2
 2
 2
 2
ParCommInit: Initialize #PEs: 768
 2
 2
 2
 2
 2
 2
 2
 2
 2
 2
 2
 2
 2
 2
 2
 2
 2
 2
 2
 2
 2
 2
 2
 2
 2
 2
 2
 2
 2
 2
 2
 2
 2
 2
ParCommInit: Initialize #PEs: 768
 2
 2
 2
 2
 2
 2
 2
 2
 2
 2
 2
 2
 2
 2
 2
 2
 2
 2
 2
 2
 2
 2
 2
 2
 2
ParCommInit: Initialize #PEs: 768
 2
 2
 2
 2
 2
 2
 2
 2
 2
 2
 2
 2
 2
 2
 2
 2
 2
 2
 2
 2
 2
 2
 2
 2
 2
 2
 2
 2
 2
 2
 2
 2
 2
 2
 2
 2
 2
 2
 2
 2
 2
 2
 2
 2
 2
 2
 2
 2
 2
 2
 2
 2
 2
MAIN: Read 2 integer parameters from command line!
 2
 2
 2
 2
 2
 2
 2
 2
 2
 2
 2
 2
MAIN: 
MAIN: =============================================================
MAIN: ElmerSolver finite element software, Welcome!
MAIN: This program is free software licensed under (L)GPL
MAIN: Copyright 1st April 1995 - , CSC - IT Center for Science Ltd.
MAIN: Webpage http://www.csc.fi/elmer, Email elmeradm@csc.fi
 2
 2
 2
 2
 2
 2
 2
 2
 2
MAIN: Version: 26.2-unknown (Rev: a19504ac5, Compiled: 2026-06-16)
MAIN:  Running in parallel using 768 tasks.
MAIN:  Running with just one thread per task.
MAIN:  HYPRE library linked in.
MAIN:  MUMPS library linked in.
MAIN:  Lua interpreter linked in.
MAIN:  Zoltan library linked in.
MAIN:  ADIOS2 library linked in.
MAIN: =============================================================
 2
 2
 2
 2
 2
 2
 2
 2
 2
 2
 2
 2
 2
 2
 2
 2
 2
 2
 2
 2
 2
 2
 2
 2
 2
 2
 2
 2
 2
 2
 2
 2
 2
 2
 2
 2
 2
 2
 2
 2
 2
 2
 2
 2
 2
 2
 2
 2
 2
 2
 2
 2
 2
 2
 2
 2
 2
 2
 2
 2
 2
 2
 2
 2
 2
 2
 2
 2
 2
 2
 2
 2
 2
 2
 2
 2
 2
 2
 2
 2
 2
 2
 2
 2
 2
 2
 2
 2
 2
 2
 2
 2
 2
 2
 2
 2
 2
 2
 2
 2
 2
 2
 2
 2
 2
 2
 2
 2
 2
 2
 2
 2
 2
 2
 2
 2
 2
 2
 2
 2
 2
 2
 2
 2
 2
 2
 2
 2
 2
 2
 2
 2
 2
 2
 2
 2
 2
 2
 2
 2
 2
 2
 2
 2
 2
 2
 2
 2
 2
 2
 2
 2
 2
 2
 2
 2
 2
 2
 2
 2
 2
 2
 2
 2
 2
 2
 2
 2
 2
 2
 2
 2
 2
 2
 2
 2
 2
 2
 2
 2
 2
 2
 2
 2
 2
 2
 2
 2
 2
 2
 2
 2
 2
 2
 2
 2
 2
 2
 2
 2
 2
 2
 2
 2
 2
 2
 2
 2
 2
 2
 2
 2
 2
 2
 2
 2
 2
 2
 2
 2
 2
 2
 2
 2
 2
 2
 2
 2
 2
 2
 2
 2
 2
 2
 2
 2
 2
 2
 2
 2
 2
 2
 2
 2
 2
 2
 2
 2
 2
 2
 2
 2
 2
 2
 2
 2
 2
 2
 2
 2
 2
 2
 2
 2
 2
 2
 2
 2
 2
 2
 2
 2
 2
 2
 2
 2
 2
 2
 2
 2
 2
 2
 2
 2
 2
 2
 2
 2
 2
 2
 2
 2
 2
 2
 2
 2
 2
 2
 2
 2
 2
 2
 2
 2
 2
 2
 2
 2
 2
 2
 2
 2
 2
 2
 2
 2
 2
 2
 2
 2
 2
 2
 2
 2
 2
 2
 2
 2
 2
 2
 2
 2
 2
 2
 2
 2
 2
 2
 2
 2
 2
 2
 2
 2
 2
 2
 2
 2
 2
 2
 2
 2
 2
 2
 2
ParCommInit: Initialize #PEs: 768
 2
 2
 2
 2
 2
 2
 2
 2
 2
 2
 2
 2
 2
 2
 2
 2
 2
 2
 2
 2
 2
 2
 2
 2
 2
 2
 2
 2
 2
 2
 2
 2
 2
 2
 2
 2
 2
 2
 2
 2
 2
 2
 2
 2
 2
 2
 2
 2
 2
 2
 2
 2
 2
 2
 2
 2
 2
 2
 2
 2
 2
 2
 2
 2
 2
 2
 2
 2
 2
 2
 2
 2
 2
 2
 2
 2
 2
 2
 2
 2
 2
 2
 2
 2
 2
 2
 2
 2
 2
 2
 2
 2
 2
 2
 2
 2
 2
 2
 2
 2
 2
 2
 2
 2
 2
 2
 2
 2
 2
 2
 2
 2
 2
 2
 2
 2
 2
 2
 2
 2
 2
 2
 2
 2
 2
MAIN: 
MAIN: 
MAIN: -------------------------------------
MAIN: Reading Model: case_cpu_367269.sif
 2
 2
 2
 2
 2
 2
 2
 2
 2
 2
LoadInputFile: Scanning input file: case_cpu_367269.sif
LoadInputFile: Scanning only size info
LoadInputFile: First time visiting
LoadInputFile: Reading base load of sif file
 2
 2
 2
 2
 2
OpenIncludeFile: Trying to include file: linsys_367269.sif
 2
 2
CheckKeyword: Found keyword type assuming suffix 1 for: operator 2
CheckKeyword: Found keyword type assuming suffix 1 for: operator 2
CheckKeyword: Found keyword type assuming suffix 1 for: operator 3
CheckKeyword: Found keyword type assuming suffix 1 for: operator 3
CheckKeyword: Found keyword type assuming suffix 1 for: operator 4
CheckKeyword: Found keyword type assuming suffix 1 for: operator 4
CheckKeyword: Found keyword type assuming suffix 1 for: operator 5
CheckKeyword: Found keyword type assuming suffix 1 for: operator 5
 2
 2
 2
 2
 2
LoadInputFile: Loading input file: case_cpu_367269.sif
LoadInputFile: Reading base load of sif file
 2
 2
 2
 2
OpenIncludeFile: Trying to include file: linsys_367269.sif
 2
 2
CheckKeyword: Found keyword type assuming suffix 1 for: operator 2
CheckKeyword: Found keyword type assuming suffix 1 for: operator 2
CheckKeyword: Found keyword type assuming suffix 1 for: operator 3
CheckKeyword: Found keyword type assuming suffix 1 for: operator 3
CheckKeyword: Found keyword type assuming suffix 1 for: operator 4
CheckKeyword: Found keyword type assuming suffix 1 for: operator 4
CheckKeyword: Found keyword type assuming suffix 1 for: operator 5
CheckKeyword: Found keyword type assuming suffix 1 for: operator 5
CheckKeyword:  Unlisted keyword: [line marker] in section: [solver 2]
 2
LoadInputFile: Number of BCs: 3
LoadInputFile: Number of Body Forces: 0
LoadInputFile: Number of Initial Conditions: 0
LoadInputFile: Number of Materials: 1
LoadInputFile: Number of Equations: 1
LoadInputFile: Number of Solvers: 2
LoadInputFile: Number of Bodies: 1
 2
Loading user function library: [StressSolve]...[StressSolver_Init0]
 2
 2
 2
Loading user function library: [SaveData]...[SaveScalars_Init0]
Loading user function library: [SaveData]...[SaveScalars_Init0]
LoadMesh: Loading parallel mesh for 768 partitions
ElmerMeshReader: Performing step: 1
ElmerMeshReader: Base mesh name: ./winkel
ReadHeaderFile: Reading header info from file: ./winkel/partitioning.768/part.1.header
InitializeMesh: Number of nodes in mesh: 108
InitializeMesh: Number of bulk elements in mesh: 42
InitializeMesh: Number of boundary elements in mesh: 0
InitializeMesh: Initial number of max element nodes: 8
ElmerMeshReader: Performing step: 2
ReadNodesFile: Reading nodes from file: ./winkel/partitioning.768/part.1.nodes
SetMeshDimension: Dimension of mesh is: 3
SetMeshDimension: Max dimension of mesh is: 3
ElmerMeshReader: Performing step: 3
ReadElementsFile: Reading bulk elements from file: ./winkel/partitioning.768/part.1.elements
ElmerMeshReader: Performing step: 4
ReadBoundaryFile: Reading boundary elements from file: ./winkel/partitioning.768/part.1.boundary
PermuteNodeNumbering: Performing node mapping
MapBodiesAndBCs: Skipping remapping of bodies
ElmerMeshReader: Performing step: 5
ReadSharedFile: Reading nodes from file: ./winkel/partitioning.768/part.1.shared
ElmerMeshReader: Performing step: 6
LoadMesh: Loading mesh done
NonNodalElements: Element dofs max: 8
SParFaceNumbering: Elapsed REAL time:     0.0000 (s)
SParEdgeNumbering: Elapsed REAL time:     0.0000 (s)
ParallelNonNodalElements: Number of initial nodes: 108
ParallelNonNodalElements: Number of initial faces: 0
ParallelNonNodalElements: Number of initial edges: 0
ParallelNonNodalElements: Number of shared nodes: 100
ParallelNonNodalElements: Number of owned shared nodes: 31
ParallelNonNodal: Elapsed REAL time:     0.0000 (s)
LoadMesh: Preparing mesh done
LoadMesh: Elapsed REAL time:     2.3557 (s)
LoadModel: Creating hierarchy of meshes by mesh multiplication: 3
LoadModel: Keeping number of meshes: 3
LoadModel: Performing splitting at level: 2
SplitMeshEqual: Mesh splitting works for first order elements 303, 404, 504, (706) and 808.
FindMeshEdges: Determining faces in 3D mesh
FindMeshFaces3D: Finding mesh faces in 3D mesh
FindMeshFaces3D: Number of faces found: 176
FindMeshEdges: Determining edges in 3D mesh
FindMeshEdges3D: Finding mesh edges in 3D mesh
FindMeshEdges3D: Number of edges found: 241
SplitMeshEqual: ******** Old mesh ********
SplitMeshEqual:  Nodes             :          108
SplitMeshEqual:  Bulk elements     :           42
SplitMeshEqual:  Boundary elements :            0
SplitMeshEqual:  Edges             :          241
SplitMeshEqual:  Faces             :          176
SplitMeshEqual: Added 176 nodes in the center of faces
SplitMeshEqual: Added 42 nodes in the center of bulks
SplitMeshEqual: Added edge centers to the nodes list.
SplitMeshEqual: Added face centers to the nodes list.
SplitMeshEqual: Added quad and brick centers to the nodes list.
SplitMeshEqual:  Count of new elements :          336
SplitMeshEqual: New mesh allocated.
SplitMeshEqual: Array for bulk elements allocated.
SplitMeshEqual: ******** New mesh ********
SplitMeshEqual:  Nodes             :          567
SplitMeshEqual:  Bulk elements     :          336
SplitMeshEqual:  Boundary elements :            0
SplitMeshEqual: Elapsed REAL time:     0.0001 (s)
SParIterGlobalNumbering:  Numbering seems consistent, advancing...
ParallelGlobalNumbering: Elapsed REAL time:     0.1164 (s)
ReleaseMeshFaceTables: Releasing number of faces: 176
SetMeshDimension: Dimension of mesh is: 3
SetMeshDimension: Max dimension of mesh is: 3
NonNodalElements: Element dofs max: 8
SParFaceNumbering: Elapsed REAL time:     0.0000 (s)
SParEdgeNumbering: Elapsed REAL time:     0.0000 (s)
ParallelNonNodalElements: Number of initial nodes: 567
ParallelNonNodalElements: Number of initial faces: 0
ParallelNonNodalElements: Number of initial edges: 0
ParallelNonNodalElements: Number of shared nodes: 398
ParallelNonNodalElements: Number of owned shared nodes: 329
ParallelNonNodal: Elapsed REAL time:     0.0000 (s)
LoadModel: Performing splitting at level: 3
SplitMeshEqual: Mesh splitting works for first order elements 303, 404, 504, (706) and 808.
FindMeshEdges: Determining faces in 3D mesh
FindMeshFaces3D: Finding mesh faces in 3D mesh
FindMeshFaces3D: Number of faces found: 1208
FindMeshEdges: Determining edges in 3D mesh
FindMeshEdges3D: Finding mesh edges in 3D mesh
FindMeshEdges3D: Number of edges found: 1438
SplitMeshEqual: ******** Old mesh ********
SplitMeshEqual:  Nodes             :          567
SplitMeshEqual:  Bulk elements     :          336
SplitMeshEqual:  Boundary elements :            0
SplitMeshEqual:  Edges             :         1438
SplitMeshEqual:  Faces             :         1208
SplitMeshEqual: Added 1208 nodes in the center of faces
SplitMeshEqual: Added 336 nodes in the center of bulks
SplitMeshEqual: Added edge centers to the nodes list.
SplitMeshEqual: Added face centers to the nodes list.
SplitMeshEqual: Added quad and brick centers to the nodes list.
SplitMeshEqual:  Count of new elements :         2688
SplitMeshEqual: New mesh allocated.
SplitMeshEqual: Array for bulk elements allocated.
SplitMeshEqual: ******** New mesh ********
SplitMeshEqual:  Nodes             :         3549
SplitMeshEqual:  Bulk elements     :         2688
SplitMeshEqual:  Boundary elements :            0
SplitMeshEqual: Elapsed REAL time:     0.0005 (s)
SParIterGlobalNumbering:  Numbering seems consistent, advancing...
ParallelGlobalNumbering: Elapsed REAL time:     0.0255 (s)
ReleaseMeshFaceTables: Releasing number of faces: 1208
SetMeshDimension: Dimension of mesh is: 3
SetMeshDimension: Max dimension of mesh is: 3
NonNodalElements: Element dofs max: 8
SParFaceNumbering: Elapsed REAL time:     0.0000 (s)
SParEdgeNumbering: Elapsed REAL time:     0.0000 (s)
ParallelNonNodalElements: Number of initial nodes: 3549
ParallelNonNodalElements: Number of initial faces: 0
ParallelNonNodalElements: Number of initial edges: 0
ParallelNonNodalElements: Number of shared nodes: 1594
ParallelNonNodalElements: Number of owned shared nodes: 1525
ParallelNonNodal: Elapsed REAL time:     0.0001 (s)
MeshStabParams: Computing stabilization parameters
MeshStabParams: Elapsed REAL time:     0.0010 (s)
MeshStabParams: Computing stabilization parameters
MeshStabParams: Elapsed REAL time:     0.0000 (s)
MeshStabParams: Computing stabilization parameters
MeshStabParams: Elapsed REAL time:     0.0000 (s)
CompleteModelKeywords: Completing keywords for mortars and mechanics!
MAIN: -------------------------------------
AddMeshCoordinates: Setting mesh coordinates and time
VariableAdd: Adding variable > Coordinate 1 < of size 3549
VariableAdd: Adding variable > Coordinate 2 < of size 3549
VariableAdd: Adding variable > Coordinate 3 < of size 3549
VariableAdd: Adding variable > Coordinate 1 < of size 567
VariableAdd: Adding variable > Coordinate 2 < of size 567
VariableAdd: Adding variable > Coordinate 3 < of size 567
VariableAdd: Adding variable > Coordinate 1 < of size 108
VariableAdd: Adding variable > Coordinate 2 < of size 108
VariableAdd: Adding variable > Coordinate 3 < of size 108
AddSolvers: Setting up 2 solvers
AddSolvers: Setting up solver 1: linelast
AddEquationBasics: Using procedure: StressSolve StressSolver
AddEquationBasics: Setting up solver: linelast
Loading user function library: [StressSolve]...[StressSolver_Init]
AddEquationBasics: Checking for _init solver
StressSolve_init: --------------------------------------------------
StressSolve_init: Solving displacements from linear elasticity model
StressSolve_init: --------------------------------------------------
Loading user function library: [StressSolve]...[StressSolver_bulk]
Loading user function library: [StressSolve]...[StressSolver_bulk]
AddEquationBasics: Checking for _bulk solver
Loading user function library: [StressSolve]...[StressSolver]
AddEquationBasics: Treating variable string: -dofs 3 displacement
AddEquationBasics: Creating standard variable: displacement
AddEquationBasics: Computing size of permutation vector
AddEquationBasics: Maximum size of permutation vector is: 3549
AddEquationBasics: Creating solver matrix topology
CreateMatrix: Creating initial permutation
CreateMatrix: Creating inverse of initial order of size: 3549
CreateMatrix: Creating list matrix for equation: linelast
MakeListMatrix: Creating list matrix
OptimizeBandwidth: ---------------------------------------------------------
OptimizeBandwidth: Computing matrix structure for: linelast
OptimizeBandwidth: Initial bandwidth for linelast: 3457
OptimizeBandwidth: Optimized bandwidth for linelast: 405
OptimizeBandwidth: ---------------------------------------------------------
CreateMatrix: Initializing list matrix for equation
CRS_CreateMatrix: Creating CRS Matrix of size: 10647
CRS_CreateMatrix: Creating CRS Matrix with nofs: 719613
CreateMatrix: Sparse matrix created
AddEquationBasics: Number of rows in CRS matrix: 10647
AddEquationBasics: Creating solver variable
VariableAdd: Adding variable > displacement < of size 10647
VariableAdd: Adding variable > displacement 1 < of size 3549
VariableAdd: Adding variable > displacement 2 < of size 3549
VariableAdd: Adding variable > displacement 3 < of size 3549
SolverInitialization: Elapsed REAL time:     0.2780 (s)
AddSolvers: Setting up solver 2: savescalars
AddEquationBasics: Using procedure: SaveData SaveScalars
AddEquationBasics: Setting up solver: savescalars
Loading user function library: [SaveData]...[SaveScalars_Init]
AddEquationBasics: Checking for _init solver
Loading user function library: [SaveData]...[SaveScalars_bulk]
Loading user function library: [SaveData]...[SaveScalars_bulk]
AddEquationBasics: Checking for _bulk solver
Loading user function library: [SaveData]...[SaveScalars]
AddEquationBasics: Creating null variable with no name
AddSolvers: Setting up solvers done
AddTimeEtc: Setting time and other global variables
VariableAdd: Adding variable > Time < of size 1
VariableAdd: Adding variable > Timestep < of size 1
VariableAdd: Adding variable > Timestep size < of size 1
VariableAdd: Adding variable > Timestep interval < of size 1
VariableAdd: Adding variable > nonlin iter < of size 1
VariableAdd: Adding variable > coupled iter < of size 1
VariableAdd: Adding variable > Partition < of size 1
VariableAdd: Adding variable > Time < of size 1
VariableAdd: Adding variable > Timestep < of size 1
VariableAdd: Adding variable > Timestep size < of size 1
VariableAdd: Adding variable > Timestep interval < of size 1
VariableAdd: Adding variable > nonlin iter < of size 1
VariableAdd: Adding variable > coupled iter < of size 1
VariableAdd: Adding variable > Partition < of size 1
VariableAdd: Adding variable > Time < of size 1
VariableAdd: Adding variable > Timestep < of size 1
VariableAdd: Adding variable > Timestep size < of size 1
VariableAdd: Adding variable > Timestep interval < of size 1
VariableAdd: Adding variable > nonlin iter < of size 1
VariableAdd: Adding variable > coupled iter < of size 1
VariableAdd: Adding variable > Partition < of size 1
MAIN: Random seed initialized to: 314159265
SetInitialConditions: Setting up initial conditions (if any)
MAIN: Number of timesteps to be saved: 1
MAIN: 
MAIN: -------------------------------------
MAIN:  Steady state iteration:            1
MAIN: -------------------------------------
MAIN: 
SolveEquations: Solvers before timestep
SolveEquations: Solvers in main iteration loop
SolveEquations: Performing set of solvers in sequence
ListTagCount: Counting tags for keyword normalization!
SetActiveElementsTable: Creating active element table for: linelast
SetActiveElementsTable: Number of active elements found : 2688
ParallelInitMatrix: Creating communication structures for matrix!
ParallelInitMatrix: Allocating communication structures for matrix!
SplitMatrix: Splitting parallel matrix
SplitMatrix: Allocating split stuff for 768 partitions!
List_ToListMatrix: Matrix format changed from CRS to List
List_ToCRSMatrix: Changing matrix type with number of non-zeros: 716850
List_ToCRSMatrix: Matrix format changed from List to CRS
SingleSolver: Attempting to call solver: 1
SingleSolver: Solver Equation string is: linelast
StressSolve: 
StressSolve: --------------------------------------------------
StressSolve: Solving displacements from linear elasticity model
StressSolve: --------------------------------------------------
DefaultStart: Starting solver: linelast
StressSolve: Starting assembly...
InitializeToZero: Initializing the linear system to zero
StressSolve: Assembly:
SetNodalLoads: Finished checking for nodal loads
SetNodalLoads: Finished checking for nodal loads
SetNodalLoads: Finished checking for nodal loads
SetDirichletBoundaries: Number of dofs set for displacement: 0
DefUtils::DefaultDirichletBCs: Setting Dirichlet boundary conditions
SetDirichletBoundaries: Number of dofs set for displacement 1: 25600
DefUtils::DefaultDirichletBCs: p-element condition setup: displacement 1
SetDirichletBoundaries: Number of dofs set for displacement 2: 25600
DefUtils::DefaultDirichletBCs: p-element condition setup: displacement 2
SetDirichletBoundaries: Number of dofs set for displacement 3: 25600
DefUtils::DefaultDirichletBCs: p-element condition setup: displacement 3
EnforceDirichletConditions: Enforcing total of 22506 Dirichlet conditions.
EnforceDirichletConditions: Applying Dirichlet conditions using scaled diagonal
ScaleLinearSystem: Creating > DiagScaling < vector of size 10647
EnforceDirichletConditions: Dirichlet conditions enforced for dofs: 19683
EnforceDirichletConditions: Dirichlet conditions shared count: 2823
DefUtils::DefaultDirichletBCs: Dirichlet boundary conditions set
DefaultSolve: Solving linear system with default routines
GenerateConstraintMatrix: Nothing to do for now
SolveSystem: Solving linear system
SolveSystem: Solving linear system in standard way
SolveLinearSystem: Assuming real valued linear system
SolveLinearSystem: Using previously created parallel matrix structures!
SolveLinearSystem: Assuming parallel linear system
ScaleLinearSystem: Creating > DiagScaling < vector of size 10647
SolveLinearSystem: Linear System Preconditioning: parasails
Prec0-parasails: Elapsed REAL time:     0.0000 (s)
SolveLinearSystem: CRS matrix passed the dense test of size 3
SolveLinearSystem: Parallel linear System Solver: iterative
SParIterSolver: Solving linear in parallel with iterative methods
HypreSolver: Solving linear system using HYPRE library
HypreParameters: Setting parameters for Hypre solvers
HypreParameters: Using HYPRE iterative method: bicgstab
HypreParameters: Using HYPRE preconditioning method: parasails
HypreParameters: Hypre method index: 704
HypreSolver: Setting up Hypre solver structures
SolveHypre: Performing HYPRE Setup
SolveHypre: NonZero Hypre parameters
  intpara 2: 1
   dppara 1: -0.95
   dppara 2: -0.95
SolveHypre: using ParaSails as preconditioner
SolveHypre: Setting up BiCGStab linear system** ParaSails Setup Pattern Statistics ***********
symmetric             : 0
thresh                : 0.116110
num_levels            : 1
Max cost (average)    : 2.7e+09 (5.5e+07)
Nnz (ratio)           : 52948175 ( 0.11)
Max setup pattern time:      0.1
*************************************************
** ParaSails Setup Values Statistics ************
filter                : 0.231900
loadbal               : 0.000000
Final Nnz (ratio)     : 18673211 ( 0.04)
Max setup values time :      1.2
*************************************************
Setup (pattern and values) times:
  0:      0.2
  1:      0.2
  2:      0.2
  3:      0.2
  4:      0.2
  5:      0.2
  6:      0.5
  7:      0.6
  8:      0.5
  9:      0.2
 10:      0.6
 11:      0.5
 12:      0.6
 13:      0.2
 14:      0.2
 15:      0.5
 16:      0.8
 17:      0.5
 18:      0.4
 19:      0.8
 20:      0.8
 21:      0.5
 22:      0.3
 23:      0.5
 24:      0.2
 25:      0.6
 26:      0.2
 27:      0.2
 28:      0.2
 29:      0.2
 30:      0.2
 31:      0.2
 32:      0.2
 33:      0.3
 34:      0.4
 35:      0.6
 36:      0.9
 37:      0.5
 38:      0.5
 39:      0.6
 40:      0.2
 41:      0.2
 42:      0.2
 43:      0.3
 44:      0.5
 45:      0.3
 46:      0.7
 47:      0.5
 48:      0.2
 49:      0.5
 50:      0.6
 51:      0.2
 52:      0.2
 53:      0.5
 54:      0.8
 55:      0.7
 56:      0.2
 57:      0.3
 58:      0.6
 59:      0.2
 60:      1.0
 61:      0.8
 62:      0.5
 63:      0.4
 64:      0.9
 65:      1.1
 66:      0.5
 67:      0.5
 68:      0.3
 69:      1.0
 70:      0.4
 71:      0.4
 72:      1.3
 73:      0.5
 74:      0.8
 75:      0.7
 76:      0.5
 77:      0.2
 78:      0.7
 79:      0.5
 80:      0.8
 81:      0.7
 82:      0.2
 83:      0.2
 84:      0.2
 85:      0.2
 86:      0.2
 87:      0.3
 88:      0.4
 89:      0.5
 90:      0.7
 91:      0.8
 92:      0.4
 93:      0.6
 94:      0.3
 95:      0.3
 96:      0.2
 97:      0.2
 98:      0.2
 99:      0.2
100:      0.2
101:      0.2
102:      0.6
103:      0.3
104:      0.5
105:      0.3
106:      0.6
107:      0.2
108:      0.6
109:      0.2
110:      0.5
111:      0.6
112:      0.9
113:      0.7
114:      0.9
115:      0.2
116:      0.5
117:      0.2
118:      1.3
119:      0.8
120:      0.2
121:      0.2
122:      0.2
123:      0.2
124:      0.2
125:      0.2
126:      0.4
127:      0.4
128:      0.5
129:      0.7
130:      0.2
131:      0.2
132:      0.2
133:      0.4
134:      0.5
135:      0.5
136:      0.5
137:      0.9
138:      0.2
139:      0.6
140:      0.2
141:      0.7
142:      0.7
143:      0.4
144:      0.4
145:      0.3
146:      0.6
147:      0.5
148:      0.2
149:      0.2
150:      0.2
151:      0.2
152:      0.2
153:      0.2
154:      0.5
155:      0.5
156:      0.4
157:      0.6
158:      0.2
159:      0.5
160:      0.5
161:      0.8
162:      0.7
163:      0.9
164:      0.3
165:      0.2
166:      0.2
167:      0.5
168:      0.9
169:      0.2
170:      0.6
171:      0.2
172:      0.2
173:      0.6
174:      0.2
175:      0.2
176:      0.5
177:      0.5
178:      0.2
179:      0.2
180:      0.9
181:      1.1
182:      0.9
183:      0.2
184:      0.6
185:      0.4
186:      0.5
187:      0.2
188:      0.5
189:      0.3
190:      0.4
191:      0.7
192:      0.5
193:      0.5
194:      0.4
195:      0.5
196:      0.2
197:      0.2
198:      0.2
199:      0.2
200:      0.2
201:      0.2
202:      0.2
203:      0.2
204:      0.5
205:      1.1
206:      0.2
207:      0.6
208:      0.8
209:      0.2
210:      0.4
211:      0.2
212:      0.2
213:      0.6
214:      0.2
215:      0.5
216:      0.2
217:      0.2
218:      0.4
219:      0.2
220:      0.2
221:      0.2
222:      0.3
223:      0.2
224:      0.2
225:      0.6
226:      0.2
227:      0.2
228:      0.4
229:      0.5
230:      0.4
231:      0.5
232:      0.4
233:      0.5
234:      0.2
235:      0.2
236:      0.2
237:      0.2
238:      0.2
239:      0.2
240:      0.2
241:      0.6
242:      0.2
243:      0.6
244:      0.8
245:      0.7
246:      1.2
247:      1.0
248:      0.3
249:      0.2
250:      0.5
251:      0.8
252:      0.2
253:      0.3
254:      0.6
255:      0.2
256:      0.2
257:      0.2
258:      0.9
259:      0.7
260:      0.2
261:      0.5
262:      0.5
263:      0.2
264:      0.4
265:      0.5
266:      0.7
267:      0.2
268:      0.5
269:      0.5
270:      0.3
271:      0.2
272:      0.6
273:      0.8
274:      0.7
275:      0.8
276:      0.2
277:      0.2
278:      0.2
279:      0.5
280:      0.4
281:      0.5
282:      0.2
283:      0.2
284:      0.2
285:      0.5
286:      0.4
287:      0.5
288:      0.7
289:      0.3
290:      0.3
291:      0.2
292:      0.2
293:      0.2
294:      0.7
295:      0.2
296:      0.5
297:      0.2
298:      0.5
299:      0.4
300:      0.4
301:      0.9
302:      1.0
303:      1.3
304:      0.8
305:      0.5
306:      0.4
307:      0.3
308:      0.6
309:      0.3
310:      0.5
311:      0.8
312:      0.2
313:      0.5
314:      0.4
315:      0.2
316:      0.2
317:      0.2
318:      0.4
319:      0.2
320:      0.6
321:      0.7
322:      0.4
323:      0.5
324:      0.8
325:      0.4
326:      0.8
327:      0.2
328:      0.5
329:      0.4
330:      0.2
331:      0.2
332:      0.2
333:      0.5
334:      0.4
335:      0.4
336:      0.7
337:      0.5
338:      0.2
339:      0.2
340:      1.0
341:      0.8
342:      0.7
343:      0.2
344:      0.4
345:      0.3
346:      0.3
347:      0.8
348:      0.2
349:      0.2
350:      0.2
351:      0.6
352:      0.5
353:      0.4
354:      0.2
355:      0.5
356:      0.5
357:      0.2
358:      0.2
359:      0.3
360:      0.2
361:      0.2
362:      0.2
363:      0.2
364:      0.5
365:      0.2
366:      0.5
367:      0.6
368:      0.4
369:      0.6
370:      0.4
371:      0.4
372:      0.2
373:      0.2
374:      0.2
375:      0.2
376:      0.2
377:      0.2
378:      0.2
379:      0.2
380:      0.2
381:      0.2
382:      0.2
383:      0.2
384:      0.2
385:      0.2
386:      0.2
387:      0.2
388:      0.2
389:      0.2
390:      0.6
391:      0.5
392:      0.2
393:      0.5
394:      0.4
395:      0.6
396:      0.2
397:      0.8
398:      0.6
399:      0.4
400:      0.8
401:      0.5
402:      0.6
403:      0.2
404:      0.2
405:      0.5
406:      0.2
407:      0.2
408:      0.2
409:      0.2
410:      0.2
411:      0.2
412:      0.2
413:      0.2
414:      0.2
415:      0.6
416:      0.2
417:      0.7
418:      0.5
419:      0.2
420:      0.9
421:      0.4
422:      0.3
423:      0.2
424:      0.3
425:      0.2
426:      0.2
427:      0.2
428:      0.2
429:      0.5
430:      0.2
431:      0.3
432:      0.4
433:      0.5
434:      0.8
435:      0.3
436:      0.4
437:      0.2
438:      0.5
439:      0.5
440:      0.2
441:      0.2
442:      0.2
443:      0.2
444:      0.6
445:      0.2
446:      0.3
447:      0.2
448:      0.2
449:      0.2
450:      0.2
451:      0.2
452:      0.2
453:      0.2
454:      0.2
455:      0.5
456:      0.6
457:      0.5
458:      1.0
459:      0.2
460:      0.2
461:      0.5
462:      0.2
463:      0.5
464:      0.4
465:      0.4
466:      0.4
467:      0.8
468:      0.4
469:      0.6
470:      0.2
471:      0.2
472:      0.5
473:      0.2
474:      0.2
475:      0.2
476:      0.2
477:      0.2
478:      0.2
479:      0.2
480:      0.9
481:      0.2
482:      0.6
483:      0.7
484:      0.2
485:      0.2
486:      0.2
487:      0.2
488:      0.2
489:      0.6
490:      0.2
491:      0.2
492:      0.6
493:      1.1
494:      0.8
495:      0.9
496:      0.5
497:      0.4
498:      0.6
499:      0.4
500:      0.2
501:      0.8
502:      0.2
503:      0.2
504:      1.1
505:      0.4
506:      0.8
507:      0.2
508:      0.6
509:      0.8
510:      0.6
511:      0.4
512:      0.2
513:      0.2
514:      0.5
515:      0.6
516:      0.6
517:      0.2
518:      0.6
519:      0.5
520:      0.2
521:      0.2
522:      0.2
523:      0.2
524:      0.2
525:      0.2
526:      0.2
527:      0.2
528:      0.2
529:      0.2
530:      0.2
531:      0.2
532:      0.5
533:      0.5
534:      0.2
535:      0.2
536:      0.2
537:      0.6
538:      0.4
539:      0.4
540:      0.4
541:      0.5
542:      0.5
543:      0.5
544:      0.3
545:      0.5
546:      0.8
547:      0.3
548:      0.9
549:      0.9
550:      0.5
551:      0.4
552:      0.5
553:      0.2
554:      0.5
555:      0.5
556:      0.8
557:      0.7
558:      0.8
559:      0.2
560:      0.5
561:      0.8
562:      0.8
563:      1.1
564:      0.8
565:      0.4
566:      0.7
567:      0.5
568:      0.2
569:      0.2
570:      0.3
571:      0.3
572:      0.5
573:      0.2
574:      0.2
575:      0.2
576:      0.6
577:      0.5
578:      0.4
579:      0.2
580:      0.2
581:      0.2
582:      0.8
583:      0.5
584:      0.4
585:      0.2
586:      0.2
587:      0.2
588:      0.7
589:      0.7
590:      0.6
591:      0.5
592:      0.3
593:      0.2
594:      0.5
595:      0.8
596:      0.7
597:      0.2
598:      0.5
599:      0.4
600:      0.7
601:      0.5
602:      0.9
603:      0.2
604:      0.5
605:      0.3
606:      0.5
607:      0.2
608:      0.2
609:      0.7
610:      0.5
611:      0.4
612:      0.2
613:      0.2
614:      0.2
615:      0.2
616:      0.2
617:      0.2
618:      0.5
619:      0.2
620:      0.2
621:      0.4
622:      0.2
623:      0.6
624:      0.2
625:      0.2
626:      0.6
627:      0.8
628:      0.7
629:      0.4
630:      0.6
631:      0.6
632:      0.2
633:      0.2
634:      0.2
635:      0.2
636:      0.5
637:      1.1
638:      0.4
639:      0.5
640:      0.2
641:      0.2
642:      0.2
643:      0.2
644:      0.2
645:      0.4
646:      0.5
647:      0.6
648:      0.4
649:      0.4
650:      0.6
651:      0.2
652:      0.2
653:      0.2
654:      0.2
655:      0.2
656:      0.2
657:      0.2
658:      0.5
659:      0.4
660:      0.5
661:      0.7
662:      0.8
663:      0.5
664:      0.6
665:      0.2
666:      0.5
667:      0.2
668:      0.5
669:      0.5
670:      0.2
671:      1.0
672:      0.5
673:      0.8
674:      0.5
675:      0.5
676:      0.2
677:      0.2
678:      0.5
679:      0.4
680:      0.2
681:      0.2
682:      0.2
683:      0.2
684:      0.5
685:      0.5
686:      0.3
687:      0.9
688:      0.2
689:      0.8
690:      0.2
691:      0.2
692:      0.2
693:      0.4
694:      0.5
695:      0.4
696:      0.5
697:      0.8
698:      0.7
699:      0.5
700:      0.2
701:      0.6
702:      0.4
703:      0.4
704:      0.9
705:      0.4
706:      0.2
707:      0.4
708:      0.2
709:      0.2
710:      0.2
711:      0.6
712:      0.5
713:      0.2
714:      0.2
715:      0.2
716:      0.2
717:      0.2
718:      0.2
719:      0.5
720:      0.2
721:      0.2
722:      0.6
723:      0.2
724:      0.2
725:      0.2
726:      0.6
727:      0.3
728:      0.5
729:      0.2
730:      0.2
731:      0.2
732:      0.2
733:      0.4
734:      0.9
735:      0.3
736:      0.5
737:      0.2
738:      0.6
739:      0.4
740:      0.2
741:      0.8
742:      0.7
743:      0.4
744:      0.5
745:      0.5
746:      0.2
747:      0.5
748:      0.5
749:      0.2
750:      0.5
751:      0.6
752:      0.7
753:      0.6
754:      0.7
755:      0.2
756:      0.2
757:      0.2
758:      0.2
759:      0.2
760:      0.2
761:      0.2
762:      0.2
763:      0.2
764:      0.2
765:      0.5
766:      0.4
767:      0.3
ave:      0.4
*************************************************
SolveHypre: setup time (method 704): 1.81648
HypreSolver: Solving previously created Hypre setup
SolveHypre: solving the linear system
SolveHypre: Solving linear system with BiCGStab (method 704)
L2 norm of b: 1.037486e+00
Initial L2 norm of residual: 1.037486e+00
=============================================

Iters     resid.norm     conv.rate  rel.res.norm
-----    ------------    ---------- ------------
    1    5.030548e-01    0.484879   4.848788e-01
    2    4.265286e-01    0.847877   4.111176e-01
    3    3.910930e-01    0.916921   3.769624e-01
    4    3.871328e-01    0.989874   3.731452e-01
    5    3.393815e-01    0.876654   3.271192e-01
    6    3.079472e-01    0.907378   2.968207e-01
    7    2.980358e-01    0.967815   2.872674e-01
    8    2.872895e-01    0.963943   2.769094e-01
    9    2.664138e-01    0.927336   2.567879e-01
   10    2.608319e-01    0.979048   2.514077e-01
   11    2.497790e-01    0.957625   2.407542e-01
   12    2.434310e-01    0.974585   2.346355e-01
   13    2.442063e-01    1.003185   2.353829e-01
   14    2.445290e-01    1.001321   2.356938e-01
   15    2.232446e-01    0.912958   2.151785e-01
   16    2.127359e-01    0.952927   2.050495e-01
   17    2.118311e-01    0.995747   2.041774e-01
   18    2.115832e-01    0.998830   2.039385e-01
   19    2.095306e-01    0.990299   2.019600e-01
   20    2.079052e-01    0.992243   2.003934e-01
   21    2.081806e-01    1.001325   2.006588e-01
   22    2.182054e-01    1.048154   2.103213e-01
   23    2.015404e-01    0.923627   1.942585e-01
   24    1.966142e-01    0.975557   1.895102e-01
   25    1.986653e-01    1.010432   1.914873e-01
   26    1.957468e-01    0.985310   1.886742e-01
   27    1.949503e-01    0.995931   1.879065e-01
   28    1.961460e-01    1.006134   1.890590e-01
   29    2.015180e-01    1.027387   1.942369e-01
   30    1.721869e-01    0.854449   1.659655e-01
   31    1.650552e-01    0.958582   1.590915e-01
   32    1.662556e-01    1.007272   1.602485e-01
   33    1.657789e-01    0.997133   1.597891e-01
   34    1.668464e-01    1.006440   1.608180e-01
   35    1.674463e-01    1.003595   1.613963e-01
   36    1.705348e-01    1.018445   1.643731e-01
   37    1.663319e-01    0.975355   1.603221e-01
   38    1.657499e-01    0.996501   1.597611e-01
   39    1.676245e-01    1.011310   1.615680e-01
   40    1.673907e-01    0.998605   1.613426e-01
   41    1.686135e-01    1.007305   1.625213e-01
   42    1.698519e-01    1.007345   1.637150e-01
   43    1.690921e-01    0.995527   1.629826e-01
   44    1.712741e-01    1.012904   1.650857e-01
   45    1.730642e-01    1.010452   1.668112e-01
   46    1.714062e-01    0.990420   1.652131e-01
   47    1.746577e-01    1.018970   1.683471e-01
   48    1.755659e-01    1.005200   1.692225e-01
   49    1.783641e-01    1.015938   1.719196e-01
   50    1.777807e-01    0.996729   1.713572e-01
   51    1.803846e-01    1.014647   1.738671e-01
   52    1.816451e-01    1.006988   1.750821e-01
   53    1.797221e-01    0.989413   1.732285e-01
   54    1.839514e-01    1.023532   1.773050e-01
   55    1.827402e-01    0.993416   1.761375e-01
   56    1.846534e-01    1.010470   1.779817e-01
   57    1.827791e-01    0.989849   1.761750e-01
   58    1.851319e-01    1.012873   1.784428e-01
   59    1.868406e-01    1.009230   1.800898e-01
   60    1.881642e-01    1.007084   1.813656e-01
   61    1.879594e-01    0.998912   1.811682e-01
   62    1.877091e-01    0.998668   1.809269e-01
   63    1.874234e-01    0.998478   1.806515e-01
   64    1.883963e-01    1.005191   1.815893e-01
   65    1.877644e-01    0.996646   1.809802e-01
   66    1.871529e-01    0.996743   1.803909e-01
   67    1.874927e-01    1.001815   1.807183e-01
   68    1.974229e-01    1.052963   1.902898e-01
   69    1.880409e-01    0.952478   1.812468e-01
   70    1.890739e-01    1.005493   1.822424e-01
   71    1.878633e-01    0.993597   1.810756e-01
   72    1.926632e-01    1.025550   1.857021e-01
   73    1.928272e-01    1.000851   1.858601e-01
   74    1.929969e-01    1.000880   1.860237e-01
   75    1.920701e-01    0.995198   1.851304e-01
   76    1.922194e-01    1.000777   1.852743e-01
   77    1.947282e-01    1.013052   1.876924e-01
   78    1.961417e-01    1.007259   1.890549e-01
   79    1.968567e-01    1.003645   1.897441e-01
   80    1.977477e-01    1.004526   1.906028e-01
   81    1.993973e-01    1.008342   1.921929e-01
   82    2.005058e-01    1.005559   1.932613e-01
   83    2.030810e-01    1.012843   1.957434e-01
   84    1.873256e-01    0.922418   1.805573e-01
   85    1.784365e-01    0.952548   1.719894e-01
   86    1.791676e-01    1.004097   1.726940e-01
   87    1.797169e-01    1.003066   1.732235e-01
   88    1.809606e-01    1.006920   1.744223e-01
   89    1.808291e-01    0.999273   1.742955e-01
   90    1.799391e-01    0.995078   1.734377e-01
   91    1.790789e-01    0.995219   1.726085e-01
   92    1.789808e-01    0.999452   1.725140e-01
   93    1.799870e-01    1.005622   1.734839e-01
   94    1.804096e-01    1.002348   1.738912e-01
   95    1.800515e-01    0.998015   1.735460e-01
   96    1.798816e-01    0.999056   1.733823e-01
   97    1.850290e-01    1.028615   1.783437e-01
   98    1.804417e-01    0.975208   1.739221e-01
   99    1.806303e-01    1.001045   1.741039e-01
  100    1.809074e-01    1.001534   1.743710e-01
  101    1.811520e-01    1.001352   1.746067e-01
  102    1.815686e-01    1.002300   1.750083e-01
  103    1.814912e-01    0.999574   1.749337e-01
  104    1.815771e-01    1.000473   1.750165e-01
  105    1.817583e-01    1.000998   1.751911e-01
  106    1.818782e-01    1.000660   1.753067e-01
  107    1.841034e-01    1.012235   1.774515e-01
  108    1.820477e-01    0.988834   1.754701e-01
  109    1.818899e-01    0.999133   1.753180e-01
  110    1.819191e-01    1.000160   1.753461e-01
  111    1.788300e-01    0.983020   1.723687e-01
  112    1.764896e-01    0.986913   1.701129e-01
  113    1.738026e-01    0.984775   1.675229e-01
  114    1.718120e-01    0.988547   1.656042e-01
  115    1.719276e-01    1.000673   1.657157e-01
  116    1.720058e-01    1.000454   1.657910e-01
  117    1.725968e-01    1.003436   1.663607e-01
  118    1.724732e-01    0.999284   1.662415e-01
  119    1.723118e-01    0.999064   1.660859e-01
  120    1.723230e-01    1.000065   1.660968e-01
  121    1.729301e-01    1.003523   1.666819e-01
  122    1.727416e-01    0.998910   1.665003e-01
  123    1.729138e-01    1.000997   1.666662e-01
  124    1.737392e-01    1.004773   1.674618e-01
  125    1.735513e-01    0.998919   1.672807e-01
  126    1.733315e-01    0.998733   1.670688e-01
  127    1.737784e-01    1.002578   1.674996e-01
  128    1.739739e-01    1.001125   1.676880e-01
  129    1.745768e-01    1.003466   1.682692e-01
  130    1.750790e-01    1.002877   1.687532e-01
  131    1.754913e-01    1.002355   1.691506e-01
  132    1.759272e-01    1.002484   1.695707e-01
  133    1.747135e-01    0.993101   1.684009e-01
  134    1.737604e-01    0.994545   1.674822e-01
  135    1.741944e-01    1.002498   1.679006e-01
  136    1.733567e-01    0.995191   1.670931e-01
  137    1.739282e-01    1.003297   1.676440e-01
  138    1.745225e-01    1.003417   1.682167e-01
  139    1.731698e-01    0.992249   1.669129e-01
  140    1.751767e-01    1.011590   1.688474e-01
  141    1.755468e-01    1.002113   1.692041e-01
  142    1.753193e-01    0.998704   1.689848e-01
  143    1.753554e-01    1.000206   1.690196e-01
  144    1.746094e-01    0.995746   1.683006e-01
  145    1.764068e-01    1.010294   1.700330e-01
  146    1.758731e-01    0.996974   1.695186e-01
  147    1.758316e-01    0.999764   1.694786e-01
  148    1.759101e-01    1.000447   1.695543e-01
  149    1.766538e-01    1.004228   1.702711e-01
  150    1.771653e-01    1.002895   1.707641e-01
  151    1.776896e-01    1.002959   1.712694e-01
  152    1.787844e-01    1.006161   1.723247e-01
  153    1.780898e-01    0.996115   1.716552e-01
  154    1.787296e-01    1.003593   1.722719e-01
  155    1.794009e-01    1.003756   1.729189e-01
  156    1.793596e-01    0.999770   1.728791e-01
  157    1.805145e-01    1.006439   1.739923e-01
  158    1.816376e-01    1.006221   1.750748e-01
  159    2.014404e-01    1.109024   1.941621e-01
  160    1.708087e-01    0.847937   1.646371e-01
  161    1.813245e-01    1.061565   1.747730e-01
  162    1.644238e-01    0.906793   1.584830e-01
  163    1.639332e-01    0.997016   1.580101e-01
  164    1.642772e-01    1.002098   1.583417e-01
  165    1.653760e-01    1.006689   1.594008e-01
  166    1.642432e-01    0.993150   1.583089e-01
  167    1.642114e-01    0.999807   1.582782e-01
  168    1.643046e-01    1.000567   1.583681e-01
  169    1.644904e-01    1.001131   1.585472e-01
  170    1.650586e-01    1.003454   1.590949e-01
  171    1.650135e-01    0.999726   1.590513e-01
  172    1.649757e-01    0.999771   1.590149e-01
  173    1.653224e-01    1.002102   1.593491e-01
  174    1.658346e-01    1.003099   1.598428e-01
  175    1.651749e-01    0.996022   1.592069e-01
  176    1.649798e-01    0.998819   1.590188e-01
  177    1.651035e-01    1.000750   1.591381e-01
  178    1.652019e-01    1.000596   1.592329e-01
  179    1.652975e-01    1.000579   1.593251e-01
  180    2.098692e-01    1.269645   2.022864e-01
  181    1.468211e-01    0.699584   1.415162e-01
  182    1.375142e-01    0.936611   1.325456e-01
  183    1.370339e-01    0.996507   1.320827e-01
  184    1.367424e-01    0.997873   1.318017e-01
  185    1.365636e-01    0.998692   1.316294e-01
  186    1.362515e-01    0.997715   1.313286e-01
  187    1.359821e-01    0.998023   1.310689e-01
  188    1.358721e-01    0.999191   1.309629e-01
  189    1.359266e-01    1.000401   1.310154e-01
  190    1.357221e-01    0.998495   1.308183e-01
  191    1.350805e-01    0.995273   1.301999e-01
  192    1.348631e-01    0.998391   1.299903e-01
  193    1.344042e-01    0.996597   1.295480e-01
  194    1.341449e-01    0.998071   1.292981e-01
  195    1.338487e-01    0.997792   1.290126e-01
  196    1.333683e-01    0.996411   1.285496e-01
  197    1.330903e-01    0.997915   1.282816e-01
  198    1.325181e-01    0.995701   1.277301e-01
  199    1.322499e-01    0.997976   1.274715e-01
  200    1.331572e-01    1.006861   1.283461e-01
  201    1.325992e-01    0.995810   1.278083e-01
  202    1.313910e-01    0.990888   1.266437e-01
  203    1.308438e-01    0.995835   1.261162e-01
  204    1.569633e-01    1.199624   1.512920e-01
  205    1.299777e-01    0.828077   1.252814e-01
  206    1.296894e-01    0.997782   1.250036e-01
  207    1.294363e-01    0.998048   1.247596e-01
  208    1.289469e-01    0.996219   1.242879e-01
  209    1.333638e-01    1.034254   1.285452e-01
  210    1.283665e-01    0.962529   1.237284e-01
  211    1.279936e-01    0.997095   1.233691e-01
  212    1.276261e-01    0.997128   1.230148e-01
  213    1.271941e-01    0.996615   1.225984e-01
  214    1.271441e-01    0.999607   1.225502e-01
  215    1.265898e-01    0.995641   1.220160e-01
  216    1.261831e-01    0.996787   1.216239e-01
  217    1.267348e-01    1.004373   1.221557e-01
  218    1.214210e-01    0.958071   1.170339e-01
  219    1.190876e-01    0.980782   1.147848e-01
  220    1.188258e-01    0.997802   1.145324e-01
  221    1.187436e-01    0.999309   1.144533e-01
  222    1.186452e-01    0.999171   1.143584e-01
  223    1.185963e-01    0.999588   1.143113e-01
  224    1.185525e-01    0.999631   1.142691e-01
  225    1.186274e-01    1.000631   1.143412e-01
  226    1.186176e-01    0.999918   1.143318e-01
  227    1.199665e-01    1.011372   1.156319e-01
  228    1.219781e-01    1.016768   1.175709e-01
  229    1.190127e-01    0.975689   1.147126e-01
  230    1.181426e-01    0.992689   1.138740e-01
  231    1.180480e-01    0.999199   1.137828e-01
  232    1.180963e-01    1.000409   1.138293e-01
  233    1.179330e-01    0.998618   1.136720e-01
  234    1.181417e-01    1.001769   1.138731e-01
  235    1.182551e-01    1.000960   1.139824e-01
  236    1.184173e-01    1.001372   1.141388e-01
  237    1.186197e-01    1.001709   1.143339e-01
  238    1.188704e-01    1.002113   1.145754e-01
  239    1.190787e-01    1.001752   1.147762e-01
  240    1.192408e-01    1.001361   1.149325e-01
  241    1.191965e-01    0.999629   1.148898e-01
  242    1.194084e-01    1.001777   1.150940e-01
  243    1.195948e-01    1.001562   1.152737e-01
  244    1.195859e-01    0.999925   1.152651e-01
  245    1.194845e-01    0.999152   1.151674e-01
  246    1.196349e-01    1.001259   1.153124e-01
  247    1.197308e-01    1.000801   1.154047e-01
  248    1.197132e-01    0.999853   1.153878e-01
  249    1.186479e-01    0.991101   1.143610e-01
  250    1.185787e-01    0.999417   1.142943e-01
  251    1.176010e-01    0.991754   1.133519e-01
  252    1.175638e-01    0.999684   1.133161e-01
  253    1.180977e-01    1.004541   1.138307e-01
  254    1.175510e-01    0.995371   1.133037e-01
  255    1.175341e-01    0.999856   1.132874e-01
  256    1.174964e-01    0.999679   1.132511e-01
  257    1.171880e-01    0.997375   1.129538e-01
  258    1.169846e-01    0.998264   1.127578e-01
  259    1.330654e-01    1.137461   1.282576e-01
  260    1.167292e-01    0.877232   1.125116e-01
  261    1.167668e-01    1.000322   1.125479e-01
  262    1.166899e-01    0.999341   1.124738e-01
  263    1.165324e-01    0.998650   1.123219e-01
  264    1.164177e-01    0.999016   1.122114e-01
  265    1.163020e-01    0.999007   1.120999e-01
  266    1.161911e-01    0.999046   1.119929e-01
  267    1.159662e-01    0.998065   1.117762e-01
  268    1.158243e-01    0.998776   1.116394e-01
  269    1.154961e-01    0.997166   1.113231e-01
  270    1.154825e-01    0.999882   1.113099e-01
  271    1.152985e-01    0.998407   1.111326e-01
  272    1.149428e-01    0.996915   1.107897e-01
  273    1.149490e-01    1.000055   1.107958e-01
  274    1.146891e-01    0.997739   1.105453e-01
  275    1.134167e-01    0.988905   1.093188e-01
  276    1.139997e-01    1.005140   1.098807e-01
  277    1.130506e-01    0.991675   1.089659e-01
  278    1.134795e-01    1.003794   1.093793e-01
  279    1.136413e-01    1.001426   1.095353e-01
  280    1.158260e-01    1.019224   1.116411e-01
  281    1.126507e-01    0.972585   1.085805e-01
  282    1.122996e-01    0.996883   1.082421e-01
  283    1.122109e-01    0.999210   1.081566e-01
  284    1.087504e-01    0.969160   1.048211e-01
  285    1.110946e-01    1.021556   1.070807e-01
  286    1.109559e-01    0.998751   1.069469e-01
  287    1.106185e-01    0.996959   1.066217e-01
  288    1.100564e-01    0.994919   1.060799e-01
  289    1.087627e-01    0.988245   1.048330e-01
  290    1.053795e-01    0.968893   1.015720e-01
  291    1.013724e-01    0.961975   9.770971e-02
  292    1.011594e-01    0.997899   9.750442e-02
  293    1.008515e-01    0.996956   9.720760e-02
  294    1.005544e-01    0.997054   9.692124e-02
  295    1.002552e-01    0.997024   9.663281e-02
  296    1.000523e-01    0.997977   9.643729e-02
  297    9.966087e-02    0.996088   9.606000e-02
  298    9.985532e-02    1.001951   9.624742e-02
  299    9.913917e-02    0.992828   9.555715e-02
  300    9.956895e-02    1.004335   9.597140e-02
  301    9.865623e-02    0.990833   9.509166e-02
  302    9.837918e-02    0.997192   9.482462e-02
  303    9.810268e-02    0.997189   9.455811e-02
  304    9.939829e-02    1.013207   9.580690e-02
  305    9.723121e-02    0.978198   9.371813e-02
  306    9.777535e-02    1.005596   9.424261e-02
  307    9.740430e-02    0.996205   9.388496e-02
  308    9.727641e-02    0.998687   9.376170e-02
  309    9.672513e-02    0.994333   9.323033e-02
  310    9.648618e-02    0.997530   9.300001e-02
  311    9.683348e-02    1.003599   9.333476e-02
  312    1.092430e-01    1.128153   1.052959e-01
  313    9.599634e-02    0.878741   9.252787e-02
  314    9.598402e-02    0.999872   9.251600e-02
  315    9.571026e-02    0.997148   9.225213e-02
  316    9.573494e-02    1.000258   9.227592e-02
  317    9.539013e-02    0.996398   9.194357e-02
  318    9.525950e-02    0.998631   9.181765e-02
  319    9.479574e-02    0.995132   9.137065e-02
  320    9.491537e-02    1.001262   9.148596e-02
  321    9.436991e-02    0.994253   9.096021e-02
  322    9.438920e-02    1.000204   9.097880e-02
  323    9.403979e-02    0.996298   9.064201e-02
  324    9.388593e-02    0.998364   9.049372e-02
  325    9.342846e-02    0.995127   9.005278e-02
  326    9.300770e-02    0.995496   8.964721e-02
  327    9.333792e-02    1.003550   8.996550e-02
  328    9.296304e-02    0.995984   8.960417e-02
  329    9.301274e-02    1.000535   8.965207e-02
  330    9.244624e-02    0.993909   8.910604e-02
  331    9.145242e-02    0.989250   8.814813e-02
  332    9.220187e-02    1.008195   8.887050e-02
  333    9.212586e-02    0.999176   8.879723e-02
  334    9.164255e-02    0.994754   8.833139e-02
  335    9.170404e-02    1.000671   8.839066e-02
  336    9.124565e-02    0.995001   8.794884e-02
  337    9.095470e-02    0.996811   8.766840e-02
  338    9.081883e-02    0.998506   8.753743e-02
  339    8.997266e-02    0.990683   8.672184e-02
  340    9.049586e-02    1.005815   8.722614e-02
  341    9.010527e-02    0.995684   8.684965e-02
  342    8.955418e-02    0.993884   8.631847e-02
  343    8.937415e-02    0.997990   8.614495e-02
  344    8.938518e-02    1.000123   8.615559e-02
  345    9.070906e-02    1.014811   8.743162e-02
  346    9.066623e-02    0.999528   8.739035e-02
  347    8.858237e-02    0.977016   8.538178e-02
  348    8.844696e-02    0.998471   8.525126e-02
  349    8.817938e-02    0.996975   8.499335e-02
  350    8.772637e-02    0.994863   8.455671e-02
  351    8.772285e-02    0.999960   8.455331e-02
  352    8.711800e-02    0.993105   8.397032e-02
  353    8.729746e-02    1.002060   8.414329e-02
  354    8.482526e-02    0.971681   8.176042e-02
  355    8.689306e-02    1.024377   8.375351e-02
  356    8.650590e-02    0.995544   8.338033e-02
  357    8.644132e-02    0.999253   8.331809e-02
  358    8.645474e-02    1.000155   8.333102e-02
  359    8.660320e-02    1.001717   8.347412e-02
  360    8.593754e-02    0.992314   8.283251e-02
  361    8.544111e-02    0.994223   8.235402e-02
  362    8.543680e-02    0.999949   8.234986e-02
  363    8.563838e-02    1.002359   8.254415e-02
  364    8.550112e-02    0.998397   8.241185e-02
  365    8.546541e-02    0.999582   8.237743e-02
  366    8.448883e-02    0.988573   8.143615e-02
  367    8.453511e-02    1.000548   8.148075e-02
  368    8.428984e-02    0.997099   8.124434e-02
  369    8.418494e-02    0.998756   8.114324e-02
  370    8.374042e-02    0.994720   8.071477e-02
  371    8.376762e-02    1.000325   8.074099e-02
  372    8.292257e-02    0.989912   7.992648e-02
  373    8.332495e-02    1.004852   8.031432e-02
  374    8.281799e-02    0.993916   7.982568e-02
  375    8.251665e-02    0.996361   7.953522e-02
  376    8.261626e-02    1.001207   7.963123e-02
  377    8.226286e-02    0.995722   7.929060e-02
  378    8.204590e-02    0.997363   7.908148e-02
  379    8.204764e-02    1.000021   7.908315e-02
  380    8.171763e-02    0.995978   7.876507e-02
  381    8.172986e-02    1.000150   7.877686e-02
  382    8.168755e-02    0.999482   7.873608e-02
  383    8.135549e-02    0.995935   7.841601e-02
  384    8.120354e-02    0.998132   7.826955e-02
  385    8.124320e-02    1.000488   7.830779e-02
  386    8.095287e-02    0.996426   7.802794e-02
  387    5.353072e-01    6.612579   5.159659e-01
  388    8.045622e-02    0.150299   7.754923e-02
  389    8.047619e-02    1.000248   7.756849e-02
  390    7.959397e-02    0.989037   7.671814e-02
  391    7.934488e-02    0.996871   7.647805e-02
  392    8.003611e-02    1.008712   7.714430e-02
  393    8.003317e-02    0.999963   7.714147e-02
  394    8.000055e-02    0.999592   7.711003e-02
  395    7.992854e-02    0.999100   7.704062e-02
  396    8.021044e-02    1.003527   7.731234e-02
  397    8.019828e-02    0.999848   7.730062e-02
  398    8.062606e-02    1.005334   7.771294e-02
  399    8.060834e-02    0.999780   7.769586e-02
  400    8.044033e-02    0.997916   7.753392e-02
  401    7.929996e-02    0.985823   7.643475e-02
  402    7.947603e-02    1.002220   7.660446e-02
  403    7.956616e-02    1.001134   7.669133e-02
  404    7.926921e-02    0.996268   7.640511e-02
  405    7.913305e-02    0.998282   7.627387e-02
  406    7.913232e-02    0.999991   7.627318e-02
  407    7.897934e-02    0.998067   7.612571e-02
  408    7.897757e-02    0.999978   7.612401e-02
  409    7.882790e-02    0.998105   7.597975e-02
  410    7.864234e-02    0.997646   7.580090e-02
  411    7.842184e-02    0.997196   7.558836e-02
  412    7.832601e-02    0.998778   7.549600e-02
  413    7.831173e-02    0.999818   7.548223e-02
  414    7.830929e-02    0.999969   7.547987e-02
  415    7.830551e-02    0.999952   7.547623e-02
  416    7.833484e-02    1.000375   7.550450e-02
  417    7.823967e-02    0.998785   7.541277e-02
  418    7.833492e-02    1.001217   7.550458e-02
  419    7.833207e-02    0.999964   7.550184e-02
  420    7.833101e-02    0.999986   7.550082e-02
  421    7.824597e-02    0.998914   7.541885e-02
  422    7.821851e-02    0.999649   7.539237e-02
  423    7.811637e-02    0.998694   7.529392e-02
  424    7.802561e-02    0.998838   7.520645e-02
  425    7.801191e-02    0.999824   7.519324e-02
  426    7.800496e-02    0.999911   7.518655e-02
  427    7.816679e-02    1.002075   7.534252e-02
  428    7.803911e-02    0.998367   7.521946e-02
  429    7.803698e-02    0.999973   7.521741e-02
  430    7.798517e-02    0.999336   7.516747e-02
  431    7.806469e-02    1.001020   7.524411e-02
  432    7.822458e-02    1.002048   7.539822e-02
  433    7.828930e-02    1.000827   7.546061e-02
  434    7.829340e-02    1.000052   7.546456e-02
  435    7.827842e-02    0.999809   7.545013e-02
  436    7.885474e-02    1.007362   7.600562e-02
  437    7.803690e-02    0.989628   7.521733e-02
  438    7.793835e-02    0.998737   7.512234e-02
  439    7.793146e-02    0.999912   7.511570e-02
  440    7.792088e-02    0.999864   7.510550e-02
  441    7.792070e-02    0.999998   7.510533e-02
  442    7.821494e-02    1.003776   7.538894e-02
  443    7.799008e-02    0.997125   7.517220e-02
  444    7.822287e-02    1.002985   7.539658e-02
  445    7.800389e-02    0.997200   7.518551e-02
  446    7.812946e-02    1.001610   7.530654e-02
  447    7.833312e-02    1.002607   7.550284e-02
  448    7.826672e-02    0.999152   7.543884e-02
  449    7.826118e-02    0.999929   7.543351e-02
  450    7.825565e-02    0.999929   7.542818e-02
  451    8.004838e-02    1.022909   7.715613e-02
  452    7.825378e-02    0.977581   7.542637e-02
  453    7.824795e-02    0.999925   7.542075e-02
  454    7.831243e-02    1.000824   7.548290e-02
  455    8.289488e-02    1.058515   7.989978e-02
  456    1.759987e-01    2.123155   1.696396e-01
  457    8.102195e-02    0.460356   7.809453e-02
  458    1.072608e-01    1.323849   1.033854e-01
  459    1.582752e-01    1.475610   1.525565e-01
  460    7.918373e-02    0.500292   7.632272e-02
  461    7.877472e-02    0.994835   7.592849e-02
  462    7.878769e-02    1.000165   7.594099e-02
  463    7.937988e-02    1.007516   7.651179e-02
  464    7.887033e-02    0.993581   7.602064e-02
  465    7.883416e-02    0.999541   7.598578e-02
  466    7.885138e-02    1.000218   7.600238e-02
  467    7.839658e-02    0.994232   7.556401e-02
  468    7.874347e-02    1.004425   7.589837e-02
  469    7.870323e-02    0.999489   7.585959e-02
  470    7.870103e-02    0.999972   7.585747e-02
  471    7.864660e-02    0.999308   7.580500e-02
  472    7.818522e-02    0.994133   7.536029e-02
  473    7.896450e-02    1.009967   7.611141e-02
  474    7.888132e-02    0.998947   7.603124e-02
  475    7.888535e-02    1.000051   7.603512e-02
  476    7.889885e-02    1.000171   7.604814e-02
  477    7.891412e-02    1.000194   7.606285e-02
  478    7.900237e-02    1.001118   7.614792e-02
  479    7.897245e-02    0.999621   7.611908e-02
  480    7.884891e-02    0.998436   7.600000e-02
  481    7.925601e-02    1.005163   7.639239e-02
  482    7.975072e-02    1.006242   7.686923e-02
  483    8.086991e-02    1.014034   7.794798e-02
  484    7.940020e-02    0.981826   7.653137e-02
  485    7.970304e-02    1.003814   7.682327e-02
  486    1.042210e-01    1.307617   1.004554e-01
  487    9.754480e-02    0.935942   9.402039e-02
  488    7.907205e-02    0.810623   7.621508e-02
  489    8.337787e-02    1.054454   8.036532e-02
  490    1.008798e-01    1.209911   9.723490e-02
  491    7.931532e-02    0.786236   7.644956e-02
  492    7.877172e-02    0.993146   7.592560e-02
  493    7.898471e-02    1.002704   7.613090e-02
  494    7.913701e-02    1.001928   7.627769e-02
  495    7.921128e-02    1.000939   7.634928e-02
  496    7.942939e-02    1.002754   7.655951e-02
  497    7.940066e-02    0.999638   7.653181e-02
  498    8.132881e-02    1.024284   7.839029e-02
  499    7.996531e-02    0.983235   7.707607e-02
  500    7.964208e-02    0.995958   7.676451e-02
  501    7.967121e-02    1.000366   7.679259e-02
  502    7.966270e-02    0.999893   7.678438e-02
  503    7.947593e-02    0.997656   7.660437e-02
  504    7.955839e-02    1.001038   7.668385e-02
  505    7.955402e-02    0.999945   7.667963e-02
  506    7.945608e-02    0.998769   7.658523e-02
  507    7.932855e-02    0.998395   7.646231e-02
  508    7.932055e-02    0.999899   7.645460e-02
  509    7.931996e-02    0.999993   7.645403e-02
  510    7.922319e-02    0.998780   7.636076e-02
  511    7.912313e-02    0.998737   7.626431e-02
  512    7.909995e-02    0.999707   7.624197e-02
  513    7.908816e-02    0.999851   7.623060e-02
  514    7.908963e-02    1.000019   7.623203e-02
  515    7.909008e-02    1.000006   7.623246e-02
  516    7.906398e-02    0.999670   7.620730e-02
  517    9.401519e-02    1.189103   9.061831e-02
  518    7.905020e-02    0.840824   7.619402e-02
  519    7.905321e-02    1.000038   7.619692e-02
  520    7.905099e-02    0.999972   7.619478e-02
  521    7.905524e-02    1.000054   7.619888e-02
  522    7.907166e-02    1.000208   7.621470e-02
  523    7.907161e-02    0.999999   7.621466e-02
  524    7.906096e-02    0.999865   7.620439e-02
  525    7.906172e-02    1.000010   7.620512e-02
  526    7.905869e-02    0.999962   7.620220e-02
  527    7.909656e-02    1.000479   7.623870e-02
  528    7.907122e-02    0.999680   7.621428e-02
  529    7.906270e-02    0.999892   7.620607e-02
  530    7.896321e-02    0.998742   7.611017e-02
  531    7.894004e-02    0.999707   7.608783e-02
  532    7.892095e-02    0.999758   7.606944e-02
  533    7.893679e-02    1.000201   7.608470e-02
  534    7.889460e-02    0.999466   7.604404e-02
  535    7.909530e-02    1.002544   7.623749e-02
  536    7.908232e-02    0.999836   7.622498e-02
  537    8.009474e-02    1.012802   7.720081e-02
  538    7.843627e-02    0.979294   7.560227e-02
  539    7.843917e-02    1.000037   7.560507e-02
  540    7.841234e-02    0.999658   7.557920e-02
  541    7.841098e-02    0.999983   7.557789e-02
  542    7.857315e-02    1.002068   7.573420e-02
  543    7.839937e-02    0.997788   7.556670e-02
  544    7.839983e-02    1.000006   7.556715e-02
  545    7.843549e-02    1.000455   7.560152e-02
  546    7.843059e-02    0.999937   7.559679e-02
  547    7.842735e-02    0.999959   7.559367e-02
  548    7.842953e-02    1.000028   7.559577e-02
  549    7.833171e-02    0.998753   7.550149e-02
  550    7.824639e-02    0.998911   7.541925e-02
  551    7.822832e-02    0.999769   7.540183e-02
  552    7.823820e-02    1.000126   7.541135e-02
  553    7.822872e-02    0.999879   7.540222e-02
  554    7.820970e-02    0.999757   7.538389e-02
  555    7.818454e-02    0.999678   7.535963e-02
  556    7.810434e-02    0.998974   7.528233e-02
  557    7.676922e-02    0.982906   7.399545e-02
  558    7.814160e-02    1.017877   7.531825e-02
  559    7.795775e-02    0.997647   7.514104e-02
  560    7.791305e-02    0.999427   7.509796e-02
  561    7.792257e-02    1.000122   7.510713e-02
  562    7.809821e-02    1.002254   7.527642e-02
  563    7.820608e-02    1.001381   7.538040e-02
  564    7.820153e-02    0.999942   7.537601e-02
  565    7.817185e-02    0.999620   7.534740e-02
  566    7.871576e-02    1.006958   7.587166e-02
  567    7.868801e-02    0.999647   7.584492e-02
  568    8.302112e-02    1.055067   8.002147e-02
  569    8.034560e-02    0.967773   7.744261e-02
  570    8.043245e-02    1.001081   7.752633e-02
  571    8.042680e-02    0.999930   7.752088e-02
  572    8.042871e-02    1.000024   7.752272e-02
  573    8.042060e-02    0.999899   7.751490e-02
  574    7.921862e-02    0.985054   7.635635e-02
  575    1.129008e-01    1.425180   1.088216e-01
  576    1.965184e-01    1.740629   1.894180e-01
  577    7.731285e-02    0.393413   7.451944e-02
  578    7.731224e-02    0.999992   7.451885e-02
  579    7.693138e-02    0.995074   7.415175e-02
  580    7.648469e-02    0.994194   7.372121e-02
  581    7.756236e-02    1.014090   7.475994e-02
  582    7.856501e-02    1.012927   7.572636e-02
  583    7.878948e-02    1.002857   7.594272e-02
  584    7.690603e-02    0.976095   7.412732e-02
  585    2.665702e-01    3.466181   2.569387e-01
  586    2.289453e-01    0.858855   2.206732e-01
  587    7.362983e-02    0.321604   7.096949e-02
  588    7.519123e-02    1.021206   7.247448e-02
  589    7.460434e-02    0.992195   7.190879e-02
  590    7.402604e-02    0.992248   7.135138e-02
  591    7.426961e-02    1.003290   7.158615e-02
  592    7.420541e-02    0.999136   7.152428e-02
  593    7.599533e-02    1.024121   7.324952e-02
  594    7.598530e-02    0.999868   7.323986e-02
  595    7.517291e-02    0.989309   7.245682e-02
  596    7.525629e-02    1.001109   7.253719e-02
  597    7.541370e-02    1.002092   7.268891e-02
  598    7.540593e-02    0.999897   7.268142e-02
  599    7.608755e-02    1.009039   7.333841e-02
  600    7.542687e-02    0.991317   7.270160e-02
  601    7.569191e-02    1.003514   7.295707e-02
  602    7.583163e-02    1.001846   7.309174e-02
  603    7.495380e-02    0.988424   7.224563e-02
  604    7.356398e-02    0.981458   7.090602e-02
  605    7.404508e-02    1.006540   7.136974e-02
  606    7.397558e-02    0.999061   7.130275e-02
  607    7.400662e-02    1.000420   7.133267e-02
  608    7.398421e-02    0.999697   7.131107e-02
  609    7.414474e-02    1.002170   7.146580e-02
  610    7.401895e-02    0.998304   7.134456e-02
  611    7.407584e-02    1.000769   7.139939e-02
  612    7.407336e-02    0.999967   7.139700e-02
  613    7.407425e-02    1.000012   7.139786e-02
  614    7.405717e-02    0.999769   7.138139e-02
  615    7.405448e-02    0.999964   7.137880e-02
  616    7.404502e-02    0.999872   7.136968e-02
  617    7.398758e-02    0.999224   7.131432e-02
  618    7.410879e-02    1.001638   7.143115e-02
  619    7.399070e-02    0.998407   7.131732e-02
  620    7.398794e-02    0.999963   7.131467e-02
  621    7.400960e-02    1.000293   7.133554e-02
  622    7.403055e-02    1.000283   7.135573e-02
  623    7.455758e-02    1.007119   7.186372e-02
  624    7.475774e-02    1.002685   7.205665e-02
  625    7.444427e-02    0.995807   7.175450e-02
  626    8.128870e-02    1.091940   7.835164e-02
  627    7.974753e-02    0.981041   7.686615e-02
  628    7.599348e-02    0.952926   7.324774e-02
  629    7.391278e-02    0.972620   7.124222e-02
  630    7.309892e-02    0.988989   7.045776e-02
  631    7.310431e-02    1.000074   7.046296e-02
  632    7.293404e-02    0.997671   7.029884e-02
  633    7.286738e-02    0.999086   7.023459e-02
  634    7.351797e-02    1.008928   7.086167e-02
  635    7.345030e-02    0.999080   7.079645e-02
  636    7.433480e-02    1.012042   7.164900e-02
  637    7.715464e-02    1.037934   7.436695e-02
  638    7.278961e-02    0.943425   7.015963e-02
  639    7.216471e-02    0.991415   6.955731e-02
  640    7.253327e-02    1.005107   6.991256e-02
  641    7.134411e-02    0.983605   6.876636e-02
  642    7.076644e-02    0.991903   6.820956e-02
  643    7.070519e-02    0.999134   6.815052e-02
  644    7.057129e-02    0.998106   6.802146e-02
  645    7.093228e-02    1.005115   6.836941e-02
  646    7.092943e-02    0.999960   6.836666e-02
  647    6.987134e-02    0.985083   6.734680e-02
  648    6.715371e-02    0.961105   6.472736e-02
  649    6.701328e-02    0.997909   6.459201e-02
  650    6.770061e-02    1.010257   6.525451e-02
  651    6.837290e-02    1.009930   6.590250e-02
  652    6.832013e-02    0.999228   6.585164e-02
  653    6.834734e-02    1.000398   6.587786e-02
  654    6.899520e-02    1.009479   6.650232e-02
  655    5.857049e-02    0.848907   5.645427e-02
  656    5.782928e-02    0.987345   5.573983e-02
  657    5.781593e-02    0.999769   5.572697e-02
  658    5.783158e-02    1.000271   5.574205e-02
  659    5.782638e-02    0.999910   5.573704e-02
  660    5.782857e-02    1.000038   5.573915e-02
  661    5.814541e-02    1.005479   5.604454e-02
  662    5.378349e-02    0.924983   5.184023e-02
  663    5.367381e-02    0.997961   5.173451e-02
  664    5.992300e-02    1.116429   5.775791e-02
  665    5.993757e-02    1.000243   5.777195e-02
  666    5.655210e-02    0.943517   5.450880e-02
  667    5.644244e-02    0.998061   5.440311e-02
  668    5.642837e-02    0.999751   5.438955e-02
  669    5.640736e-02    0.999628   5.436929e-02
  670    5.641986e-02    1.000222   5.438134e-02
  671    5.579714e-02    0.988963   5.378112e-02
  672    5.785248e-02    1.036836   5.576220e-02
  673    5.838444e-02    1.009195   5.627493e-02
  674    5.817401e-02    0.996396   5.607211e-02
  675    5.975436e-02    1.027166   5.759536e-02
  676    5.254673e-02    0.879379   5.064815e-02
  677    5.876710e-02    1.118378   5.664377e-02
  678    5.440967e-02    0.925852   5.244378e-02
  679    5.433665e-02    0.998658   5.237340e-02
  680    5.424765e-02    0.998362   5.228761e-02
  681    5.421417e-02    0.999383   5.225535e-02
  682    5.425115e-02    1.000682   5.229099e-02
  683    5.445935e-02    1.003838   5.249166e-02
  684    5.532331e-02    1.015864   5.332441e-02
  685    5.435995e-02    0.982587   5.239586e-02
  686    5.329923e-02    0.980487   5.137346e-02
  687    5.308699e-02    0.996018   5.116889e-02
  688    5.347487e-02    1.007307   5.154276e-02
  689    5.349103e-02    1.000302   5.155833e-02
  690    5.347534e-02    0.999707   5.154321e-02
  691    5.347261e-02    0.999949   5.154057e-02
  692    5.347281e-02    1.000004   5.154077e-02
  693    5.521534e-02    1.032587   5.322034e-02
  694    5.349309e-02    0.968809   5.156032e-02
  695    5.354711e-02    1.001010   5.161239e-02
  696    5.353718e-02    0.999815   5.160282e-02
  697    5.353585e-02    0.999975   5.160153e-02
  698    5.360752e-02    1.001339   5.167062e-02
  699    5.375935e-02    1.002832   5.181696e-02
  700    5.373710e-02    0.999586   5.179551e-02
  701    5.404705e-02    1.005768   5.209426e-02
  702    5.365015e-02    0.992656   5.171171e-02
  703    5.217405e-02    0.972487   5.028894e-02
  704    5.234277e-02    1.003234   5.045156e-02
  705    5.221216e-02    0.997505   5.032567e-02
  706    5.219197e-02    0.999613   5.030621e-02
  707    5.231832e-02    1.002421   5.042799e-02
  708    5.224727e-02    0.998642   5.035951e-02
  709    5.218656e-02    0.998838   5.030100e-02
  710    5.228065e-02    1.001803   5.039168e-02
  711    5.231398e-02    1.000638   5.042381e-02
  712    5.220971e-02    0.998007   5.032331e-02
  713    5.220983e-02    1.000002   5.032343e-02
  714    5.226447e-02    1.001046   5.037609e-02
  715    5.209400e-02    0.996738   5.021178e-02
  716    5.150191e-02    0.988634   4.964108e-02
  717    5.139536e-02    0.997931   4.953838e-02
  718    5.122370e-02    0.996660   4.937293e-02
  719    5.122638e-02    1.000052   4.937551e-02
  720    5.115534e-02    0.998613   4.930703e-02
  721    5.116236e-02    1.000137   4.931380e-02
  722    5.108599e-02    0.998507   4.924019e-02
  723    5.108483e-02    0.999977   4.923907e-02
  724    5.102226e-02    0.998775   4.917876e-02
  725    5.097259e-02    0.999027   4.913089e-02
  726    5.096876e-02    0.999925   4.912720e-02
  727    5.100383e-02    1.000688   4.916100e-02
  728    5.098624e-02    0.999655   4.914404e-02
  729    5.113753e-02    1.002967   4.928987e-02
  730    5.112527e-02    0.999760   4.927805e-02
  731    5.110950e-02    0.999691   4.926285e-02
  732    5.120779e-02    1.001923   4.935759e-02
  733    5.085762e-02    0.993162   4.902007e-02
  734    5.084807e-02    0.999812   4.901086e-02
  735    5.085013e-02    1.000041   4.901286e-02
  736    5.084771e-02    0.999952   4.901052e-02
  737    5.082689e-02    0.999591   4.899045e-02
  738    5.082354e-02    0.999934   4.898723e-02
  739    5.082248e-02    0.999979   4.898620e-02
  740    5.078290e-02    0.999221   4.894805e-02
  741    5.078799e-02    1.000100   4.895295e-02
  742    5.075007e-02    0.999253   4.891641e-02
  743    5.962009e-02    1.174779   5.746595e-02
  744    5.449070e-02    0.913965   5.252188e-02
  745    5.200204e-02    0.954329   5.012314e-02
  746    5.394334e-02    1.037331   5.199430e-02
  747    5.795342e-02    1.074339   5.585949e-02
  748    5.960879e-02    1.028564   5.745505e-02
  749    5.818449e-02    0.976106   5.608221e-02
  750    5.487820e-02    0.943176   5.289538e-02
  751    5.870797e-02    1.069787   5.658677e-02
  752    5.079731e-02    0.865254   4.896194e-02
  753    5.059762e-02    0.996069   4.876946e-02
  754    5.058331e-02    0.999717   4.875567e-02
  755    5.054615e-02    0.999265   4.871986e-02
  756    5.129192e-02    1.014754   4.943868e-02
  757    5.108815e-02    0.996027   4.924227e-02
  758    5.315764e-02    1.040508   5.123699e-02
  759    5.360505e-02    1.008417   5.166824e-02
  760    5.372040e-02    1.002152   5.177942e-02
  761    5.370085e-02    0.999636   5.176057e-02
  762    5.101115e-02    0.949913   4.916805e-02
  763    1.476871e-01    2.895193   1.423510e-01
  764    1.533006e-01    1.038009   1.477616e-01
  765    8.811949e-02    0.574815   8.493562e-02
  766    9.181781e-02    1.041969   8.850031e-02
  767    1.072472e-01    1.168044   1.033723e-01
  768    1.783726e-01    1.663191   1.719278e-01
  769    5.919295e-02    0.331850   5.705423e-02
  770    5.082642e-02    0.858657   4.899000e-02
  771    5.061710e-02    0.995882   4.878824e-02
  772    5.062719e-02    1.000199   4.879796e-02
  773    5.060812e-02    0.999623   4.877958e-02
  774    5.060775e-02    0.999993   4.877923e-02
  775    5.060215e-02    0.999889   4.877383e-02
  776    7.402828e-02    1.462947   7.135355e-02
  777    5.136543e-02    0.693862   4.950954e-02
  778    5.259772e-02    1.023991   5.069730e-02
  779    5.168493e-02    0.982646   4.981748e-02
  780    5.185173e-02    1.003227   4.997827e-02
  781    5.184037e-02    0.999781   4.996731e-02
  782    5.184082e-02    1.000009   4.996775e-02
  783    5.175830e-02    0.998408   4.988821e-02
  784    5.178185e-02    1.000455   4.991090e-02
  785    5.174820e-02    0.999350   4.987847e-02
  786    5.174142e-02    0.999869   4.987193e-02
  787    5.170928e-02    0.999379   4.984095e-02
  788    5.197617e-02    1.005161   5.009821e-02
  789    5.166108e-02    0.993938   4.979450e-02
  790    5.165365e-02    0.999856   4.978734e-02
  791    5.165572e-02    1.000040   4.978933e-02
  792    5.161212e-02    0.999156   4.974731e-02
  793    5.161540e-02    1.000064   4.975047e-02
  794    5.149971e-02    0.997759   4.963896e-02
  795    5.144533e-02    0.998944   4.958654e-02
  796    5.132049e-02    0.997573   4.946622e-02
  797    5.138788e-02    1.001313   4.953117e-02
  798    5.158033e-02    1.003745   4.971667e-02
  799    5.237844e-02    1.015473   5.048594e-02
  800    5.188931e-02    0.990662   5.001448e-02
  801    5.185788e-02    0.999394   4.998419e-02
  802    5.206642e-02    1.004021   5.018520e-02
  803    5.190390e-02    0.996878   5.002854e-02
  804    5.228331e-02    1.007310   5.039425e-02
  805    5.259720e-02    1.006004   5.069680e-02
  806    5.258182e-02    0.999707   5.068197e-02
  807    5.255920e-02    0.999570   5.066017e-02
  808    5.258121e-02    1.000419   5.068139e-02
  809    5.261932e-02    1.000725   5.071812e-02
  810    5.268667e-02    1.001280   5.078304e-02
  811    5.345659e-02    1.014613   5.152514e-02
  812    5.300565e-02    0.991564   5.109049e-02
  813    5.336207e-02    1.006724   5.143403e-02
  814    5.336122e-02    0.999984   5.143321e-02
  815    5.342147e-02    1.001129   5.149128e-02
  816    5.337511e-02    0.999132   5.144660e-02
  817    5.331223e-02    0.998822   5.138599e-02
  818    5.339573e-02    1.001566   5.146648e-02
  819    5.333985e-02    0.998953   5.141261e-02
  820    5.685766e-02    1.065951   5.480333e-02
  821    6.203745e-02    1.091101   5.979596e-02
  822    5.517165e-02    0.889328   5.317823e-02
  823    5.521585e-02    1.000801   5.322083e-02
  824    5.488058e-02    0.993928   5.289767e-02
  825    5.484001e-02    0.999261   5.285857e-02
  826    5.484548e-02    1.000100   5.286384e-02
  827    5.497422e-02    1.002347   5.298793e-02
  828    5.500666e-02    1.000590   5.301920e-02
  829    5.501040e-02    1.000068   5.302281e-02
  830    5.496063e-02    0.999095   5.297483e-02
  831    5.442996e-02    0.990345   5.246333e-02
  832    5.417165e-02    0.995254   5.221436e-02
  833    5.475065e-02    1.010688   5.277244e-02
  834    5.475016e-02    0.999991   5.277196e-02
  835    5.455306e-02    0.996400   5.258199e-02
  836    5.392773e-02    0.988537   5.197926e-02
  837    5.421137e-02    1.005260   5.225264e-02
  838    5.389349e-02    0.994136   5.194625e-02
  839    5.461047e-02    1.013304   5.263733e-02
  840    5.399879e-02    0.988799   5.204775e-02
  841    5.388815e-02    0.997951   5.194111e-02
  842    5.392826e-02    1.000744   5.197976e-02
  843    5.391204e-02    0.999699   5.196413e-02
  844    5.407078e-02    1.002944   5.211714e-02
  845    5.409884e-02    1.000519   5.214418e-02
  846    5.400863e-02    0.998333   5.205723e-02
  847    5.399544e-02    0.999756   5.204452e-02
  848    5.402109e-02    1.000475   5.206924e-02
  849    5.403204e-02    1.000203   5.207980e-02
  850    5.402383e-02    0.999848   5.207188e-02
  851    5.415576e-02    1.002442   5.219905e-02
  852    5.415484e-02    0.999983   5.219816e-02
  853    5.417248e-02    1.000326   5.221516e-02
  854    5.417233e-02    0.999997   5.221502e-02
  855    5.409884e-02    0.998643   5.214419e-02
  856    5.408075e-02    0.999666   5.212675e-02
  857    5.407212e-02    0.999840   5.211842e-02
  858    5.407914e-02    1.000130   5.212519e-02
  859    5.407895e-02    0.999997   5.212501e-02
  860    5.408088e-02    1.000036   5.212687e-02
  861    5.407680e-02    0.999925   5.212294e-02
  862    5.406735e-02    0.999825   5.211383e-02
  863    5.410485e-02    1.000694   5.214998e-02
  864    5.413693e-02    1.000593   5.218090e-02
  865    5.453438e-02    1.007342   5.256398e-02
  866    5.416898e-02    0.993300   5.221178e-02
  867    5.419383e-02    1.000459   5.223574e-02
  868    5.421549e-02    1.000400   5.225661e-02
  869    5.405880e-02    0.997110   5.210559e-02
  870    5.396805e-02    0.998321   5.201812e-02
  871    5.394220e-02    0.999521   5.199320e-02
  872    5.393593e-02    0.999884   5.198716e-02
  873    5.393028e-02    0.999895   5.198171e-02
  874    5.392828e-02    0.999963   5.197979e-02
  875    5.392412e-02    0.999923   5.197577e-02
  876    5.367494e-02    0.995379   5.173559e-02
  877    5.343851e-02    0.995595   5.150771e-02
  878    5.344513e-02    1.000124   5.151409e-02
  879    5.345609e-02    1.000205   5.152465e-02
  880    5.330022e-02    0.997084   5.137442e-02
  881    5.400933e-02    1.013304   5.205790e-02
  882    5.422440e-02    1.003982   5.226521e-02
  883    5.382902e-02    0.992708   5.188411e-02
  884    5.363305e-02    0.996359   5.169522e-02
  885    5.362738e-02    0.999894   5.168976e-02
  886    5.363041e-02    1.000056   5.169267e-02
  887    5.358812e-02    0.999211   5.165191e-02
  888    5.358679e-02    0.999975   5.165063e-02
  889    5.358484e-02    0.999964   5.164876e-02
  890    5.361237e-02    1.000514   5.167528e-02
  891    5.363709e-02    1.000461   5.169911e-02
  892    5.362515e-02    0.999777   5.168761e-02
  893    5.382157e-02    1.003663   5.187693e-02
  894    5.387999e-02    1.001085   5.193323e-02
  895    5.511729e-02    1.022964   5.312584e-02
  896    5.510783e-02    0.999828   5.311671e-02
  897    5.973355e-02    1.083940   5.757531e-02
  898    5.411668e-02    0.905968   5.216138e-02
  899    5.405088e-02    0.998784   5.209795e-02
  900    5.413977e-02    1.001645   5.218364e-02
  901    5.408037e-02    0.998903   5.212638e-02
  902    5.385629e-02    0.995857   5.191040e-02
  903    5.390844e-02    1.000968   5.196066e-02
  904    5.367872e-02    0.995739   5.173924e-02
  905    5.367364e-02    0.999905   5.173434e-02
  906    5.472011e-02    1.019497   5.274301e-02
  907    5.752025e-02    1.051172   5.544197e-02
  908    5.370858e-02    0.933733   5.176802e-02
  909    5.365849e-02    0.999067   5.171974e-02
  910    5.361468e-02    0.999183   5.167751e-02
  911    5.361116e-02    0.999934   5.167412e-02
  912    5.361108e-02    0.999999   5.167405e-02
  913    5.362445e-02    1.000249   5.168693e-02
  914    5.362343e-02    0.999981   5.168594e-02
  915    5.359650e-02    0.999498   5.165999e-02
  916    5.358608e-02    0.999806   5.164995e-02
  917    5.363063e-02    1.000831   5.169289e-02
  918    5.362157e-02    0.999831   5.168416e-02
  919    5.361712e-02    0.999917   5.167986e-02
  920    5.361683e-02    0.999995   5.167958e-02
  921    5.358111e-02    0.999334   5.164516e-02
  922    5.406420e-02    1.009016   5.211079e-02
  923    5.434961e-02    1.005279   5.238589e-02
  924    5.364067e-02    0.986956   5.170256e-02
  925    5.367580e-02    1.000655   5.173643e-02
  926    5.354171e-02    0.997502   5.160719e-02
  927    5.354732e-02    1.000105   5.161259e-02
  928    5.354809e-02    1.000014   5.161333e-02
  929    5.353109e-02    0.999682   5.159695e-02
  930    5.347853e-02    0.999018   5.154629e-02
  931    5.346347e-02    0.999718   5.153177e-02
  932    5.344287e-02    0.999615   5.151191e-02
  933    5.344266e-02    0.999996   5.151171e-02
  934    5.343637e-02    0.999882   5.150565e-02
  935    5.343080e-02    0.999896   5.150028e-02
  936    5.342958e-02    0.999977   5.149910e-02
  937    5.341507e-02    0.999728   5.148511e-02
  938    5.341444e-02    0.999988   5.148451e-02
  939    5.339995e-02    0.999729   5.147054e-02
  940    5.335445e-02    0.999148   5.142669e-02
  941    5.336553e-02    1.000208   5.143736e-02
  942    5.343075e-02    1.001222   5.150023e-02
  943    5.349499e-02    1.001202   5.156215e-02
  944    5.370323e-02    1.003893   5.176286e-02
  945    5.384329e-02    1.002608   5.189786e-02
  946    5.290852e-02    0.982639   5.099687e-02
  947    5.220537e-02    0.986710   5.031913e-02
  948    5.231422e-02    1.002085   5.042404e-02
  949    5.225512e-02    0.998870   5.036707e-02
  950    5.365648e-02    1.026818   5.171780e-02
  951    5.309417e-02    0.989520   5.117581e-02
  952    5.208967e-02    0.981081   5.020761e-02
  953    5.189232e-02    0.996211   5.001738e-02
  954    5.172375e-02    0.996752   4.985490e-02
  955    5.177643e-02    1.001019   4.990568e-02
  956    5.169427e-02    0.998413   4.982650e-02
  957    5.178577e-02    1.001770   4.991469e-02
  958    5.371964e-02    1.037344   5.177868e-02
  959    5.265210e-02    0.980128   5.074972e-02
  960    5.265351e-02    1.000027   5.075107e-02
  961    5.242576e-02    0.995675   5.053155e-02
  962    5.545909e-02    1.057859   5.345528e-02
  963    5.265077e-02    0.949362   5.074843e-02
  964    5.305723e-02    1.007720   5.114021e-02
  965    4.612363e-02    0.869318   4.445712e-02
  966    4.306362e-02    0.933656   4.150768e-02
  967    4.301681e-02    0.998913   4.146255e-02
  968    6.508986e-02    1.513126   6.273808e-02
  969    4.307744e-02    0.661815   4.152100e-02
  970    4.304724e-02    0.999299   4.149189e-02
  971    4.298538e-02    0.998563   4.143227e-02
  972    4.298624e-02    1.000020   4.143309e-02
  973    4.298162e-02    0.999893   4.142864e-02
  974    4.297669e-02    0.999885   4.142389e-02
  975    4.297049e-02    0.999856   4.141791e-02
  976    4.296621e-02    0.999901   4.141379e-02
  977    4.294661e-02    0.999544   4.139490e-02
  978    4.297860e-02    1.000745   4.142573e-02
  979    4.297463e-02    0.999908   4.142190e-02
  980    6.419172e-02    1.493712   6.187240e-02
  981    9.284172e-02    1.446319   8.948723e-02
  982    4.140632e-02    0.445988   3.991026e-02
  983    4.140187e-02    0.999892   3.990596e-02
  984    4.159725e-02    1.004719   4.009429e-02
  985    4.159176e-02    0.999868   4.008900e-02
  986    4.159047e-02    0.999969   4.008776e-02
  987    4.154814e-02    0.998982   4.004695e-02
  988    4.137563e-02    0.995848   3.988068e-02
  989    4.135406e-02    0.999479   3.985988e-02
  990    4.203264e-02    1.016409   4.051395e-02
  991    4.202309e-02    0.999773   4.050474e-02
  992    4.215497e-02    1.003138   4.063186e-02
  993    4.216167e-02    1.000159   4.063832e-02
  994    4.212598e-02    0.999153   4.060392e-02
  995    4.217947e-02    1.001270   4.065547e-02
  996    4.216169e-02    0.999579   4.063834e-02
  997    4.215449e-02    0.999829   4.063140e-02
  998    4.215292e-02    0.999963   4.062989e-02
  999    4.216763e-02    1.000349   4.064407e-02
 1000    4.237445e-02    1.004905   4.084341e-02
 1001    4.192239e-02    0.989332   4.040768e-02
 1002    4.179040e-02    0.996852   4.028046e-02
 1003    4.210935e-02    1.007632   4.058789e-02
 1004    4.205948e-02    0.998816   4.053982e-02
 1005    4.205402e-02    0.999870   4.053456e-02
 1006    4.199680e-02    0.998639   4.047940e-02
 1007    4.197308e-02    0.999435   4.045654e-02
 1008    4.159791e-02    0.991062   4.009493e-02
 1009    4.159598e-02    0.999954   4.009307e-02
 1010    4.222264e-02    1.015065   4.069709e-02
 1011    4.208822e-02    0.996816   4.056752e-02
 1012    4.237346e-02    1.006777   4.084245e-02
 1013    4.233928e-02    0.999193   4.080951e-02
 1014    4.156157e-02    0.981631   4.005990e-02
 1015    4.149456e-02    0.998388   3.999531e-02
 1016    4.131463e-02    0.995664   3.982188e-02
 1017    4.341762e-02    1.050902   4.184889e-02
 1018    4.207076e-02    0.968979   4.055069e-02
 1019    4.187978e-02    0.995461   4.036662e-02
 1020    4.403194e-02    1.051389   4.244101e-02
 1021    4.381766e-02    0.995133   4.223447e-02
 1022    4.567232e-02    1.042327   4.402212e-02
 1023    3.740449e-02    0.818975   3.605302e-02
 1024    3.885824e-02    1.038866   3.745424e-02
 1025    3.873743e-02    0.996891   3.733779e-02
 1026    3.870571e-02    0.999181   3.730722e-02
 1027    3.847310e-02    0.993990   3.708302e-02
 1028    3.919068e-02    1.018651   3.777467e-02
 1029    3.945676e-02    1.006789   3.803113e-02
 1030    3.903465e-02    0.989302   3.762428e-02
 1031    3.907225e-02    1.000963   3.766052e-02
 1032    3.909169e-02    1.000498   3.767926e-02
 1033    3.908584e-02    0.999850   3.767362e-02
 1034    3.910948e-02    1.000605   3.769641e-02
 1035    3.891651e-02    0.995066   3.751041e-02
 1036    3.900854e-02    1.002365   3.759911e-02
 1037    3.900858e-02    1.000001   3.759915e-02
 1038    3.907141e-02    1.001611   3.765971e-02
 1039    3.884880e-02    0.994303   3.744514e-02
 1040    3.917815e-02    1.008478   3.776260e-02
 1041    3.922328e-02    1.001152   3.780609e-02
 1042    3.927373e-02    1.001286   3.785472e-02
 1043    3.927248e-02    0.999968   3.785351e-02
 1044    3.850188e-02    0.980378   3.711076e-02
 1045    4.148595e-02    1.077505   3.998701e-02
 1046    3.979021e-02    0.959125   3.835254e-02
 1047    4.954512e-02    1.245158   4.775499e-02
 1048    4.487302e-02    0.905700   4.325170e-02
 1049    4.605885e-02    1.026426   4.439468e-02
 1050    4.074244e-02    0.884574   3.927036e-02
 1051    4.081342e-02    1.001742   3.933878e-02
 1052    3.936913e-02    0.964612   3.794667e-02
 1053    3.984517e-02    1.012092   3.840551e-02
 1054    3.991906e-02    1.001855   3.847673e-02
 1055    3.991224e-02    0.999829   3.847016e-02
 1056    3.988469e-02    0.999310   3.844361e-02
 1057    3.988334e-02    0.999966   3.844230e-02
 1058    4.016173e-02    1.006980   3.871064e-02
 1059    4.028797e-02    1.003143   3.883232e-02
 1060    3.510530e-02    0.871359   3.383690e-02
 1061    4.073568e-02    1.160386   3.926385e-02
 1062    4.009771e-02    0.984339   3.864893e-02
 1063    3.946071e-02    0.984114   3.803495e-02
 1064    3.639291e-02    0.922257   3.507799e-02
 1065    3.635594e-02    0.998984   3.504235e-02
 1066    3.669967e-02    1.009455   3.537367e-02
 1067    3.672957e-02    1.000815   3.540249e-02
 1068    3.641753e-02    0.991504   3.510172e-02
 1069    3.718246e-02    1.021004   3.583901e-02
 1070    3.626601e-02    0.975353   3.495567e-02
 1071    3.624696e-02    0.999475   3.493731e-02
 1072    3.624658e-02    0.999989   3.493694e-02
 1073    3.625924e-02    1.000349   3.494915e-02
 1074    3.618310e-02    0.997900   3.487576e-02
 1075    3.908587e-02    1.080225   3.767365e-02
 1076    3.611241e-02    0.923925   3.480762e-02
 1077    3.610751e-02    0.999864   3.480290e-02
 1078    3.610721e-02    0.999992   3.480261e-02
 1079    3.611855e-02    1.000314   3.481355e-02
 1080    3.609628e-02    0.999383   3.479208e-02
 1081    3.607924e-02    0.999528   3.477565e-02
 1082    3.606122e-02    0.999500   3.475828e-02
 1083    3.569979e-02    0.989977   3.440991e-02
 1084    3.507624e-02    0.982533   3.380889e-02
 1085    3.509132e-02    1.000430   3.382343e-02
 1086    3.493668e-02    0.995593   3.367437e-02
 1087    3.542201e-02    1.013892   3.414217e-02
 1088    3.523127e-02    0.994615   3.395832e-02
 1089    3.518494e-02    0.998685   3.391366e-02
 1090    3.517537e-02    0.999728   3.390444e-02
 1091    3.516853e-02    0.999806   3.389785e-02
 1092    3.517944e-02    1.000310   3.390836e-02
 1093    3.513689e-02    0.998791   3.386735e-02
 1094    3.518260e-02    1.001301   3.391141e-02
 1095    3.485907e-02    0.990804   3.359957e-02
 1096    3.477973e-02    0.997724   3.352310e-02
 1097    3.476715e-02    0.999638   3.351096e-02
 1098    3.491865e-02    1.004358   3.365700e-02
 1099    3.527440e-02    1.010188   3.399989e-02
 1100    3.617152e-02    1.025433   3.486460e-02
 1101    4.590057e-02    1.268970   4.424213e-02
 1102    2.930094e-02    0.638357   2.824226e-02
 1103    2.907620e-02    0.992330   2.802564e-02
 1104    3.148497e-02    1.082844   3.034738e-02
 1105    3.261226e-02    1.035804   3.143394e-02
 1106    3.304463e-02    1.013258   3.185069e-02
 1107    3.343481e-02    1.011808   3.222677e-02
 1108    3.342145e-02    0.999601   3.221389e-02
 1109    3.347744e-02    1.001675   3.226786e-02
 1110    3.347429e-02    0.999906   3.226482e-02
 1111    3.347705e-02    1.000082   3.226748e-02
 1112    3.345592e-02    0.999369   3.224711e-02
 1113    3.342583e-02    0.999101   3.221812e-02
 1114    3.342275e-02    0.999908   3.221515e-02
 1115    3.342265e-02    0.999997   3.221505e-02
 1116    3.342366e-02    1.000030   3.221602e-02
 1117    3.342333e-02    0.999990   3.221570e-02
 1118    3.342035e-02    0.999911   3.221283e-02
 1119    3.342146e-02    1.000033   3.221390e-02
 1120    3.333383e-02    0.997378   3.212943e-02
 1121    3.337929e-02    1.001364   3.217326e-02
 1122    3.384375e-02    1.013915   3.262094e-02
 1123    3.396537e-02    1.003593   3.273816e-02
 1124    3.387310e-02    0.997284   3.264922e-02
 1125    3.238920e-02    0.956192   3.121894e-02
 1126    3.290108e-02    1.015804   3.171232e-02
 1127    3.288752e-02    0.999588   3.169925e-02
 1128    3.288039e-02    0.999783   3.169238e-02
 1129    3.293898e-02    1.001782   3.174885e-02
 1130    3.294917e-02    1.000309   3.175868e-02
 1131    3.294589e-02    0.999900   3.175552e-02
 1132    3.293956e-02    0.999808   3.174941e-02
 1133    3.294289e-02    1.000101   3.175263e-02
 1134    3.290873e-02    0.998963   3.171969e-02
 1135    3.292476e-02    1.000487   3.173514e-02
 1136    3.285468e-02    0.997872   3.166760e-02
 1137    3.309651e-02    1.007361   3.190069e-02
 1138    3.309375e-02    0.999916   3.189803e-02
 1139    3.306282e-02    0.999065   3.186822e-02
 1140    3.310684e-02    1.001331   3.191065e-02
 1141    3.362976e-02    1.015795   3.241468e-02
 1142    3.368727e-02    1.001710   3.247011e-02
 1143    3.356158e-02    0.996269   3.234895e-02
 1144    3.421845e-02    1.019572   3.298209e-02
 1145    3.368554e-02    0.984426   3.246844e-02
 1146    2.479439e-02    0.736054   2.389854e-02
 1147    2.195189e-02    0.885357   2.115874e-02
 1148    2.186545e-02    0.996062   2.107543e-02
 1149    3.012176e-02    1.377596   2.903342e-02
 1150    2.644218e-02    0.877843   2.548679e-02
 1151    2.926030e-02    1.106577   2.820309e-02
 1152    3.080069e-02    1.052644   2.968782e-02
 1153    3.079894e-02    0.999943   2.968614e-02
 1154    3.076070e-02    0.998758   2.964928e-02
 1155    3.063066e-02    0.995773   2.952394e-02
 1156    3.065972e-02    1.000949   2.955195e-02
 1157    3.072072e-02    1.001989   2.961074e-02
 1158    3.081792e-02    1.003164   2.970443e-02
 1159    3.089207e-02    1.002406   2.977590e-02
 1160    3.087667e-02    0.999502   2.976106e-02
 1161    3.118700e-02    1.010051   3.006018e-02
 1162    3.118898e-02    1.000063   3.006208e-02
 1163    3.118372e-02    0.999832   3.005701e-02
 1164    3.093837e-02    0.992132   2.982053e-02
 1165    3.174859e-02    1.026188   3.060148e-02
 1166    3.151292e-02    0.992577   3.037432e-02
 1167    3.147696e-02    0.998859   3.033966e-02
 1168    3.149519e-02    1.000579   3.035723e-02
 1169    3.129227e-02    0.993557   3.016164e-02
 1170    3.382720e-02    1.081008   3.260498e-02
 1171    3.162978e-02    0.935040   3.048695e-02
 1172    3.062761e-02    0.968316   2.952099e-02
 1173    3.050788e-02    0.996091   2.940559e-02
 1174    3.118507e-02    1.022197   3.005831e-02
 1175    3.119289e-02    1.000251   3.006585e-02
 1176    3.119806e-02    1.000166   3.007083e-02
 1177    3.119564e-02    0.999923   3.006851e-02
 1178    3.118798e-02    0.999754   3.006112e-02
 1179    3.118767e-02    0.999990   3.006082e-02
 1180    3.101985e-02    0.994619   2.989906e-02
 1181    3.184090e-02    1.026469   3.069045e-02
 1182    3.210323e-02    1.008239   3.094330e-02
 1183    3.142000e-02    0.978718   3.028476e-02
 1184    3.147490e-02    1.001747   3.033767e-02
 1185    3.108178e-02    0.987510   2.995875e-02
 1186    6.783965e-02    2.182618   6.538852e-02
 1187    6.758709e-02    0.996277   6.514508e-02
 1188    5.857028e-02    0.866590   5.645406e-02
 1189    3.234904e-02    0.552312   3.118023e-02
 1190    3.928344e-02    1.214362   3.786408e-02
 1191    3.827064e-02    0.974218   3.688787e-02
 1192    3.815709e-02    0.997033   3.677843e-02
 1193    3.827758e-02    1.003158   3.689456e-02
 1194    4.061295e-02    1.061011   3.914555e-02
 1195    5.381409e-02    1.325048   5.186972e-02
 1196    4.209036e-02    0.782144   4.056958e-02
 1197    3.312446e-02    0.786984   3.192763e-02
 1198    3.547408e-02    1.070933   3.419236e-02
 1199    3.520588e-02    0.992440   3.393385e-02
 1200    3.529579e-02    1.002554   3.402051e-02
 1201    3.550411e-02    1.005902   3.422131e-02
 1202    3.629816e-02    1.022365   3.498666e-02
 1203    3.619567e-02    0.997176   3.488787e-02
 1204    3.616593e-02    0.999178   3.485921e-02
 1205    3.519257e-02    0.973086   3.392102e-02
 1206    3.408595e-02    0.968556   3.285439e-02
 1207    3.311234e-02    0.971436   3.191595e-02
 1208    3.319857e-02    1.002604   3.199907e-02
 1209    3.227040e-02    0.972042   3.110443e-02
 1210    3.245649e-02    1.005766   3.128380e-02
 1211    3.255618e-02    1.003071   3.137988e-02
 1212    3.274923e-02    1.005930   3.156596e-02
 1213    3.017592e-02    0.921424   2.908563e-02
 1214    3.570439e-02    1.183208   3.441435e-02
 1215    3.509855e-02    0.983032   3.383040e-02
 1216    3.387006e-02    0.964999   3.264629e-02
 1217    3.415339e-02    1.008365   3.291939e-02
 1218    3.281401e-02    0.960783   3.162840e-02
 1219    2.338227e-02    0.712570   2.253744e-02
 1220    2.639492e-02    1.128843   2.544124e-02
 1221    2.281061e-02    0.864205   2.198643e-02
 1222    2.533658e-02    1.110737   2.442114e-02
 1223    2.532508e-02    0.999546   2.441005e-02
 1224    2.571947e-02    1.015573   2.479019e-02
 1225    2.600265e-02    1.011011   2.506314e-02
 1226    2.711113e-02    1.042629   2.613157e-02
 1227    2.656409e-02    0.979822   2.560430e-02
 1228    2.673402e-02    1.006397   2.576809e-02
 1229    2.683748e-02    1.003870   2.586781e-02
 1230    2.683034e-02    0.999734   2.586093e-02
 1231    2.690726e-02    1.002867   2.593507e-02
 1232    2.687044e-02    0.998632   2.589958e-02
 1233    2.686250e-02    0.999704   2.589192e-02
 1234    2.682908e-02    0.998756   2.585971e-02
 1235    2.687159e-02    1.001585   2.590069e-02
 1236    2.701604e-02    1.005376   2.603992e-02
 1237    2.701647e-02    1.000016   2.604033e-02
 1238    2.698187e-02    0.998719   2.600698e-02
 1239    2.695384e-02    0.998961   2.597997e-02
 1240    2.705454e-02    1.003736   2.607703e-02
 1241    2.456529e-02    0.907991   2.367771e-02
 1242    2.567955e-02    1.045359   2.475172e-02
 1243    2.677754e-02    1.042757   2.581003e-02
 1244    2.623204e-02    0.979629   2.528425e-02
 1245    2.620037e-02    0.998793   2.525372e-02
 1246    2.619214e-02    0.999686   2.524578e-02
 1247    2.625239e-02    1.002300   2.530385e-02
 1248    2.625140e-02    0.999963   2.530291e-02
 1249    2.593199e-02    0.987833   2.499503e-02
 1250    2.613087e-02    1.007669   2.518672e-02
 1251    2.596752e-02    0.993749   2.502928e-02
 1252    2.599978e-02    1.001242   2.506037e-02
 1253    2.584746e-02    0.994142   2.491356e-02
 1254    2.401554e-02    0.929126   2.314783e-02
 1255    2.671503e-02    1.112406   2.574979e-02
 1256    2.671166e-02    0.999874   2.574653e-02
 1257    2.673136e-02    1.000738   2.576553e-02
 1258    2.682769e-02    1.003603   2.585837e-02
 1259    2.679702e-02    0.998857   2.582881e-02
 1260    2.681545e-02    1.000688   2.584657e-02
 1261    2.673446e-02    0.996980   2.576851e-02
 1262    2.650743e-02    0.991508   2.554968e-02
 1263    3.018696e-02    1.138811   2.909627e-02
 1264    2.658478e-02    0.880671   2.562424e-02
 1265    3.478759e-02    1.308553   3.353067e-02
 1266    2.760155e-02    0.793431   2.660427e-02
 1267    2.741212e-02    0.993137   2.642168e-02
 1268    2.333016e-02    0.851089   2.248721e-02
 1269    2.434971e-02    1.043701   2.346993e-02
 1270    2.435709e-02    1.000303   2.347704e-02
 1271    2.434288e-02    0.999416   2.346334e-02
 1272    2.598220e-02    1.067343   2.504343e-02
 1273    2.438505e-02    0.938529   2.350399e-02
 1274    2.439538e-02    1.000424   2.351394e-02
 1275    2.432356e-02    0.997056   2.344472e-02
 1276    2.365331e-02    0.972444   2.279869e-02
 1277    2.390891e-02    1.010806   2.304505e-02
 1278    2.391017e-02    1.000053   2.304627e-02
 1279    2.379153e-02    0.995038   2.293191e-02
 1280    2.379181e-02    1.000012   2.293218e-02
 1281    2.390158e-02    1.004614   2.303799e-02
 1282    2.358098e-02    0.986587   2.272897e-02
 1283    2.404467e-02    1.019664   2.317590e-02
 1284    2.374223e-02    0.987422   2.288439e-02
 1285    2.471401e-02    1.040931   2.382106e-02
 1286    2.603598e-01    10.534909   2.509527e-01
 1287    3.336292e-02    0.128142   3.215748e-02
 1288    3.348999e-02    1.003809   3.227995e-02
 1289    2.974492e-02    0.888173   2.867020e-02
 1290    2.944273e-02    0.989841   2.837893e-02
 1291    3.189557e-02    1.083309   3.074315e-02
 1292    2.937562e-02    0.920994   2.831424e-02
 1293    2.982954e-02    1.015452   2.875177e-02
 1294    4.016801e-02    1.346585   3.871669e-02
 1295    3.886600e-02    0.967586   3.746173e-02
 1296    4.726664e-02    1.216144   4.555884e-02
 1297    4.721453e-02    0.998897   4.550861e-02
 1298    4.755144e-02    1.007136   4.583335e-02
 1299    4.697507e-02    0.987879   4.527781e-02
 1300    4.586628e-02    0.976396   4.420907e-02
 1301    4.596512e-02    1.002155   4.430434e-02
 1302    4.588692e-02    0.998299   4.422897e-02
 1303    4.667184e-02    1.017105   4.498552e-02
 1304    4.764585e-02    1.020869   4.592435e-02
 1305    3.832875e-02    0.804451   3.694389e-02
 1306    3.374768e-02    0.880480   3.252834e-02
 1307    3.224257e-02    0.955401   3.107761e-02
 1308    3.262602e-02    1.011893   3.144720e-02
 1309    3.611633e-02    1.106979   3.481140e-02
 1310    3.063207e-02    0.848150   2.952530e-02
 1311    2.451219e-02    0.800213   2.362653e-02
 1312    3.895564e-02    1.589235   3.754812e-02
 1313    3.391071e-02    0.870495   3.268547e-02
 1314    2.135857e-02    0.629848   2.058686e-02
 1315    2.013755e-02    0.942832   1.940995e-02
 1316    2.014152e-02    1.000197   1.941378e-02
 1317    2.042552e-02    1.014100   1.968752e-02
 1318    2.027691e-02    0.992724   1.954428e-02
 1319    2.025647e-02    0.998992   1.952458e-02
 1320    2.116211e-02    1.044709   2.039750e-02
 1321    2.073339e-02    0.979741   1.998427e-02
 1322    2.145244e-02    1.034681   2.067734e-02
 1323    2.165877e-02    1.009618   2.087622e-02
 1324    2.174490e-02    1.003976   2.095923e-02
 1325    2.197430e-02    1.010550   2.118034e-02
 1326    2.206564e-02    1.004156   2.126838e-02
 1327    2.206586e-02    1.000010   2.126859e-02
 1328    2.199213e-02    0.996659   2.119753e-02
 1329    2.195266e-02    0.998205   2.115949e-02
 1330    2.194848e-02    0.999809   2.115545e-02
 1331    2.194318e-02    0.999759   2.115035e-02
 1332    2.193250e-02    0.999513   2.114005e-02
 1333    2.189765e-02    0.998411   2.110646e-02
 1334    2.181280e-02    0.996125   2.102468e-02
 1335    2.226145e-02    1.020568   2.145712e-02
 1336    2.350881e-02    1.056032   2.265941e-02
 1337    2.256433e-02    0.959824   2.174905e-02
 1338    2.245436e-02    0.995127   2.164306e-02
 1339    2.243233e-02    0.999018   2.162182e-02
 1340    2.243068e-02    0.999927   2.162023e-02
 1341    2.243255e-02    1.000083   2.162203e-02
 1342    2.243144e-02    0.999951   2.162096e-02
 1343    2.243172e-02    1.000012   2.162123e-02
 1344    2.244547e-02    1.000613   2.163449e-02
 1345    2.246048e-02    1.000669   2.164895e-02
 1346    2.248314e-02    1.001009   2.167079e-02
 1347    2.248276e-02    0.999983   2.167043e-02
 1348    2.240889e-02    0.996714   2.159923e-02
 1349    2.230858e-02    0.995524   2.150255e-02
 1350    2.244646e-02    1.006180   2.163544e-02
 1351    2.228583e-02    0.992844   2.148062e-02
 1352    2.155549e-02    0.967228   2.077666e-02
 1353    2.026277e-02    0.940029   1.953065e-02
 1354    2.159420e-02    1.065708   2.081397e-02
 1355    2.154549e-02    0.997744   2.076702e-02
 1356    3.312694e-02    1.537535   3.193003e-02
 1357    2.143239e-02    0.646978   2.065802e-02
 1358    2.165150e-02    1.010223   2.086920e-02
 1359    2.167825e-02    1.001236   2.089499e-02
 1360    2.168259e-02    1.000200   2.089917e-02
 1361    2.168063e-02    0.999910   2.089728e-02
 1362    2.170133e-02    1.000955   2.091723e-02
 1363    2.174091e-02    1.001824   2.095538e-02
 1364    2.172157e-02    0.999111   2.093675e-02
 1365    2.172112e-02    0.999979   2.093631e-02
 1366    2.169785e-02    0.998929   2.091388e-02
 1367    2.153043e-02    0.992284   2.075251e-02
 1368    2.147023e-02    0.997204   2.069448e-02
 1369    2.147049e-02    1.000012   2.069474e-02
 1370    2.143020e-02    0.998124   2.065590e-02
 1371    2.135155e-02    0.996330   2.058009e-02
 1372    2.137339e-02    1.001023   2.060115e-02
 1373    2.137356e-02    1.000008   2.060131e-02
 1374    2.137200e-02    0.999927   2.059980e-02
 1375    2.168150e-02    1.014482   2.089812e-02
 1376    2.146290e-02    0.989917   2.068742e-02
 1377    2.136800e-02    0.995579   2.059595e-02
 1378    2.136235e-02    0.999735   2.059050e-02
 1379    2.138831e-02    1.001215   2.061552e-02
 1380    2.138032e-02    0.999627   2.060782e-02
 1381    2.137846e-02    0.999913   2.060603e-02
 1382    2.137653e-02    0.999910   2.060417e-02
 1383    2.137775e-02    1.000057   2.060535e-02
 1384    2.136698e-02    0.999496   2.059496e-02
 1385    2.136805e-02    1.000050   2.059600e-02
 1386    2.137129e-02    1.000152   2.059912e-02
 1387    2.143456e-02    1.002960   2.066011e-02
 1388    2.138804e-02    0.997830   2.061527e-02
 1389    2.138785e-02    0.999991   2.061508e-02
 1390    2.138721e-02    0.999970   2.061447e-02
 1391    2.139022e-02    1.000140   2.061736e-02
 1392    2.133753e-02    0.997537   2.056658e-02
 1393    2.169960e-02    1.016969   2.091557e-02
 1394    2.161689e-02    0.996188   2.083585e-02
 1395    2.161690e-02    1.000000   2.083585e-02
 1396    2.160880e-02    0.999625   2.082804e-02
 1397    2.224400e-02    1.029396   2.144030e-02
 1398    2.156368e-02    0.969416   2.078456e-02
 1399    2.162244e-02    1.002725   2.084119e-02
 1400    2.527016e-01    11.687007   2.435712e-01
 1401    1.941633e-02    0.076835   1.871479e-02
 1402    1.983561e-02    1.021594   1.911893e-02
 1403    1.940949e-02    0.978518   1.870820e-02
 1404    2.217324e-02    1.142391   2.137209e-02
 1405    2.212441e-02    0.997798   2.132503e-02
 1406    2.065323e-02    0.933504   1.990700e-02
 1407    2.624391e-02    1.270693   2.529568e-02
 1408    2.477108e-02    0.943879   2.387607e-02
 1409    4.156484e-02    1.677959   4.006305e-02
 1410    3.425524e-02    0.824140   3.301755e-02
 1411    3.540396e-02    1.033534   3.412477e-02
 1412    3.688595e-02    1.041860   3.555322e-02
 1413    3.723758e-02    1.009533   3.589214e-02
 1414    3.800512e-02    1.020612   3.663195e-02
 1415    3.663520e-02    0.963954   3.531152e-02
 1416    3.449103e-02    0.941472   3.324482e-02
 1417    3.137252e-02    0.909585   3.023899e-02
 1418    3.126253e-02    0.996494   3.013298e-02
 1419    3.331796e-02    1.065747   3.211414e-02
 1420    3.451939e-02    1.036060   3.327216e-02
 1421    3.451968e-02    1.000008   3.327244e-02
 1422    3.451899e-02    0.999980   3.327177e-02
 1423    3.030524e-02    0.877930   2.921027e-02
 1424    3.145597e-02    1.037971   3.031943e-02
 1425    2.907242e-02    0.924226   2.802199e-02
 1426    2.911144e-02    1.001342   2.805961e-02
 1427    2.886471e-02    0.991524   2.782179e-02
 1428    2.919835e-02    1.011559   2.814338e-02
 1429    3.010436e-02    1.031029   2.901665e-02
 1430    3.023912e-02    1.004477   2.914655e-02
 1431    3.022807e-02    0.999634   2.913589e-02
 1432    2.075231e-02    0.686525   2.000250e-02
 1433    3.829264e-02    1.845223   3.690908e-02
 1434    3.058228e-02    0.798647   2.947731e-02
 1435    5.550409e-02    1.814910   5.349866e-02
 1436    5.361832e-02    0.966025   5.168102e-02
 1437    1.469221e-01    2.740147   1.416136e-01
 1438    2.315445e-02    0.157597   2.231785e-02
 1439    2.297730e-02    0.992349   2.214710e-02
 1440    2.303227e-02    1.002392   2.220008e-02
 1441    1.906412e-02    0.827714   1.837531e-02
 1442    1.910623e-02    1.002209   1.841590e-02
 1443    1.875878e-02    0.981815   1.808100e-02
 1444    1.875839e-02    0.999979   1.808063e-02
 1445    1.875319e-02    0.999723   1.807562e-02
 1446    1.875310e-02    0.999995   1.807552e-02
 1447    1.876525e-02    1.000648   1.808724e-02
 1448    1.883722e-02    1.003835   1.815661e-02
 1449    1.880104e-02    0.998079   1.812174e-02
 1450    1.880092e-02    0.999994   1.812162e-02
 1451    1.888426e-02    1.004433   1.820195e-02
 1452    6.709751e-02    3.553091   6.467320e-02
 1453    2.874694e-01    4.284353   2.770828e-01
 1454    1.901540e-02    0.066148   1.832835e-02
 1455    1.915196e-02    1.007182   1.845998e-02
 1456    1.937157e-02    1.011467   1.867165e-02
 1457    1.948300e-02    1.005753   1.877906e-02
 1458    1.943628e-02    0.997602   1.873402e-02
 1459    1.965309e-02    1.011155   1.894300e-02
 1460    1.895993e-02    0.964731   1.827489e-02
 1461    1.895965e-02    0.999985   1.827462e-02
 1462    1.926332e-02    1.016017   1.856732e-02
 1463    1.926949e-02    1.000320   1.857326e-02
 1464    1.925378e-02    0.999185   1.855812e-02
 1465    1.925191e-02    0.999903   1.855631e-02
 1466    1.926234e-02    1.000542   1.856637e-02
 1467    1.925365e-02    0.999549   1.855799e-02
 1468    1.901856e-02    0.987790   1.833140e-02
 1469    1.967875e-02    1.034713   1.896773e-02
 1470    1.939719e-02    0.985692   1.869635e-02
 1471    1.942362e-02    1.001363   1.872182e-02
 1472    1.939076e-02    0.998308   1.869014e-02
 1473    1.937482e-02    0.999178   1.867478e-02
 1474    1.937985e-02    1.000260   1.867963e-02
 1475    1.937464e-02    0.999731   1.867461e-02
 1476    1.937511e-02    1.000024   1.867506e-02
 1477    1.937605e-02    1.000048   1.867596e-02
 1478    1.937590e-02    0.999992   1.867582e-02
 1479    1.938149e-02    1.000288   1.868121e-02
 1480    1.918611e-02    0.989920   1.849289e-02
 1481    1.945010e-02    1.013759   1.874734e-02
 1482    1.942630e-02    0.998776   1.872441e-02
 1483    1.942598e-02    0.999983   1.872409e-02
 1484    1.942801e-02    1.000105   1.872605e-02
 1485    1.942528e-02    0.999859   1.872342e-02
 1486    1.941616e-02    0.999531   1.871463e-02
 1487    1.943287e-02    1.000860   1.873073e-02
 1488    1.947171e-02    1.001999   1.876817e-02
 1489    1.921383e-02    0.986756   1.851961e-02
 1490    1.907539e-02    0.992794   1.838617e-02
 1491    1.962454e-02    1.028788   1.891548e-02
 1492    1.895546e-02    0.965906   1.827058e-02
 1493    1.899529e-02    1.002101   1.830897e-02
 1494    1.903808e-02    1.002253   1.835021e-02
 1495    1.901869e-02    0.998982   1.833152e-02
 1496    1.902096e-02    1.000119   1.833371e-02
 1497    1.904257e-02    1.001136   1.835454e-02
 1498    1.901361e-02    0.998479   1.832663e-02
 1499    1.896170e-02    0.997270   1.827659e-02
 1500    1.895952e-02    0.999885   1.827449e-02
 1501    1.895769e-02    0.999903   1.827272e-02
 1502    1.895866e-02    1.000051   1.827366e-02
 1503    1.894898e-02    0.999489   1.826433e-02
 1504    1.896019e-02    1.000592   1.827514e-02
 1505    1.895934e-02    0.999955   1.827432e-02
 1506    1.896398e-02    1.000245   1.827879e-02
 1507    1.896575e-02    1.000093   1.828049e-02
 1508    1.895667e-02    0.999521   1.827174e-02
 1509    1.895287e-02    0.999800   1.826808e-02
 1510    1.895280e-02    0.999996   1.826801e-02
 1511    1.909168e-02    1.007328   1.840187e-02
 1512    1.896328e-02    0.993275   1.827812e-02
 1513    1.885985e-02    0.994546   1.817842e-02
 1514    1.892779e-02    1.003602   1.824390e-02
 1515    1.897095e-02    1.002280   1.828550e-02
 1516    1.897121e-02    1.000014   1.828576e-02
 1517    1.896875e-02    0.999870   1.828338e-02
 1518    1.896826e-02    0.999974   1.828291e-02
 1519    1.895476e-02    0.999289   1.826991e-02
 1520    1.912779e-02    1.009128   1.843668e-02
 1521    1.918235e-02    1.002852   1.848927e-02
 1522    1.917390e-02    0.999559   1.848112e-02
 1523    1.917281e-02    0.999943   1.848007e-02
 1524    1.913238e-02    0.997891   1.844110e-02
 1525    1.890395e-02    0.988061   1.822093e-02
 1526    1.890358e-02    0.999980   1.822057e-02
 1527    1.890354e-02    0.999998   1.822053e-02
 1528    1.876951e-02    0.992910   1.809134e-02
 1529    1.871774e-02    0.997242   1.804145e-02
 1530    1.869184e-02    0.998616   1.801648e-02
 1531    1.869842e-02    1.000352   1.802282e-02
 1532    1.868136e-02    0.999088   1.800638e-02
 1533    1.869456e-02    1.000706   1.801910e-02
 1534    1.869694e-02    1.000127   1.802140e-02
 1535    1.869927e-02    1.000125   1.802364e-02
 1536    1.871619e-02    1.000905   1.803995e-02
 1537    1.873345e-02    1.000922   1.805659e-02
 1538    1.859625e-02    0.992676   1.792434e-02
 1539    1.859297e-02    0.999824   1.792118e-02
 1540    1.861996e-02    1.001452   1.794720e-02
 1541    1.862075e-02    1.000042   1.794796e-02
 1542    1.855801e-02    0.996631   1.788749e-02
 1543    1.853349e-02    0.998678   1.786385e-02
 1544    1.864597e-02    1.006069   1.797226e-02
 1545    1.839046e-02    0.986297   1.772599e-02
 1546    1.933067e-02    1.051125   1.863223e-02
 1547    2.031993e-02    1.051176   1.958575e-02
 1548    2.089978e-02    1.028536   2.014464e-02
 1549    2.089639e-02    0.999838   2.014138e-02
 1550    2.072976e-02    0.992026   1.998077e-02
 1551    2.052772e-02    0.990253   1.978602e-02
 1552    1.895838e-02    0.923550   1.827339e-02
 1553    3.779991e-02    1.993837   3.643416e-02
 1554    3.049512e-02    0.806751   2.939329e-02
 1555    2.750085e-02    0.901812   2.650721e-02
 1556    2.758204e-02    1.002952   2.658546e-02
 1557    2.758329e-02    1.000045   2.658667e-02
 1558    2.747462e-02    0.996060   2.648193e-02
 1559    2.588628e-02    0.942189   2.495097e-02
 1560    7.272512e-02    2.809408   7.009747e-02
 1561    7.268511e-02    0.999450   7.005890e-02
 1562    1.942832e-02    0.267294   1.872635e-02
 1563    2.056891e-02    1.058708   1.982573e-02
 1564    2.068451e-02    1.005620   1.993715e-02
 1565    1.877657e-02    0.907760   1.809815e-02
 1566    1.877085e-02    0.999695   1.809263e-02
 1567    1.877053e-02    0.999983   1.809233e-02
 1568    2.592460e-02    1.381133   2.498791e-02
 1569    1.947104e-02    0.751064   1.876752e-02
 1570    1.861268e-02    0.955916   1.794018e-02
 1571    1.855487e-02    0.996894   1.788446e-02
 1572    1.849973e-02    0.997028   1.783132e-02
 1573    1.850160e-02    1.000101   1.783312e-02
 1574    1.860513e-02    1.005595   1.793290e-02
 1575    1.831187e-02    0.984238   1.765023e-02
 1576    1.832384e-02    1.000654   1.766178e-02
 1577    1.819215e-02    0.992813   1.753485e-02
 1578    1.819021e-02    0.999893   1.753297e-02
 1579    1.820330e-02    1.000720   1.754560e-02
 1580    1.818609e-02    0.999054   1.752900e-02
 1581    1.818473e-02    0.999925   1.752769e-02
 1582    1.820145e-02    1.000920   1.754381e-02
 1583    1.820006e-02    0.999924   1.754247e-02
 1584    1.820396e-02    1.000214   1.754623e-02
 1585    1.820146e-02    0.999863   1.754382e-02
 1586    1.820201e-02    1.000030   1.754435e-02
 1587    1.819845e-02    0.999805   1.754092e-02
 1588    1.819854e-02    1.000005   1.754101e-02
 1589    1.819842e-02    0.999993   1.754089e-02
 1590    1.819821e-02    0.999989   1.754069e-02
 1591    1.819800e-02    0.999989   1.754049e-02
 1592    1.819344e-02    0.999749   1.753609e-02
 1593    1.819339e-02    0.999997   1.753604e-02
 1594    1.819853e-02    1.000283   1.754100e-02
 1595    1.819671e-02    0.999900   1.753924e-02
 1596    1.825061e-02    1.002962   1.759119e-02
 1597    1.824674e-02    0.999788   1.758747e-02
 1598    1.819183e-02    0.996990   1.753454e-02
 1599    1.819173e-02    0.999995   1.753444e-02
 1600    1.818988e-02    0.999898   1.753265e-02
 1601    1.818855e-02    0.999927   1.753138e-02
 1602    1.819030e-02    1.000096   1.753306e-02
 1603    1.819946e-02    1.000503   1.754189e-02
 1604    1.819439e-02    0.999721   1.753700e-02
 1605    1.819219e-02    0.999879   1.753489e-02
 1606    1.819187e-02    0.999982   1.753457e-02
 1607    1.819164e-02    0.999987   1.753435e-02
 1608    1.818798e-02    0.999799   1.753082e-02
 1609    1.818891e-02    1.000051   1.753172e-02
 1610    1.818914e-02    1.000013   1.753194e-02
 1611    1.818916e-02    1.000001   1.753196e-02
 1612    1.818793e-02    0.999933   1.753078e-02
 1613    1.819628e-02    1.000459   1.753882e-02
 1614    1.818335e-02    0.999290   1.752636e-02
 1615    1.818025e-02    0.999829   1.752337e-02
 1616    1.817904e-02    0.999933   1.752221e-02
 1617    1.817847e-02    0.999969   1.752166e-02
 1618    1.817976e-02    1.000071   1.752290e-02
 1619    1.817946e-02    0.999983   1.752261e-02
 1620    1.817936e-02    0.999994   1.752251e-02
 1621    1.817918e-02    0.999990   1.752234e-02
 1622    1.817961e-02    1.000023   1.752275e-02
 1623    1.806469e-02    0.993679   1.741199e-02
 1624    1.796163e-02    0.994295   1.731265e-02
 1625    1.795454e-02    0.999606   1.730582e-02
 1626    1.795450e-02    0.999998   1.730578e-02
 1627    1.795762e-02    1.000174   1.730879e-02
 1628    1.795445e-02    0.999823   1.730574e-02
 1629    1.795419e-02    0.999986   1.730548e-02
 1630    1.795409e-02    0.999994   1.730539e-02
 1631    1.795069e-02    0.999810   1.730210e-02
 1632    1.794883e-02    0.999897   1.730031e-02
 1633    1.794950e-02    1.000037   1.730096e-02
 1634    1.794937e-02    0.999993   1.730084e-02
 1635    1.794926e-02    0.999994   1.730073e-02
 1636    1.794917e-02    0.999995   1.730064e-02
 1637    1.794890e-02    0.999985   1.730038e-02
 1638    1.794913e-02    1.000013   1.730060e-02
 1639    1.794804e-02    0.999940   1.729956e-02
 1640    1.794722e-02    0.999954   1.729876e-02
 1641    1.794663e-02    0.999967   1.729820e-02
 1642    1.794620e-02    0.999976   1.729778e-02
 1643    1.794502e-02    0.999935   1.729665e-02
 1644    1.794407e-02    0.999947   1.729573e-02
 1645    1.794385e-02    0.999987   1.729552e-02
 1646    1.794573e-02    1.000105   1.729732e-02
 1647    1.794591e-02    1.000010   1.729750e-02
 1648    1.794520e-02    0.999961   1.729682e-02
 1649    1.794500e-02    0.999989   1.729662e-02
 1650    1.787914e-02    0.996330   1.723314e-02
 1651    1.794708e-02    1.003800   1.729863e-02
 1652    1.794656e-02    0.999971   1.729813e-02
 1653    1.794634e-02    0.999987   1.729791e-02
 1654    1.794841e-02    1.000115   1.729991e-02
 1655    1.794791e-02    0.999972   1.729943e-02
 1656    1.794606e-02    0.999897   1.729765e-02
 1657    1.808842e-02    1.007932   1.743486e-02
 1658    1.799572e-02    0.994876   1.734552e-02
 1659    1.799559e-02    0.999992   1.734538e-02
 1660    1.801793e-02    1.001242   1.736692e-02
 1661    1.794050e-02    0.995702   1.729228e-02
 1662    1.793224e-02    0.999540   1.728433e-02
 1663    1.793043e-02    0.999899   1.728258e-02
 1664    1.792556e-02    0.999729   1.727789e-02
 1665    1.792071e-02    0.999729   1.727321e-02
 1666    1.792131e-02    1.000033   1.727379e-02
 1667    1.827164e-02    1.019548   1.761147e-02
 1668    1.791973e-02    0.980740   1.727226e-02
 1669    1.792419e-02    1.000249   1.727657e-02
 1670    1.789512e-02    0.998378   1.724854e-02
 1671    1.789227e-02    0.999841   1.724580e-02
 1672    1.790857e-02    1.000911   1.726151e-02
 1673    1.789513e-02    0.999250   1.724856e-02
 1674    1.789373e-02    0.999922   1.724720e-02
 1675    1.791659e-02    1.001278   1.726924e-02
 1676    1.791103e-02    0.999690   1.726389e-02
 1677    1.790739e-02    0.999796   1.726037e-02
 1678    1.788700e-02    0.998861   1.724072e-02
 1679    2.067404e-02    1.155814   1.992706e-02
 1680    1.783211e-02    0.862536   1.718782e-02
 1681    1.781853e-02    0.999238   1.717472e-02
 1682    1.781987e-02    1.000075   1.717602e-02
 1683    1.819604e-02    1.021110   1.753860e-02
 1684    1.773935e-02    0.974901   1.709840e-02
 1685    1.775433e-02    1.000844   1.711284e-02
 1686    1.777232e-02    1.001014   1.713019e-02
 1687    1.776980e-02    0.999858   1.712775e-02
 1688    1.775119e-02    0.998953   1.710982e-02
 1689    1.780354e-02    1.002949   1.716027e-02
 1690    1.781496e-02    1.000642   1.717129e-02
 1691    1.781484e-02    0.999993   1.717117e-02
 1692    1.782164e-02    1.000382   1.717772e-02
 1693    1.782040e-02    0.999931   1.717653e-02
 1694    1.782806e-02    1.000430   1.718391e-02
 1695    1.786025e-02    1.001806   1.721494e-02
 1696    1.785898e-02    0.999929   1.721371e-02
 1697    1.789561e-02    1.002051   1.724902e-02
 1698    1.759349e-02    0.983118   1.695782e-02
 1699    1.766936e-02    1.004312   1.703094e-02
 1700    1.771792e-02    1.002748   1.707775e-02
 1701    1.771710e-02    0.999954   1.707696e-02
 1702    1.769891e-02    0.998973   1.705942e-02
 1703    1.770069e-02    1.000101   1.706114e-02
 1704    1.770065e-02    0.999998   1.706111e-02
 1705    1.770055e-02    0.999994   1.706101e-02
 1706    1.769964e-02    0.999948   1.706013e-02
 1707    1.770027e-02    1.000036   1.706073e-02
 1708    1.770468e-02    1.000249   1.706498e-02
 1709    1.774141e-02    1.002075   1.710040e-02
 1710    2.076497e-02    1.170424   2.001471e-02
 1711    1.773491e-02    0.854078   1.709412e-02
 1712    1.771017e-02    0.998605   1.707028e-02
 1713    1.770994e-02    0.999987   1.707006e-02
 1714    1.772513e-02    1.000858   1.708470e-02
 1715    1.769911e-02    0.998532   1.705962e-02
 1716    1.769313e-02    0.999662   1.705385e-02
 1717    1.769358e-02    1.000026   1.705429e-02
 1718    1.769259e-02    0.999944   1.705334e-02
 1719    1.769101e-02    0.999910   1.705181e-02
 1720    1.769980e-02    1.000497   1.706028e-02
 1721    1.769884e-02    0.999946   1.705936e-02
 1722    1.770338e-02    1.000256   1.706373e-02
 1723    1.768338e-02    0.998870   1.704446e-02
 1724    1.772024e-02    1.002085   1.707999e-02
 1725    1.772264e-02    1.000135   1.708230e-02
 1726    1.769760e-02    0.998587   1.705816e-02
 1727    1.774681e-02    1.002781   1.710560e-02
 1728    1.769594e-02    0.997133   1.705656e-02
 1729    1.768738e-02    0.999517   1.704832e-02
 1730    1.766481e-02    0.998724   1.702656e-02
 1731    1.766425e-02    0.999968   1.702602e-02
 1732    1.766218e-02    0.999883   1.702402e-02
 1733    1.765829e-02    0.999780   1.702027e-02
 1734    1.763664e-02    0.998774   1.699941e-02
 1735    1.764498e-02    1.000473   1.700745e-02
 1736    1.764155e-02    0.999806   1.700414e-02
 1737    1.763936e-02    0.999876   1.700203e-02
 1738    1.763736e-02    0.999887   1.700010e-02
 1739    1.763833e-02    1.000055   1.700103e-02
 1740    1.762999e-02    0.999527   1.699300e-02
 1741    1.761650e-02    0.999235   1.697999e-02
 1742    1.750116e-02    0.993453   1.686882e-02
 1743    1.766212e-02    1.009197   1.702397e-02
 1744    1.767732e-02    1.000861   1.703862e-02
 1745    1.769756e-02    1.001145   1.705812e-02
 1746    1.774159e-02    1.002488   1.710057e-02
 1747    1.774620e-02    1.000260   1.710501e-02
 1748    1.772030e-02    0.998540   1.708004e-02
 1749    1.769044e-02    0.998315   1.705126e-02
 1750    1.763135e-02    0.996660   1.699430e-02
 1751    1.759928e-02    0.998181   1.696339e-02
 1752    1.760258e-02    1.000188   1.696657e-02
 1753    1.734603e-02    0.985425   1.671929e-02
 1754    1.744431e-02    1.005666   1.681403e-02
 1755    1.718743e-02    0.985274   1.656643e-02
 1756    1.718620e-02    0.999929   1.656524e-02
 1757    1.720931e-02    1.001344   1.658751e-02
 1758    1.722666e-02    1.001009   1.660424e-02
 1759    1.722595e-02    0.999959   1.660356e-02
 1760    1.722558e-02    0.999978   1.660320e-02
 1761    1.722553e-02    0.999997   1.660315e-02
 1762    1.722696e-02    1.000083   1.660453e-02
 1763    1.722510e-02    0.999892   1.660274e-02
 1764    1.722397e-02    0.999935   1.660165e-02
 1765    1.722443e-02    1.000027   1.660209e-02
 1766    1.721221e-02    0.999290   1.659031e-02
 1767    1.720863e-02    0.999792   1.658686e-02
 1768    1.720114e-02    0.999565   1.657964e-02
 1769    1.719112e-02    0.999417   1.656998e-02
 1770    1.719276e-02    1.000095   1.657156e-02
 1771    2.736479e-02    1.591646   2.637607e-02
 1772    1.719754e-02    0.628455   1.657617e-02
 1773    1.718341e-02    0.999178   1.656255e-02
 1774    1.761084e-02    1.024875   1.697454e-02
 1775    1.766222e-02    1.002918   1.702406e-02
 1776    1.751041e-02    0.991405   1.687774e-02
 1777    1.723148e-02    0.984070   1.660888e-02
 1778    1.728056e-02    1.002848   1.665619e-02
 1779    1.761874e-02    1.019570   1.698215e-02
 1780    1.761935e-02    1.000035   1.698274e-02
 1781    1.724566e-02    0.978791   1.662255e-02
 1782    1.755566e-02    1.017976   1.692135e-02
 1783    1.747390e-02    0.995343   1.684255e-02
 1784    1.745864e-02    0.999126   1.682783e-02
 1785    1.717420e-02    0.983708   1.655367e-02
 1786    1.743661e-02    1.015279   1.680660e-02
 1787    1.746388e-02    1.001564   1.683289e-02
 1788    1.752557e-02    1.003533   1.689235e-02
 1789    1.744006e-02    0.995121   1.680993e-02
 1790    1.742752e-02    0.999281   1.679784e-02
 1791    1.742809e-02    1.000033   1.679839e-02
 1792    1.708115e-02    0.980093   1.646399e-02
 1793    1.708946e-02    1.000486   1.647199e-02
 1794    1.709038e-02    1.000054   1.647288e-02
 1795    1.722548e-02    1.007905   1.660310e-02
 1796    1.725430e-02    1.001673   1.663088e-02
 1797    1.725492e-02    1.000036   1.663148e-02
 1798    1.724477e-02    0.999412   1.662169e-02
 1799    1.718135e-02    0.996322   1.656056e-02
 1800    1.714098e-02    0.997650   1.652165e-02
 1801    1.714890e-02    1.000462   1.652929e-02
 1802    1.713711e-02    0.999313   1.651792e-02
 1803    1.714239e-02    1.000308   1.652301e-02
 1804    1.713749e-02    0.999714   1.651829e-02
 1805    1.722846e-02    1.005308   1.660598e-02
 1806    1.720806e-02    0.998816   1.658631e-02
 1807    1.720763e-02    0.999975   1.658589e-02
 1808    1.720970e-02    1.000120   1.658789e-02
 1809    1.722211e-02    1.000721   1.659985e-02
 1810    1.722044e-02    0.999903   1.659825e-02
 1811    1.723262e-02    1.000707   1.660998e-02
 1812    1.722203e-02    0.999386   1.659978e-02
 1813    1.722148e-02    0.999968   1.659924e-02
 1814    1.722103e-02    0.999974   1.659882e-02
 1815    1.722569e-02    1.000270   1.660331e-02
 1816    1.722022e-02    0.999682   1.659803e-02
 1817    1.721576e-02    0.999741   1.659374e-02
 1818    1.721655e-02    1.000046   1.659449e-02
 1819    1.721652e-02    0.999998   1.659447e-02
 1820    1.721504e-02    0.999914   1.659304e-02
 1821    1.719337e-02    0.998741   1.657215e-02
 1822    1.717440e-02    0.998897   1.655387e-02
 1823    1.717332e-02    0.999937   1.655282e-02
 1824    1.717338e-02    1.000004   1.655289e-02
 1825    1.717327e-02    0.999993   1.655278e-02
 1826    1.717246e-02    0.999953   1.655200e-02
 1827    1.717221e-02    0.999986   1.655176e-02
 1828    1.716724e-02    0.999710   1.654696e-02
 1829    1.714605e-02    0.998766   1.652654e-02
 1830    1.716134e-02    1.000892   1.654128e-02
 1831    1.716234e-02    1.000058   1.654224e-02
 1832    1.769728e-02    1.031169   1.705786e-02
 1833    1.770926e-02    1.000677   1.706940e-02
 1834    1.720669e-02    0.971621   1.658499e-02
 1835    1.719311e-02    0.999211   1.657190e-02
 1836    1.718601e-02    0.999587   1.656506e-02
 1837    1.718642e-02    1.000024   1.656545e-02
 1838    1.718750e-02    1.000063   1.656649e-02
 1839    1.718406e-02    0.999800   1.656318e-02
 1840    1.718396e-02    0.999994   1.656308e-02
 1841    1.718476e-02    1.000046   1.656385e-02
 1842    1.718460e-02    0.999991   1.656370e-02
 1843    1.717967e-02    0.999713   1.655895e-02
 1844    1.721703e-02    1.002175   1.659496e-02
 1845    1.721112e-02    0.999657   1.658926e-02
 1846    1.721096e-02    0.999991   1.658911e-02
 1847    1.721077e-02    0.999989   1.658893e-02
 1848    1.721020e-02    0.999967   1.658837e-02
 1849    1.721488e-02    1.000272   1.659288e-02
 1850    1.728008e-02    1.003788   1.665573e-02
 1851    1.727883e-02    0.999928   1.665453e-02
 1852    1.735972e-02    1.004681   1.673249e-02
 1853    1.731049e-02    0.997164   1.668504e-02
 1854    1.785224e-02    1.031296   1.720722e-02
 1855    2.796177e-02    1.566289   2.695148e-02
 1856    1.616753e-02    0.578201   1.558338e-02
 1857    1.654832e-02    1.023553   1.595041e-02
 1858    1.665818e-02    1.006639   1.605630e-02
 1859    1.720020e-02    1.032538   1.657874e-02
 1860    3.235641e-02    1.881164   3.118733e-02
 1861    1.652242e-02    0.510638   1.592544e-02
 1862    1.740726e-02    1.053554   1.677832e-02
 1863    1.571297e-02    0.902668   1.514524e-02
 1864    1.577031e-02    1.003649   1.520051e-02
 1865    1.573231e-02    0.997590   1.516388e-02
 1866    1.587095e-02    1.008813   1.529752e-02
 1867    1.657537e-02    1.044384   1.597648e-02
 1868    1.786460e-02    1.077780   1.721913e-02
 1869    1.920599e-02    1.075087   1.851206e-02
 1870    1.963026e-02    1.022090   1.892100e-02
 1871    1.942036e-02    0.989307   1.871868e-02
 1872    2.176259e-02    1.120607   2.097628e-02
 1873    1.812494e-02    0.832849   1.747007e-02
 1874    1.714812e-02    0.946106   1.652854e-02
 1875    1.709801e-02    0.997078   1.648024e-02
 1876    1.707240e-02    0.998502   1.645555e-02
 1877    2.167719e-02    1.269721   2.089396e-02
 1878    2.103807e-02    0.970516   2.027794e-02
 1879    1.705652e-02    0.810745   1.644025e-02
 1880    1.705636e-02    0.999990   1.644009e-02
 1881    1.704390e-02    0.999270   1.642809e-02
 1882    1.698795e-02    0.996717   1.637416e-02
 1883    1.652300e-02    0.972630   1.592600e-02
 1884    1.644448e-02    0.995248   1.585032e-02
 1885    1.651955e-02    1.004565   1.592268e-02
 1886    1.657851e-02    1.003569   1.597951e-02
 1887    1.646340e-02    0.993056   1.586855e-02
 1888    1.625459e-02    0.987317   1.566729e-02
 1889    1.671021e-02    1.028031   1.610645e-02
 1890    1.678342e-02    1.004381   1.617701e-02
 1891    1.678479e-02    1.000082   1.617833e-02
 1892    1.678146e-02    0.999802   1.617513e-02
 1893    1.679955e-02    1.001078   1.619256e-02
 1894    1.682586e-02    1.001566   1.621792e-02
 1895    1.681833e-02    0.999553   1.621066e-02
 1896    1.681666e-02    0.999900   1.620905e-02
 1897    1.682922e-02    1.000747   1.622116e-02
 1898    1.683061e-02    1.000082   1.622250e-02
 1899    1.682796e-02    0.999843   1.621995e-02
 1900    1.683106e-02    1.000184   1.622293e-02
 1901    1.683820e-02    1.000425   1.622982e-02
 1902    1.683819e-02    0.999999   1.622980e-02
 1903    1.683751e-02    0.999960   1.622915e-02
 1904    1.683764e-02    1.000007   1.622928e-02
 1905    1.683836e-02    1.000043   1.622997e-02
 1906    1.683624e-02    0.999874   1.622792e-02
 1907    1.683431e-02    0.999886   1.622607e-02
 1908    1.683572e-02    1.000084   1.622742e-02
 1909    1.683803e-02    1.000137   1.622965e-02
 1910    1.683601e-02    0.999880   1.622771e-02
 1911    1.683833e-02    1.000138   1.622994e-02
 1912    1.683945e-02    1.000067   1.623102e-02
 1913    1.683813e-02    0.999922   1.622975e-02
 1914    1.683631e-02    0.999892   1.622800e-02
 1915    1.683465e-02    0.999901   1.622640e-02
 1916    1.685231e-02    1.001049   1.624341e-02
 1917    1.681152e-02    0.997580   1.620410e-02
 1918    1.678764e-02    0.998580   1.618109e-02
 1919    1.678787e-02    1.000014   1.618131e-02
 1920    1.678720e-02    0.999960   1.618066e-02
 1921    1.678707e-02    0.999992   1.618053e-02
 1922    1.678705e-02    0.999999   1.618051e-02
 1923    1.679093e-02    1.000231   1.618425e-02
 1924    1.678470e-02    0.999629   1.617825e-02
 1925    1.678461e-02    0.999995   1.617816e-02
 1926    1.678310e-02    0.999910   1.617671e-02
 1927    1.681750e-02    1.002049   1.620986e-02
 1928    1.664692e-02    0.989857   1.604544e-02
 1929    1.678907e-02    1.008539   1.618246e-02
 1930    1.679354e-02    1.000267   1.618677e-02
 1931    1.679315e-02    0.999976   1.618639e-02
 1932    1.680151e-02    1.000498   1.619445e-02
 1933    1.680732e-02    1.000346   1.620005e-02
 1934    1.681347e-02    1.000366   1.620598e-02
 1935    1.681269e-02    0.999954   1.620523e-02
 1936    1.681509e-02    1.000142   1.620754e-02
 1937    1.681504e-02    0.999997   1.620749e-02
 1938    1.681442e-02    0.999963   1.620689e-02
 1939    1.684810e-02    1.002003   1.623936e-02
 1940    1.682098e-02    0.998391   1.621322e-02
 1941    1.681679e-02    0.999751   1.620918e-02
 1942    1.680127e-02    0.999077   1.619422e-02
 1943    1.680078e-02    0.999971   1.619375e-02
 1944    1.680163e-02    1.000051   1.619457e-02
 1945    1.680096e-02    0.999960   1.619392e-02
 1946    1.680313e-02    1.000129   1.619601e-02
 1947    1.678603e-02    0.998982   1.617953e-02
 1948    1.678751e-02    1.000088   1.618096e-02
 1949    1.674746e-02    0.997614   1.614235e-02
 1950    1.715263e-02    1.024193   1.653289e-02
 1951    1.716758e-02    1.000871   1.654729e-02
 1952    1.714391e-02    0.998621   1.652448e-02
 1953    1.686980e-02    0.984011   1.626027e-02
 1954    1.686396e-02    0.999654   1.625465e-02
 1955    1.686390e-02    0.999996   1.625459e-02
 1956    1.607878e-02    0.953443   1.549783e-02
 1957    1.651228e-02    1.026961   1.591567e-02
 1958    1.654529e-02    1.001999   1.594749e-02
 1959    1.654827e-02    1.000180   1.595036e-02
 1960    1.654816e-02    0.999993   1.595025e-02
 1961    1.654654e-02    0.999902   1.594869e-02
 1962    1.654649e-02    0.999997   1.594864e-02
 1963    1.654405e-02    0.999853   1.594629e-02
 1964    1.654235e-02    0.999898   1.594466e-02
 1965    1.654251e-02    1.000009   1.594481e-02
 1966    1.654243e-02    0.999995   1.594473e-02
 1967    1.654611e-02    1.000223   1.594828e-02
 1968    1.654414e-02    0.999881   1.594638e-02
 1969    1.654360e-02    0.999968   1.594586e-02
 1970    1.654027e-02    0.999799   1.594265e-02
 1971    1.637555e-02    0.990041   1.578388e-02
 1972    1.648102e-02    1.006441   1.588554e-02
 1973    1.640624e-02    0.995462   1.581346e-02
 1974    1.647172e-02    1.003991   1.587658e-02
 1975    1.650047e-02    1.001746   1.590429e-02
 1976    1.649706e-02    0.999793   1.590100e-02
 1977    1.649703e-02    0.999998   1.590097e-02
 1978    1.649693e-02    0.999994   1.590087e-02
 1979    1.649678e-02    0.999991   1.590074e-02
 1980    1.649915e-02    1.000144   1.590302e-02
 1981    1.649895e-02    0.999988   1.590282e-02
 1982    1.648429e-02    0.999111   1.588869e-02
 1983    1.636018e-02    0.992471   1.576907e-02
 1984    1.637610e-02    1.000973   1.578441e-02
 1985    1.636148e-02    0.999108   1.577032e-02
 1986    1.289417e-02    0.788081   1.242829e-02
 1987    1.611285e-02    1.249623   1.553068e-02
 1988    1.554810e-02    0.964950   1.498632e-02
 1989    1.557711e-02    1.001866   1.501429e-02
 1990    1.547428e-02    0.993398   1.491517e-02
 1991    1.094527e-02    0.707321   1.054981e-02
 1992    1.421181e-02    1.298443   1.369832e-02
 1993    1.420202e-02    0.999311   1.368888e-02
 1994    1.628342e-02    1.146557   1.569508e-02
 1995    1.537200e-02    0.944028   1.481659e-02
 1996    1.544895e-02    1.005006   1.489076e-02
 1997    1.513359e-02    0.979587   1.458679e-02
 1998    1.567559e-02    1.035815   1.510922e-02
 1999    1.564555e-02    0.998083   1.508026e-02
 2000    1.543357e-02    0.986451   1.487594e-02
 2001    1.544216e-02    1.000557   1.488422e-02
 2002    1.546337e-02    1.001373   1.490465e-02
 2003    1.538212e-02    0.994746   1.482635e-02
 2004    1.492089e-02    0.970015   1.438178e-02
 2005    1.345296e-02    0.901619   1.296689e-02
 2006    1.259206e-02    0.936006   1.213709e-02
 2007    1.089215e-02    0.865002   1.049860e-02
 2008    5.287093e-03    0.485404   5.096064e-03
 2009    1.607684e-02    3.040771   1.549596e-02
 2010    1.776362e-02    1.104920   1.712180e-02
 2011    1.776702e-02    1.000192   1.712508e-02
 2012    1.774661e-02    0.998851   1.710541e-02
 2013    1.769231e-02    0.996940   1.705306e-02
 2014    1.690613e-02    0.955564   1.629529e-02
 2015    2.007254e-02    1.187293   1.934729e-02
 2016    1.867585e-02    0.930418   1.800107e-02
 2017    1.868499e-02    1.000489   1.800988e-02
 2018    1.726894e-02    0.924215   1.664499e-02
 2019    1.895475e-02    1.097621   1.826989e-02
 2020    1.725332e-02    0.910237   1.662993e-02
 2021    1.921028e-02    1.113425   1.851619e-02
 2022    1.823921e-02    0.949451   1.758021e-02
 2023    1.772755e-02    0.971947   1.708703e-02
 2024    1.774838e-02    1.001175   1.710711e-02
 2025    1.766129e-02    0.995093   1.702317e-02
 2026    1.778436e-02    1.006968   1.714178e-02
 2027    1.752889e-02    0.985635   1.689555e-02
 2028    1.685952e-02    0.961814   1.625037e-02
 2029    1.691921e-02    1.003540   1.630790e-02
 2030    1.639199e-02    0.968839   1.579973e-02
 2031    1.507041e-02    0.919376   1.452590e-02
 2032    1.602726e-02    1.063492   1.544817e-02
 2033    1.076188e-02    0.671474   1.037304e-02
 2034    1.560295e-02    1.449835   1.503920e-02
 2035    1.547068e-02    0.991523   1.491170e-02
 2036    1.494526e-02    0.966038   1.440527e-02
 2037    1.505565e-02    1.007386   1.451167e-02
 2038    1.508067e-02    1.001662   1.453579e-02
 2039    1.513336e-02    1.003494   1.458657e-02
 2040    1.512271e-02    0.999296   1.457630e-02
 2041    1.511364e-02    0.999400   1.456756e-02
 2042    1.511568e-02    1.000136   1.456954e-02
 2043    1.500741e-02    0.992837   1.446517e-02
 2044    1.504436e-02    1.002462   1.450079e-02
 2045    1.504446e-02    1.000007   1.450088e-02
 2046    1.508173e-02    1.002478   1.453681e-02
 2047    1.508107e-02    0.999956   1.453618e-02
 2048    1.955582e-02    1.296713   1.884925e-02
 2049    1.555343e-02    0.795335   1.499147e-02
 2050    1.540152e-02    0.990233   1.484505e-02
 2051    1.540463e-02    1.000202   1.484804e-02
 2052    1.540630e-02    1.000108   1.484965e-02
 2053    1.540477e-02    0.999901   1.484818e-02
 2054    1.545850e-02    1.003488   1.489996e-02
 2055    1.545992e-02    1.000092   1.490133e-02
 2056    1.535345e-02    0.993113   1.479871e-02
 2057    1.539097e-02    1.002444   1.483488e-02
 2058    1.529855e-02    0.993995   1.474579e-02
 2059    1.531264e-02    1.000921   1.475937e-02
 2060    1.529897e-02    0.999108   1.474620e-02
 2061    1.529890e-02    0.999995   1.474614e-02
 2062    1.529838e-02    0.999966   1.474563e-02
 2063    1.529595e-02    0.999842   1.474329e-02
 2064    1.534431e-02    1.003161   1.478990e-02
 2065    1.529320e-02    0.996669   1.474064e-02
 2066    1.529307e-02    0.999991   1.474051e-02
 2067    1.529358e-02    1.000034   1.474101e-02
 2068    1.530255e-02    1.000586   1.474965e-02
 2069    1.530247e-02    0.999994   1.474957e-02
 2070    1.530114e-02    0.999913   1.474829e-02
 2071    1.529717e-02    0.999741   1.474447e-02
 2072    1.528540e-02    0.999230   1.473311e-02
 2073    1.525333e-02    0.997902   1.470221e-02
 2074    1.523341e-02    0.998694   1.468301e-02
 2075    1.523531e-02    1.000125   1.468484e-02
 2076    1.479694e-02    0.971227   1.426231e-02
 2077    1.556412e-02    1.051847   1.500177e-02
 2078    1.552561e-02    0.997526   1.496465e-02
 2079    2.534714e-02    1.632602   2.443131e-02
 2080    1.569254e-02    0.619105   1.512555e-02
 2081    1.588353e-02    1.012170   1.530964e-02
 2082    1.622540e-02    1.021524   1.563916e-02
 2083    1.579153e-02    0.973260   1.522096e-02
 2084    1.532907e-02    0.970715   1.477522e-02
 2085    1.576940e-02    1.028725   1.519963e-02
 2086    1.577897e-02    1.000607   1.520886e-02
 2087    1.571897e-02    0.996198   1.515103e-02
 2088    1.582380e-02    1.006669   1.525207e-02
 2089    1.584364e-02    1.001253   1.527118e-02
 2090    1.609493e-02    1.015861   1.551340e-02
 2091    1.635896e-02    1.016405   1.576789e-02
 2092    1.583757e-02    0.968128   1.526534e-02
 2093    1.490243e-02    0.940954   1.436399e-02
 2094    1.466036e-02    0.983756   1.413066e-02
 2095    1.459614e-02    0.995620   1.406876e-02
 2096    1.483378e-02    1.016281   1.429782e-02
 2097    1.448042e-02    0.976179   1.395722e-02
 2098    1.517412e-02    1.047906   1.462586e-02
 2099    1.199658e-02    0.790595   1.156313e-02
 2100    1.221908e-02    1.018547   1.177759e-02
 2101    6.309659e-03    0.516377   6.081683e-03
 2102    1.299611e-02    2.059716   1.252654e-02
 2103    5.349973e-03    0.411660   5.156672e-03
 2104    7.507955e-02    14.033632   7.236683e-02
 2105    6.762252e-03    0.090068   6.517923e-03
 2106    7.444470e-03    1.100886   7.175492e-03
 2107    7.354829e-03    0.987959   7.089090e-03
 2108    7.175767e-03    0.975654   6.916497e-03
 2109    7.155824e-03    0.997221   6.897275e-03
 2110    7.125682e-03    0.995788   6.868222e-03
 2111    7.787632e-03    1.092896   7.506255e-03
 2112    7.138021e-03    0.916584   6.880115e-03
 2113    7.096139e-03    0.994133   6.839747e-03
 2114    7.107953e-03    1.001665   6.851134e-03
 2115    7.647881e-03    1.075961   7.371554e-03
 2116    9.213867e-03    1.204761   8.880958e-03
 2117    9.338761e-03    1.013555   9.001340e-03
 2118    9.169097e-03    0.981832   8.837806e-03
 2119    1.133950e-02    1.236708   1.092979e-02
 2120    1.122751e-02    0.990125   1.082185e-02
 2121    1.390709e-02    1.238661   1.340461e-02
 2122    1.497255e-02    1.076613   1.443157e-02
 2123    2.041934e-02    1.363785   1.968157e-02
 2124    1.735780e-02    0.850067   1.673064e-02
 2125    1.780624e-02    1.025835   1.716288e-02
 2126    1.884384e-02    1.058271   1.816299e-02
 2127    1.888137e-02    1.001992   1.819916e-02
 2128    1.876468e-02    0.993820   1.808669e-02
 2129    1.891043e-02    1.007768   1.822717e-02
 2130    1.891259e-02    1.000114   1.822925e-02
 2131    1.899732e-02    1.004480   1.831092e-02
 2132    1.880663e-02    0.989962   1.812713e-02
 2133    1.715855e-02    0.912367   1.653859e-02
 2134    1.972221e-02    1.149410   1.900962e-02
 2135    1.950284e-02    0.988877   1.879818e-02
 2136    2.000572e-02    1.025785   1.928289e-02
 2137    1.863515e-02    0.931491   1.796184e-02
 2138    1.896722e-02    1.017819   1.828191e-02
 2139    1.893099e-02    0.998090   1.824699e-02
 2140    1.926037e-02    1.017399   1.856447e-02
 2141    1.909052e-02    0.991182   1.840076e-02
 2142    1.906508e-02    0.998667   1.837623e-02
 2143    1.911773e-02    1.002762   1.842698e-02
 2144    1.911468e-02    0.999840   1.842404e-02
 2145    1.938685e-02    1.014239   1.868638e-02
 2146    1.752241e-02    0.903830   1.688930e-02
 2147    1.752267e-02    1.000015   1.688955e-02
 2148    1.487895e-02    0.849126   1.434136e-02
 2149    1.131018e-02    0.760146   1.090152e-02
 2150    8.721492e-03    0.771119   8.406373e-03
 2151    8.665103e-03    0.993535   8.352022e-03
 2152    9.443959e-03    1.089884   9.102737e-03
 2153    1.107672e-02    1.172890   1.067651e-02
 2154    1.083216e-02    0.977921   1.044078e-02
 2155    1.088673e-02    1.005037   1.049338e-02
 2156    1.179044e-02    1.083010   1.136443e-02
 2157    1.178321e-02    0.999387   1.135746e-02
 2158    1.178986e-02    1.000565   1.136388e-02
 2159    1.192365e-02    1.011348   1.149283e-02
 2160    1.191915e-02    0.999623   1.148849e-02
 2161    1.194608e-02    1.002260   1.151445e-02
 2162    1.191374e-02    0.997292   1.148328e-02
 2163    1.187021e-02    0.996347   1.144132e-02
 2164    1.155949e-02    0.973824   1.114183e-02
 2165    1.170355e-02    1.012462   1.128068e-02
 2166    1.166785e-02    0.996950   1.124627e-02
 2167    1.192921e-02    1.022400   1.149819e-02
 2168    1.217907e-02    1.020945   1.173902e-02
 2169    1.152898e-02    0.946622   1.111242e-02
 2170    1.077204e-02    0.934345   1.038283e-02
 2171    1.075430e-02    0.998353   1.036573e-02
 2172    1.048508e-02    0.974967   1.010624e-02
 2173    1.114266e-02    1.062716   1.074007e-02
 2174    1.137108e-02    1.020499   1.096023e-02
 2175    1.147508e-02    1.009146   1.106047e-02
 2176    1.146231e-02    0.998886   1.104816e-02
 2177    1.156845e-02    1.009260   1.115047e-02
 2178    1.139592e-02    0.985086   1.098417e-02
 2179    1.140440e-02    1.000744   1.099234e-02
 2180    1.140084e-02    0.999688   1.098892e-02
 2181    1.136836e-02    0.997150   1.095760e-02
 2182    1.136269e-02    0.999502   1.095214e-02
 2183    1.136448e-02    1.000158   1.095387e-02
 2184    1.134179e-02    0.998004   1.093200e-02
 2185    1.130666e-02    0.996902   1.089813e-02
 2186    1.129935e-02    0.999354   1.089109e-02
 2187    1.131609e-02    1.001481   1.090722e-02
 2188    1.625047e-02    1.436050   1.566332e-02
 2189    1.662513e-02    1.023055   1.602444e-02
 2190    1.182098e-02    0.711031   1.139387e-02
 2191    1.135777e-02    0.960814   1.094740e-02
 2192    1.327633e-02    1.168921   1.279664e-02
 2193    1.252911e-02    0.943717   1.207641e-02
 2194    1.618799e+01    1292.030566   1.560310e+01
 2195    1.269400e-02    0.000784   1.223535e-02
 2196    9.574626e-03    0.754264   9.228683e-03
 2197    8.091929e-03    0.845143   7.799557e-03
 2198    1.135124e-02    1.402785   1.094110e-02
 2199    2.534852e-02    2.233107   2.443264e-02
 2200    2.421668e-01    9.553488   2.334170e-01
 2201    1.611530e-01    0.665463   1.553304e-01
 2202    1.675685e-01    1.039810   1.615140e-01
 2203    1.941952e-01    1.158901   1.871787e-01
 2204    1.476949e-01    0.760548   1.423585e-01
 2205    1.455691e-01    0.985607   1.403095e-01
 2206    1.456910e-01    1.000837   1.404270e-01
 2207    1.455032e-01    0.998711   1.402460e-01
 2208    1.499725e-01    1.030716   1.445538e-01
 2209    1.698409e-01    1.132480   1.637043e-01
 2210    1.621931e-01    0.954971   1.563329e-01
 2211    1.562991e-01    0.963660   1.506518e-01
 2212    6.639551e-02    0.424798   6.399656e-02
 2213    1.500569e+00    22.600454   1.446351e+00
 2214    9.729563e-02    0.064839   9.378022e-02
 2215    5.898597e-02    0.606255   5.685474e-02
 2216    5.513664e-02    0.934742   5.314449e-02
 2217    4.776080e-02    0.866226   4.603514e-02
 2218    7.707545e-02    1.613781   7.429062e-02
 2219    8.108993e-02    1.052085   7.816005e-02
 2220    1.416748e-01    1.747132   1.365559e-01
 2221    8.978772e-02    0.633759   8.654358e-02
 2222    2.426979e-02    0.270302   2.339290e-02
 2223    2.074419e-02    0.854733   1.999468e-02
 2224    4.954563e-02    2.388409   4.775548e-02
 2225    4.973218e-02    1.003765   4.793529e-02
 2226    4.860592e-02    0.977354   4.684973e-02
 2227    4.744700e-02    0.976157   4.573268e-02
 2228    5.171405e-02    1.089933   4.984556e-02
 2229    3.457033e-02    0.668490   3.332126e-02
 2230    6.131554e-02    1.773647   5.910014e-02
 2231    7.328620e-02    1.195230   7.063828e-02
 2232    7.922120e-02    1.080984   7.635884e-02
 2233    5.478254e-02    0.691514   5.280318e-02
 2234    5.588047e-02    1.020042   5.386144e-02
 2235    1.119951e-01    2.004191   1.079486e-01
 2236    1.123853e-01    1.003484   1.083247e-01
 2237    1.036155e-01    0.921966   9.987171e-02
 2238    1.033771e-01    0.997699   9.964192e-02
 2239    1.009358e-01    0.976385   9.728888e-02
 2240    9.786206e-02    0.969547   9.432618e-02
 2241    9.803210e-02    1.001738   9.449008e-02
 2242    4.024689e-02    0.410548   3.879272e-02
 2243    1.046562e-01    2.600355   1.008748e-01
 2244    1.650601e-01    1.577165   1.590963e-01
 2245    1.147420e+01    69.515294   1.105962e+01
 2246    3.719280e-02    0.003241   3.584898e-02
 2247    2.147173e-02    0.577309   2.069593e-02
 2248    6.532136e-02    3.042202   6.296122e-02
 2249    8.841279e-03    0.135350   8.521832e-03
 2250    8.239112e-02    9.318915   7.941423e-02
 2251    1.189498e-01    1.443721   1.146520e-01
 2252    1.095472e-01    0.920953   1.055891e-01
 2253    1.072866e-01    0.979364   1.034102e-01
 2254    1.078906e-01    1.005629   1.039924e-01
 2255    1.078305e-01    0.999443   1.039344e-01
 2256    1.110065e-01    1.029455   1.069957e-01
 2257    9.463335e-02    0.852502   9.121412e-02
 2258    1.836479e-01    1.940626   1.770125e-01
 2259    5.659760e-01    3.081854   5.455266e-01
 2260    1.155802e-01    0.204214   1.114041e-01
 2261    2.503843e-02    0.216633   2.413376e-02
 2262    1.222246e-01    4.881480   1.178085e-01
 2263    2.022150e-01    1.654455   1.949087e-01
 2264    2.088932e-01    1.033025   2.013456e-01
 2265    1.080510e-01    0.517255   1.041469e-01
 2266    1.369026e-01    1.267019   1.319562e-01
 2267    4.094506e-02    0.299082   3.946566e-02
 2268    4.616345e-02    1.127449   4.449550e-02
 2269    4.595838e-02    0.995558   4.429785e-02
 2270    4.597097e-02    1.000274   4.430998e-02
 2271    4.600926e-02    1.000833   4.434688e-02
 2272    4.286586e-02    0.931679   4.131707e-02
 2273    4.320532e-02    1.007919   4.164426e-02
 2274    5.955134e-02    1.378334   5.739968e-02
 2275    7.129619e-02    1.197222   6.872017e-02
 2276    8.251114e-02    1.157301   7.952991e-02
 2277    5.710142e-02    0.692045   5.503827e-02
 2278    5.912256e-02    1.035396   5.698639e-02
 2279    3.267290e-02    0.552630   3.149239e-02
 2280    4.217701e-02    1.290887   4.065311e-02
 2281    3.801339e-03    0.090128   3.663992e-03
 2282    4.725215e-03    1.243040   4.554487e-03
 2283    9.939910e-03    2.103589   9.580768e-03
 2284    1.348242e-03    0.135639   1.299529e-03
 2285    1.450624e-03    1.075938   1.398212e-03
 2286    1.476855e-03    1.018082   1.423494e-03
 2287    1.708366e-03    1.156760   1.646640e-03
 2288    3.829500e-03    2.241616   3.691135e-03
 2289    8.425429e-03    2.200138   8.121008e-03
 2290    4.907146e-03    0.582421   4.729845e-03
 2291    3.953396e-03    0.805641   3.810555e-03
 2292    3.083643e-03    0.779998   2.972227e-03
 2293    3.106268e-03    1.007337   2.994034e-03
 2294    4.670915e-03    1.503706   4.502149e-03
 2295    1.091652e-02    2.337126   1.052209e-02
 2296    1.074676e-02    0.984450   1.035847e-02
 2297    1.830286e-02    1.703105   1.764156e-02
 2298    2.059440e-02    1.125201   1.985030e-02
 2299    1.984516e-02    0.963619   1.912813e-02
 2300    2.027441e-02    1.021630   1.954187e-02
 2301    2.206008e-02    1.088075   2.126303e-02
 2302    2.174933e-02    0.985913   2.096350e-02
 2303    1.704999e-02    0.783932   1.643395e-02
 2304    7.335680e-03    0.430245   7.070633e-03
 2305    6.081015e-03    0.828964   5.861300e-03
 2306    3.238685e-02    5.325896   3.121667e-02
 2307    2.238793e-02    0.691266   2.157902e-02
 2308    2.256387e-02    1.007859   2.174861e-02
 2309    2.256535e-02    1.000065   2.175004e-02
 2310    2.222412e-02    0.984878   2.142113e-02
 2311    2.132646e-02    0.959609   2.055591e-02
 2312    1.987720e-02    0.932044   1.915901e-02
 2313    1.803152e-02    0.907146   1.738002e-02
 2314    1.564724e-02    0.867771   1.508189e-02
 2315    1.566690e-02    1.001256   1.510083e-02
 2316    1.554419e-02    0.992168   1.498256e-02
 2317    1.461719e-02    0.940364   1.408905e-02
 2318    1.462244e-02    1.000359   1.409412e-02
 2319    1.462118e-02    0.999913   1.409290e-02
 2320    1.353149e-02    0.925472   1.304258e-02
 2321    1.281926e-02    0.947365   1.235609e-02
 2322    1.352963e-02    1.055414   1.304078e-02
 2323    2.304882e-03    0.170358   2.221604e-03
 2324    1.396723e-02    6.059844   1.346257e-02
 2325    5.266336e-03    0.377049   5.076057e-03
 2326    5.266788e-03    1.000086   5.076493e-03
 2327    4.841810e-03    0.919310   4.666869e-03
 2328    3.660164e-03    0.755949   3.527917e-03
 2329    3.548646e-03    0.969532   3.420429e-03
 2330    3.647364e-03    1.027818   3.515580e-03
 2331    3.661193e-03    1.003791   3.528909e-03
 2332    3.662985e-03    1.000490   3.530637e-03
 2333    3.818776e-03    1.042531   3.680799e-03
 2334    3.795068e-03    0.993792   3.657948e-03
 2335    4.257756e-03    1.121918   4.103918e-03
 2336    5.856343e-03    1.375453   5.644746e-03
 2337    2.001856e-03    0.341827   1.929527e-03
 2338    1.602930e-03    0.800722   1.545015e-03
 2339    2.481576e-03    1.548149   2.391913e-03
 2340    3.396382e-03    1.368639   3.273666e-03
 2341    3.394580e-03    0.999470   3.271930e-03
 2342    3.395356e-03    1.000229   3.272678e-03
 2343    3.273436e-03    0.964092   3.155163e-03
 2344    3.209412e-03    0.980441   3.093452e-03
 2345    3.229515e-03    1.006264   3.112829e-03
 2346    3.228764e-03    0.999767   3.112104e-03
 2347    3.235156e-03    1.001980   3.118266e-03
 2348    3.235345e-03    1.000058   3.118448e-03
 2349    3.232370e-03    0.999081   3.115581e-03
 2350    3.208794e-03    0.992706   3.092856e-03
 2351    3.264662e-03    1.017411   3.146706e-03
 2352    3.272479e-03    1.002394   3.154240e-03
 2353    3.256953e-03    0.995256   3.139275e-03
 2354    3.260856e-03    1.001199   3.143037e-03
 2355    3.231269e-03    0.990926   3.114519e-03
 2356    3.179056e-03    0.983841   3.064192e-03
 2357    3.154513e-03    0.992280   3.040536e-03
 2358    3.108969e-03    0.985562   2.996638e-03
 2359    4.965199e-03    1.597057   4.785800e-03
 2360    2.903811e-03    0.584833   2.798892e-03
 2361    2.936716e-03    1.011332   2.830609e-03
 2362    2.939510e-03    1.000951   2.833302e-03
 2363    2.912281e-03    0.990737   2.807057e-03
 2364    2.853900e-03    0.979953   2.750785e-03
 2365    2.970229e-03    1.040761   2.862911e-03
 2366    2.820370e-03    0.949547   2.718467e-03
 2367    3.176936e-03    1.126425   3.062149e-03
 2368    2.205236e-03    0.694139   2.125558e-03
 2369    2.631114e-03    1.193121   2.536048e-03
 2370    2.812610e-03    1.068981   2.710987e-03
 2371    2.710196e-03    0.963588   2.612273e-03
 2372    2.713814e-03    1.001335   2.615760e-03
 2373    2.719175e-03    1.001975   2.620928e-03
 2374    2.701259e-03    0.993411   2.603660e-03
 2375    2.921000e-03    1.081347   2.815460e-03
 2376    2.778243e-03    0.951128   2.677862e-03
 2377    2.769466e-03    0.996841   2.669402e-03
 2378    2.782181e-03    1.004591   2.681658e-03
 2379    2.547081e-03    0.915498   2.455052e-03
 2380    2.867686e-03    1.125871   2.764073e-03
 2381    2.877969e-03    1.003586   2.773985e-03
 2382    2.880447e-03    1.000861   2.776373e-03
 2383    2.879764e-03    0.999763   2.775715e-03
 2384    2.879630e-03    0.999954   2.775586e-03
 2385    2.875971e-03    0.998729   2.772059e-03
 2386    2.792052e-03    0.970821   2.691172e-03
 2387    3.094259e-03    1.108238   2.982460e-03
 2388    3.353257e-03    1.083703   3.232100e-03
 2389    3.728089e-03    1.111781   3.593389e-03
 2390    3.399448e-03    0.911847   3.276622e-03
 2391    3.378428e-03    0.993816   3.256361e-03
 2392    3.379034e-03    1.000179   3.256945e-03
 2393    3.373346e-03    0.998317   3.251463e-03
 2394    3.372936e-03    0.999878   3.251068e-03
 2395    3.372555e-03    0.999887   3.250700e-03
 2396    3.372337e-03    0.999936   3.250491e-03
 2397    3.372300e-03    0.999989   3.250454e-03
 2398    3.370088e-03    0.999344   3.248322e-03
 2399    3.370022e-03    0.999980   3.248259e-03
 2400    3.321997e-03    0.985749   3.201969e-03
 2401    3.284404e-03    0.988684   3.165735e-03
 2402    3.316335e-03    1.009722   3.196512e-03
 2403    3.318878e-03    1.000767   3.198963e-03
 2404    3.319768e-03    1.000268   3.199821e-03
 2405    3.319754e-03    0.999996   3.199807e-03
 2406    3.308116e-03    0.996494   3.188589e-03
 2407    3.309990e-03    1.000567   3.190396e-03
 2408    3.316558e-03    1.001984   3.196726e-03
 2409    3.311392e-03    0.998442   3.191747e-03
 2410    3.244901e-03    0.979921   3.127659e-03
 2411    3.252277e-03    1.002273   3.134768e-03
 2412    3.163972e-03    0.972848   3.049654e-03
 2413    3.312183e-03    1.046843   3.192509e-03
 2414    3.484775e-03    1.052108   3.358865e-03
 2415    4.336382e-03    1.244379   4.179703e-03
 2416    6.312735e-03    1.455761   6.084648e-03
 2417    4.984300e-03    0.789563   4.804211e-03
 2418    4.010201e-03    0.804566   3.865307e-03
 2419    3.197211e-03    0.797270   3.081692e-03
 2420    3.285877e-03    1.027732   3.167154e-03
 2421    3.294413e-03    1.002598   3.175382e-03
 2422    3.255785e-03    0.988275   3.138149e-03
 2423    3.035964e-03    0.932483   2.926271e-03
 2424    3.039157e-03    1.001052   2.929348e-03
 2425    3.039617e-03    1.000151   2.929792e-03
 2426    3.012145e-03    0.990962   2.903312e-03
 2427    2.842369e-03    0.943636   2.739671e-03
 2428    4.028248e-03    1.417215   3.882703e-03
 2429    3.443741e-03    0.854898   3.319314e-03
 2430    3.477160e-03    1.009704   3.351526e-03
 2431    3.479276e-03    1.000608   3.353565e-03
 2432    3.462083e-03    0.995059   3.336994e-03
 2433    3.399709e-03    0.981984   3.276873e-03
 2434    3.393972e-03    0.998313   3.271344e-03
 2435    3.400839e-03    1.002023   3.277962e-03
 2436    3.422760e-03    1.006446   3.299091e-03
 2437    3.411983e-03    0.996852   3.288704e-03
 2438    3.502010e-03    1.026386   3.375478e-03
 2439    3.505873e-03    1.001103   3.379202e-03
 2440    3.500305e-03    0.998412   3.373835e-03
 2441    3.538015e-03    1.010773   3.410182e-03
 2442    3.612351e-03    1.021011   3.481832e-03
 2443    3.568998e-03    0.987999   3.440046e-03
 2444    3.549038e-03    0.994407   3.420807e-03
 2445    3.633007e-03    1.023660   3.501742e-03
 2446    3.622641e-03    0.997147   3.491751e-03
 2447    3.663652e-03    1.011321   3.531279e-03
 2448    3.736896e-03    1.019992   3.601877e-03
 2449    3.821436e-03    1.022623   3.683363e-03
 2450    3.973097e-03    1.039687   3.829544e-03
 2451    3.972247e-03    0.999786   3.828725e-03
 2452    4.671349e-03    1.175997   4.502567e-03
 2453    2.448058e-03    0.524058   2.359606e-03
 2454    1.504953e-03    0.614754   1.450577e-03
 2455    1.568050e-03    1.041926   1.511394e-03
 2456    1.521772e-03    0.970487   1.466788e-03
 2457    1.520343e-03    0.999061   1.465411e-03
 2458    1.699046e-03    1.117541   1.637657e-03
 2459    1.631142e-03    0.960034   1.572207e-03
 2460    1.632058e-03    1.000561   1.573090e-03
 2461    1.632454e-03    1.000243   1.573472e-03
 2462    1.708408e-03    1.046527   1.646681e-03
 2463    1.686989e-03    0.987462   1.626036e-03
 2464    1.685717e-03    0.999246   1.624810e-03
 2465    1.719888e-03    1.020271   1.657746e-03
 2466    1.212153e-03    0.704786   1.168356e-03
 2467    1.300571e-03    1.072943   1.253579e-03
 2468    1.296617e-03    0.996960   1.249768e-03
 2469    1.296170e-03    0.999656   1.249338e-03
 2470    1.306110e-03    1.007669   1.258919e-03
 2471    1.306105e-03    0.999996   1.258914e-03
 2472    1.309867e-03    1.002881   1.262540e-03
 2473    1.326781e-03    1.012912   1.278843e-03
 2474    1.295316e-03    0.976285   1.248515e-03
 2475    1.281853e-03    0.989606   1.235538e-03
 2476    1.336005e-03    1.042245   1.287734e-03
 2477    1.327464e-03    0.993607   1.279501e-03
 2478    1.330307e-03    1.002142   1.282242e-03
 2479    1.330534e-03    1.000170   1.282460e-03
 2480    1.330396e-03    0.999896   1.282328e-03
 2481    1.330954e-03    1.000419   1.282865e-03
 2482    1.334310e-03    1.002522   1.286100e-03
 2483    1.336638e-03    1.001744   1.288344e-03
 2484    1.368740e-03    1.024017   1.319285e-03
 2485    1.343928e-03    0.981873   1.295370e-03
 2486    1.359446e-03    1.011547   1.310328e-03
 2487    1.368157e-03    1.006407   1.318724e-03
 2488    1.371195e-03    1.002221   1.321652e-03
 2489    1.370581e-03    0.999552   1.321060e-03
 2490    1.370539e-03    0.999969   1.321019e-03
 2491    1.362916e-03    0.994438   1.313672e-03
 2492    1.371607e-03    1.006376   1.322049e-03
 2493    1.372405e-03    1.000582   1.322819e-03
 2494    1.374361e-03    1.001425   1.324704e-03
 2495    1.369666e-03    0.996584   1.320178e-03
 2496    1.367326e-03    0.998292   1.317923e-03
 2497    1.365636e-03    0.998764   1.316294e-03
 2498    1.338062e-03    0.979809   1.289717e-03
 2499    1.353940e-03    1.011866   1.305021e-03
 2500    1.348923e-03    0.996294   1.300185e-03
 2501    1.345954e-03    0.997799   1.297323e-03
 2502    1.347140e-03    1.000881   1.298466e-03
 2503    1.349597e-03    1.001824   1.300834e-03
 2504    1.349310e-03    0.999787   1.300558e-03
 2505    1.348954e-03    0.999736   1.300214e-03
 2506    1.350009e-03    1.000782   1.301232e-03
 2507    1.345514e-03    0.996670   1.296898e-03
 2508    1.350203e-03    1.003485   1.301419e-03
 2509    1.350151e-03    0.999961   1.301369e-03
 2510    1.350792e-03    1.000474   1.301986e-03
 2511    1.350098e-03    0.999487   1.301317e-03
 2512    1.340898e-03    0.993186   1.292450e-03
 2513    1.326053e-03    0.988929   1.278141e-03
 2514    1.397060e-03    1.053548   1.346582e-03
 2515    1.445615e-03    1.034755   1.393383e-03
 2516    1.481407e-03    1.024759   1.427882e-03
 2517    1.479878e-03    0.998968   1.426409e-03
 2518    2.142742e-03    1.447917   2.065322e-03
 2519    1.213656e-03    0.566403   1.169805e-03
 2520    1.591967e-02    13.117120   1.534447e-02
 2521    2.071224e-03    0.130105   1.996388e-03
 2522    2.072171e-03    1.000457   1.997301e-03
 2523    1.837989e-03    0.886987   1.771581e-03
 2524    1.835088e-03    0.998422   1.768784e-03
 2525    1.855240e-03    1.010981   1.788208e-03
 2526    1.856752e-03    1.000815   1.789666e-03
 2527    1.881547e-03    1.013354   1.813565e-03
 2528    1.741432e-03    0.925532   1.678512e-03
 2529    1.871973e-03    1.074962   1.804336e-03
 2530    1.787991e-03    0.955137   1.723388e-03
 2531    1.791466e-03    1.001944   1.726738e-03
 2532    1.779687e-03    0.993425   1.715384e-03
 2533    1.214288e-03    0.682305   1.170415e-03
 2534    1.589643e-03    1.309115   1.532207e-03
 2535    1.644204e-03    1.034323   1.584797e-03
 2536    1.655952e-03    1.007145   1.596121e-03
 2537    2.427778e-03    1.466092   2.340060e-03
 2538    1.413756e-03    0.582325   1.362675e-03
 2539    1.422358e-03    1.006084   1.370966e-03
 2540    1.319296e-03    0.927542   1.271628e-03
 2541    1.540984e-03    1.168035   1.485306e-03
 2542    1.283225e-03    0.832731   1.236861e-03
 2543    1.246589e-03    0.971449   1.201548e-03
 2544    1.256346e-03    1.007827   1.210952e-03
 2545    1.232683e-03    0.981165   1.188144e-03
 2546    1.229611e-03    0.997508   1.185183e-03
 2547    1.225972e-03    0.997041   1.181676e-03
 2548    1.226095e-03    1.000100   1.181794e-03
 2549    1.224219e-03    0.998470   1.179986e-03
 2550    1.239273e-03    1.012297   1.194497e-03
 2551    1.211869e-03    0.977887   1.168082e-03
 2552    1.216923e-03    1.004171   1.172954e-03
 2553    1.215870e-03    0.999135   1.171939e-03
 2554    1.215626e-03    0.999799   1.171704e-03
 2555    1.216324e-03    1.000574   1.172376e-03
 2556    1.228160e-03    1.009731   1.183785e-03
 2557    1.222404e-03    0.995313   1.178237e-03
 2558    1.225279e-03    1.002351   1.181008e-03
 2559    1.224428e-03    0.999306   1.180188e-03
 2560    1.225142e-03    1.000582   1.180876e-03
 2561    1.209197e-03    0.986985   1.165507e-03
 2562    1.209613e-03    1.000344   1.165908e-03
 2563    1.207186e-03    0.997993   1.163568e-03
 2564    1.207047e-03    0.999886   1.163435e-03
 2565    1.205518e-03    0.998733   1.161961e-03
 2566    1.203241e-03    0.998111   1.159766e-03
 2567    1.202928e-03    0.999740   1.159465e-03
 2568    1.201934e-03    0.999174   1.158507e-03
 2569    1.201791e-03    0.999881   1.158369e-03
 2570    1.201762e-03    0.999975   1.158340e-03
 2571    1.201948e-03    1.000155   1.158520e-03
 2572    1.201921e-03    0.999978   1.158494e-03
 2573    1.201491e-03    0.999642   1.158079e-03
 2574    1.201467e-03    0.999981   1.158057e-03
 2575    1.201513e-03    1.000038   1.158101e-03
 2576    1.201457e-03    0.999954   1.158047e-03
 2577    1.201384e-03    0.999939   1.157977e-03
 2578    1.201380e-03    0.999997   1.157973e-03
 2579    1.201376e-03    0.999997   1.157969e-03
 2580    1.201332e-03    0.999963   1.157926e-03
 2581    1.201351e-03    1.000016   1.157945e-03
 2582    1.201351e-03    1.000000   1.157944e-03
 2583    1.201315e-03    0.999970   1.157910e-03
 2584    1.201299e-03    0.999986   1.157894e-03
 2585    1.201308e-03    1.000008   1.157903e-03
 2586    1.201311e-03    1.000002   1.157906e-03
 2587    1.201304e-03    0.999994   1.157899e-03
 2588    1.201311e-03    1.000006   1.157906e-03
 2589    1.201304e-03    0.999994   1.157899e-03
 2590    1.201303e-03    0.999999   1.157898e-03
 2591    1.201347e-03    1.000036   1.157940e-03
 2592    1.201326e-03    0.999983   1.157921e-03
 2593    1.201345e-03    1.000016   1.157939e-03
 2594    1.201340e-03    0.999996   1.157934e-03
 2595    1.201333e-03    0.999994   1.157927e-03
 2596    1.201349e-03    1.000013   1.157943e-03
 2597    1.201303e-03    0.999961   1.157898e-03
 2598    1.201298e-03    0.999996   1.157893e-03
 2599    1.201273e-03    0.999979   1.157870e-03
 2600    1.201282e-03    1.000008   1.157879e-03
 2601    1.201228e-03    0.999955   1.157826e-03
 2602    1.201176e-03    0.999957   1.157776e-03
 2603    1.201174e-03    0.999998   1.157774e-03
 2604    1.201205e-03    1.000026   1.157804e-03
 2605    1.201212e-03    1.000006   1.157811e-03
 2606    1.201210e-03    0.999998   1.157809e-03
 2607    1.201262e-03    1.000043   1.157859e-03
 2608    1.200965e-03    0.999753   1.157572e-03
 2609    1.200980e-03    1.000012   1.157587e-03
 2610    1.200810e-03    0.999859   1.157423e-03
 2611    1.200866e-03    1.000047   1.157477e-03
 2612    1.200848e-03    0.999985   1.157460e-03
 2613    1.200573e-03    0.999772   1.157195e-03
 2614    1.200207e-03    0.999695   1.156842e-03
 2615    1.199548e-03    0.999452   1.156207e-03
 2616    1.199754e-03    1.000172   1.156406e-03
 2617    1.195621e-03    0.996555   1.152422e-03
 2618    1.194347e-03    0.998935   1.151194e-03
 2619    1.193174e-03    0.999018   1.150064e-03
 2620    1.196115e-03    1.002465   1.152898e-03
 2621    1.207130e-03    1.009208   1.163514e-03
 2622    1.200777e-03    0.994738   1.157392e-03
 2623    1.232536e-03    1.026449   1.188003e-03
 2624    1.226668e-03    0.995239   1.182347e-03
 2625    1.224544e-03    0.998269   1.180300e-03
 2626    1.224490e-03    0.999956   1.180248e-03
 2627    1.236409e-03    1.009734   1.191736e-03
 2628    1.193330e-03    0.965158   1.150214e-03
 2629    1.193924e-03    1.000497   1.150786e-03
 2630    1.195745e-03    1.001526   1.152541e-03
 2631    1.195793e-03    1.000040   1.152587e-03
 2632    1.195390e-03    0.999663   1.152199e-03
 2633    1.195217e-03    0.999855   1.152033e-03
 2634    1.195161e-03    0.999953   1.151979e-03
 2635    1.195199e-03    1.000032   1.152015e-03
 2636    1.195125e-03    0.999938   1.151944e-03
 2637    1.219653e-03    1.020523   1.175586e-03
 2638    1.197537e-03    0.981867   1.154269e-03
 2639    1.196217e-03    0.998898   1.152996e-03
 2640    1.196305e-03    1.000073   1.153081e-03
 2641    1.196266e-03    0.999968   1.153044e-03
 2642    1.196427e-03    1.000135   1.153199e-03
 2643    1.196465e-03    1.000031   1.153235e-03
 2644    1.196631e-03    1.000139   1.153395e-03
 2645    1.195534e-03    0.999083   1.152338e-03
 2646    1.194427e-03    0.999074   1.151271e-03
 2647    1.196088e-03    1.001390   1.152871e-03
 2648    1.196888e-03    1.000669   1.153643e-03
 2649    1.196973e-03    1.000071   1.153725e-03
 2650    1.196971e-03    0.999998   1.153723e-03
 2651    1.196962e-03    0.999992   1.153714e-03
 2652    1.193236e-03    0.996887   1.150123e-03
 2653    1.197177e-03    1.003303   1.153922e-03
 2654    1.196329e-03    0.999292   1.153104e-03
 2655    1.196487e-03    1.000132   1.153257e-03
 2656    1.196202e-03    0.999761   1.152981e-03
 2657    1.196182e-03    0.999984   1.152963e-03
 2658    1.196174e-03    0.999993   1.152955e-03
 2659    1.196174e-03    1.000000   1.152955e-03
 2660    1.196152e-03    0.999982   1.152934e-03
 2661    1.196141e-03    0.999990   1.152923e-03
 2662    1.196122e-03    0.999984   1.152904e-03
 2663    1.196129e-03    1.000006   1.152912e-03
 2664    1.196073e-03    0.999953   1.152858e-03
 2665    1.195920e-03    0.999872   1.152710e-03
 2666    1.194988e-03    0.999220   1.151812e-03
 2667    1.195208e-03    1.000184   1.152024e-03
 2668    1.191849e-03    0.997190   1.148786e-03
 2669    1.195498e-03    1.003061   1.152303e-03
 2670    1.195478e-03    0.999983   1.152284e-03
 2671    1.195468e-03    0.999991   1.152274e-03
 2672    1.195351e-03    0.999902   1.152161e-03
 2673    1.195348e-03    0.999998   1.152158e-03
 2674    1.195647e-03    1.000251   1.152447e-03
 2675    1.195586e-03    0.999949   1.152388e-03
 2676    1.194830e-03    0.999368   1.151660e-03
 2677    1.194678e-03    0.999872   1.151513e-03
 2678    1.195014e-03    1.000281   1.151836e-03
 2679    1.195032e-03    1.000015   1.151854e-03
 2680    1.194962e-03    0.999942   1.151787e-03
 2681    1.194119e-03    0.999295   1.150974e-03
 2682    1.194125e-03    1.000005   1.150980e-03
 2683    1.193687e-03    0.999634   1.150558e-03
 2684    1.194690e-03    1.000840   1.151525e-03
 2685    1.193068e-03    0.998642   1.149961e-03
 2686    1.196833e-03    1.003156   1.153590e-03
 2687    1.194890e-03    0.998376   1.151717e-03
 2688    1.191981e-03    0.997565   1.148913e-03
 2689    1.191858e-03    0.999897   1.148795e-03
 2690    1.191951e-03    1.000078   1.148884e-03
 2691    1.192157e-03    1.000173   1.149083e-03
 2692    1.191225e-03    0.999218   1.148184e-03
 2693    1.190687e-03    0.999549   1.147666e-03
 2694    1.190626e-03    0.999948   1.147607e-03
 2695    1.191026e-03    1.000336   1.147993e-03
 2696    1.190243e-03    0.999343   1.147238e-03
 2697    1.189927e-03    0.999734   1.146934e-03
 2698    1.185232e-03    0.996054   1.142408e-03
 2699    1.189568e-03    1.003658   1.146587e-03
 2700    1.189993e-03    1.000357   1.146997e-03
 2701    1.189979e-03    0.999989   1.146984e-03
 2702    1.190050e-03    1.000059   1.147052e-03
 2703    1.189910e-03    0.999883   1.146917e-03
 2704    1.189875e-03    0.999970   1.146884e-03
 2705    1.189823e-03    0.999956   1.146833e-03
 2706    1.189816e-03    0.999994   1.146826e-03
 2707    1.189814e-03    0.999998   1.146824e-03
 2708    1.189806e-03    0.999994   1.146817e-03
 2709    1.189104e-03    0.999410   1.146141e-03
 2710    1.188414e-03    0.999419   1.145475e-03
 2711    1.188613e-03    1.000167   1.145667e-03
 2712    1.188428e-03    0.999844   1.145488e-03
 2713    1.188639e-03    1.000178   1.145692e-03
 2714    1.188431e-03    0.999826   1.145492e-03
 2715    1.188421e-03    0.999991   1.145482e-03
 2716    1.188453e-03    1.000027   1.145512e-03
 2717    1.188413e-03    0.999966   1.145474e-03
 2718    1.188424e-03    1.000010   1.145485e-03
 2719    1.188420e-03    0.999997   1.145481e-03
 2720    1.188308e-03    0.999906   1.145373e-03
 2721    1.188188e-03    0.999899   1.145257e-03
 2722    1.188215e-03    1.000023   1.145283e-03
 2723    1.188222e-03    1.000006   1.145290e-03
 2724    1.188226e-03    1.000003   1.145294e-03
 2725    1.188191e-03    0.999970   1.145260e-03
 2726    1.188093e-03    0.999917   1.145165e-03
 2727    1.188049e-03    0.999963   1.145123e-03
 2728    1.188034e-03    0.999988   1.145109e-03
 2729    1.187981e-03    0.999955   1.145058e-03
 2730    1.187921e-03    0.999950   1.145000e-03
 2731    1.187924e-03    1.000002   1.145003e-03
 2732    1.187864e-03    0.999949   1.144945e-03
 2733    1.187866e-03    1.000002   1.144947e-03
 2734    1.187863e-03    0.999997   1.144944e-03
 2735    1.187856e-03    0.999994   1.144937e-03
 2736    1.187856e-03    1.000000   1.144937e-03
 2737    1.187853e-03    0.999997   1.144934e-03
 2738    1.187822e-03    0.999975   1.144905e-03
 2739    1.187811e-03    0.999991   1.144894e-03
 2740    1.187810e-03    0.999999   1.144892e-03
 2741    1.187757e-03    0.999956   1.144842e-03
 2742    1.187761e-03    1.000003   1.144846e-03
 2743    1.187756e-03    0.999996   1.144841e-03
 2744    1.187754e-03    0.999998   1.144839e-03
 2745    1.187789e-03    1.000030   1.144873e-03
 2746    1.187651e-03    0.999884   1.144740e-03
 2747    1.187538e-03    0.999905   1.144631e-03
 2748    1.187537e-03    0.999999   1.144629e-03
 2749    1.187535e-03    0.999998   1.144628e-03
 2750    1.187553e-03    1.000015   1.144645e-03
 2751    1.187589e-03    1.000031   1.144680e-03
 2752    1.190990e-03    1.002863   1.147958e-03
 2753    1.187540e-03    0.997104   1.144633e-03
 2754    1.187498e-03    0.999965   1.144592e-03
 2755    1.187544e-03    1.000038   1.144636e-03
 2756    1.187466e-03    0.999934   1.144561e-03
 2757    1.187471e-03    1.000005   1.144566e-03
 2758    1.187469e-03    0.999998   1.144564e-03
 2759    1.187469e-03    1.000000   1.144564e-03
 2760    1.187478e-03    1.000007   1.144572e-03
 2761    1.187463e-03    0.999987   1.144558e-03
 2762    1.187455e-03    0.999994   1.144551e-03
 2763    1.187442e-03    0.999989   1.144538e-03
 2764    1.187434e-03    0.999993   1.144530e-03
 2765    1.187432e-03    0.999999   1.144529e-03
 2766    1.187485e-03    1.000044   1.144580e-03
 2767    1.187294e-03    0.999839   1.144396e-03
 2768    1.187251e-03    0.999963   1.144354e-03
 2769    1.187330e-03    1.000067   1.144430e-03
 2770    1.187278e-03    0.999956   1.144380e-03
 2771    1.188094e-03    1.000687   1.145167e-03
 2772    1.189223e-03    1.000950   1.146255e-03
 2773    1.189047e-03    0.999851   1.146085e-03
 2774    1.189030e-03    0.999986   1.146069e-03
 2775    1.189037e-03    1.000006   1.146076e-03
 2776    1.188946e-03    0.999924   1.145988e-03
 2777    1.189092e-03    1.000123   1.146129e-03
 2778    1.188903e-03    0.999841   1.145947e-03
 2779    1.189030e-03    1.000106   1.146069e-03
 2780    1.188997e-03    0.999972   1.146037e-03
 2781    1.189097e-03    1.000084   1.146134e-03
 2782    1.189352e-03    1.000215   1.146380e-03
 2783    1.189257e-03    0.999919   1.146287e-03
 2784    1.189161e-03    0.999920   1.146195e-03
 2785    1.189190e-03    1.000025   1.146223e-03
 2786    1.189210e-03    1.000016   1.146242e-03
 2787    1.189064e-03    0.999877   1.146102e-03
 2788    1.188748e-03    0.999735   1.145797e-03
 2789    1.188601e-03    0.999876   1.145656e-03
 2790    1.188465e-03    0.999886   1.145524e-03
 2791    1.188374e-03    0.999923   1.145437e-03
 2792    1.188420e-03    1.000039   1.145481e-03
 2793    1.186181e-03    0.998116   1.143323e-03
 2794    1.200299e-03    1.011902   1.156931e-03
 2795    1.190858e-03    0.992134   1.147830e-03
 2796    1.191146e-03    1.000242   1.148108e-03
 2797    1.192693e-03    1.001299   1.149600e-03
 2798    1.183321e-03    0.992142   1.140566e-03
 2799    1.127078e-03    0.952470   1.086355e-03
 2800    1.176187e-03    1.043572   1.133690e-03
 2801    1.170769e-03    0.995393   1.128468e-03
 2802    1.172343e-03    1.001345   1.129985e-03
 2803    1.173008e-03    1.000567   1.130625e-03
 2804    1.173201e-03    1.000165   1.130812e-03
 2805    1.173276e-03    1.000063   1.130884e-03
 2806    1.173509e-03    1.000199   1.131109e-03
 2807    1.173383e-03    0.999893   1.130987e-03
 2808    1.173357e-03    0.999978   1.130962e-03
 2809    1.173348e-03    0.999992   1.130953e-03
 2810    1.173365e-03    1.000014   1.130969e-03
 2811    1.173366e-03    1.000001   1.130971e-03
 2812    1.173356e-03    0.999992   1.130961e-03
 2813    1.173072e-03    0.999758   1.130687e-03
 2814    1.165321e-03    0.993392   1.123216e-03
 2815    1.164940e-03    0.999673   1.122849e-03
 2816    1.164944e-03    1.000004   1.122853e-03
 2817    1.175350e-03    1.008933   1.132883e-03
 2818    1.175531e-03    1.000154   1.133057e-03
 2819    1.175247e-03    0.999759   1.132784e-03
 2820    1.174781e-03    0.999604   1.132335e-03
 2821    1.176180e-03    1.001191   1.133683e-03
 2822    1.176105e-03    0.999936   1.133611e-03
 2823    1.176647e-03    1.000461   1.134134e-03
 2824    1.190910e-03    1.012122   1.147881e-03
 2825    1.190890e-03    0.999983   1.147861e-03
 2826    1.148606e-03    0.964494   1.107106e-03
 2827    1.148264e-03    0.999702   1.106776e-03
 2828    1.165498e-03    1.015009   1.123387e-03
 2829    1.161699e-03    0.996741   1.119726e-03
 2830    1.162655e-03    1.000822   1.120646e-03
 2831    1.156433e-03    0.994649   1.114649e-03
 2832    1.159460e-03    1.002618   1.117567e-03
 2833    1.166506e-03    1.006077   1.124359e-03
 2834    1.167479e-03    1.000834   1.125297e-03
 2835    1.167268e-03    0.999819   1.125093e-03
 2836    1.167264e-03    0.999997   1.125090e-03
 2837    1.167118e-03    0.999874   1.124948e-03
 2838    1.167137e-03    1.000017   1.124967e-03
 2839    1.166925e-03    0.999818   1.124762e-03
 2840    1.167115e-03    1.000164   1.124946e-03
 2841    1.044277e-03    0.894750   1.006546e-03
 2842    9.854814e-04    0.943697   9.498747e-04
 2843    9.749391e-04    0.989302   9.397133e-04
 2844    9.373974e-04    0.961493   9.035281e-04
 2845    9.373519e-04    0.999951   9.034842e-04
 2846    9.361984e-04    0.998769   9.023723e-04
 2847    9.374480e-04    1.001335   9.035768e-04
 2848    9.355238e-04    0.997947   9.017221e-04
 2849    9.355972e-04    1.000079   9.017929e-04
 2850    9.355940e-04    0.999997   9.017898e-04
 2851    9.355855e-04    0.999991   9.017816e-04
 2852    9.390997e-04    1.003756   9.051689e-04
 2853    9.368413e-04    0.997595   9.029921e-04
 2854    9.363908e-04    0.999519   9.025578e-04
 2855    9.364984e-04    1.000115   9.026615e-04
 2856    9.368297e-04    1.000354   9.029809e-04
 2857    9.354879e-04    0.998568   9.016876e-04
 2858    9.437538e-04    1.008836   9.096548e-04
 2859    9.341536e-04    0.989828   9.004015e-04
 2860    9.331374e-04    0.998912   8.994220e-04
 2861    9.332513e-04    1.000122   8.995318e-04
 2862    9.325118e-04    0.999208   8.988189e-04
 2863    9.319054e-04    0.999350   8.982345e-04
 2864    9.307796e-04    0.998792   8.971494e-04
 2865    9.308852e-04    1.000113   8.972511e-04
 2866    9.308746e-04    0.999989   8.972410e-04
 2867    9.294123e-04    0.998429   8.958315e-04
 2868    9.177449e-04    0.987446   8.845856e-04
 2869    9.550395e-04    1.040637   9.205328e-04
 2870    9.407266e-04    0.985013   9.067370e-04
 2871    9.582697e-04    1.018648   9.236462e-04
 2872    9.393836e-04    0.980291   9.054425e-04
 2873    9.395875e-04    1.000217   9.056390e-04
 2874    9.395244e-04    0.999933   9.055782e-04
 2875    9.395482e-04    1.000025   9.056011e-04
 2876    9.397396e-04    1.000204   9.057856e-04
 2877    9.396647e-04    0.999920   9.057134e-04
 2878    9.395874e-04    0.999918   9.056389e-04
 2879    9.395968e-04    1.000010   9.056479e-04
 2880    9.395997e-04    1.000003   9.056508e-04
 2881    9.395961e-04    0.999996   9.056474e-04
 2882    9.395755e-04    0.999978   9.056275e-04
 2883    9.395791e-04    1.000004   9.056309e-04
 2884    9.395867e-04    1.000008   9.056382e-04
 2885    9.397006e-04    1.000121   9.057480e-04
 2886    9.396809e-04    0.999979   9.057290e-04
 2887    9.327363e-04    0.992610   8.990354e-04
 2888    9.376549e-04    1.005273   9.037763e-04
 2889    9.377399e-04    1.000091   9.038582e-04
 2890    9.430671e-04    1.005681   9.089929e-04
 2891    9.518996e-04    1.009366   9.175063e-04
 2892    9.474235e-04    0.995298   9.131919e-04
 2893    9.465129e-04    0.999039   9.123142e-04
 2894    9.461326e-04    0.999598   9.119477e-04
 2895    9.438304e-04    0.997567   9.097286e-04
 2896    9.763390e-04    1.034443   9.410627e-04
 2897    9.332078e-04    0.955824   8.994899e-04
 2898    9.289901e-04    0.995480   8.954246e-04
 2899    9.297024e-04    1.000767   8.961110e-04
 2900    9.236339e-04    0.993473   8.902618e-04
 2901    9.226825e-04    0.998970   8.893449e-04
 2902    9.246579e-04    1.002141   8.912489e-04
 2903    9.281905e-04    1.003820   8.946538e-04
 2904    9.257001e-04    0.997317   8.922534e-04
 2905    9.255922e-04    0.999883   8.921494e-04
 2906    9.255875e-04    0.999995   8.921449e-04
 2907    9.256416e-04    1.000058   8.921970e-04
 2908    9.257579e-04    1.000126   8.923091e-04
 2909    9.255673e-04    0.999794   8.921254e-04
 2910    9.239211e-04    0.998221   8.905387e-04
 2911    9.247958e-04    1.000947   8.913817e-04
 2912    9.259630e-04    1.001262   8.925068e-04
 2913    9.259859e-04    1.000025   8.925289e-04
 2914    9.259559e-04    0.999968   8.925000e-04
 2915    9.258904e-04    0.999929   8.924368e-04
 2916    9.258627e-04    0.999970   8.924101e-04
 2917    9.257851e-04    0.999916   8.923353e-04
 2918    9.256817e-04    0.999888   8.922356e-04
 2919    9.256860e-04    1.000005   8.922398e-04
 2920    9.256884e-04    1.000003   8.922421e-04
 2921    9.256731e-04    0.999984   8.922274e-04
 2922    9.257043e-04    1.000034   8.922575e-04
 2923    9.257124e-04    1.000009   8.922653e-04
 2924    9.257092e-04    0.999997   8.922622e-04
 2925    9.257480e-04    1.000042   8.922996e-04
 2926    9.257410e-04    0.999992   8.922928e-04
 2927    9.257388e-04    0.999998   8.922907e-04
 2928    9.249763e-04    0.999176   8.915557e-04
 2929    9.255302e-04    1.000599   8.920897e-04
 2930    9.249572e-04    0.999381   8.915374e-04
 2931    9.236854e-04    0.998625   8.903115e-04
 2932    9.214881e-04    0.997621   8.881936e-04
 2933    9.004208e-04    0.977138   8.678874e-04
 2934    9.007882e-04    1.000408   8.682416e-04
 2935    1.104412e-03    1.226050   1.064508e-03
 2936    9.623745e-04    0.871391   9.276027e-04
 2937    9.652524e-04    1.002990   9.303766e-04
 2938    9.591619e-04    0.993690   9.245062e-04
 2939    9.599495e-04    1.000821   9.252654e-04
 2940    9.589556e-04    0.998965   9.243073e-04
 2941    9.579240e-04    0.998924   9.233130e-04
 2942    9.577920e-04    0.999862   9.231857e-04
 2943    9.703651e-04    1.013127   9.353046e-04
 2944    9.868711e-04    1.017010   9.512142e-04
 2945    9.868220e-04    0.999950   9.511669e-04
 2946    9.385174e-04    0.951050   9.046076e-04
 2947    1.140360e-03    1.215065   1.099157e-03
 2948    9.806673e-04    0.859963   9.452346e-04
 2949    9.978916e-04    1.017564   9.618365e-04
 2950    9.849866e-04    0.987068   9.493978e-04
 2951    9.036226e-04    0.917396   8.709736e-04
 2952    9.223266e-04    1.020699   8.890018e-04
 2953    9.226122e-04    1.000310   8.892770e-04
 2954    9.222470e-04    0.999604   8.889251e-04
 2955    9.183329e-04    0.995756   8.851524e-04
 2956    9.184629e-04    1.000142   8.852777e-04
 2957    9.176327e-04    0.999096   8.844775e-04
 2958    9.183364e-04    1.000767   8.851557e-04
 2959    9.183521e-04    1.000017   8.851709e-04
 2960    9.183622e-04    1.000011   8.851806e-04
 2961    9.183478e-04    0.999984   8.851667e-04
 2962    9.182309e-04    0.999873   8.850540e-04
 2963    9.176084e-04    0.999322   8.844541e-04
 2964    9.164298e-04    0.998716   8.833181e-04
 2965    9.171359e-04    1.000771   8.839987e-04
 2966    9.173801e-04    1.000266   8.842340e-04
 2967    9.173754e-04    0.999995   8.842295e-04
 2968    9.173650e-04    0.999989   8.842195e-04
 2969    9.173158e-04    0.999946   8.841720e-04
 2970    9.173164e-04    1.000001   8.841726e-04
 2971    9.172893e-04    0.999971   8.841465e-04
 2972    9.172768e-04    0.999986   8.841344e-04
 2973    9.172552e-04    0.999976   8.841137e-04
 2974    9.172418e-04    0.999985   8.841007e-04
 2975    9.171861e-04    0.999939   8.840470e-04
 2976    9.171848e-04    0.999999   8.840458e-04
 2977    9.172588e-04    1.000081   8.841171e-04
 2978    8.398336e-04    0.915591   8.094893e-04
 2979    8.427032e-04    1.003417   8.122553e-04
 2980    7.705842e-04    0.914419   7.427420e-04
 2981    7.706379e-04    1.000070   7.427938e-04
 2982    7.706570e-04    1.000025   7.428122e-04
 2983    7.706038e-04    0.999931   7.427609e-04
 2984    7.703813e-04    0.999711   7.425465e-04
 2985    7.701848e-04    0.999745   7.423571e-04
 2986    7.701871e-04    1.000003   7.423593e-04
 2987    7.701310e-04    0.999927   7.423052e-04
 2988    7.700895e-04    0.999946   7.422652e-04
 2989    7.701393e-04    1.000065   7.423132e-04
 2990    7.702300e-04    1.000118   7.424006e-04
 2991    7.702233e-04    0.999991   7.423942e-04
 2992    7.702141e-04    0.999988   7.423853e-04
 2993    7.702119e-04    0.999997   7.423831e-04
 2994    7.702131e-04    1.000002   7.423844e-04
 2995    7.702408e-04    1.000036   7.424110e-04
 2996    7.703498e-04    1.000141   7.425161e-04
 2997    7.702383e-04    0.999855   7.424086e-04
 2998    7.708815e-04    1.000835   7.430286e-04
 2999    7.710740e-04    1.000250   7.432141e-04
 3000    7.726437e-04    1.002036   7.447271e-04
 3001    7.715723e-04    0.998613   7.436944e-04
 3002    7.715689e-04    0.999996   7.436911e-04
 3003    7.715751e-04    1.000008   7.436972e-04
 3004    7.715603e-04    0.999981   7.436828e-04
 3005    7.715285e-04    0.999959   7.436522e-04
 3006    7.715186e-04    0.999987   7.436426e-04
 3007    7.715174e-04    0.999998   7.436415e-04
 3008    7.714213e-04    0.999875   7.435489e-04
 3009    7.713305e-04    0.999882   7.434614e-04
 3010    7.716687e-04    1.000438   7.437873e-04
 3011    7.708193e-04    0.998899   7.429687e-04
 3012    7.586313e-04    0.984188   7.312210e-04
 3013    7.585701e-04    0.999919   7.311620e-04
 3014    7.658359e-04    1.009578   7.381653e-04
 3015    7.686899e-04    1.003727   7.409162e-04
 3016    7.682964e-04    0.999488   7.405369e-04
 3017    7.685368e-04    1.000313   7.407686e-04
 3018    7.692736e-04    1.000959   7.414788e-04
 3019    7.837468e-04    1.018814   7.554290e-04
 3020    7.610839e-04    0.971084   7.335850e-04
 3021    7.545093e-04    0.991361   7.272479e-04
 3022    7.542015e-04    0.999592   7.269512e-04
 3023    7.564225e-04    1.002945   7.290920e-04
 3024    7.316176e-04    0.967208   7.051833e-04
 3025    7.475932e-04    1.021836   7.205817e-04
 3026    7.621648e-04    1.019491   7.346268e-04
 3027    7.631974e-04    1.001355   7.356221e-04
 3028    7.631164e-04    0.999894   7.355440e-04
 3029    7.650147e-04    1.002488   7.373738e-04
 3030    7.606223e-04    0.994258   7.331401e-04
 3031    7.665844e-04    1.007838   7.388868e-04
 3032    7.666455e-04    1.000080   7.389457e-04
 3033    7.661770e-04    0.999389   7.384941e-04
 3034    7.660259e-04    0.999803   7.383485e-04
 3035    7.659529e-04    0.999905   7.382780e-04
 3036    7.658284e-04    0.999838   7.381581e-04
 3037    7.658464e-04    1.000023   7.381754e-04
 3038    7.660513e-04    1.000268   7.383729e-04
 3039    7.654757e-04    0.999249   7.378181e-04
 3040    7.654316e-04    0.999942   7.377756e-04
 3041    7.653292e-04    0.999866   7.376769e-04
 3042    7.650726e-04    0.999665   7.374296e-04
 3043    7.650969e-04    1.000032   7.374530e-04
 3044    7.651183e-04    1.000028   7.374736e-04
 3045    7.650937e-04    0.999968   7.374499e-04
 3046    7.670878e-04    1.002606   7.393720e-04
 3047    7.637474e-04    0.995645   7.361523e-04
 3048    7.668020e-04    1.003999   7.390965e-04
 3049    7.661853e-04    0.999196   7.385021e-04
 3050    7.659898e-04    0.999745   7.383136e-04
 3051    7.661160e-04    1.000165   7.384353e-04
 3052    7.671660e-04    1.001371   7.394473e-04
 3053    7.667483e-04    0.999456   7.390447e-04
 3054    7.631799e-04    0.995346   7.356053e-04
 3055    7.595161e-04    0.995199   7.320739e-04
 3056    7.602800e-04    1.001006   7.328101e-04
 3057    7.594994e-04    0.998973   7.320578e-04
 3058    7.594646e-04    0.999954   7.320242e-04
 3059    7.594869e-04    1.000029   7.320457e-04
 3060    7.588126e-04    0.999112   7.313958e-04
 3061    7.598173e-04    1.001324   7.323641e-04
 3062    7.597501e-04    0.999912   7.322994e-04
 3063    7.597058e-04    0.999942   7.322567e-04
 3064    7.597052e-04    0.999999   7.322561e-04
 3065    7.596591e-04    0.999939   7.322117e-04
 3066    7.593945e-04    0.999652   7.319567e-04
 3067    7.599866e-04    1.000780   7.325273e-04
 3068    7.602813e-04    1.000388   7.328114e-04
 3069    7.601271e-04    0.999797   7.326628e-04
 3070    7.623538e-04    1.002929   7.348090e-04
 3071    7.467901e-04    0.979585   7.198076e-04
 3072    7.570618e-04    1.013754   7.297082e-04
 3073    7.570657e-04    1.000005   7.297120e-04
 3074    7.568578e-04    0.999725   7.295115e-04
 3075    7.568591e-04    1.000002   7.295128e-04
 3076    7.568413e-04    0.999977   7.294957e-04
 3077    7.568399e-04    0.999998   7.294943e-04
 3078    7.567879e-04    0.999931   7.294442e-04
 3079    7.568558e-04    1.000090   7.295096e-04
 3080    7.571949e-04    1.000448   7.298365e-04
 3081    7.571900e-04    0.999994   7.298318e-04
 3082    7.571961e-04    1.000008   7.298377e-04
 3083    7.571911e-04    0.999993   7.298329e-04
 3084    7.571825e-04    0.999989   7.298246e-04
 3085    7.573743e-04    1.000253   7.300094e-04
 3086    7.562722e-04    0.998545   7.289471e-04
 3087    7.568693e-04    1.000790   7.295227e-04
 3088    7.568243e-04    0.999941   7.294793e-04
 3089    7.567532e-04    0.999906   7.294107e-04
 3090    7.567039e-04    0.999935   7.293632e-04
 3091    7.566499e-04    0.999929   7.293112e-04
 3092    7.557052e-04    0.998752   7.284007e-04
 3093    7.560841e-04    1.000501   7.287658e-04
 3094    7.539587e-04    0.997189   7.267172e-04
 3095    7.535428e-04    0.999448   7.263163e-04
 3096    7.575860e-04    1.005366   7.302134e-04
 3097    7.527834e-04    0.993661   7.255844e-04
 3098    7.536381e-04    1.001135   7.264082e-04
 3099    7.525850e-04    0.998603   7.253931e-04
 3100    7.434341e-04    0.987841   7.165729e-04
 3101    7.418075e-04    0.997812   7.150050e-04
 3102    7.411077e-04    0.999057   7.143306e-04
 3103    7.408647e-04    0.999672   7.140964e-04
 3104    7.412576e-04    1.000530   7.144750e-04
 3105    7.443769e-04    1.004208   7.174816e-04
 3106    8.860644e-04    1.190344   8.540498e-04
 3107    7.076357e-04    0.798628   6.820680e-04
 3108    7.115282e-04    1.005501   6.858198e-04
 3109    7.116577e-04    1.000182   6.859446e-04
 3110    7.117515e-04    1.000132   6.860351e-04
 3111    7.116195e-04    0.999815   6.859078e-04
 3112    7.150719e-04    1.004851   6.892355e-04
 3113    6.771544e-04    0.946974   6.526879e-04
 3114    6.624992e-04    0.978358   6.385623e-04
 3115    6.644091e-04    1.002883   6.404032e-04
 3116    6.128637e-04    0.922419   5.907202e-04
 3117    5.030503e-04    0.820819   4.848745e-04
 3118    1.100814e-03    2.188279   1.061041e-03
 3119    8.581259e-04    0.779537   8.271207e-04
 3120    8.651509e-04    1.008186   8.338919e-04
 3121    8.562739e-04    0.989739   8.253357e-04
 3122    8.847525e-04    1.033259   8.527853e-04
 3123    8.733095e-04    0.987066   8.417557e-04
 3124    8.833538e-04    1.011501   8.514371e-04
 3125    8.382697e-04    0.948963   8.079820e-04
 3126    7.651353e-04    0.912756   7.374900e-04
 3127    8.171830e-04    1.068024   7.876572e-04
 3128    8.183492e-04    1.001427   7.887812e-04
 3129    7.996920e-04    0.977201   7.707981e-04
 3130    8.194010e-04    1.024646   7.897950e-04
 3131    8.207245e-04    1.001615   7.910707e-04
 3132    8.125327e-04    0.990019   7.831748e-04
 3133    8.141538e-04    1.001995   7.847374e-04
 3134    8.141345e-04    0.999976   7.847188e-04
 3135    8.152430e-04    1.001362   7.857873e-04
 3136    8.156388e-04    1.000486   7.861688e-04
 3137    8.181290e-04    1.003053   7.885690e-04
 3138    8.255355e-04    1.009053   7.957079e-04
 3139    8.263530e-04    1.000990   7.964959e-04
 3140    8.263504e-04    0.999997   7.964934e-04
 3141    8.209286e-04    0.993439   7.912675e-04
 3142    8.206815e-04    0.999699   7.910293e-04
 3143    8.182480e-04    0.997035   7.886837e-04
 3144    8.259343e-04    1.009394   7.960922e-04
 3145    8.175426e-04    0.989840   7.880037e-04
 3146    8.166786e-04    0.998943   7.871710e-04
 3147    9.393844e-04    1.150250   9.054433e-04
 3148    8.080839e-04    0.860227   7.788868e-04
 3149    7.922768e-04    0.980439   7.636509e-04
 3150    7.904094e-04    0.997643   7.618509e-04
 3151    7.939591e-04    1.004491   7.652724e-04
 3152    8.330880e-04    1.049283   8.029875e-04
 3153    7.931761e-04    0.952092   7.645177e-04
 3154    7.931497e-04    0.999967   7.644922e-04
 3155    7.933637e-04    1.000270   7.646985e-04
 3156    7.935877e-04    1.000282   7.649144e-04
 3157    7.935127e-04    0.999906   7.648421e-04
 3158    7.939871e-04    1.000598   7.652994e-04
 3159    7.929803e-04    0.998732   7.643290e-04
 3160    7.960586e-04    1.003882   7.672960e-04
 3161    7.936379e-04    0.996959   7.649628e-04
 3162    7.934495e-04    0.999763   7.647811e-04
 3163    7.971143e-04    1.004619   7.683136e-04
 3164    7.913050e-04    0.992712   7.627141e-04
 3165    7.879523e-04    0.995763   7.594826e-04
 3166    7.875732e-04    0.999519   7.591172e-04
 3167    7.868641e-04    0.999100   7.584338e-04
 3168    7.975281e-04    1.013553   7.687124e-04
 3169    7.827474e-04    0.981467   7.544658e-04
 3170    6.764025e-04    0.864139   6.519633e-04
 3171    9.683566e-04    1.431628   9.333687e-04
 3172    4.468489e-04    0.461451   4.307037e-04
 3173    3.026140e-04    0.677218   2.916801e-04
 3174    3.619966e-04    1.196232   3.489172e-04
 3175    3.609457e-04    0.997097   3.479043e-04
 3176    3.896808e-04    1.079611   3.756011e-04
 3177    3.502683e-04    0.898860   3.376127e-04
 3178    3.581529e-04    1.022510   3.452124e-04
 3179    3.579732e-04    0.999498   3.450392e-04
 3180    4.345262e-04    1.213851   4.188262e-04
 3181    1.068871e-04    0.245985   1.030251e-04
 3182    7.336542e-05    0.686382   7.071463e-05
 3183    7.121150e-05    0.970641   6.863854e-05
 3184    6.810421e-05    0.956365   6.564352e-05
 3185    6.847305e-05    1.005416   6.599903e-05
 3186    1.488211e-04    2.173426   1.434440e-04
 3187    1.374768e-04    0.923772   1.325096e-04
 3188    3.677011e-04    2.674641   3.544156e-04
 3189    2.291657e-03    6.232390   2.208856e-03
 3190    1.551218e-03    0.676898   1.495171e-03
 3191    2.460819e-03    1.586378   2.371907e-03
 3192    4.414720e-04    0.179400   4.255210e-04
 3193    1.005993e-03    2.278723   9.696448e-04
 3194    4.240850e-04    0.421559   4.087623e-04
 3195    4.720242e-04    1.113041   4.549694e-04
 3196    4.600352e-04    0.974601   4.434136e-04
 3197    4.813208e-04    1.046270   4.639301e-04
 3198    4.696862e-04    0.975828   4.527158e-04
 3199    4.684731e-04    0.997417   4.515466e-04
 3200    4.725812e-04    1.008769   4.555063e-04
 3201    4.725023e-04    0.999833   4.554302e-04
 3202    4.726675e-04    1.000350   4.555894e-04
 3203    4.703003e-04    0.994992   4.533077e-04
 3204    4.722736e-04    1.004196   4.552097e-04
 3205    4.701387e-04    0.995480   4.531520e-04
 3206    4.704573e-04    1.000678   4.534591e-04
 3207    4.704641e-04    1.000014   4.534656e-04
 3208    4.707371e-04    1.000580   4.537287e-04
 3209    4.714745e-04    1.001567   4.544396e-04
 3210    4.849373e-04    1.028554   4.674159e-04
 3211    4.666393e-04    0.962267   4.497790e-04
 3212    8.940608e-04    1.915957   8.617573e-04
 3213    4.035031e-04    0.451315   3.889240e-04
 3214    8.674671e-04    2.149840   8.361244e-04
 3215    4.620073e-04    0.532593   4.453144e-04
 3216    4.696776e-04    1.016602   4.527076e-04
 3217    4.688427e-04    0.998222   4.519028e-04
 3218    4.679166e-04    0.998025   4.510102e-04
 3219    4.672425e-04    0.998559   4.503604e-04
 3220    4.672428e-04    1.000001   4.503608e-04
 3221    4.672125e-04    0.999935   4.503315e-04
 3222    4.672368e-04    1.000052   4.503550e-04
 3223    4.672342e-04    0.999994   4.503525e-04
 3224    4.672303e-04    0.999992   4.503487e-04
 3225    4.672442e-04    1.000030   4.503620e-04
 3226    4.672468e-04    1.000006   4.503646e-04
 3227    4.672405e-04    0.999986   4.503585e-04
 3228    4.672294e-04    0.999976   4.503479e-04
 3229    4.671797e-04    0.999894   4.502999e-04
 3230    4.670754e-04    0.999777   4.501994e-04
 3231    4.671823e-04    1.000229   4.503024e-04
 3232    4.671752e-04    0.999985   4.502956e-04
 3233    4.670999e-04    0.999839   4.502230e-04
 3234    4.670356e-04    0.999863   4.501611e-04
 3235    4.658347e-04    0.997429   4.490035e-04
 3236    4.652128e-04    0.998665   4.484041e-04
 3237    4.506187e-04    0.968629   4.343373e-04
 3238    4.527398e-04    1.004707   4.363817e-04
 3239    4.754175e-04    1.050090   4.582401e-04
 3240    4.790414e-04    1.007622   4.617330e-04
 3241    4.717892e-04    0.984861   4.547429e-04
 3242    4.587520e-04    0.972366   4.421767e-04
 3243    4.587714e-04    1.000042   4.421954e-04
 3244    4.880517e-04    1.063823   4.704178e-04
 3245    5.816637e-04    1.191807   5.606474e-04
 3246    5.661662e-04    0.973357   5.457099e-04
 3247    4.884524e-04    0.862737   4.708040e-04
 3248    1.160780e-03    2.376444   1.118839e-03
 3249    3.928910e-04    0.338472   3.786953e-04
 3250    4.161067e-04    1.059089   4.010722e-04
 3251    4.249928e-04    1.021355   4.096373e-04
 3252    4.065867e-04    0.956691   3.918962e-04
 3253    4.106867e-04    1.010084   3.958481e-04
 3254    4.166094e-04    1.014422   4.015568e-04
 3255    4.150159e-04    0.996175   4.000209e-04
 3256    4.149826e-04    0.999920   3.999888e-04
 3257    4.152703e-04    1.000693   4.002660e-04
 3258    4.156565e-04    1.000930   4.006383e-04
 3259    4.155477e-04    0.999738   4.005334e-04
 3260    4.155525e-04    1.000011   4.005380e-04
 3261    4.181626e-04    1.006281   4.030538e-04
 3262    4.157305e-04    0.994184   4.007096e-04
 3263    4.172971e-04    1.003768   4.022196e-04
 3264    5.490841e-04    1.315811   5.292451e-04
 3265    3.738860e-04    0.680927   3.603771e-04
 3266    3.058694e-04    0.818082   2.948179e-04
 3267    3.741970e-04    1.223388   3.606768e-04
 3268    3.703511e-04    0.989722   3.569699e-04
 3269    3.751156e-04    1.012865   3.615622e-04
 3270    3.895229e-04    1.038408   3.754489e-04
 3271    2.319994e-04    0.595599   2.236169e-04
 3272    9.677812e-05    0.417148   9.328141e-05
 3273    8.692938e-05    0.898234   8.378851e-05
 3274    8.731588e-05    1.004446   8.416105e-05
 3275    8.807163e-05    1.008655   8.488949e-05
 3276    8.267162e-05    0.938686   7.968459e-05
 3277    4.768703e-05    0.576825   4.596404e-05
 3278    6.680102e-05    1.400822   6.438742e-05
 3279    5.834443e-05    0.873406   5.623637e-05
 3280    5.435742e-05    0.931664   5.239342e-05
 3281    5.424525e-05    0.997936   5.228530e-05
 3282    5.357247e-05    0.987598   5.163683e-05
 3283    9.735897e-05    1.817332   9.384127e-05
 3284    6.393338e-05    0.656677   6.162339e-05
 3285    6.550400e-05    1.024567   6.313726e-05
 3286    7.237752e-05    1.104933   6.976243e-05
 3287    8.397616e-05    1.160252   8.094200e-05
 3288    9.864470e-05    1.174675   9.508055e-05
 3289    1.008501e-04    1.022357   9.720624e-05
 3290    9.314131e-05    0.923562   8.977600e-05
 3291    9.136268e-05    0.980904   8.806163e-05
 3292    9.251615e-05    1.012625   8.917343e-05
 3293    9.415142e-05    1.017675   9.074961e-05
 3294    9.413392e-05    0.999814   9.073274e-05
 3295    9.419089e-05    1.000605   9.078766e-05
 3296    9.420823e-05    1.000184   9.080437e-05
 3297    9.714007e-05    1.031121   9.363028e-05
 3298    8.095349e-05    0.833369   7.802854e-05
 3299    1.000260e-04    1.235598   9.641194e-05
 3300    1.049547e-04    1.049274   1.011626e-04
 3301    1.006943e-04    0.959407   9.705611e-05
 3302    1.007129e-04    1.000184   9.707399e-05
 3303    4.638620e-04    4.605786   4.471021e-04
 3304    3.947342e-04    0.850973   3.804719e-04
 3305    1.171172e-04    0.296699   1.128856e-04
 3306    1.631691e-05    0.139321   1.572736e-05
 3307    3.086252e-05    1.891443   2.974741e-05
 3308    3.073785e-05    0.995961   2.962726e-05
 3309    5.958498e-05    1.938489   5.743210e-05
 3310    5.329081e-05    0.894366   5.136535e-05
 3311    5.383244e-05    1.010164   5.188741e-05
 3312    5.381737e-05    0.999720   5.187288e-05
 3313    5.487690e-05    1.019688   5.289413e-05
 3314    5.494410e-05    1.001224   5.295890e-05
 3315    5.474011e-05    0.996287   5.276228e-05
 3316    5.613350e-05    1.025455   5.410533e-05
 3317    5.574162e-05    0.993019   5.372760e-05
 3318    5.366302e-05    0.962710   5.172411e-05
 3319    5.345670e-05    0.996155   5.152525e-05
 3320    5.352811e-05    1.001336   5.159407e-05
 3321    6.906747e-05    1.290303   6.657198e-05
 3322    2.786099e-05    0.403388   2.685434e-05
 3323    8.825263e-05    3.167605   8.506395e-05
 3324    3.555457e-05    0.402873   3.426994e-05
 3325    3.330719e-05    0.936791   3.210376e-05
 3326    3.354970e-05    1.007281   3.233750e-05
 3327    2.980991e-05    0.888530   2.873284e-05
 3328    2.895179e-05    0.971214   2.790572e-05
 3329    4.128927e-05    1.426139   3.979743e-05
 3330    3.863462e-05    0.935706   3.723870e-05
 3331    3.914811e-05    1.013291   3.773364e-05
 3332    3.921518e-05    1.001713   3.779828e-05
 3333    3.921510e-05    0.999998   3.779821e-05
 3334    3.913455e-05    0.997946   3.772057e-05
 3335    3.920641e-05    1.001836   3.778984e-05
 3336    4.131915e-05    1.053888   3.982624e-05
 3337    4.006161e-05    0.969565   3.861414e-05
 3338    4.001221e-05    0.998767   3.856652e-05
 3339    4.003789e-05    1.000642   3.859127e-05
 3340    3.997153e-05    0.998342   3.852731e-05
 3341    4.137174e-05    1.035030   3.987693e-05
 3342    4.159514e-05    1.005400   4.009226e-05
 3343    4.056887e-05    0.975327   3.910307e-05
 3344    4.048473e-05    0.997926   3.902197e-05
 3345    4.024824e-05    0.994158   3.879402e-05
 3346    3.974251e-05    0.987435   3.830657e-05
 3347    4.004449e-05    1.007598   3.859763e-05
 3348    4.004472e-05    1.000006   3.859786e-05
 3349    4.001458e-05    0.999247   3.856880e-05
 3350    4.091871e-05    1.022595   3.944026e-05
 3351    4.053680e-05    0.990667   3.907215e-05
 3352    4.058230e-05    1.001123   3.911601e-05
 3353    4.051778e-05    0.998410   3.905382e-05
 3354    4.060317e-05    1.002107   3.913613e-05
 3355    3.798139e-05    0.935429   3.660907e-05
 3356    3.826767e-05    1.007537   3.688501e-05
 3357    3.817111e-05    0.997477   3.679194e-05
 3358    3.835678e-05    1.004864   3.697090e-05
 3359    3.104603e-05    0.809402   2.992430e-05
 3360    3.078834e-05    0.991700   2.967592e-05
 3361    3.132928e-05    1.017570   3.019732e-05
 3362    3.331785e-05    1.063473   3.211403e-05
 3363    3.809319e-05    1.143327   3.671683e-05
 3364    3.354459e-05    0.880593   3.233258e-05
 3365    3.351079e-05    0.998992   3.230001e-05
 3366    2.046627e-05    0.610737   1.972679e-05
 3367    2.452226e-04    11.981793   2.363624e-04
 3368    3.046948e-04    1.242524   2.936858e-04
 3369    2.207722e-04    0.724568   2.127955e-04
 3370    1.972803e-04    0.893592   1.901524e-04
 3371    2.173685e-04    1.101825   2.095147e-04
 3372    2.307213e-04    1.061429   2.223850e-04
 3373    1.028413e-04    0.445738   9.912553e-05
 3374    2.935843e-03    28.547312   2.829767e-03
 3375    9.655700e-04    0.328890   9.306827e-04
 3376    1.005110e-03    1.040950   9.687938e-04
 3377    8.295521e-04    0.825335   7.995793e-04
 3378    1.875155e-03    2.260443   1.807403e-03
 3379    1.522900e-03    0.812146   1.467876e-03
 3380    2.949459e-03    1.936738   2.842892e-03
 3381    1.050301e-04    0.035610   1.012352e-04
 3382    2.498235e-04    2.378589   2.407970e-04
 3383    1.023453e-04    0.409670   9.864741e-05
 3384    4.854468e-05    0.474323   4.679070e-05
 3385    7.334806e-06    0.151094   7.069790e-06
 3386    1.257648e-06    0.171463   1.212207e-06
 3387    1.397363e-06    1.111092   1.346874e-06
 3388    2.350361e-05    16.819980   2.265440e-05
 3389    1.349920e-05    0.574346   1.301146e-05
 3390    1.523292e-05    1.128431   1.468253e-05
 3391    1.731822e-05    1.136894   1.669249e-05
 3392    1.698523e-05    0.980772   1.637153e-05
 3393    1.731017e-05    1.019131   1.668473e-05
 3394    1.828444e-05    1.056283   1.762380e-05
 3395    1.828336e-05    0.999941   1.762276e-05
 3396    1.868739e-05    1.022098   1.801219e-05
 3397    1.856223e-05    0.993302   1.789155e-05
 3398    1.852441e-05    0.997962   1.785510e-05
 3399    1.849429e-05    0.998374   1.782607e-05
 3400    1.850264e-05    1.000451   1.783411e-05
 3401    1.851702e-05    1.000777   1.784798e-05
 3402    1.854139e-05    1.001316   1.787147e-05
 3403    1.858186e-05    1.002183   1.791048e-05
 3404    1.886299e-05    1.015129   1.818145e-05
 3405    2.804548e-05    1.486799   2.703216e-05
 3406    1.823713e-05    0.650270   1.757820e-05
 3407    1.800486e-05    0.987264   1.735432e-05
 3408    1.828523e-05    1.015572   1.762456e-05
 3409    1.765511e-05    0.965539   1.701720e-05
 3410    1.566890e-05    0.887499   1.510276e-05
 3411    1.566997e-05    1.000068   1.510379e-05
 3412    1.350796e-05    0.862028   1.301990e-05
 3413    1.191864e-05    0.882342   1.148800e-05
 3414    5.810435e-06    0.487508   5.600497e-06
 3415    6.000728e-06    1.032750   5.783914e-06
 3416    4.806644e-06    0.801010   4.632974e-06
 3417    2.183251e-07    0.045422   2.104367e-07
 3418    3.222119e-07    1.475836   3.105700e-07
 3419    2.495986e-07    0.774641   2.405803e-07
 3420    1.191629e-07    0.477418   1.148574e-07
 3421    8.921946e-08    0.748718   8.599585e-08
 3422    8.855614e-08    0.992565   8.535650e-08
 3423    8.849922e-08    0.999357   8.530164e-08
 3424    9.766834e-08    1.103607   9.413946e-08
 3425    9.650440e-08    0.988083   9.301758e-08
 3426    4.974229e-07    5.154406   4.794504e-07
 3427    4.637343e-07    0.932274   4.469790e-07
 3428    6.078752e-07    1.310826   5.859119e-07
 3429    4.177654e-06    6.872553   4.026711e-06
 3430    2.512988e-06    0.601531   2.422191e-06
 3431    7.896014e-07    0.314208   7.610721e-07
 3432    3.141050e-06    3.978020   3.027560e-06
 3433    4.974856e-06    1.583819   4.795108e-06
 3434    5.238872e-06    1.053070   5.049585e-06
 3435    3.412831e-06    0.651444   3.289521e-06
 3436    5.472246e-06    1.603433   5.274527e-06
 3437    1.015158e-06    0.185510   9.784786e-07
 3438    1.057138e-05    10.413533   1.018942e-05
 3439    9.197157e-06    0.870006   8.864853e-06
 3440    9.303089e-06    1.011518   8.966957e-06
 3441    1.041535e-05    1.119558   1.003903e-05
 3442    8.639595e-06    0.829506   8.327436e-06
 3443    9.667437e-06    1.118969   9.318140e-06
 3444    7.906472e-06    0.817846   7.620802e-06
 3445    1.303309e-05    1.648408   1.256219e-05
 3446    3.159243e-06    0.242402   3.045096e-06
 3447    5.056175e-06    1.600438   4.873489e-06
 3448    6.053948e-06    1.197338   5.835212e-06
 3449    7.002594e-06    1.156699   6.749582e-06
 3450    6.477931e-06    0.925076   6.243876e-06
 3451    7.238182e-06    1.117360   6.976657e-06
 3452    7.166605e-06    0.990111   6.907667e-06
 3453    7.169435e-06    1.000395   6.910394e-06
 3454    5.600603e-06    0.781178   5.398246e-06
 3455    5.588760e-06    0.997885   5.386832e-06
 3456    6.433361e-06    1.151125   6.200916e-06
 3457    6.397296e-06    0.994394   6.166154e-06
 3458    6.663033e-06    1.041539   6.422289e-06
 3459    6.190872e-06    0.929137   5.967188e-06
 3460    6.284232e-06    1.015080   6.057175e-06
 3461    6.278853e-06    0.999144   6.051990e-06
 3462    6.278840e-06    0.999998   6.051978e-06
 3463    6.278003e-06    0.999867   6.051170e-06
 3464    6.281513e-06    1.000559   6.054554e-06
 3465    6.288323e-06    1.001084   6.061118e-06
 3466    6.289580e-06    1.000200   6.062329e-06
 3467    6.045261e-06    0.961155   5.826838e-06
 3468    6.278547e-06    1.038590   6.051695e-06
 3469    6.275461e-06    0.999509   6.048721e-06
 3470    6.264451e-06    0.998246   6.038109e-06
 3471    6.276532e-06    1.001928   6.049753e-06
 3472    6.470294e-06    1.030871   6.236515e-06
 3473    6.553772e-06    1.012902   6.316976e-06
 3474    6.683431e-06    1.019784   6.441950e-06
 3475    6.670137e-06    0.998011   6.429137e-06
 3476    6.479272e-06    0.971385   6.245168e-06
 3477    9.789881e-06    1.510954   9.436161e-06
 3478    5.857021e-05    5.982729   5.645399e-05
 3479    1.065029e-05    0.181838   1.026548e-05
 3480    1.060081e-05    0.995354   1.021779e-05
 3481    1.071971e-05    1.011216   1.033239e-05
 3482    8.808154e-06    0.821679   8.489904e-06
 3483    8.052769e-06    0.914240   7.761812e-06
 3484    7.131594e-06    0.885608   6.873920e-06
 3485    8.452276e-06    1.185187   8.146884e-06
 3486    8.473555e-06    1.002518   8.167395e-06
 3487    9.093478e-06    1.073160   8.764919e-06
 3488    4.955613e-06    0.544963   4.776560e-06
 3489    5.483425e-06    1.106508   5.285302e-06
 3490    5.552244e-06    1.012550   5.351634e-06
 3491    4.456062e-06    0.802570   4.295059e-06
 3492    2.480726e-06    0.556708   2.391095e-06
 3493    1.258364e-06    0.507256   1.212898e-06
 3494    1.793812e-06    1.425511   1.728999e-06
 3495    1.752817e-06    0.977147   1.689485e-06
 3496    1.822867e-06    1.039964   1.757004e-06
 3497    1.734193e-06    0.951355   1.671535e-06
 3498    1.189943e-06    0.686165   1.146949e-06
 3499    1.033017e-06    0.868123   9.956931e-07
 3500    1.121394e-06    1.085552   1.080877e-06
 3501    1.120045e-06    0.998797   1.079576e-06
 3502    1.121754e-06    1.001526   1.081223e-06
 3503    1.120547e-06    0.998924   1.080060e-06
 3504    1.059986e-06    0.945955   1.021688e-06
 3505    9.144600e-07    0.862709   8.814194e-07
 3506    8.801840e-07    0.962518   8.483818e-07
 3507    8.800314e-07    0.999827   8.482348e-07
 3508    8.608398e-07    0.978192   8.297366e-07
 3509    7.614836e-07    0.884582   7.339703e-07
 3510    8.143789e-07    1.069463   7.849543e-07
 3511    8.142928e-07    0.999894   7.848714e-07
 3512    8.144409e-07    1.000182   7.850141e-07
 3513    8.064438e-07    0.990181   7.773060e-07
 3514    8.802911e-07    1.091572   8.484851e-07
 3515    9.571424e-07    1.087302   9.225597e-07
 3516    1.017232e-06    1.062780   9.804778e-07
 3517    6.626929e-07    0.651467   6.387490e-07
 3518    1.227073e-06    1.851646   1.182737e-06
 3519    1.348962e-06    1.099334   1.300223e-06
 3520    1.187524e-06    0.880324   1.144617e-06
 3521    1.244847e-06    1.048271   1.199869e-06
 3522    1.213245e-06    0.974613   1.169409e-06
 3523    1.133325e-06    0.934127   1.092376e-06
 3524    1.134109e-06    1.000692   1.093132e-06
 3525    1.343552e-06    1.184677   1.295008e-06
 3526    1.761818e-06    1.311314   1.698162e-06
 3527    1.891849e-06    1.073805   1.823494e-06
 3528    2.013591e-06    1.064351   1.940837e-06
 3529    1.594870e-06    0.792053   1.537246e-06
 3530    2.119998e-06    1.329260   2.043399e-06
 3531    2.134017e-06    1.006613   2.056912e-06
 3532    2.163219e-06    1.013684   2.085059e-06
 3533    2.156374e-06    0.996836   2.078461e-06
 3534    2.155548e-06    0.999617   2.077665e-06
 3535    2.163050e-06    1.003480   2.084896e-06
 3536    2.170480e-06    1.003435   2.092058e-06
 3537    2.144007e-06    0.987803   2.066541e-06
 3538    1.506210e-06    0.702521   1.451788e-06
 3539    2.127250e-06    1.412320   2.050389e-06
 3540    2.133910e-06    1.003131   2.056810e-06
 3541    2.130551e-06    0.998426   2.053571e-06
 3542    2.189720e-06    1.027772   2.110603e-06
 3543    2.200391e-06    1.004873   2.120888e-06
 3544    2.163703e-06    0.983327   2.085525e-06
 3545    2.170025e-06    1.002922   2.091619e-06
 3546    2.192793e-06    1.010492   2.113565e-06
 3547    2.309651e-06    1.053292   2.226200e-06
 3548    2.276801e-06    0.985777   2.194537e-06
 3549    2.278213e-06    1.000620   2.195898e-06
 3550    2.275380e-06    0.998757   2.193168e-06
 3551    2.290455e-06    1.006625   2.207698e-06
 3552    1.923761e-06    0.839903   1.854253e-06
 3553    2.399359e-06    1.247223   2.312667e-06
 3554    2.371779e-06    0.988505   2.286083e-06
 3555    2.345603e-06    0.988964   2.260854e-06
 3556    2.348891e-06    1.001401   2.264022e-06
 3557    2.296872e-06    0.977854   2.213883e-06
 3558    2.312377e-06    1.006751   2.228828e-06
 3559    2.312366e-06    0.999995   2.228818e-06
 3560    2.317883e-06    1.002386   2.234135e-06
 3561    2.316828e-06    0.999545   2.233118e-06
 3562    2.316825e-06    0.999999   2.233115e-06
 3563    2.679660e-06    1.156609   2.582841e-06
 3564    2.327919e-06    0.868737   2.243808e-06
 3565    2.254606e-06    0.968507   2.173144e-06
 3566    2.256006e-06    1.000621   2.174493e-06
 3567    2.315991e-06    1.026589   2.232311e-06
 3568    2.275164e-06    0.982372   2.192959e-06
 3569    2.388214e-06    1.049689   2.301925e-06
 3570    2.195618e-06    0.919356   2.116288e-06
 3571    2.196862e-06    1.000567   2.117487e-06
 3572    2.193628e-06    0.998528   2.114370e-06
 3573    2.193351e-06    0.999874   2.114102e-06
 3574    2.193207e-06    0.999934   2.113964e-06
 3575    2.193293e-06    1.000039   2.114046e-06
 3576    2.199117e-06    1.002655   2.119660e-06
 3577    2.194202e-06    0.997765   2.114923e-06
 3578    2.194187e-06    0.999993   2.114908e-06
 3579    2.194234e-06    1.000022   2.114954e-06
 3580    2.194113e-06    0.999945   2.114837e-06
 3581    2.193731e-06    0.999826   2.114469e-06
 3582    2.193863e-06    1.000060   2.114596e-06
 3583    2.255726e-06    1.028198   2.174224e-06
 3584    2.255028e-06    0.999691   2.173551e-06
 3585    2.344134e-06    1.039514   2.259437e-06
 3586    1.686369e-06    0.719400   1.625438e-06
 3587    2.869603e-06    1.701646   2.765921e-06
 3588    2.966393e-06    1.033729   2.859213e-06
 3589    2.046436e-06    0.689874   1.972496e-06
 3590    1.816776e-06    0.887776   1.751134e-06
 3591    1.800995e-06    0.991314   1.735923e-06
 3592    2.106409e-06    1.169581   2.030302e-06
 3593    2.279589e-06    1.082216   2.197225e-06
 3594    2.122135e-06    0.930928   2.045459e-06
 3595    2.067220e-06    0.974123   1.992529e-06
 3596    2.092294e-06    1.012129   2.016696e-06
 3597    2.096882e-06    1.002193   2.021119e-06
 3598    2.115929e-06    1.009084   2.039478e-06
 3599    2.124758e-06    1.004172   2.047988e-06
 3600    2.119490e-06    0.997520   2.042910e-06
 3601    2.111865e-06    0.996403   2.035561e-06
 3602    1.921454e-06    0.909838   1.852030e-06
 3603    3.630796e-06    1.889608   3.499610e-06
 3604    1.507283e-06    0.415139   1.452823e-06
 3605    1.241177e-06    0.823453   1.196332e-06
 3606    1.457451e-06    1.174249   1.404792e-06
 3607    1.459379e-06    1.001323   1.406650e-06
 3608    1.158906e-06    0.794109   1.117033e-06
 3609    1.050042e-06    0.906063   1.012102e-06
 3610    1.110247e-06    1.057336   1.070132e-06
 3611    1.172241e-06    1.055838   1.129886e-06
 3612    1.191611e-06    1.016524   1.148556e-06
 3613    1.190406e-06    0.998989   1.147396e-06
 3614    1.124842e-06    0.944923   1.084200e-06
 3615    2.069061e-06    1.839424   1.994303e-06
 3616    1.221201e-06    0.590220   1.177078e-06
 3617    1.242063e-06    1.017083   1.197186e-06
 3618    1.240389e-06    0.998653   1.195573e-06
 3619    1.244252e-06    1.003114   1.199295e-06
 3620    1.242256e-06    0.998397   1.197372e-06
 3621    1.242593e-06    1.000271   1.197697e-06
 3622    1.241917e-06    0.999456   1.197045e-06
 3623    1.252877e-06    1.008825   1.207609e-06
 3624    1.252826e-06    0.999959   1.207560e-06
 3625    1.249495e-06    0.997341   1.204349e-06
 3626    1.301801e-06    1.041862   1.254766e-06
 3627    1.309626e-06    1.006010   1.262307e-06
 3628    1.292093e-06    0.986612   1.245408e-06
 3629    1.291170e-06    0.999286   1.244519e-06
 3630    1.262866e-06    0.978079   1.217237e-06
 3631    1.222432e-06    0.967982   1.178264e-06
 3632    1.231700e-06    1.007581   1.187197e-06
 3633    1.231675e-06    0.999979   1.187173e-06
 3634    1.242176e-06    1.008526   1.197294e-06
 3635    1.228388e-06    0.988900   1.184005e-06
 3636    1.233600e-06    1.004243   1.189029e-06
 3637    1.234212e-06    1.000496   1.189618e-06
 3638    1.294844e-06    1.049126   1.248060e-06
 3639    1.292269e-06    0.998011   1.245578e-06
 3640    1.340852e-06    1.037595   1.292405e-06
 3641    1.328848e-06    0.991047   1.280835e-06
 3642    1.367019e-06    1.028725   1.317627e-06
 3643    1.374080e-06    1.005166   1.324433e-06
 3644    1.375259e-06    1.000858   1.325569e-06
 3645    1.376645e-06    1.001008   1.326906e-06
 3646    1.376658e-06    1.000009   1.326917e-06
 3647    1.374063e-06    0.998115   1.324416e-06
 3648    1.379133e-06    1.003690   1.329303e-06
 3649    1.379022e-06    0.999920   1.329197e-06
 3650    1.414223e-06    1.025526   1.363126e-06
 3651    1.228008e-06    0.868327   1.183639e-06
 3652    1.209642e-06    0.985044   1.165937e-06
 3653    1.204716e-06    0.995928   1.161188e-06
 3654    1.204757e-06    1.000034   1.161228e-06
 3655    1.209630e-06    1.004045   1.165925e-06
 3656    9.964222e-07    0.823741   9.604202e-07
 3657    8.176650e-07    0.820601   7.881217e-07
 3658    8.396472e-07    1.026884   8.093097e-07
 3659    5.945318e-07    0.708073   5.730507e-07
 3660    6.461574e-07    1.086834   6.228110e-07
 3661    7.020378e-07    1.086481   6.766723e-07
 3662    8.115577e-07    1.156003   7.822351e-07
 3663    8.285679e-07    1.020960   7.986307e-07
 3664    8.178053e-07    0.987011   7.882570e-07
 3665    8.673410e-07    1.060571   8.360029e-07
 3666    8.705521e-07    1.003702   8.390979e-07
 3667    8.563424e-07    0.983677   8.254017e-07
 3668    8.564093e-07    1.000078   8.254661e-07
 3669    7.710221e-07    0.900296   7.431641e-07
 3670    7.788948e-07    1.010211   7.507524e-07
 3671    7.902896e-07    1.014629   7.617354e-07
 3672    9.365921e-07    1.185125   9.027518e-07
 3673    1.148576e-07    0.122633   1.107076e-07
 3674    3.041037e-07    2.647660   2.931161e-07
 3675    7.281881e-07    2.394539   7.018778e-07
 3676    1.323974e-07    0.181818   1.276137e-07
 3677    1.170734e-07    0.884258   1.128434e-07
 3678    3.581124e-08    0.305887   3.451734e-08
 3679    1.015240e-07    2.834974   9.785577e-08
 3680    1.156370e-07    1.139012   1.114589e-07
 3681    1.306555e-07    1.129877   1.259348e-07
 3682    1.196257e-07    0.915581   1.153035e-07
 3683    6.692041e-08    0.559415   6.450249e-08
 3684    7.091809e-07    10.597378   6.835573e-07
 3685    7.003836e-07    0.987595   6.750779e-07
 3686    9.635559e-07    1.375754   9.287414e-07
 3687    1.372683e-06    1.424601   1.323086e-06
 3688    1.193652e-06    0.869576   1.150524e-06
 3689    9.988294e-07    0.836785   9.627404e-07
 3690    3.703480e-06    3.707820   3.569668e-06
 3691    9.946378e-06    2.685685   9.587003e-06
 3692    6.858633e-06    0.689561   6.610822e-06
 3693    1.486329e-06    0.216709   1.432626e-06
 3694    1.979134e-07    0.133156   1.907625e-07
 3695    3.246597e-05    164.041328   3.129293e-05
 3696    3.465872e-06    0.106754   3.340646e-06
 3697    1.439591e-05    4.153617   1.387576e-05
 3698    1.646181e-05    1.143506   1.586702e-05
 3699    1.643027e-05    0.998084   1.583662e-05
 3700    1.748893e-05    1.064434   1.685703e-05
 3701    1.845557e-05    1.055271   1.778874e-05
 3702    1.842507e-05    0.998347   1.775935e-05
 3703    1.710524e-05    0.928368   1.648720e-05
 3704    1.773543e-05    1.036842   1.709463e-05
 3705    2.790644e-05    1.573485   2.689814e-05
 3706    1.904185e-05    0.682346   1.835385e-05
 3707    1.515794e-05    0.796033   1.461027e-05
 3708    1.519379e-05    1.002365   1.464482e-05
 3709    1.445936e-05    0.951663   1.393693e-05
 3710    1.911118e-05    1.321717   1.842067e-05
 3711    2.548560e-05    1.333544   2.456477e-05
 3712    2.479666e-05    0.972968   2.390073e-05
 3713    2.779415e-05    1.120883   2.678991e-05
 3714    1.550990e-05    0.558027   1.494951e-05
 3715    3.521269e-05    2.270337   3.394041e-05
 3716    3.828692e-05    1.087305   3.690357e-05
 3717    3.478165e-05    0.908447   3.352494e-05
 3718    2.377432e-04    6.835306   2.291533e-04
 3719    1.877188e-04    0.789586   1.809363e-04
 3720    1.556835e-04    0.829344   1.500585e-04
 3721    1.546528e-04    0.993379   1.490650e-04
 3722    1.435623e-04    0.928288   1.383752e-04
 3723    1.575104e-04    1.097157   1.518194e-04
 3724    1.615145e-04    1.025421   1.556788e-04
 3725    1.690882e-04    1.046892   1.629788e-04
 3726    1.690333e-04    0.999675   1.629259e-04
 3727    4.795418e-04    2.836966   4.622153e-04
 3728    4.214509e-04    0.878862   4.062234e-04
 3729    4.282863e-04    1.016219   4.128118e-04
 3730    3.087728e-04    0.720949   2.976164e-04
 3731    2.714383e-04    0.879088   2.616309e-04
 3732    1.011251e-04    0.372553   9.747131e-05
 3733    1.033682e-04    1.022182   9.963339e-05
 3734    2.980089e-05    0.288298   2.872414e-05
 3735    4.180253e-05    1.402728   4.029215e-05
 3736    2.585857e-05    0.618589   2.492427e-05
 3737    2.638517e-05    1.020365   2.543184e-05
 3738    2.225758e-05    0.843564   2.145338e-05
 3739    2.059981e-05    0.925519   1.985551e-05
 3740    2.110061e-05    1.024311   2.033822e-05
 3741    2.113233e-05    1.001503   2.036879e-05
 3742    2.183891e-05    1.033436   2.104984e-05
 3743    2.034729e-05    0.931699   1.961212e-05
 3744    2.385039e-05    1.172165   2.298865e-05
 3745    1.403878e-05    0.588619   1.353155e-05
 3746    7.117257e-06    0.506971   6.860102e-06
 3747    2.107661e-06    0.296134   2.031508e-06
 3748    3.874398e-06    1.838246   3.734411e-06
 3749    5.063636e-06    1.306948   4.880681e-06
 3750    3.997924e-06    0.789536   3.853474e-06
 3751    3.151619e-06    0.788314   3.037747e-06
 3752    1.230502e-06    0.390435   1.186043e-06
 3753    7.088268e-07    0.576047   6.832160e-07
 3754    5.821642e-07    0.821307   5.611299e-07
 3755    1.857297e-06    3.190332   1.790191e-06
 3756    3.701480e-07    0.199294   3.567741e-07
 3757    3.633852e-07    0.981729   3.502556e-07
 3758    5.045916e-07    1.388586   4.863601e-07
 3759    8.555167e-07    1.695464   8.246058e-07
 3760    9.054133e-07    1.058323   8.726995e-07
 3761    9.222614e-07    1.018608   8.889390e-07
 3762    7.663511e-07    0.830948   7.386619e-07
 3763    7.975011e-07    1.040647   7.686864e-07
 3764    7.942823e-07    0.995964   7.655839e-07
 3765    7.969197e-07    1.003320   7.681260e-07
 3766    8.202257e-07    1.029245   7.905899e-07
 3767    8.161491e-07    0.995030   7.866606e-07
 3768    9.406636e-07    1.152564   9.066763e-07
 3769    6.302681e-07    0.670025   6.074957e-07
 3770    5.450470e-07    0.864786   5.253538e-07
 3771    4.998680e-07    0.917110   4.818072e-07
 3772    4.431108e-07    0.886456   4.271007e-07
 3773    5.145277e-07    1.161172   4.959372e-07
 3774    5.746260e-07    1.116803   5.538640e-07
 3775    5.666982e-07    0.986204   5.462227e-07
 3776    3.874797e-07    0.683750   3.734795e-07
 3777    7.783635e-07    2.008785   7.502402e-07
 3778    8.559271e-07    1.099650   8.250014e-07
 3779    9.339280e-07    1.091130   9.001840e-07
 3780    9.331040e-07    0.999118   8.993898e-07
 3781    9.387814e-07    1.006084   9.048621e-07
 3782    9.321016e-07    0.992885   8.984236e-07
 3783    9.324690e-07    1.000394   8.987778e-07
 3784    1.070827e-06    1.148378   1.032137e-06
 3785    8.159931e-07    0.762021   7.865102e-07
 3786    7.926818e-07    0.971432   7.640412e-07
 3787    7.993670e-07    1.008434   7.704849e-07
 3788    7.993386e-07    0.999964   7.704575e-07
 3789    7.993715e-07    1.000041   7.704892e-07
 3790    9.073673e-07    1.135101   8.745830e-07
 3791    1.375948e-06    1.516418   1.326234e-06
 3792    8.751750e-08    0.063605   8.435538e-08
 3793    8.766643e-07    10.017017   8.449893e-07
 3794    8.885514e-07    1.013559   8.564469e-07
 3795    2.066222e-06    2.325382   1.991567e-06
 3796    1.831658e-07    0.088648   1.765478e-07
 3797    1.961369e-08    0.107082   1.890502e-08
 3798    1.114979e-08    0.568470   1.074693e-08
 3799    1.707869e-08    1.531750   1.646161e-08
 3800    3.243983e-08    1.899434   3.126774e-08
 3801    2.737755e-08    0.843949   2.638837e-08
 3802    6.277158e-08    2.292812   6.050356e-08
 3803    4.243412e-08    0.676008   4.090092e-08
 3804    1.460844e-08    0.344262   1.408062e-08
 3805    1.285595e-08    0.880036   1.239144e-08
 3806    3.934553e-07    30.604927   3.792392e-07
 3807    4.905492e-07    1.246772   4.728251e-07
 3808    1.290004e-07    0.262971   1.243395e-07
 3809    1.271192e-07    0.985417   1.225263e-07
 3810    1.184573e-07    0.931860   1.141773e-07
 3811    1.199298e-07    1.012431   1.155966e-07
 3812    1.179349e-07    0.983366   1.136737e-07
 3813    1.300742e-07    1.102932   1.253744e-07
 3814    7.400871e-08    0.568973   7.133468e-08
 3815    7.551492e-08    1.020352   7.278648e-08
 3816    7.563047e-08    1.001530   7.289785e-08
 3817    7.096078e-08    0.938256   6.839688e-08
 3818    7.039098e-08    0.991970   6.784767e-08
 3819    7.079244e-08    1.005703   6.823462e-08
 3820    6.488483e-08    0.916550   6.254046e-08
 3821    6.686180e-08    1.030469   6.444600e-08
 3822    6.752699e-08    1.009949   6.508716e-08
 3823    9.857126e-08    1.459731   9.500976e-08
 3824    6.998758e-08    0.710020   6.745884e-08
 3825    6.981082e-08    0.997474   6.728847e-08
 3826    6.973224e-08    0.998874   6.721272e-08
 3827    7.535752e-08    1.080670   7.263476e-08
 3828    1.392100e-07    1.847328   1.341802e-07
 3829    9.034324e-08    0.648971   8.707903e-08
 3830    1.498433e-07    1.658600   1.444293e-07
 3831    2.173210e-07    1.450322   2.094690e-07
 3832    1.045502e-07    0.481086   1.007727e-07
 3833    7.514151e-08    0.718712   7.242656e-08
 3834    4.889502e-09    0.065071   4.712838e-09


Final L2 norm of residual: 6.042053e-09

SolveHypre: Required iterations 3834 (method 704) to norm 5.82375e-09
SolveHypre: Solution time (method 704): 28.1292
HypreSolver: Finished solving linear system with HYPRE
BackScaleLinearSystem: Scaling back to original scale
ComputeNorm: Computing norm of solution
ComputeNorm: Using consistent norm in parallel
ComputeChange: NS (ITER=1) (NRM,RELC): ( 0.23389156E-01  2.0000000     ) :: linelast
SolveSystem: System solved
SolveSystem: Linear system time (CPU,REAL) for displacement:    29.32   30.23 (s)
SolveSystem: Finished solving the system
DefaultFinish: Finished solver: linelast
StressSolver: All done
StressSolver: ------------------------------------------
SolverActivate: Solver time (CPU,REAL) for linelast:    29.75   30.83 (s)
ComputeNorm: Computing norm of solution
ComputeNorm: Using consistent norm in parallel
ComputeChange: SS (ITER=1) (NRM,RELC): ( 0.23389156E-01  2.0000000     ) :: linelast
SetActiveElementsTable: Creating active element table for: savescalars
SetActiveElementsTable: No active elements found
SingleSolver: Attempting to call solver: 2
SingleSolver: Solver Equation string is: savescalars
SaveScalars: -----------------------------------------
SaveScalars: Saving scalar values of various kinds
SolverOutputDirectory: Creating directory: results_cpu
SaveScalars: Treating variable: displacement
SaveScalars: Treating operator: dofs
OperToParOperMap: dofs -> sum
SaveScalars: Treating variable: displacement
SaveScalars: Treating operator: elements
OperToParOperMap: elements -> sum
SaveScalars: Treating variable: displacement
SaveScalars: Treating operator: partitions
OperToParOperMap: partitions -> none
SaveScalars: Treating variable: displacement
SaveScalars: Treating operator: norm
OperToParOperMap: norm -> none
SaveScalars: Treating variable: displacement
SaveScalars: Treating operator: cpu time
OperToParOperMap: cpu time -> none
SaveScalars: Performed 5 reduction operations
SaveScalars: Adding information on simulation timing
SaveScalars: Found 4 result scalars in simulation section
SaveScalars: Found 12 values to save in total
SaveScalars: Saving names of values to file: results_cpu/f768.dat.names
SaveScalars: Parallel data is reduced into one file
SaveScalars: Data is appended to existing file
SaveScalars: Saving values to file: results_cpu/f768.dat
SaveScalars: -----------------------------------------
SolveEquations: Solvers after timestep
WARNING:: CompareToReferenceSolution: Solver 1 FAILED:  Norm = 2.33891556E-02  RefNorm = 2.33900606E-02
CompareToReferenceSolution: Relative Error to reference norm: 3.868975E-05
ReloadInputFile: Reloading input file
LoadInputFile: Loading input file:
WARNING:: CompareToReferenceSolution: FAILED 1 tests out of 1!
MAIN: Reporting unused list entries for sif improvement!
MAIN: If you do not want these lines undefine > DEVEL_LISTUSAGE < !
   Unused keywords:
       Boundary Condition 2  force 2
       Solver 1              linear system abort not converged
MAIN: *** Elmer Solver: ALL DONE ***
FreeModel: Freeing meshes
ReleaseMesh: Releasing mesh variables
ReleaseMesh: Releasing mesh nodes
ReleaseMesh: Releasing mesh finished
ReleaseMesh: Releasing mesh variables
ReleaseMesh: Releasing mesh nodes
ReleaseMesh: Releasing mesh finished
ReleaseMesh: Releasing mesh variables
ReleaseMesh: Releasing mesh nodes
ReleaseMesh: Releasing mesh finished
FreeModel: Freeing constants list
FreeModel: Freeing simulation list
FreeModel: Freeing boundary lists
FreeModel: Freeing solvers
Loading user function library: [StressSolve]...[StressSolver_Finalize]
Loading user function library: [StressSolve]...[StressSolver_Finalize]
Loading user function library: [SaveData]...[SaveScalars_Finalize]
Loading user function library: [SaveData]...[SaveScalars_Finalize]
FreeModel: Freeing initial conditions lists
FreeModel: Freeing body lists
FreeModel: Freeing equations lists
FreeModel: Freeing body forces lists
ParallelFinalize: Final synchronization of the MPI system!
MAIN: The end
SOLVER TOTAL TIME(CPU,REAL):        32.27       74.32
ELMER SOLVER FINISHED AT: 2026/07/28 13:59:25

Ending linsys/hypre_BiCGStab_Parasails.sif with mesh level 3
Elapsed time: 90 s
-----------------------------------


Solver linsys/hypre_BoomerAMG.sif not recommended for given problem. Ignoring it


Solver linsys/hypre_FlexGmres_BoomerAMG.sif not recommended for given problem. Ignoring it


Solver linsys/hypre_GMRes_BoomerAMG.sif not recommended for given problem. Ignoring it


Solver linsys/hypre_GMRes_ILU1.sif not recommended for given problem. Ignoring it


Solver linsys/hypre_GMRes_Parasails.sif not recommended for given problem. Ignoring it


Solver linsys/hypre_LGMRes_ILU0.sif not recommended for given problem. Ignoring it


Solver linsys/trilinos_ml_sgs_dof3.sif not recommended for given problem. Ignoring it


Solver linsys/trilinos_ml_sgs.sif not recommended for given problem. Ignoring it

Plotting scalability...

Plotting timings...

