Number of partitions: 128
==================================================================
ElmerGrid mesh conversion and manipulation utility, Welcome!
Version: 26.2 (Rev: NA, Compiled: NA)
This program is free software licensed under GPL
==================================================================
Elmergrid reading in-line arguments
Using dual (elemental) graph in partitioning.
The mesh will be partitioned with Metis to 128 partitions.
Output will be saved to file winkel.

Elmergrid loading data:
-----------------------
Loading the geometry from file 'winkel.grd'.
Loading ElmerGrid file version: 210903
Defining the coordinate system (3-DIM).
Loading 2 subcell sizes in X-direction
Loading 3 subcell sizes in Y-direction
Loading 2 subcell sizes in Z-direction
Loading material structure
LoadElmergrid: materials interval is [0,3]
Loading boundary conditions
Found 4 boundaries
Reached the end of command file
Found 1 divisions for grid

Loading ElmerGrid commands from file 'winkel.grd'.
Reached the end of command file
Read commands from a file

Elmergrid creating and manipulating meshes:
-------------------------------------------
3 cells were created.
Numbered 1281 knots in 1200 4-node elements.
Numbering order was <x><y> and max levelwidth 43.
80 element sides between materials 0 and 1 were located to type 1.
20 element sides between materials 2 and 1 were located to type 2.
20 element sides between materials 3 and 1 were located to type 3.
60 element sides between materials 0 and 2 were located to type 4.
Created 40 extruded divisions.
Maximum elementtype 404 extruded to type 808.
Allocated for 7 new BC lists
Extruded mesh has 32000 elements in 40 levels.
Simple extrusion would have 48000 elements
Extruded BCs list 0 of types [1,1] has 1600 elements.
Extruded BCs list 1 of types [2,2] has 400 elements.
Extruded BCs list 2 of types [3,3] has 400 elements.
Extruded BCs list 3 of types [4,4] has 2400 elements.
Layer BCs list 4 of types [5,5] has 1200 elements.
Layer BCs list 5 of types [6,6] has 800 elements.
Layer BCs list 6 of types [7,7] has 400 elements.
52521 original nodes moved to 35721 new ones.
Created 32000 elements and 35721 nodes by extruding the 2D geometry

Elmergrid partitioning meshes:
------------------------------
Making a Metis partitioning for 35721 nodes in 3-dimensions.
Setting default Metis options!
Setting user defined Metis options!
Creating a dual graph of the finite element mesh
Creating an inverse topology of the finite element mesh
There are from 1 to 8 connections in the inverse topology.
Each node is in average in 7.167 elements
Removing connected nodes from the dual graph
List of unconnected elements created
Allocating for the dual graph for 32000 with 768866 connections
There are at maximum 26 connections in dual graph (in element 1242).
There are at all in all 768866 connections in dual graph.
Average connection per active element in dual graph is 24.027
There are 768866 connections altogether in the graph.
Starting graph partitioning METIS_PartGraphKway.
 Runtime parameters:
   Objective type: METIS_OBJTYPE_CUT
   Coarsening type: METIS_CTYPE_SHEM
   Initial partitioning type: METIS_IPTYPE_METISRB
   Refinement type: METIS_RTYPE_GREEDY
   Perform a 2-hop matching: No
   Number of balancing constraints: 1
   Number of refinement iterations: 10
   Random number seed: -1
   Number of partitions: 128
   Number of cuts: 1
   User-supplied ufactor: 30
   Minimize connectivity: No
   Create contigous partitions: No
   Target partition weights: 
        0=[7.81e-03]   1=[7.81e-03]   2=[7.81e-03]   3=[7.81e-03]   4=[7.81e-03]
        5=[7.81e-03]   6=[7.81e-03]   7=[7.81e-03]   8=[7.81e-03]   9=[7.81e-03]
       10=[7.81e-03]  11=[7.81e-03]  12=[7.81e-03]  13=[7.81e-03]  14=[7.81e-03]
       15=[7.81e-03]  16=[7.81e-03]  17=[7.81e-03]  18=[7.81e-03]  19=[7.81e-03]
       20=[7.81e-03]  21=[7.81e-03]  22=[7.81e-03]  23=[7.81e-03]  24=[7.81e-03]
       25=[7.81e-03]  26=[7.81e-03]  27=[7.81e-03]  28=[7.81e-03]  29=[7.81e-03]
       30=[7.81e-03]  31=[7.81e-03]  32=[7.81e-03]  33=[7.81e-03]  34=[7.81e-03]
       35=[7.81e-03]  36=[7.81e-03]  37=[7.81e-03]  38=[7.81e-03]  39=[7.81e-03]
       40=[7.81e-03]  41=[7.81e-03]  42=[7.81e-03]  43=[7.81e-03]  44=[7.81e-03]
       45=[7.81e-03]  46=[7.81e-03]  47=[7.81e-03]  48=[7.81e-03]  49=[7.81e-03]
       50=[7.81e-03]  51=[7.81e-03]  52=[7.81e-03]  53=[7.81e-03]  54=[7.81e-03]
       55=[7.81e-03]  56=[7.81e-03]  57=[7.81e-03]  58=[7.81e-03]  59=[7.81e-03]
       60=[7.81e-03]  61=[7.81e-03]  62=[7.81e-03]  63=[7.81e-03]  64=[7.81e-03]
       65=[7.81e-03]  66=[7.81e-03]  67=[7.81e-03]  68=[7.81e-03]  69=[7.81e-03]
       70=[7.81e-03]  71=[7.81e-03]  72=[7.81e-03]  73=[7.81e-03]  74=[7.81e-03]
       75=[7.81e-03]  76=[7.81e-03]  77=[7.81e-03]  78=[7.81e-03]  79=[7.81e-03]
       80=[7.81e-03]  81=[7.81e-03]  82=[7.81e-03]  83=[7.81e-03]  84=[7.81e-03]
       85=[7.81e-03]  86=[7.81e-03]  87=[7.81e-03]  88=[7.81e-03]  89=[7.81e-03]
       90=[7.81e-03]  91=[7.81e-03]  92=[7.81e-03]  93=[7.81e-03]  94=[7.81e-03]
       95=[7.81e-03]  96=[7.81e-03]  97=[7.81e-03]  98=[7.81e-03]  99=[7.81e-03]
      100=[7.81e-03] 101=[7.81e-03] 102=[7.81e-03] 103=[7.81e-03] 104=[7.81e-03]
      105=[7.81e-03] 106=[7.81e-03] 107=[7.81e-03] 108=[7.81e-03] 109=[7.81e-03]
      110=[7.81e-03] 111=[7.81e-03] 112=[7.81e-03] 113=[7.81e-03] 114=[7.81e-03]
      115=[7.81e-03] 116=[7.81e-03] 117=[7.81e-03] 118=[7.81e-03] 119=[7.81e-03]
      120=[7.81e-03] 121=[7.81e-03] 122=[7.81e-03] 123=[7.81e-03] 124=[7.81e-03]
      125=[7.81e-03] 126=[7.81e-03] 127=[7.81e-03]
   Allowed maximum load imbalance: 1.030 


 gk_mcore statistics
           coresize:       517176         nmops:         2048  cmop:      0
        num_callocs:           21   num_hallocs:            0
       size_callocs:       755104  size_hallocs:            0
        cur_callocs:            0   cur_hallocs:            0
        max_callocs:       267552   max_hallocs:            0
 nbrpool statistics
        nbrpoolsize:            0   nbrpoolcpos:            0
    nbrpoolreallocs:            0


Timing Information -------------------------------------------------
 Multilevel: 		   0.134
     Coarsening: 		   0.011
            Matching: 			   0.003
            Contract: 			   0.008
     Initial Partition: 	   0.088
     Uncoarsening: 		   0.035
          Refinement: 			   0.020
          Projection: 			   0.006
     Splitting: 		   0.000
********************************************************************

 gk_mcore statistics
           coresize:       517176         nmops:         2048  cmop:      0
        num_callocs:           84   num_hallocs:            0
       size_callocs:      2983872  size_hallocs:            0
        cur_callocs:            0   cur_hallocs:            0
        max_callocs:       514048   max_hallocs:            0
 nbrpool statistics
        nbrpoolsize:       872167   nbrpoolcpos:       666216
    nbrpoolreallocs:            4

Finished Metis graph partitioning call.
Number of nodal partitions: 128
Set the node partitions by the dominating element partition.
There are from 350 to 578 nodes in the 128 partitions.
Successfully made a Metis partition using the dual graph.
Optimizing the partitioning at boundaries.
Ownership of 0 parents was changed at BCs
Optimizing for 128 partitions
Creating a table showing all parenting partitions of nodes.
Nodes belong to 6 partitions in maximum
There are 14586 shared nodes which is 40.83 % of all nodes.
The initial owner was not any of the elements for 0 nodes
Checking partitioning before optimization
Checking for partitioning
Information on partition bandwidth
Average 250 elements with range 15 in partition
Average 279 nodes with range 89 in partition
Average 144 shared nodes with range 122 in partition
Average number of elements in partition 2.791e+02
Maximum deviation in ownership 89
Average deviation in ownership 1.894e+01
Average relative deviation 6.79 %
Checking for problematic sharings
Optimizing sharing for 128 partitions
Changed the ownership of 16 nodes
There shouldn't be any problematic sharings, knock, knock...
The partitioning was optimized: 16
Checking partitioning after optimization
Checking for partitioning
Information on partition bandwidth
Average 250 elements with range 15 in partition
Average 279 nodes with range 89 in partition
Average 144 shared nodes with range 122 in partition
Partitioning routines finished!
Bounding box of all nodes in mesh:
X:[0,2] Y:[0,2] Z:[0,2]
Calculate Mesh Pieces in mesh:
There is a single piece in the mesh, so the mesh is conforming.

Elmergrid saving data with method 2:
-------------------------------------
Saving Elmer mesh in partitioned format
Number of boundary nodes at the boundary: 7202
Number of additional interface nodes: 0
Reusing existing subdirectory: partitioning.128
Saving mesh in parallel ElmerSolver format to directory winkel/partitioning.128.
Nodes belong to 6 partitions in maximum
Saving mesh for 128 partitions
   part  elements   nodes      shared   bc elems
   1     257        272        147      35      
   2     250        266        153      41      
   3     257        286        144      58      
   4     244        287        116      89      
   5     250        272        145      46      
   6     257        257        177      0       
   7     252        263        157      30      
   8     244        252        168      22      
   9     247        267        157      41      
   10    242        304        104      122     
   11    246        258        179      23      
   12    242        290        134      94      
   13    257        300        126      78      
   14    254        267        176      24      
   15    242        257        154      36      
   16    242        296        127      103     
   17    252        256        188      13      
   18    257        256        188      0       
   19    242        265        148      56      
   20    248        270        154      43      
   21    253        255        172      0       
   22    252        285        140      52      
   23    242        288        117      98      
   24    246        262        151      35      
   25    242        281        112      81      
   26    245        314        93       122     
   27    257        291        146      64      
   28    257        286        147      45      
   29    246        278        143      58      
   30    248        295        116      96      
   31    257        270        164      26      
   32    257        272        177      19      
   33    257        266        170      25      
   34    257        267        173      22      
   35    242        294        112      97      
   36    242        261        151      50      
   37    257        295        124      80      
   38    254        295        122      73      
   39    249        248        182      0       
   40    257        278        159      46      
   41    256        285        147      52      
   42    252        272        148      38      
   43    242        285        123      91      
   44    242        261        145      44      
   45    242        287        111      80      
   46    257        278        156      37      
   47    246        250        206      0       
   48    257        268        182      19      
   49    257        276        151      36      
   50    243        287        124      94      
   51    257        329        95       133     
   52    250        290        135      75      
   53    257        282        170      43      
   54    250        269        159      43      
   55    247        285        145      70      
   56    248        313        103      118     
   57    242        268        156      50      
   58    242        259        158      36      
   59    242        279        129      71      
   60    252        327        93       138     
   61    257        315        108      104     
   62    242        291        113      93      
   63    257        273        167      27      
   64    257        300        118      80      
   65    253        270        153      38      
   66    242        291        117      96      
   67    242        256        176      31      
   68    253        277        147      47      
   69    242        240        187      0       
   70    254        284        155      61      
   71    249        249        183      0       
   72    242        263        144      46      
   73    257        271        175      22      
   74    257        290        135      71      
   75    249        293        127      90      
   76    245        262        152      36      
   77    242        268        154      57      
   78    257        258        188      5       
   79    257        267        183      22      
   80    257        272        167      23      
   81    257        278        161      36      
   82    242        262        156      50      
   83    250        293        127      83      
   84    242        282        123      83      
   85    253        273        165      40      
   86    242        280        142      65      
   87    242        307        91       130     
   88    242        288        117      80      
   89    254        325        91       135     
   90    257        280        152      43      
   91    246        275        149      47      
   92    257        309        109      91      
   93    257        261        182      0       
   94    257        270        183      25      
   95    257        257        189      0       
   96    252        279        135      48      
   97    256        302        117      88      
   98    243        262        147      46      
   99    256        256        198      0       
   100   242        263        153      51      
   101   250        295        117      83      
   102   243        264        148      48      
   103   253        286        157      59      
   104   257        259        185      0       
   105   242        241        184      0       
   106   249        270        153      45      
   107   249        286        128      81      
   108   257        293        147      63      
   109   242        283        115      86      
   110   257        283        143      37      
   111   257        256        191      0       
   112   249        293        122      85      
   113   243        287        122      87      
   114   257        272        172      24      
   115   248        310        86       120     
   116   248        287        119      82      
   117   256        306        124      87      
   118   242        241        184      0       
   119   242        299        104      104     
   120   256        299        142      74      
   121   257        294        139      64      
   122   254        324        84       132     
   123   255        265        175      25      
   124   255        305        120      87      
   125   254        317        98       122     
   126   249        284        138      66      
   127   242        265        161      40      
   128   242        293        114      98      
----------------------------------------------------------------------------------------------
   ave   250.0      279.1      145.0    56.2    
Writing of partitioned mesh finished

Thank you for using Elmergrid!
Send bug reports and feature wishes to elmeradm@csc.fi
Running ElmerSolver...

Solver linsys/BPC_BiCGStab2_ILU0.sif not recommended for given problem. Ignoring it


Solver linsys/BPC_BiCGStab2_ILU1.sif not recommended for given problem. Ignoring it


Solver linsys/BPC_BiCGStab2_none.sif not recommended for given problem. Ignoring it


Solver linsys/BPC_BiCGStab4_ILU0.sif not recommended for given problem. Ignoring it


Solver linsys/BPC_BiCGStab4_ILU1.sif not recommended for given problem. Ignoring it


Solver linsys/BPC_BiCGStab4_none.sif not recommended for given problem. Ignoring it


Solver linsys/BPC_BiCGStab_BoomerAMG.sif not recommended for given problem. Ignoring it


Solver linsys/BPC_BiCGStab_BoomerAMG_wos.sif not recommended for given problem. Ignoring it


Solver linsys/BPC_CG_ILU0.sif not recommended for given problem. Ignoring it


Solver linsys/BPC_CG_ILU1.sif not recommended for given problem. Ignoring it


Solver linsys/BPC_CG_none.sif not recommended for given problem. Ignoring it


Solver linsys/BPC_GCR_Z_Quadratic_Hcurl_GCR_mumps.sif not recommended for given problem. Ignoring it


Solver linsys/BPC_GCR_Z_Quadratic_Hcurl_GCR_umfpack.sif not recommended for given problem. Ignoring it


Solver linsys/BPC_Gmres_ILU0.sif not recommended for given problem. Ignoring it


Solver linsys/BPC_idrs5_ILU0.sif not recommended for given problem. Ignoring it


Solver linsys/BPC_idrs5_vanka.sif not recommended for given problem. Ignoring it


Solver linsys/direct_MUMPS.sif not recommended for given problem. Ignoring it


Solver linsys/direct_umfpack.sif not recommended for given problem. Ignoring it


Solver linsys/elmer_BPC.sif not recommended for given problem. Ignoring it



-----------------------------------
Starting linsys/elmer_feti_mumps_10.sif with mesh level 1

ELMER SOLVER (v 26.2) STARTED AT: 2026/07/21 09:10:00
ELMER SOLVER (v 26.2) STARTED AT: 2026/07/21 09:10:00
ELMER SOLVER (v 26.2) STARTED AT: 2026/07/21 09:10:00
ELMER SOLVER (v 26.2) STARTED AT: 2026/07/21 09:10:00
ELMER SOLVER (v 26.2) STARTED AT: 2026/07/21 09:10:00
ELMER SOLVER (v 26.2) STARTED AT: 2026/07/21 09:10:00
ELMER SOLVER (v 26.2) STARTED AT: 2026/07/21 09:10:00
ELMER SOLVER (v 26.2) STARTED AT: 2026/07/21 09:10:00
ELMER SOLVER (v 26.2) STARTED AT: 2026/07/21 09:10:00
ELMER SOLVER (v 26.2) STARTED AT: 2026/07/21 09:10:00
ELMER SOLVER (v 26.2) STARTED AT: 2026/07/21 09:10:00
ELMER SOLVER (v 26.2) STARTED AT: 2026/07/21 09:10:00
ELMER SOLVER (v 26.2) STARTED AT: 2026/07/21 09:10:00
ELMER SOLVER (v 26.2) STARTED AT: 2026/07/21 09:10:00
ELMER SOLVER (v 26.2) STARTED AT: 2026/07/21 09:10:00
ELMER SOLVER (v 26.2) STARTED AT: 2026/07/21 09:10:00
ELMER SOLVER (v 26.2) STARTED AT: 2026/07/21 09:10:00
ELMER SOLVER (v 26.2) STARTED AT: 2026/07/21 09:10:00
ELMER SOLVER (v 26.2) STARTED AT: 2026/07/21 09:10:00
ELMER SOLVER (v 26.2) STARTED AT: 2026/07/21 09:10:00
ELMER SOLVER (v 26.2) STARTED AT: 2026/07/21 09:10:00
ELMER SOLVER (v 26.2) STARTED AT: 2026/07/21 09:10:00
ELMER SOLVER (v 26.2) STARTED AT: 2026/07/21 09:10:00
ELMER SOLVER (v 26.2) STARTED AT: 2026/07/21 09:10:00
ELMER SOLVER (v 26.2) STARTED AT: 2026/07/21 09:10:00
ELMER SOLVER (v 26.2) STARTED AT: 2026/07/21 09:10:00
ELMER SOLVER (v 26.2) STARTED AT: 2026/07/21 09:10:00
ELMER SOLVER (v 26.2) STARTED AT: 2026/07/21 09:10:00
ELMER SOLVER (v 26.2) STARTED AT: 2026/07/21 09:10:00
ELMER SOLVER (v 26.2) STARTED AT: 2026/07/21 09:10:00
ELMER SOLVER (v 26.2) STARTED AT: 2026/07/21 09:10:00
ELMER SOLVER (v 26.2) STARTED AT: 2026/07/21 09:10:00
ELMER SOLVER (v 26.2) STARTED AT: 2026/07/21 09:10:00
ELMER SOLVER (v 26.2) STARTED AT: 2026/07/21 09:10:00
ELMER SOLVER (v 26.2) STARTED AT: 2026/07/21 09:10:00
ELMER SOLVER (v 26.2) STARTED AT: 2026/07/21 09:10:00
ELMER SOLVER (v 26.2) STARTED AT: 2026/07/21 09:10:00
ELMER SOLVER (v 26.2) STARTED AT: 2026/07/21 09:10:00
ELMER SOLVER (v 26.2) STARTED AT: 2026/07/21 09:10:00
ELMER SOLVER (v 26.2) STARTED AT: 2026/07/21 09:10:00
ELMER SOLVER (v 26.2) STARTED AT: 2026/07/21 09:10:00
ELMER SOLVER (v 26.2) STARTED AT: 2026/07/21 09:10:00
ELMER SOLVER (v 26.2) STARTED AT: 2026/07/21 09:10:00
ELMER SOLVER (v 26.2) STARTED AT: 2026/07/21 09:10:00
ELMER SOLVER (v 26.2) STARTED AT: 2026/07/21 09:10:00
ELMER SOLVER (v 26.2) STARTED AT: 2026/07/21 09:10:00
ELMER SOLVER (v 26.2) STARTED AT: 2026/07/21 09:10:00
ELMER SOLVER (v 26.2) STARTED AT: 2026/07/21 09:10:00
ELMER SOLVER (v 26.2) STARTED AT: 2026/07/21 09:10:00
ELMER SOLVER (v 26.2) STARTED AT: 2026/07/21 09:10:00
ELMER SOLVER (v 26.2) STARTED AT: 2026/07/21 09:10:00
ELMER SOLVER (v 26.2) STARTED AT: 2026/07/21 09:10:00
ELMER SOLVER (v 26.2) STARTED AT: 2026/07/21 09:10:00
ELMER SOLVER (v 26.2) STARTED AT: 2026/07/21 09:10:00
ELMER SOLVER (v 26.2) STARTED AT: 2026/07/21 09:10:00
ELMER SOLVER (v 26.2) STARTED AT: 2026/07/21 09:10:00
ELMER SOLVER (v 26.2) STARTED AT: 2026/07/21 09:10:00
ELMER SOLVER (v 26.2) STARTED AT: 2026/07/21 09:10:00
ELMER SOLVER (v 26.2) STARTED AT: 2026/07/21 09:10:00
ELMER SOLVER (v 26.2) STARTED AT: 2026/07/21 09:10:00
ELMER SOLVER (v 26.2) STARTED AT: 2026/07/21 09:10:00
ELMER SOLVER (v 26.2) STARTED AT: 2026/07/21 09:10:00
ELMER SOLVER (v 26.2) STARTED AT: 2026/07/21 09:10:00
ELMER SOLVER (v 26.2) STARTED AT: 2026/07/21 09:10:00
ELMER SOLVER (v 26.2) STARTED AT: 2026/07/21 09:10:00
ELMER SOLVER (v 26.2) STARTED AT: 2026/07/21 09:10:00
ELMER SOLVER (v 26.2) STARTED AT: 2026/07/21 09:10:00
ELMER SOLVER (v 26.2) STARTED AT: 2026/07/21 09:10:00
ELMER SOLVER (v 26.2) STARTED AT: 2026/07/21 09:10:00
ELMER SOLVER (v 26.2) STARTED AT: 2026/07/21 09:10:00
ELMER SOLVER (v 26.2) STARTED AT: 2026/07/21 09:10:00
ELMER SOLVER (v 26.2) STARTED AT: 2026/07/21 09:10:00
ELMER SOLVER (v 26.2) STARTED AT: 2026/07/21 09:10:00
ELMER SOLVER (v 26.2) STARTED AT: 2026/07/21 09:10:00
ELMER SOLVER (v 26.2) STARTED AT: 2026/07/21 09:10:00
ELMER SOLVER (v 26.2) STARTED AT: 2026/07/21 09:10:00
ELMER SOLVER (v 26.2) STARTED AT: 2026/07/21 09:10:00
ELMER SOLVER (v 26.2) STARTED AT: 2026/07/21 09:10:00
ELMER SOLVER (v 26.2) STARTED AT: 2026/07/21 09:10:00
ELMER SOLVER (v 26.2) STARTED AT: 2026/07/21 09:10:00
ELMER SOLVER (v 26.2) STARTED AT: 2026/07/21 09:10:00
ELMER SOLVER (v 26.2) STARTED AT: 2026/07/21 09:10:00
ELMER SOLVER (v 26.2) STARTED AT: 2026/07/21 09:10:00
ELMER SOLVER (v 26.2) STARTED AT: 2026/07/21 09:10:00
ELMER SOLVER (v 26.2) STARTED AT: 2026/07/21 09:10:00
ELMER SOLVER (v 26.2) STARTED AT: 2026/07/21 09:10:00
ELMER SOLVER (v 26.2) STARTED AT: 2026/07/21 09:10:00
ELMER SOLVER (v 26.2) STARTED AT: 2026/07/21 09:10:00
ELMER SOLVER (v 26.2) STARTED AT: 2026/07/21 09:10:00
ELMER SOLVER (v 26.2) STARTED AT: 2026/07/21 09:10:00
ELMER SOLVER (v 26.2) STARTED AT: 2026/07/21 09:10:00
ELMER SOLVER (v 26.2) STARTED AT: 2026/07/21 09:10:00
ELMER SOLVER (v 26.2) STARTED AT: 2026/07/21 09:10:00
ELMER SOLVER (v 26.2) STARTED AT: 2026/07/21 09:10:00
ELMER SOLVER (v 26.2) STARTED AT: 2026/07/21 09:10:00
ELMER SOLVER (v 26.2) STARTED AT: 2026/07/21 09:10:00
ELMER SOLVER (v 26.2) STARTED AT: 2026/07/21 09:10:00
ELMER SOLVER (v 26.2) STARTED AT: 2026/07/21 09:10:00
ELMER SOLVER (v 26.2) STARTED AT: 2026/07/21 09:10:00
ELMER SOLVER (v 26.2) STARTED AT: 2026/07/21 09:10:00
ELMER SOLVER (v 26.2) STARTED AT: 2026/07/21 09:10:00
ELMER SOLVER (v 26.2) STARTED AT: 2026/07/21 09:10:00
ELMER SOLVER (v 26.2) STARTED AT: 2026/07/21 09:10:00
ELMER SOLVER (v 26.2) STARTED AT: 2026/07/21 09:10:00
ELMER SOLVER (v 26.2) STARTED AT: 2026/07/21 09:10:00
ELMER SOLVER (v 26.2) STARTED AT: 2026/07/21 09:10:00
ELMER SOLVER (v 26.2) STARTED AT: 2026/07/21 09:10:00
ELMER SOLVER (v 26.2) STARTED AT: 2026/07/21 09:10:00
ELMER SOLVER (v 26.2) STARTED AT: 2026/07/21 09:10:00
ELMER SOLVER (v 26.2) STARTED AT: 2026/07/21 09:10:00
ELMER SOLVER (v 26.2) STARTED AT: 2026/07/21 09:10:00
ELMER SOLVER (v 26.2) STARTED AT: 2026/07/21 09:10:00
ELMER SOLVER (v 26.2) STARTED AT: 2026/07/21 09:10:00
ELMER SOLVER (v 26.2) STARTED AT: 2026/07/21 09:10:00
ELMER SOLVER (v 26.2) STARTED AT: 2026/07/21 09:10:00
ELMER SOLVER (v 26.2) STARTED AT: 2026/07/21 09:10:00
ELMER SOLVER (v 26.2) STARTED AT: 2026/07/21 09:10:00
ELMER SOLVER (v 26.2) STARTED AT: 2026/07/21 09:10:00
ELMER SOLVER (v 26.2) STARTED AT: 2026/07/21 09:10:00
ELMER SOLVER (v 26.2) STARTED AT: 2026/07/21 09:10:00
ELMER SOLVER (v 26.2) STARTED AT: 2026/07/21 09:10:00
ELMER SOLVER (v 26.2) STARTED AT: 2026/07/21 09:10:00
ELMER SOLVER (v 26.2) STARTED AT: 2026/07/21 09:10:00
ELMER SOLVER (v 26.2) STARTED AT: 2026/07/21 09:10:00
ELMER SOLVER (v 26.2) STARTED AT: 2026/07/21 09:10:00
ELMER SOLVER (v 26.2) STARTED AT: 2026/07/21 09:10:00
ELMER SOLVER (v 26.2) STARTED AT: 2026/07/21 09:10:00
ELMER SOLVER (v 26.2) STARTED AT: 2026/07/21 09:10:00
 2
 2
 2
 2
 2
 2
 2
 2
 2
 2
 2
ParCommInit: Initialize #PEs: 128
 2
 2
 2
 2
 2
 2
 2
 2
ParCommInit: Initialize #PEs: 128
 2
 2
 2
 2
 2
 2
 2
 2
 2
 2
 2
 2
 2
 2
 2
 2
 2
 2
 2
 2
 2
 2
 2
 2
 2
 2
 2
 2
 2
 2
 2
 2
 2
 2
 2
 2
MAIN: Read 2 integer parameters from command line!
 2
 2
 2
 2
 2
 2
 2
 2
 2
 2
 2
 2
 2
 2
 2
 2
 2
ParCommInit: Initialize #PEs: 128
 2
 2
 2
 2
 2
 2
 2
 2
 2
 2
 2
 2
 2
ParCommInit: Initialize #PEs: 128
 2
 2
 2
 2
 2
 2
 2
 2
 2
 2
 2
 2
 2
 2
 2
 2
 2
 2
 2
 2
 2
 2
 2
 2
 2
 2
 2
 2
 2
 2
 2
 2
 2
 2
 2
 2
 2
 2
 2
 2
 2
 2
 2
MAIN: 
MAIN: =============================================================
MAIN: ElmerSolver finite element software, Welcome!
MAIN: This program is free software licensed under (L)GPL
MAIN: Copyright 1st April 1995 - , CSC - IT Center for Science Ltd.
MAIN: Webpage http://www.csc.fi/elmer, Email elmeradm@csc.fi
MAIN: Version: 26.2-unknown (Rev: a19504ac5, Compiled: 2026-06-16)
MAIN:  Running in parallel using 128 tasks.
MAIN:  Running with just one thread per task.
MAIN:  HYPRE library linked in.
MAIN:  MUMPS library linked in.
MAIN:  Lua interpreter linked in.
MAIN:  Zoltan library linked in.
MAIN:  ADIOS2 library linked in.
MAIN: =============================================================
MAIN: 
MAIN: 
MAIN: -------------------------------------
MAIN: Reading Model: case_cpu.sif
LoadInputFile: Scanning input file: case_cpu.sif
LoadInputFile: Scanning only size info
LoadInputFile: First time visiting
LoadInputFile: Reading base load of sif file
OpenIncludeFile: Trying to include file: linsys.sif
CheckKeyword: Found keyword type assuming suffix 1 for: operator 2
CheckKeyword: Found keyword type assuming suffix 1 for: operator 2
CheckKeyword: Found keyword type assuming suffix 1 for: operator 3
CheckKeyword: Found keyword type assuming suffix 1 for: operator 3
CheckKeyword: Found keyword type assuming suffix 1 for: operator 4
CheckKeyword: Found keyword type assuming suffix 1 for: operator 4
CheckKeyword: Found keyword type assuming suffix 1 for: operator 5
CheckKeyword: Found keyword type assuming suffix 1 for: operator 5
LoadInputFile: Loading input file: case_cpu.sif
LoadInputFile: Reading base load of sif file
OpenIncludeFile: Trying to include file: linsys.sif
CheckKeyword: Found keyword type assuming suffix 1 for: operator 2
CheckKeyword: Found keyword type assuming suffix 1 for: operator 2
CheckKeyword: Found keyword type assuming suffix 1 for: operator 3
CheckKeyword: Found keyword type assuming suffix 1 for: operator 3
CheckKeyword: Found keyword type assuming suffix 1 for: operator 4
CheckKeyword: Found keyword type assuming suffix 1 for: operator 4
CheckKeyword: Found keyword type assuming suffix 1 for: operator 5
CheckKeyword: Found keyword type assuming suffix 1 for: operator 5
CheckKeyword:  Unlisted keyword: [line marker] in section: [solver 2]
LoadInputFile: Number of BCs: 3
LoadInputFile: Number of Body Forces: 0
LoadInputFile: Number of Initial Conditions: 0
LoadInputFile: Number of Materials: 1
LoadInputFile: Number of Equations: 1
LoadInputFile: Number of Solvers: 2
LoadInputFile: Number of Bodies: 1
Loading user function library: [StressSolve]...[StressSolver_Init0]
Loading user function library: [SaveData]...[SaveScalars_Init0]
Loading user function library: [SaveData]...[SaveScalars_Init0]
LoadMesh: Loading parallel mesh for 128 partitions
ElmerMeshReader: Performing step: 1
ElmerMeshReader: Base mesh name: ./winkel
ReadHeaderFile: Reading header info from file: ./winkel/partitioning.128/part.1.header
InitializeMesh: Number of nodes in mesh: 419
InitializeMesh: Number of bulk elements in mesh: 257
InitializeMesh: Number of boundary elements in mesh: 35
InitializeMesh: Initial number of max element nodes: 8
ElmerMeshReader: Performing step: 2
ReadNodesFile: Reading nodes from file: ./winkel/partitioning.128/part.1.nodes
SetMeshDimension: Dimension of mesh is: 3
SetMeshDimension: Max dimension of mesh is: 3
ElmerMeshReader: Performing step: 3
ReadElementsFile: Reading bulk elements from file: ./winkel/partitioning.128/part.1.elements
ElmerMeshReader: Performing step: 4
ReadBoundaryFile: Reading boundary elements from file: ./winkel/partitioning.128/part.1.boundary
PermuteNodeNumbering: Performing node mapping
MapBodiesAndBCs: Skipping remapping of bodies
MapBodiesAndBCs: Remapping boundaries
MapBodiesAndBCs: Minimum initial boundary index: 5
MapBodiesAndBCs: Maximum initial boundary index: 5
ElmerMeshReader: Performing step: 5
ReadSharedFile: Reading nodes from file: ./winkel/partitioning.128/part.1.shared
ElmerMeshReader: Performing step: 6
LoadMesh: Loading mesh done
NonNodalElements: Element dofs max: 8
SParFaceNumbering: Elapsed REAL time:     0.0001 (s)
SParEdgeNumbering: Elapsed REAL time:     0.0000 (s)
ParallelNonNodalElements: Number of initial nodes: 419
ParallelNonNodalElements: Number of initial faces: 0
ParallelNonNodalElements: Number of initial edges: 0
ParallelNonNodalElements: Number of shared nodes: 257
ParallelNonNodalElements: Number of owned shared nodes: 110
ParallelNonNodal: Elapsed REAL time:     0.0001 (s)
LoadMesh: Preparing mesh done
LoadMesh: Elapsed REAL time:     0.0185 (s)
MeshStabParams: Computing stabilization parameters
MeshStabParams: Elapsed REAL time:     0.0021 (s)
CompleteModelKeywords: Completing keywords for mortars and mechanics!
MAIN: -------------------------------------
AddVtuOutputSolverHack: Adding ResultOutputSolver to write VTU output in file: case
AppendNewSolver: Increasing number of solvers to: 3
AddVtuOutputSolverHack: Finished appending VTU output solver
AddMeshCoordinates: Setting mesh coordinates and time
VariableAdd: Adding variable > Coordinate 1 < of size 419
VariableAdd: Adding variable > Coordinate 2 < of size 419
VariableAdd: Adding variable > Coordinate 3 < of size 419
AddSolvers: Setting up 3 solvers
AddSolvers: Setting up solver 1: linelast
AddEquationBasics: Using procedure: StressSolve StressSolver
AddEquationBasics: Setting up solver: linelast
Loading user function library: [StressSolve]...[StressSolver_Init]
AddEquationBasics: Checking for _init solver
StressSolve_init: --------------------------------------------------
StressSolve_init: Solving displacements from linear elasticity model
StressSolve_init: --------------------------------------------------
Loading user function library: [StressSolve]...[StressSolver_bulk]
Loading user function library: [StressSolve]...[StressSolver_bulk]
AddEquationBasics: Checking for _bulk solver
Loading user function library: [StressSolve]...[StressSolver]
AddEquationBasics: Treating variable string: -dofs 3 displacement
AddEquationBasics: Creating standard variable: displacement
AddEquationBasics: Computing size of permutation vector
AddEquationBasics: Maximum size of permutation vector is: 419
AddEquationBasics: Creating solver matrix topology
CreateMatrix: Creating initial permutation
CreateMatrix: Creating inverse of initial order of size: 419
CreateMatrix: Creating list matrix for equation: linelast
MakeListMatrix: Creating list matrix
OptimizeBandwidth: ---------------------------------------------------------
OptimizeBandwidth: Computing matrix structure for: linelast
OptimizeBandwidth: Initial bandwidth for linelast: 70
OptimizeBandwidth: Optimized bandwidth for linelast: 99
OptimizeBandwidth: Bandwidth optimization rejected, using original ordering.
OptimizeBandwidth: ---------------------------------------------------------
CreateMatrix: Initializing list matrix for equation
CRS_CreateMatrix: Creating CRS Matrix of size: 1257
CRS_CreateMatrix: Creating CRS Matrix with nofs: 74313
CreateMatrix: Sparse matrix created
AddEquationBasics: Number of rows in CRS matrix: 1257
AddEquationBasics: Creating solver variable
VariableAdd: Adding variable > displacement < of size 1257
VariableAdd: Adding variable > displacement 1 < of size 419
VariableAdd: Adding variable > displacement 2 < of size 419
VariableAdd: Adding variable > displacement 3 < of size 419
SolverInitialization: Elapsed REAL time:     0.0529 (s)
AddSolvers: Setting up solver 2: savescalars
AddEquationBasics: Using procedure: SaveData SaveScalars
AddEquationBasics: Setting up solver: savescalars
Loading user function library: [SaveData]...[SaveScalars_Init]
AddEquationBasics: Checking for _init solver
Loading user function library: [SaveData]...[SaveScalars_bulk]
Loading user function library: [SaveData]...[SaveScalars_bulk]
AddEquationBasics: Checking for _bulk solver
Loading user function library: [SaveData]...[SaveScalars]
AddEquationBasics: Creating null variable with no name
AddSolvers: Setting up solver 3: internalvtuoutputsolver
AddEquationBasics: Using procedure: ResultOutputSolve ResultOutputSolver
AddEquationBasics: Setting up solver: internalvtuoutputsolver
Loading user function library: [ResultOutputSolve]...[ResultOutputSolver_Init]
Loading user function library: [ResultOutputSolve]...[ResultOutputSolver_Init]
AddEquationBasics: Checking for _init solver
Loading user function library: [ResultOutputSolve]...[ResultOutputSolver_bulk]
Loading user function library: [ResultOutputSolve]...[ResultOutputSolver_bulk]
AddEquationBasics: Checking for _bulk solver
Loading user function library: [ResultOutputSolve]...[ResultOutputSolver]
AddEquationBasics: Treating variable string: -global vtu_internal_dummy
AddEquationBasics: Creating global variable: vtu_internal_dummy
VariableAdd: Adding variable > vtu_internal_dummy < of size 1
AddSolvers: Setting up solvers done
AddTimeEtc: Setting time and other global variables
VariableAdd: Adding variable > Time < of size 1
VariableAdd: Adding variable > Timestep < of size 1
VariableAdd: Adding variable > Timestep size < of size 1
VariableAdd: Adding variable > Timestep interval < of size 1
VariableAdd: Adding variable > nonlin iter < of size 1
VariableAdd: Adding variable > coupled iter < of size 1
VariableAdd: Adding variable > Partition < of size 1
MAIN: Random seed initialized to: 314159265
SetInitialConditions: Setting up initial conditions (if any)
MAIN: Number of timesteps to be saved: 1
MAIN: 
MAIN: -------------------------------------
MAIN:  Steady state iteration:            1
MAIN: -------------------------------------
MAIN: 
SolveEquations: Solvers before timestep
SolveEquations: Solvers in main iteration loop
SolveEquations: Performing set of solvers in sequence
ListTagCount: Counting tags for keyword normalization!
SetActiveElementsTable: Creating active element table for: linelast
SetActiveElementsTable: Number of active elements found : 257
ParallelInitMatrix: Creating communication structures for matrix!
ParallelInitMatrix: Allocating communication structures for matrix!
SplitMatrix: Splitting parallel matrix
SplitMatrix: Allocating split stuff for 128 partitions!
SingleSolver: Attempting to call solver: 1
SingleSolver: Solver Equation string is: linelast
StressSolve: 
StressSolve: --------------------------------------------------
StressSolve: Solving displacements from linear elasticity model
StressSolve: --------------------------------------------------
DefaultStart: Starting solver: linelast
StressSolve: Starting assembly...
InitializeToZero: Initializing the linear system to zero
StressSolve: Assembly:
SetNodalLoads: Finished checking for nodal loads
SetNodalLoads: Finished checking for nodal loads
SetNodalLoads: Finished checking for nodal loads
DefaultSolve: Solving linear system with default routines
GenerateConstraintMatrix: Nothing to do for now
SolveSystem: Solving linear system
SolveSystem: Solving linear system in standard way
SolveLinearSystem: Assuming real valued linear system
SolveLinearSystem: Using previously created parallel matrix structures!
SolveLinearSystem: Assuming parallel linear system
ScaleLinearSystem: Creating > DiagScaling < vector of size 1257
SolveLinearSystem: Parallel linear System Solver: feti
DirectSolver: Using direct method: mumpslocal

** Error/warning return ** from Analysis *  INFO(1:2)=   1           37680

** Error/warning return ** from Analysis *  INFO(1:2)=   1           35400

** Error/warning return ** from Analysis *  INFO(1:2)=   1           34830

** Error/warning return ** from Analysis *  INFO(1:2)=   1           35460

** Error/warning return ** from Analysis *  INFO(1:2)=   1           34701

** Error/warning return ** from Analysis *  INFO(1:2)=   1           36129

** Error/warning return ** from Analysis *  INFO(1:2)=   1           36822

** Error/warning return ** from Analysis *  INFO(1:2)=   1           37005

** Error/warning return ** from Analysis *  INFO(1:2)=   1           37602

** Error/warning return ** from Analysis *  INFO(1:2)=   1           37485

** Error/warning return ** from Analysis *  INFO(1:2)=   1           35940

** Error/warning return ** from Analysis *  INFO(1:2)=   1           36774

** Error/warning return ** from Analysis *  INFO(1:2)=   1           37104

** Error/warning return ** from Analysis *  INFO(1:2)=   1           37623

** Error/warning return ** from Analysis *  INFO(1:2)=   1           36981

** Error/warning return ** from Analysis *  INFO(1:2)=   1           35778

** Error/warning return ** from Analysis *  INFO(1:2)=   1           37086

** Error/warning return ** from Analysis *  INFO(1:2)=   1           36333

** Error/warning return ** from Analysis *  INFO(1:2)=   1           37590

** Error/warning return ** from Analysis *  INFO(1:2)=   1           35067

** Error/warning return ** from Analysis *  INFO(1:2)=   1           36345

** Error/warning return ** from Analysis *  INFO(1:2)=   1           35373

** Error/warning return ** from Analysis *  INFO(1:2)=   1           36546

** Error/warning return ** from Analysis *  INFO(1:2)=   1           37629

** Error/warning return ** from Analysis *  INFO(1:2)=   1           37341

** Error/warning return ** from Analysis *  INFO(1:2)=   1           35403

** Error/warning return ** from Analysis *  INFO(1:2)=   1           37227

** Error/warning return ** from Analysis *  INFO(1:2)=   1           37032

** Error/warning return ** from Analysis *  INFO(1:2)=   1           34818

** Error/warning return ** from Analysis *  INFO(1:2)=   1           35025

** Error/warning return ** from Analysis *  INFO(1:2)=   1           37224

** Error/warning return ** from Analysis *  INFO(1:2)=   1           36201

** Error/warning return ** from Analysis *  INFO(1:2)=   1           36657

** Error/warning return ** from Analysis *  INFO(1:2)=   1           34818

** Error/warning return ** from Analysis *  INFO(1:2)=   1           36303

** Error/warning return ** from Analysis *  INFO(1:2)=   1           36135

** Error/warning return ** from Analysis *  INFO(1:2)=   1           37149

** Error/warning return ** from Analysis *  INFO(1:2)=   1           35451

** Error/warning return ** from Analysis *  INFO(1:2)=   1           35661

** Error/warning return ** from Analysis *  INFO(1:2)=   1           36810

** Error/warning return ** from Analysis *  INFO(1:2)=   1           35439

** Error/warning return ** from Analysis *  INFO(1:2)=   1           37266

** Error/warning return ** from Analysis *  INFO(1:2)=   1           34956

** Error/warning return ** from Analysis *  INFO(1:2)=   1           34977

** Error/warning return ** from Analysis *  INFO(1:2)=   1           35628

** Error/warning return ** from Analysis *  INFO(1:2)=   1           34767

** Error/warning return ** from Analysis *  INFO(1:2)=   1           36108

** Error/warning return ** from Analysis *  INFO(1:2)=   1           34494

** Error/warning return ** from Analysis *  INFO(1:2)=   1           37164

** Error/warning return ** from Analysis *  INFO(1:2)=   1           36900

** Error/warning return ** from Analysis *  INFO(1:2)=   1           36420

** Error/warning return ** from Analysis *  INFO(1:2)=   1           36489

** Error/warning return ** from Analysis *  INFO(1:2)=   1           37266

** Error/warning return ** from Analysis *  INFO(1:2)=   1           36231

** Error/warning return ** from Analysis *  INFO(1:2)=   1           34947

** Error/warning return ** from Analysis *  INFO(1:2)=   1           37059

** Error/warning return ** from Analysis *  INFO(1:2)=   1           35115

** Error/warning return ** from Analysis *  INFO(1:2)=   1           35154

** Error/warning return ** from Analysis *  INFO(1:2)=   1           34857

** Error/warning return ** from Analysis *  INFO(1:2)=   1           37113

** Error/warning return ** from Analysis *  INFO(1:2)=   1           35865

** Error/warning return ** from Analysis *  INFO(1:2)=   1           35832

** Error/warning return ** from Analysis *  INFO(1:2)=   1           36774

** Error/warning return ** from Analysis *  INFO(1:2)=   1           34851

** Error/warning return ** from Analysis *  INFO(1:2)=   1           36462

** Error/warning return ** from Analysis *  INFO(1:2)=   1           35928

** Error/warning return ** from Analysis *  INFO(1:2)=   1           34740

** Error/warning return ** from Analysis *  INFO(1:2)=   1           35193

** Error/warning return ** from Analysis *  INFO(1:2)=   1           34767

** Error/warning return ** from Analysis *  INFO(1:2)=   1           36528

** Error/warning return ** from Analysis *  INFO(1:2)=   1           35433

** Error/warning return ** from Analysis *  INFO(1:2)=   1           35907

** Error/warning return ** from Analysis *  INFO(1:2)=   1           35295

** Error/warning return ** from Analysis *  INFO(1:2)=   1           34662

** Error/warning return ** from Analysis *  INFO(1:2)=   1           35292

** Error/warning return ** from Analysis *  INFO(1:2)=   1           35685

** Error/warning return ** from Analysis *  INFO(1:2)=   1           34857

** Error/warning return ** from Analysis *  INFO(1:2)=   1           36990

** Error/warning return ** from Analysis *  INFO(1:2)=   1           35307

** Error/warning return ** from Analysis *  INFO(1:2)=   1           37446

** Error/warning return ** from Analysis *  INFO(1:2)=   1           35361

** Error/warning return ** from Analysis *  INFO(1:2)=   1           36207

** Error/warning return ** from Analysis *  INFO(1:2)=   1           36696

** Error/warning return ** from Analysis *  INFO(1:2)=   1           36279

** Error/warning return ** from Analysis *  INFO(1:2)=   1           37149

** Error/warning return ** from Analysis *  INFO(1:2)=   1           35349

** Error/warning return ** from Analysis *  INFO(1:2)=   1           37254

** Error/warning return ** from Analysis *  INFO(1:2)=   1           37473

** Error/warning return ** from Analysis *  INFO(1:2)=   1           34950

** Error/warning return ** from Analysis *  INFO(1:2)=   1           34857

** Error/warning return ** from Analysis *  INFO(1:2)=   1           35943

** Error/warning return ** from Analysis *  INFO(1:2)=   1           36135

** Error/warning return ** from Analysis *  INFO(1:2)=   1           37020

** Error/warning return ** from Analysis *  INFO(1:2)=   1           35883

** Error/warning return ** from Analysis *  INFO(1:2)=   1           35856

** Error/warning return ** from Analysis *  INFO(1:2)=   1           35670

** Error/warning return ** from Analysis *  INFO(1:2)=   1           35658

** Error/warning return ** from Analysis *  INFO(1:2)=   1           36957

** Error/warning return ** from Analysis *  INFO(1:2)=   1           37239

** Error/warning return ** from Analysis *  INFO(1:2)=   1           36114

** Error/warning return ** from Analysis *  INFO(1:2)=   1           34326

** Error/warning return ** from Analysis *  INFO(1:2)=   1           37356

** Error/warning return ** from Analysis *  INFO(1:2)=   1           35061

** Error/warning return ** from Analysis *  INFO(1:2)=   1           37746

** Error/warning return ** from Analysis *  INFO(1:2)=   1           36258

** Error/warning return ** from Analysis *  INFO(1:2)=   1           36930

** Error/warning return ** from Analysis *  INFO(1:2)=   1           34494

** Error/warning return ** from Analysis *  INFO(1:2)=   1           36528

** Error/warning return ** from Analysis *  INFO(1:2)=   1           35688

** Error/warning return ** from Analysis *  INFO(1:2)=   1           34494

** Error/warning return ** from Analysis *  INFO(1:2)=   1           35028

** Error/warning return ** from Analysis *  INFO(1:2)=   1           35466

** Error/warning return ** from Analysis *  INFO(1:2)=   1           34779

** Error/warning return ** from Analysis *  INFO(1:2)=   1           36762

** Error/warning return ** from Analysis *  INFO(1:2)=   1           36813

** Error/warning return ** from Analysis *  INFO(1:2)=   1           37395

** Error/warning return ** from Analysis *  INFO(1:2)=   1           35946

** Error/warning return ** from Analysis *  INFO(1:2)=   1           37422

** Error/warning return ** from Analysis *  INFO(1:2)=   1           35490

** Error/warning return ** from Analysis *  INFO(1:2)=   1           36039

** Error/warning return ** from Analysis *  INFO(1:2)=   1           36837

** Error/warning return ** from Analysis *  INFO(1:2)=   1           36489

** Error/warning return ** from Analysis *  INFO(1:2)=   1           37500

** Error/warning return ** from Analysis *  INFO(1:2)=   1           34779

** Error/warning return ** from Analysis *  INFO(1:2)=   1           36141

** Error/warning return ** from Analysis *  INFO(1:2)=   1           37020

** Error/warning return ** from Analysis *  INFO(1:2)=   1           34959

** Error/warning return ** from Analysis *  INFO(1:2)=   1           35955
List_ToCRSMatrix: Changing matrix type with number of non-zeros: 999
List_ToCRSMatrix: Matrix format changed from List to CRS
Feti::  min/max nz:           6           6
ListPushNameSpace: Adding name space: feti proj:
ListSetNamespace: Setting namespace to: feti proj:
List_ToCRSMatrix: Changing matrix type with number of non-zeros: 11538
List_ToCRSMatrix: Matrix format changed from List to CRS
DirectSolver: Using direct method: mumps
ListPopNameSpace: Deleting entry from name space:
DirectSolver: Using direct method: mumpslocal
ListPushNameSpace: Adding name space: feti proj:
ListSetNamespace: Setting namespace to: feti proj:
DirectSolver: Using direct method: mumps
ListPopNameSpace: Deleting entry from name space:
  
          iter     |ax-b|                    |ax-b|/b
       --------------------------------------------------
           0   194.36813759071657        2.4827118248991777E-002
ListPushNameSpace: Adding name space: feti proj:
ListSetNamespace: Setting namespace to: feti proj:
DirectSolver: Using direct method: mumps
ListPopNameSpace: Deleting entry from name space:
DirectSolver: Using direct method: mumpslocal
ListPushNameSpace: Adding name space: feti proj:
ListSetNamespace: Setting namespace to: feti proj:
DirectSolver: Using direct method: mumps
ListPopNameSpace: Deleting entry from name space:
ListPushNameSpace: Adding name space: feti proj:
ListSetNamespace: Setting namespace to: feti proj:
DirectSolver: Using direct method: mumps
ListPopNameSpace: Deleting entry from name space:
DirectSolver: Using direct method: mumpslocal
ListPushNameSpace: Adding name space: feti proj:
ListSetNamespace: Setting namespace to: feti proj:
DirectSolver: Using direct method: mumps
ListPopNameSpace: Deleting entry from name space:
ListPushNameSpace: Adding name space: feti proj:
ListSetNamespace: Setting namespace to: feti proj:
DirectSolver: Using direct method: mumps
ListPopNameSpace: Deleting entry from name space:
DirectSolver: Using direct method: mumpslocal
ListPushNameSpace: Adding name space: feti proj:
ListSetNamespace: Setting namespace to: feti proj:
DirectSolver: Using direct method: mumps
ListPopNameSpace: Deleting entry from name space:
ListPushNameSpace: Adding name space: feti proj:
ListSetNamespace: Setting namespace to: feti proj:
DirectSolver: Using direct method: mumps
ListPopNameSpace: Deleting entry from name space:
DirectSolver: Using direct method: mumpslocal
ListPushNameSpace: Adding name space: feti proj:
ListSetNamespace: Setting namespace to: feti proj:
DirectSolver: Using direct method: mumps
ListPopNameSpace: Deleting entry from name space:
ListPushNameSpace: Adding name space: feti proj:
ListSetNamespace: Setting namespace to: feti proj:
DirectSolver: Using direct method: mumps
ListPopNameSpace: Deleting entry from name space:
DirectSolver: Using direct method: mumpslocal
ListPushNameSpace: Adding name space: feti proj:
ListSetNamespace: Setting namespace to: feti proj:
DirectSolver: Using direct method: mumps
ListPopNameSpace: Deleting entry from name space:
ListPushNameSpace: Adding name space: feti proj:
ListSetNamespace: Setting namespace to: feti proj:
DirectSolver: Using direct method: mumps
ListPopNameSpace: Deleting entry from name space:
DirectSolver: Using direct method: mumpslocal
ListPushNameSpace: Adding name space: feti proj:
ListSetNamespace: Setting namespace to: feti proj:
DirectSolver: Using direct method: mumps
ListPopNameSpace: Deleting entry from name space:
ListPushNameSpace: Adding name space: feti proj:
ListSetNamespace: Setting namespace to: feti proj:
DirectSolver: Using direct method: mumps
ListPopNameSpace: Deleting entry from name space:
DirectSolver: Using direct method: mumpslocal
ListPushNameSpace: Adding name space: feti proj:
ListSetNamespace: Setting namespace to: feti proj:
DirectSolver: Using direct method: mumps
ListPopNameSpace: Deleting entry from name space:
ListPushNameSpace: Adding name space: feti proj:
ListSetNamespace: Setting namespace to: feti proj:
DirectSolver: Using direct method: mumps
ListPopNameSpace: Deleting entry from name space:
DirectSolver: Using direct method: mumpslocal
ListPushNameSpace: Adding name space: feti proj:
ListSetNamespace: Setting namespace to: feti proj:
DirectSolver: Using direct method: mumps
ListPopNameSpace: Deleting entry from name space:
ListPushNameSpace: Adding name space: feti proj:
ListSetNamespace: Setting namespace to: feti proj:
DirectSolver: Using direct method: mumps
ListPopNameSpace: Deleting entry from name space:
DirectSolver: Using direct method: mumpslocal
ListPushNameSpace: Adding name space: feti proj:
ListSetNamespace: Setting namespace to: feti proj:
DirectSolver: Using direct method: mumps
ListPopNameSpace: Deleting entry from name space:
ListPushNameSpace: Adding name space: feti proj:
ListSetNamespace: Setting namespace to: feti proj:
DirectSolver: Using direct method: mumps
ListPopNameSpace: Deleting entry from name space:
DirectSolver: Using direct method: mumpslocal
ListPushNameSpace: Adding name space: feti proj:
ListSetNamespace: Setting namespace to: feti proj:
DirectSolver: Using direct method: mumps
ListPopNameSpace: Deleting entry from name space:
ListPushNameSpace: Adding name space: feti proj:
ListSetNamespace: Setting namespace to: feti proj:
DirectSolver: Using direct method: mumps
ListPopNameSpace: Deleting entry from name space:
DirectSolver: Using direct method: mumpslocal
ListPushNameSpace: Adding name space: feti proj:
ListSetNamespace: Setting namespace to: feti proj:
DirectSolver: Using direct method: mumps
ListPopNameSpace: Deleting entry from name space:
ListPushNameSpace: Adding name space: feti proj:
ListSetNamespace: Setting namespace to: feti proj:
DirectSolver: Using direct method: mumps
ListPopNameSpace: Deleting entry from name space:
DirectSolver: Using direct method: mumpslocal
ListPushNameSpace: Adding name space: feti proj:
ListSetNamespace: Setting namespace to: feti proj:
DirectSolver: Using direct method: mumps
ListPopNameSpace: Deleting entry from name space:
ListPushNameSpace: Adding name space: feti proj:
ListSetNamespace: Setting namespace to: feti proj:
DirectSolver: Using direct method: mumps
ListPopNameSpace: Deleting entry from name space:
DirectSolver: Using direct method: mumpslocal
ListPushNameSpace: Adding name space: feti proj:
ListSetNamespace: Setting namespace to: feti proj:
DirectSolver: Using direct method: mumps
ListPopNameSpace: Deleting entry from name space:
ListPushNameSpace: Adding name space: feti proj:
ListSetNamespace: Setting namespace to: feti proj:
DirectSolver: Using direct method: mumps
ListPopNameSpace: Deleting entry from name space:
DirectSolver: Using direct method: mumpslocal
ListPushNameSpace: Adding name space: feti proj:
ListSetNamespace: Setting namespace to: feti proj:
DirectSolver: Using direct method: mumps
ListPopNameSpace: Deleting entry from name space:
ListPushNameSpace: Adding name space: feti proj:
ListSetNamespace: Setting namespace to: feti proj:
DirectSolver: Using direct method: mumps
ListPopNameSpace: Deleting entry from name space:
DirectSolver: Using direct method: mumpslocal
ListPushNameSpace: Adding name space: feti proj:
ListSetNamespace: Setting namespace to: feti proj:
DirectSolver: Using direct method: mumps
ListPopNameSpace: Deleting entry from name space:
ListPushNameSpace: Adding name space: feti proj:
ListSetNamespace: Setting namespace to: feti proj:
DirectSolver: Using direct method: mumps
ListPopNameSpace: Deleting entry from name space:
DirectSolver: Using direct method: mumpslocal
ListPushNameSpace: Adding name space: feti proj:
ListSetNamespace: Setting namespace to: feti proj:
DirectSolver: Using direct method: mumps
ListPopNameSpace: Deleting entry from name space:
ListPushNameSpace: Adding name space: feti proj:
ListSetNamespace: Setting namespace to: feti proj:
DirectSolver: Using direct method: mumps
ListPopNameSpace: Deleting entry from name space:
DirectSolver: Using direct method: mumpslocal
ListPushNameSpace: Adding name space: feti proj:
ListSetNamespace: Setting namespace to: feti proj:
DirectSolver: Using direct method: mumps
ListPopNameSpace: Deleting entry from name space:
ListPushNameSpace: Adding name space: feti proj:
ListSetNamespace: Setting namespace to: feti proj:
DirectSolver: Using direct method: mumps
ListPopNameSpace: Deleting entry from name space:
DirectSolver: Using direct method: mumpslocal
ListPushNameSpace: Adding name space: feti proj:
ListSetNamespace: Setting namespace to: feti proj:
DirectSolver: Using direct method: mumps
ListPopNameSpace: Deleting entry from name space:
ListPushNameSpace: Adding name space: feti proj:
ListSetNamespace: Setting namespace to: feti proj:
DirectSolver: Using direct method: mumps
ListPopNameSpace: Deleting entry from name space:
DirectSolver: Using direct method: mumpslocal
ListPushNameSpace: Adding name space: feti proj:
ListSetNamespace: Setting namespace to: feti proj:
DirectSolver: Using direct method: mumps
ListPopNameSpace: Deleting entry from name space:
ListPushNameSpace: Adding name space: feti proj:
ListSetNamespace: Setting namespace to: feti proj:
DirectSolver: Using direct method: mumps
ListPopNameSpace: Deleting entry from name space:
DirectSolver: Using direct method: mumpslocal
ListPushNameSpace: Adding name space: feti proj:
ListSetNamespace: Setting namespace to: feti proj:
DirectSolver: Using direct method: mumps
ListPopNameSpace: Deleting entry from name space:
          20   9.2708289157814899E-002   1.1841856829587310E-005
ListPushNameSpace: Adding name space: feti proj:
ListSetNamespace: Setting namespace to: feti proj:
DirectSolver: Using direct method: mumps
ListPopNameSpace: Deleting entry from name space:
DirectSolver: Using direct method: mumpslocal
ListPushNameSpace: Adding name space: feti proj:
ListSetNamespace: Setting namespace to: feti proj:
DirectSolver: Using direct method: mumps
ListPopNameSpace: Deleting entry from name space:
ListPushNameSpace: Adding name space: feti proj:
ListSetNamespace: Setting namespace to: feti proj:
DirectSolver: Using direct method: mumps
ListPopNameSpace: Deleting entry from name space:
DirectSolver: Using direct method: mumpslocal
ListPushNameSpace: Adding name space: feti proj:
ListSetNamespace: Setting namespace to: feti proj:
DirectSolver: Using direct method: mumps
ListPopNameSpace: Deleting entry from name space:
ListPushNameSpace: Adding name space: feti proj:
ListSetNamespace: Setting namespace to: feti proj:
DirectSolver: Using direct method: mumps
ListPopNameSpace: Deleting entry from name space:
DirectSolver: Using direct method: mumpslocal
ListPushNameSpace: Adding name space: feti proj:
ListSetNamespace: Setting namespace to: feti proj:
DirectSolver: Using direct method: mumps
ListPopNameSpace: Deleting entry from name space:
ListPushNameSpace: Adding name space: feti proj:
ListSetNamespace: Setting namespace to: feti proj:
DirectSolver: Using direct method: mumps
ListPopNameSpace: Deleting entry from name space:
DirectSolver: Using direct method: mumpslocal
ListPushNameSpace: Adding name space: feti proj:
ListSetNamespace: Setting namespace to: feti proj:
DirectSolver: Using direct method: mumps
ListPopNameSpace: Deleting entry from name space:
ListPushNameSpace: Adding name space: feti proj:
ListSetNamespace: Setting namespace to: feti proj:
DirectSolver: Using direct method: mumps
ListPopNameSpace: Deleting entry from name space:
DirectSolver: Using direct method: mumpslocal
ListPushNameSpace: Adding name space: feti proj:
ListSetNamespace: Setting namespace to: feti proj:
DirectSolver: Using direct method: mumps
ListPopNameSpace: Deleting entry from name space:
ListPushNameSpace: Adding name space: feti proj:
ListSetNamespace: Setting namespace to: feti proj:
DirectSolver: Using direct method: mumps
ListPopNameSpace: Deleting entry from name space:
DirectSolver: Using direct method: mumpslocal
ListPushNameSpace: Adding name space: feti proj:
ListSetNamespace: Setting namespace to: feti proj:
DirectSolver: Using direct method: mumps
ListPopNameSpace: Deleting entry from name space:
ListPushNameSpace: Adding name space: feti proj:
ListSetNamespace: Setting namespace to: feti proj:
DirectSolver: Using direct method: mumps
ListPopNameSpace: Deleting entry from name space:
DirectSolver: Using direct method: mumpslocal
ListPushNameSpace: Adding name space: feti proj:
ListSetNamespace: Setting namespace to: feti proj:
DirectSolver: Using direct method: mumps
ListPopNameSpace: Deleting entry from name space:
ListPushNameSpace: Adding name space: feti proj:
ListSetNamespace: Setting namespace to: feti proj:
DirectSolver: Using direct method: mumps
ListPopNameSpace: Deleting entry from name space:
DirectSolver: Using direct method: mumpslocal
ListPushNameSpace: Adding name space: feti proj:
ListSetNamespace: Setting namespace to: feti proj:
DirectSolver: Using direct method: mumps
ListPopNameSpace: Deleting entry from name space:
ListPushNameSpace: Adding name space: feti proj:
ListSetNamespace: Setting namespace to: feti proj:
DirectSolver: Using direct method: mumps
ListPopNameSpace: Deleting entry from name space:
DirectSolver: Using direct method: mumpslocal
ListPushNameSpace: Adding name space: feti proj:
ListSetNamespace: Setting namespace to: feti proj:
DirectSolver: Using direct method: mumps
ListPopNameSpace: Deleting entry from name space:
ListPushNameSpace: Adding name space: feti proj:
ListSetNamespace: Setting namespace to: feti proj:
DirectSolver: Using direct method: mumps
ListPopNameSpace: Deleting entry from name space:
DirectSolver: Using direct method: mumpslocal
ListPushNameSpace: Adding name space: feti proj:
ListSetNamespace: Setting namespace to: feti proj:
DirectSolver: Using direct method: mumps
ListPopNameSpace: Deleting entry from name space:
ListPushNameSpace: Adding name space: feti proj:
ListSetNamespace: Setting namespace to: feti proj:
DirectSolver: Using direct method: mumps
ListPopNameSpace: Deleting entry from name space:
DirectSolver: Using direct method: mumpslocal
ListPushNameSpace: Adding name space: feti proj:
ListSetNamespace: Setting namespace to: feti proj:
DirectSolver: Using direct method: mumps
ListPopNameSpace: Deleting entry from name space:
ListPushNameSpace: Adding name space: feti proj:
ListSetNamespace: Setting namespace to: feti proj:
DirectSolver: Using direct method: mumps
ListPopNameSpace: Deleting entry from name space:
DirectSolver: Using direct method: mumpslocal
ListPushNameSpace: Adding name space: feti proj:
ListSetNamespace: Setting namespace to: feti proj:
DirectSolver: Using direct method: mumps
ListPopNameSpace: Deleting entry from name space:
ListPushNameSpace: Adding name space: feti proj:
ListSetNamespace: Setting namespace to: feti proj:
DirectSolver: Using direct method: mumps
ListPopNameSpace: Deleting entry from name space:
DirectSolver: Using direct method: mumpslocal
ListPushNameSpace: Adding name space: feti proj:
ListSetNamespace: Setting namespace to: feti proj:
DirectSolver: Using direct method: mumps
ListPopNameSpace: Deleting entry from name space:
ListPushNameSpace: Adding name space: feti proj:
ListSetNamespace: Setting namespace to: feti proj:
DirectSolver: Using direct method: mumps
ListPopNameSpace: Deleting entry from name space:
DirectSolver: Using direct method: mumpslocal
ListPushNameSpace: Adding name space: feti proj:
ListSetNamespace: Setting namespace to: feti proj:
DirectSolver: Using direct method: mumps
ListPopNameSpace: Deleting entry from name space:
ListPushNameSpace: Adding name space: feti proj:
ListSetNamespace: Setting namespace to: feti proj:
DirectSolver: Using direct method: mumps
ListPopNameSpace: Deleting entry from name space:
DirectSolver: Using direct method: mumpslocal
ListPushNameSpace: Adding name space: feti proj:
ListSetNamespace: Setting namespace to: feti proj:
DirectSolver: Using direct method: mumps
ListPopNameSpace: Deleting entry from name space:
ListPushNameSpace: Adding name space: feti proj:
ListSetNamespace: Setting namespace to: feti proj:
DirectSolver: Using direct method: mumps
ListPopNameSpace: Deleting entry from name space:
DirectSolver: Using direct method: mumpslocal
ListPushNameSpace: Adding name space: feti proj:
ListSetNamespace: Setting namespace to: feti proj:
DirectSolver: Using direct method: mumps
ListPopNameSpace: Deleting entry from name space:
ListPushNameSpace: Adding name space: feti proj:
ListSetNamespace: Setting namespace to: feti proj:
DirectSolver: Using direct method: mumps
ListPopNameSpace: Deleting entry from name space:
DirectSolver: Using direct method: mumpslocal
ListPushNameSpace: Adding name space: feti proj:
ListSetNamespace: Setting namespace to: feti proj:
DirectSolver: Using direct method: mumps
ListPopNameSpace: Deleting entry from name space:
ListPushNameSpace: Adding name space: feti proj:
ListSetNamespace: Setting namespace to: feti proj:
DirectSolver: Using direct method: mumps
ListPopNameSpace: Deleting entry from name space:
DirectSolver: Using direct method: mumpslocal
ListPushNameSpace: Adding name space: feti proj:
ListSetNamespace: Setting namespace to: feti proj:
DirectSolver: Using direct method: mumps
ListPopNameSpace: Deleting entry from name space:
DirectSolver: Using direct method: mumpslocal
ListPushNameSpace: Adding name space: feti proj:
ListSetNamespace: Setting namespace to: feti proj:
DirectSolver: Using direct method: mumps
ListPopNameSpace: Deleting entry from name space:
DirectSolver: Using direct method: mumpslocal
BackScaleLinearSystem: Scaling back to original scale
ComputeNorm: Computing norm of solution
ComputeNorm: Using consistent norm in parallel
ComputeChange: NS (ITER=1) (NRM,RELC): ( 0.23390061E-01  2.0000000     ) :: linelast
SolveSystem: System solved
SolveSystem: Linear system time (CPU,REAL) for displacement:     0.11    0.22 (s)
SolveSystem: Finished solving the system
DefaultFinish: Finished solver: linelast
StressSolver: All done
StressSolver: ------------------------------------------
SolverActivate: Solver time (CPU,REAL) for linelast:     0.13    0.29 (s)
ComputeNorm: Computing norm of solution
ComputeNorm: Using consistent norm in parallel
ComputeChange: SS (ITER=1) (NRM,RELC): ( 0.23390061E-01  2.0000000     ) :: linelast
SetActiveElementsTable: Creating active element table for: savescalars
SetActiveElementsTable: No active elements found
SingleSolver: Attempting to call solver: 2
SingleSolver: Solver Equation string is: savescalars
SaveScalars: -----------------------------------------
SaveScalars: Saving scalar values of various kinds
SolverOutputDirectory: Creating directory: results_cpu_128
SaveScalars: Treating variable: displacement
SaveScalars: Treating operator: dofs
OperToParOperMap: dofs -> sum
SaveScalars: Treating variable: displacement
SaveScalars: Treating operator: elements
OperToParOperMap: elements -> sum
SaveScalars: Treating variable: displacement
SaveScalars: Treating operator: partitions
OperToParOperMap: partitions -> none
SaveScalars: Treating variable: displacement
SaveScalars: Treating operator: norm
OperToParOperMap: norm -> none
SaveScalars: Treating variable: displacement
SaveScalars: Treating operator: cpu time
OperToParOperMap: cpu time -> none
SaveScalars: Performed 5 reduction operations
SaveScalars: Adding information on simulation timing
SaveScalars: Found 4 result scalars in simulation section
SaveScalars: Found 12 values to save in total
SaveScalars: Saving names of values to file: results_cpu_128/f128.dat.names
SaveScalars: Parallel data is reduced into one file
SaveScalars: Data is appended to existing file
SaveScalars: Saving values to file: results_cpu_128/f128.dat
SaveScalars: -----------------------------------------
SolveEquations: Solvers after timestep
SetActiveElementsTable: Creating active element table for: internalvtuoutputsolver
SetActiveElementsTable: No active elements found
SingleSolver: Attempting to call solver: 0
SingleSolver: Solver Equation string is: internalvtuoutputsolver
ResultOutputSolver: -------------------------------------
ResultOutputSolver: Saving with prefix: case
ResultOutputSolver: Number of output meshes: 1
ResultOutputSolver: Dimension of mesh is: 3
ResultOutputSolver: Working on mesh 1: winkel with 419 nodes
ResultOutputSolver: Creating list for saving - if not present
CreateListForSaving: Field Variables for Saving
CreateListForSaving: Vector Field 1: displacement
ResultOutputSolver: Saving in unstructured VTK XML (.vtu) format
VtuOutputSolver: Saving results in VTK XML format with prefix: case
VtuOutputSolver: Saving number of partitions: 128
SolverOutputDirectory: Creating directory: results_cpu_128
VtuOutputSolver: Full filename base is: results_cpu_128/case
GenerateSaveMask: Allocating NodePerm of size: 419
GenerateSaveMask: Allocating ActiveElem of size: 292
GenerateSaveMask: Number of active elements 292 out of 292
GenerateSaveMask: Number of geometry nodes 419 out of 419
VtuOutputSolver: Total number of elements to save: 39200
VtuOutputSolver: Total number of geometry nodes to save: 54278
VtuOutputSolver: Total number of dof nodes to save: 54278
VtuOutputSolver: Setting offset for boundary entities: 100
VtuOutputSolver: Writing the pvtu file: results_cpu_128/case_t0001.pvtu
WritePvtuFile: Number of active partitions is 128 (out of 128)
WritePvtuFile: List of active partitions was composed
VtuOutputSolver: Finished writing pvtu file
VtuOutputSolver: Writing the vtu file: results_cpu_128/case_128np001_t0001.vtu
AscBinWriteInit: Initializing buffered ascii/binary writing
AscBinWriteInit: Writing in binary
AscBinWriteInit: Writing in double precision
AscBinWriteInit: Writing to unit number: 58
AscBinWriteInit: Size of buffer is: 1000
WriteVtuFile: Writing nodal fields
WriteVtuFile: Saving 3-component variable: displacement
WriteVtuFile: Number of nodal fields written: 1
WriteVtuFile: Writing elemental fields
WriteVtuFile: Number of elemental fields written: 0
WriteVtuFile: Writing entity IDs for bodies and boundaries
WriteVtuFile: Writing coordinates for each used node
WriteVtuFile: Writing the elemental connectivity data
WriteVtuFile: Writing nodal fields
WriteVtuFile: Saving 3-component variable: displacement
WriteVtuFile: Number of nonzeros for "displacement" is 419 of 419
WriteVtuFile: Writing elemental fields
AscBinWriteFree: Terminating buffered ascii/binary writing
WriteVtuFile: Finished writing file
VtuOutputSolver: Finished writing vtu file
VtuOutputSolver: All done for now
ResultOutputSolver: -------------------------------------
CompareToReferenceSolution: Solver 1 PASSED:  Norm = 2.33900606E-02  RefNorm = 2.33900606E-02
CompareToReferenceSolution: Relative Error to reference norm: 1.019325E-09
ReloadInputFile: Reloading input file
LoadInputFile: Loading input file:
CompareToReferenceSolution: PASSED all 1 tests!
MAIN: Reporting unused list entries for sif improvement!
MAIN: If you do not want these lines undefine > DEVEL_LISTUSAGE < !
   Unused keywords:
       Simulation            max output level
       Boundary Condition 1  displacement 1
       Boundary Condition 1  displacement 2
       Boundary Condition 1  displacement 3
       Boundary Condition 2  force 2
       Solver 1              linear system abort not converged
MAIN: *** Elmer Solver: ALL DONE ***
FreeModel: Freeing meshes
ReleaseMesh: Releasing mesh variables
ReleaseMesh: Releasing mesh nodes
ReleaseMesh: Releasing mesh finished
FreeModel: Freeing constants list
FreeModel: Freeing simulation list
FreeModel: Freeing boundary lists
FreeModel: Freeing solvers
Loading user function library: [StressSolve]...[StressSolver_Finalize]
Loading user function library: [StressSolve]...[StressSolver_Finalize]
Loading user function library: [SaveData]...[SaveScalars_Finalize]
Loading user function library: [SaveData]...[SaveScalars_Finalize]
Loading user function library: [ResultOutputSolve]...[ResultOutputSolver_Finalize]
Loading user function library: [ResultOutputSolve]...[ResultOutputSolver_Finalize]
FreeModel: Freeing initial conditions lists
FreeModel: Freeing body lists
FreeModel: Freeing equations lists
FreeModel: Freeing body forces lists
ParallelFinalize: Final synchronization of the MPI system!
MAIN: The end
SOLVER TOTAL TIME(CPU,REAL):         0.32       10.58
ELMER SOLVER FINISHED AT: 2026/07/21 09:10:11

Ending linsys/elmer_feti_mumps_10.sif with mesh level 1
Elapsed time: 17 s
-----------------------------------



-----------------------------------
Starting linsys/elmer_feti_mumps.sif with mesh level 1

ELMER SOLVER (v 26.2) STARTED AT: 2026/07/21 09:10:16
ELMER SOLVER (v 26.2) STARTED AT: 2026/07/21 09:10:16
ELMER SOLVER (v 26.2) STARTED AT: 2026/07/21 09:10:16
ELMER SOLVER (v 26.2) STARTED AT: 2026/07/21 09:10:16
ELMER SOLVER (v 26.2) STARTED AT: 2026/07/21 09:10:16
ELMER SOLVER (v 26.2) STARTED AT: 2026/07/21 09:10:16
ELMER SOLVER (v 26.2) STARTED AT: 2026/07/21 09:10:16
ELMER SOLVER (v 26.2) STARTED AT: 2026/07/21 09:10:16
ELMER SOLVER (v 26.2) STARTED AT: 2026/07/21 09:10:16
ELMER SOLVER (v 26.2) STARTED AT: 2026/07/21 09:10:16
ELMER SOLVER (v 26.2) STARTED AT: 2026/07/21 09:10:16
ELMER SOLVER (v 26.2) STARTED AT: 2026/07/21 09:10:16
ELMER SOLVER (v 26.2) STARTED AT: 2026/07/21 09:10:16
ELMER SOLVER (v 26.2) STARTED AT: 2026/07/21 09:10:16
ELMER SOLVER (v 26.2) STARTED AT: 2026/07/21 09:10:16
ELMER SOLVER (v 26.2) STARTED AT: 2026/07/21 09:10:16
ELMER SOLVER (v 26.2) STARTED AT: 2026/07/21 09:10:16
ELMER SOLVER (v 26.2) STARTED AT: 2026/07/21 09:10:16
ELMER SOLVER (v 26.2) STARTED AT: 2026/07/21 09:10:16
ELMER SOLVER (v 26.2) STARTED AT: 2026/07/21 09:10:16
ELMER SOLVER (v 26.2) STARTED AT: 2026/07/21 09:10:16
ELMER SOLVER (v 26.2) STARTED AT: 2026/07/21 09:10:16
ELMER SOLVER (v 26.2) STARTED AT: 2026/07/21 09:10:16
ELMER SOLVER (v 26.2) STARTED AT: 2026/07/21 09:10:16
ELMER SOLVER (v 26.2) STARTED AT: 2026/07/21 09:10:16
ELMER SOLVER (v 26.2) STARTED AT: 2026/07/21 09:10:16
ELMER SOLVER (v 26.2) STARTED AT: 2026/07/21 09:10:16
ELMER SOLVER (v 26.2) STARTED AT: 2026/07/21 09:10:16
ELMER SOLVER (v 26.2) STARTED AT: 2026/07/21 09:10:16
ELMER SOLVER (v 26.2) STARTED AT: 2026/07/21 09:10:16
ELMER SOLVER (v 26.2) STARTED AT: 2026/07/21 09:10:16
ELMER SOLVER (v 26.2) STARTED AT: 2026/07/21 09:10:16
ELMER SOLVER (v 26.2) STARTED AT: 2026/07/21 09:10:16
ELMER SOLVER (v 26.2) STARTED AT: 2026/07/21 09:10:16
ELMER SOLVER (v 26.2) STARTED AT: 2026/07/21 09:10:16
ELMER SOLVER (v 26.2) STARTED AT: 2026/07/21 09:10:16
ELMER SOLVER (v 26.2) STARTED AT: 2026/07/21 09:10:16
ELMER SOLVER (v 26.2) STARTED AT: 2026/07/21 09:10:16
ELMER SOLVER (v 26.2) STARTED AT: 2026/07/21 09:10:16
ELMER SOLVER (v 26.2) STARTED AT: 2026/07/21 09:10:16
ELMER SOLVER (v 26.2) STARTED AT: 2026/07/21 09:10:16
ELMER SOLVER (v 26.2) STARTED AT: 2026/07/21 09:10:16
ELMER SOLVER (v 26.2) STARTED AT: 2026/07/21 09:10:16
ELMER SOLVER (v 26.2) STARTED AT: 2026/07/21 09:10:16
ELMER SOLVER (v 26.2) STARTED AT: 2026/07/21 09:10:16
ELMER SOLVER (v 26.2) STARTED AT: 2026/07/21 09:10:16
ELMER SOLVER (v 26.2) STARTED AT: 2026/07/21 09:10:16
ELMER SOLVER (v 26.2) STARTED AT: 2026/07/21 09:10:16
ELMER SOLVER (v 26.2) STARTED AT: 2026/07/21 09:10:16
ELMER SOLVER (v 26.2) STARTED AT: 2026/07/21 09:10:16
ELMER SOLVER (v 26.2) STARTED AT: 2026/07/21 09:10:16
ELMER SOLVER (v 26.2) STARTED AT: 2026/07/21 09:10:16
ELMER SOLVER (v 26.2) STARTED AT: 2026/07/21 09:10:16
ELMER SOLVER (v 26.2) STARTED AT: 2026/07/21 09:10:16
ELMER SOLVER (v 26.2) STARTED AT: 2026/07/21 09:10:16
ELMER SOLVER (v 26.2) STARTED AT: 2026/07/21 09:10:16
ELMER SOLVER (v 26.2) STARTED AT: 2026/07/21 09:10:16
ELMER SOLVER (v 26.2) STARTED AT: 2026/07/21 09:10:16
ELMER SOLVER (v 26.2) STARTED AT: 2026/07/21 09:10:16
ELMER SOLVER (v 26.2) STARTED AT: 2026/07/21 09:10:16
ELMER SOLVER (v 26.2) STARTED AT: 2026/07/21 09:10:16
ELMER SOLVER (v 26.2) STARTED AT: 2026/07/21 09:10:16
ELMER SOLVER (v 26.2) STARTED AT: 2026/07/21 09:10:16
ELMER SOLVER (v 26.2) STARTED AT: 2026/07/21 09:10:16
ELMER SOLVER (v 26.2) STARTED AT: 2026/07/21 09:10:16
ELMER SOLVER (v 26.2) STARTED AT: 2026/07/21 09:10:16
ELMER SOLVER (v 26.2) STARTED AT: 2026/07/21 09:10:16
ELMER SOLVER (v 26.2) STARTED AT: 2026/07/21 09:10:16
ELMER SOLVER (v 26.2) STARTED AT: 2026/07/21 09:10:16
ELMER SOLVER (v 26.2) STARTED AT: 2026/07/21 09:10:16
ELMER SOLVER (v 26.2) STARTED AT: 2026/07/21 09:10:16
ELMER SOLVER (v 26.2) STARTED AT: 2026/07/21 09:10:16
ELMER SOLVER (v 26.2) STARTED AT: 2026/07/21 09:10:16
ELMER SOLVER (v 26.2) STARTED AT: 2026/07/21 09:10:16
ELMER SOLVER (v 26.2) STARTED AT: 2026/07/21 09:10:16
ELMER SOLVER (v 26.2) STARTED AT: 2026/07/21 09:10:16
ELMER SOLVER (v 26.2) STARTED AT: 2026/07/21 09:10:16
ELMER SOLVER (v 26.2) STARTED AT: 2026/07/21 09:10:16
ELMER SOLVER (v 26.2) STARTED AT: 2026/07/21 09:10:16
ELMER SOLVER (v 26.2) STARTED AT: 2026/07/21 09:10:16
ELMER SOLVER (v 26.2) STARTED AT: 2026/07/21 09:10:16
ELMER SOLVER (v 26.2) STARTED AT: 2026/07/21 09:10:16
ELMER SOLVER (v 26.2) STARTED AT: 2026/07/21 09:10:16
ELMER SOLVER (v 26.2) STARTED AT: 2026/07/21 09:10:16
ELMER SOLVER (v 26.2) STARTED AT: 2026/07/21 09:10:16
ELMER SOLVER (v 26.2) STARTED AT: 2026/07/21 09:10:16
ELMER SOLVER (v 26.2) STARTED AT: 2026/07/21 09:10:16
ELMER SOLVER (v 26.2) STARTED AT: 2026/07/21 09:10:16
ELMER SOLVER (v 26.2) STARTED AT: 2026/07/21 09:10:16
ELMER SOLVER (v 26.2) STARTED AT: 2026/07/21 09:10:16
ELMER SOLVER (v 26.2) STARTED AT: 2026/07/21 09:10:16
ELMER SOLVER (v 26.2) STARTED AT: 2026/07/21 09:10:16
ELMER SOLVER (v 26.2) STARTED AT: 2026/07/21 09:10:16
ELMER SOLVER (v 26.2) STARTED AT: 2026/07/21 09:10:16
ELMER SOLVER (v 26.2) STARTED AT: 2026/07/21 09:10:16
ELMER SOLVER (v 26.2) STARTED AT: 2026/07/21 09:10:16
ELMER SOLVER (v 26.2) STARTED AT: 2026/07/21 09:10:16
ELMER SOLVER (v 26.2) STARTED AT: 2026/07/21 09:10:16
ELMER SOLVER (v 26.2) STARTED AT: 2026/07/21 09:10:16
ELMER SOLVER (v 26.2) STARTED AT: 2026/07/21 09:10:16
ELMER SOLVER (v 26.2) STARTED AT: 2026/07/21 09:10:16
ELMER SOLVER (v 26.2) STARTED AT: 2026/07/21 09:10:16
ELMER SOLVER (v 26.2) STARTED AT: 2026/07/21 09:10:16
ELMER SOLVER (v 26.2) STARTED AT: 2026/07/21 09:10:16
ELMER SOLVER (v 26.2) STARTED AT: 2026/07/21 09:10:16
ELMER SOLVER (v 26.2) STARTED AT: 2026/07/21 09:10:16
ELMER SOLVER (v 26.2) STARTED AT: 2026/07/21 09:10:16
ELMER SOLVER (v 26.2) STARTED AT: 2026/07/21 09:10:16
ELMER SOLVER (v 26.2) STARTED AT: 2026/07/21 09:10:16
ELMER SOLVER (v 26.2) STARTED AT: 2026/07/21 09:10:16
ELMER SOLVER (v 26.2) STARTED AT: 2026/07/21 09:10:16
ELMER SOLVER (v 26.2) STARTED AT: 2026/07/21 09:10:16
ELMER SOLVER (v 26.2) STARTED AT: 2026/07/21 09:10:16
ELMER SOLVER (v 26.2) STARTED AT: 2026/07/21 09:10:16
ELMER SOLVER (v 26.2) STARTED AT: 2026/07/21 09:10:16
ELMER SOLVER (v 26.2) STARTED AT: 2026/07/21 09:10:16
ELMER SOLVER (v 26.2) STARTED AT: 2026/07/21 09:10:16
ELMER SOLVER (v 26.2) STARTED AT: 2026/07/21 09:10:16
ELMER SOLVER (v 26.2) STARTED AT: 2026/07/21 09:10:16
ELMER SOLVER (v 26.2) STARTED AT: 2026/07/21 09:10:16
ELMER SOLVER (v 26.2) STARTED AT: 2026/07/21 09:10:16
ELMER SOLVER (v 26.2) STARTED AT: 2026/07/21 09:10:16
ELMER SOLVER (v 26.2) STARTED AT: 2026/07/21 09:10:16
ELMER SOLVER (v 26.2) STARTED AT: 2026/07/21 09:10:16
ELMER SOLVER (v 26.2) STARTED AT: 2026/07/21 09:10:16
ELMER SOLVER (v 26.2) STARTED AT: 2026/07/21 09:10:16
ELMER SOLVER (v 26.2) STARTED AT: 2026/07/21 09:10:16
ELMER SOLVER (v 26.2) STARTED AT: 2026/07/21 09:10:16
 2
 2
 2
 2
 2
 2
ParCommInit: Initialize #PEs: 128
 2
 2
ParCommInit: Initialize #PEs: 128
 2
 2
 2
 2
 2
 2
 2
 2
 2
 2
 2
MAIN: Read 2 integer parameters from command line!
 2
 2
 2
 2
MAIN: 
MAIN: =============================================================
MAIN: ElmerSolver finite element software, Welcome!
MAIN: This program is free software licensed under (L)GPL
MAIN: Copyright 1st April 1995 - , CSC - IT Center for Science Ltd.
MAIN: Webpage http://www.csc.fi/elmer, Email elmeradm@csc.fi
 2
 2
MAIN: Version: 26.2-unknown (Rev: a19504ac5, Compiled: 2026-06-16)
MAIN:  Running in parallel using 128 tasks.
MAIN:  Running with just one thread per task.
MAIN:  HYPRE library linked in.
MAIN:  MUMPS library linked in.
MAIN:  Lua interpreter linked in.
MAIN:  Zoltan library linked in.
MAIN:  ADIOS2 library linked in.
MAIN: =============================================================
 2
 2
 2
 2
 2
 2
 2
 2
 2
 2
 2
 2
 2
 2
 2
 2
 2
 2
 2
 2
 2
 2
 2
 2
 2
 2
 2
 2
ParCommInit: Initialize #PEs: 128
 2
 2
 2
 2
 2
 2
 2
 2
 2
 2
 2
 2
 2
 2
 2
 2
 2
 2
 2
 2
 2
 2
 2
 2
 2
 2
 2
 2
 2
 2
 2
 2
 2
 2
 2
 2
 2
 2
 2
 2
 2
 2
 2
 2
 2
 2
 2
 2
 2
 2
 2
 2
 2
 2
 2
 2
 2
 2
 2
 2
 2
 2
 2
 2
 2
 2
 2
 2
 2
 2
 2
 2
 2
ParCommInit: Initialize #PEs: 128
 2
 2
MAIN: 
MAIN: 
MAIN: -------------------------------------
MAIN: Reading Model: case_cpu.sif
LoadInputFile: Scanning input file: case_cpu.sif
LoadInputFile: Scanning only size info
LoadInputFile: First time visiting
LoadInputFile: Reading base load of sif file
OpenIncludeFile: Trying to include file: linsys.sif
CheckKeyword: Found keyword type assuming suffix 1 for: operator 2
CheckKeyword: Found keyword type assuming suffix 1 for: operator 2
CheckKeyword: Found keyword type assuming suffix 1 for: operator 3
CheckKeyword: Found keyword type assuming suffix 1 for: operator 3
CheckKeyword: Found keyword type assuming suffix 1 for: operator 4
CheckKeyword: Found keyword type assuming suffix 1 for: operator 4
CheckKeyword: Found keyword type assuming suffix 1 for: operator 5
CheckKeyword: Found keyword type assuming suffix 1 for: operator 5
LoadInputFile: Loading input file: case_cpu.sif
LoadInputFile: Reading base load of sif file
OpenIncludeFile: Trying to include file: linsys.sif
CheckKeyword: Found keyword type assuming suffix 1 for: operator 2
CheckKeyword: Found keyword type assuming suffix 1 for: operator 2
CheckKeyword: Found keyword type assuming suffix 1 for: operator 3
CheckKeyword: Found keyword type assuming suffix 1 for: operator 3
CheckKeyword: Found keyword type assuming suffix 1 for: operator 4
CheckKeyword: Found keyword type assuming suffix 1 for: operator 4
CheckKeyword: Found keyword type assuming suffix 1 for: operator 5
CheckKeyword: Found keyword type assuming suffix 1 for: operator 5
CheckKeyword:  Unlisted keyword: [line marker] in section: [solver 2]
LoadInputFile: Number of BCs: 3
LoadInputFile: Number of Body Forces: 0
LoadInputFile: Number of Initial Conditions: 0
LoadInputFile: Number of Materials: 1
LoadInputFile: Number of Equations: 1
LoadInputFile: Number of Solvers: 2
LoadInputFile: Number of Bodies: 1
Loading user function library: [StressSolve]...[StressSolver_Init0]
Loading user function library: [SaveData]...[SaveScalars_Init0]
Loading user function library: [SaveData]...[SaveScalars_Init0]
LoadMesh: Loading parallel mesh for 128 partitions
ElmerMeshReader: Performing step: 1
ElmerMeshReader: Base mesh name: ./winkel
ReadHeaderFile: Reading header info from file: ./winkel/partitioning.128/part.1.header
InitializeMesh: Number of nodes in mesh: 419
InitializeMesh: Number of bulk elements in mesh: 257
InitializeMesh: Number of boundary elements in mesh: 35
InitializeMesh: Initial number of max element nodes: 8
ElmerMeshReader: Performing step: 2
ReadNodesFile: Reading nodes from file: ./winkel/partitioning.128/part.1.nodes
SetMeshDimension: Dimension of mesh is: 3
SetMeshDimension: Max dimension of mesh is: 3
ElmerMeshReader: Performing step: 3
ReadElementsFile: Reading bulk elements from file: ./winkel/partitioning.128/part.1.elements
ElmerMeshReader: Performing step: 4
ReadBoundaryFile: Reading boundary elements from file: ./winkel/partitioning.128/part.1.boundary
PermuteNodeNumbering: Performing node mapping
MapBodiesAndBCs: Skipping remapping of bodies
MapBodiesAndBCs: Remapping boundaries
MapBodiesAndBCs: Minimum initial boundary index: 5
MapBodiesAndBCs: Maximum initial boundary index: 5
ElmerMeshReader: Performing step: 5
ReadSharedFile: Reading nodes from file: ./winkel/partitioning.128/part.1.shared
ElmerMeshReader: Performing step: 6
LoadMesh: Loading mesh done
NonNodalElements: Element dofs max: 8
SParFaceNumbering: Elapsed REAL time:     0.0000 (s)
SParEdgeNumbering: Elapsed REAL time:     0.0000 (s)
ParallelNonNodalElements: Number of initial nodes: 419
ParallelNonNodalElements: Number of initial faces: 0
ParallelNonNodalElements: Number of initial edges: 0
ParallelNonNodalElements: Number of shared nodes: 257
ParallelNonNodalElements: Number of owned shared nodes: 110
ParallelNonNodal: Elapsed REAL time:     0.0000 (s)
LoadMesh: Preparing mesh done
LoadMesh: Elapsed REAL time:     0.0393 (s)
MeshStabParams: Computing stabilization parameters
MeshStabParams: Elapsed REAL time:     0.0000 (s)
CompleteModelKeywords: Completing keywords for mortars and mechanics!
MAIN: -------------------------------------
AddVtuOutputSolverHack: Adding ResultOutputSolver to write VTU output in file: case
AppendNewSolver: Increasing number of solvers to: 3
AddVtuOutputSolverHack: Finished appending VTU output solver
AddMeshCoordinates: Setting mesh coordinates and time
VariableAdd: Adding variable > Coordinate 1 < of size 419
VariableAdd: Adding variable > Coordinate 2 < of size 419
VariableAdd: Adding variable > Coordinate 3 < of size 419
AddSolvers: Setting up 3 solvers
AddSolvers: Setting up solver 1: linelast
AddEquationBasics: Using procedure: StressSolve StressSolver
AddEquationBasics: Setting up solver: linelast
Loading user function library: [StressSolve]...[StressSolver_Init]
AddEquationBasics: Checking for _init solver
StressSolve_init: --------------------------------------------------
StressSolve_init: Solving displacements from linear elasticity model
StressSolve_init: --------------------------------------------------
Loading user function library: [StressSolve]...[StressSolver_bulk]
Loading user function library: [StressSolve]...[StressSolver_bulk]
AddEquationBasics: Checking for _bulk solver
Loading user function library: [StressSolve]...[StressSolver]
AddEquationBasics: Treating variable string: -dofs 3 displacement
AddEquationBasics: Creating standard variable: displacement
AddEquationBasics: Computing size of permutation vector
AddEquationBasics: Maximum size of permutation vector is: 419
AddEquationBasics: Creating solver matrix topology
CreateMatrix: Creating initial permutation
CreateMatrix: Creating inverse of initial order of size: 419
CreateMatrix: Creating list matrix for equation: linelast
MakeListMatrix: Creating list matrix
OptimizeBandwidth: ---------------------------------------------------------
OptimizeBandwidth: Computing matrix structure for: linelast
OptimizeBandwidth: Initial bandwidth for linelast: 70
OptimizeBandwidth: Optimized bandwidth for linelast: 99
OptimizeBandwidth: Bandwidth optimization rejected, using original ordering.
OptimizeBandwidth: ---------------------------------------------------------
CreateMatrix: Initializing list matrix for equation
CRS_CreateMatrix: Creating CRS Matrix of size: 1257
CRS_CreateMatrix: Creating CRS Matrix with nofs: 74313
CreateMatrix: Sparse matrix created
AddEquationBasics: Number of rows in CRS matrix: 1257
AddEquationBasics: Creating solver variable
VariableAdd: Adding variable > displacement < of size 1257
VariableAdd: Adding variable > displacement 1 < of size 419
VariableAdd: Adding variable > displacement 2 < of size 419
VariableAdd: Adding variable > displacement 3 < of size 419
SolverInitialization: Elapsed REAL time:     0.0032 (s)
AddSolvers: Setting up solver 2: savescalars
AddEquationBasics: Using procedure: SaveData SaveScalars
AddEquationBasics: Setting up solver: savescalars
Loading user function library: [SaveData]...[SaveScalars_Init]
AddEquationBasics: Checking for _init solver
Loading user function library: [SaveData]...[SaveScalars_bulk]
Loading user function library: [SaveData]...[SaveScalars_bulk]
AddEquationBasics: Checking for _bulk solver
Loading user function library: [SaveData]...[SaveScalars]
AddEquationBasics: Creating null variable with no name
AddSolvers: Setting up solver 3: internalvtuoutputsolver
AddEquationBasics: Using procedure: ResultOutputSolve ResultOutputSolver
AddEquationBasics: Setting up solver: internalvtuoutputsolver
Loading user function library: [ResultOutputSolve]...[ResultOutputSolver_Init]
Loading user function library: [ResultOutputSolve]...[ResultOutputSolver_Init]
AddEquationBasics: Checking for _init solver
Loading user function library: [ResultOutputSolve]...[ResultOutputSolver_bulk]
Loading user function library: [ResultOutputSolve]...[ResultOutputSolver_bulk]
AddEquationBasics: Checking for _bulk solver
Loading user function library: [ResultOutputSolve]...[ResultOutputSolver]
AddEquationBasics: Treating variable string: -global vtu_internal_dummy
AddEquationBasics: Creating global variable: vtu_internal_dummy
VariableAdd: Adding variable > vtu_internal_dummy < of size 1
AddSolvers: Setting up solvers done
AddTimeEtc: Setting time and other global variables
VariableAdd: Adding variable > Time < of size 1
VariableAdd: Adding variable > Timestep < of size 1
VariableAdd: Adding variable > Timestep size < of size 1
VariableAdd: Adding variable > Timestep interval < of size 1
VariableAdd: Adding variable > nonlin iter < of size 1
VariableAdd: Adding variable > coupled iter < of size 1
VariableAdd: Adding variable > Partition < of size 1
MAIN: Random seed initialized to: 314159265
SetInitialConditions: Setting up initial conditions (if any)
MAIN: Number of timesteps to be saved: 1
MAIN: 
MAIN: -------------------------------------
MAIN:  Steady state iteration:            1
MAIN: -------------------------------------
MAIN: 
SolveEquations: Solvers before timestep
SolveEquations: Solvers in main iteration loop
SolveEquations: Performing set of solvers in sequence
ListTagCount: Counting tags for keyword normalization!
SetActiveElementsTable: Creating active element table for: linelast
SetActiveElementsTable: Number of active elements found : 257
ParallelInitMatrix: Creating communication structures for matrix!
ParallelInitMatrix: Allocating communication structures for matrix!
SplitMatrix: Splitting parallel matrix
SplitMatrix: Allocating split stuff for 128 partitions!
SingleSolver: Attempting to call solver: 1
SingleSolver: Solver Equation string is: linelast
StressSolve: 
StressSolve: --------------------------------------------------
StressSolve: Solving displacements from linear elasticity model
StressSolve: --------------------------------------------------
DefaultStart: Starting solver: linelast
StressSolve: Starting assembly...
InitializeToZero: Initializing the linear system to zero
StressSolve: Assembly:
SetNodalLoads: Finished checking for nodal loads
SetNodalLoads: Finished checking for nodal loads
SetNodalLoads: Finished checking for nodal loads
DefaultSolve: Solving linear system with default routines
GenerateConstraintMatrix: Nothing to do for now
SolveSystem: Solving linear system
SolveSystem: Solving linear system in standard way
SolveLinearSystem: Assuming real valued linear system
SolveLinearSystem: Using previously created parallel matrix structures!
SolveLinearSystem: Assuming parallel linear system
ScaleLinearSystem: Creating > DiagScaling < vector of size 1257
SolveLinearSystem: Parallel linear System Solver: feti
DirectSolver: Using direct method: mumpslocal


** Error/warning return ** from Analysis *  INFO(1:2)=   1           36114
** Error/warning return ** from Analysis *  INFO(1:2)=   1           34830

** Error/warning return ** from Analysis *  INFO(1:2)=   1           34947


** Error/warning return ** from Analysis *  INFO(1:2)=   1           36528

** Error/warning return ** from Analysis *  INFO(1:2)=   1           37266

** Error/warning return ** from Analysis *  INFO(1:2)=   1           36657
** Error/warning return ** from Analysis *  INFO(1:2)=   1           35361

** Error/warning return ** from Analysis *  INFO(1:2)=   1           34977

** Error/warning return ** from Analysis *  INFO(1:2)=   1           37341

** Error/warning return ** from Analysis *  INFO(1:2)=   1           36813

** Error/warning return ** from Analysis *  INFO(1:2)=   1           37629

** Error/warning return ** from Analysis *  INFO(1:2)=   1           34494

** Error/warning return ** from Analysis *  INFO(1:2)=   1           34767

** Error/warning return ** from Analysis *  INFO(1:2)=   1           36990

** Error/warning return ** from Analysis *  INFO(1:2)=   1           37227

** Error/warning return ** from Analysis *  INFO(1:2)=   1           35061

** Error/warning return ** from Analysis *  INFO(1:2)=   1           34818

** Error/warning return ** from Analysis *  INFO(1:2)=   1           37020


** Error/warning return ** from Analysis *  INFO(1:2)=   1           37164
** Error/warning return ** from Analysis *  INFO(1:2)=   1           36900

** Error/warning return ** from Analysis *  INFO(1:2)=   1           35832

** Error/warning return ** from Analysis *  INFO(1:2)=   1           34959


** Error/warning return ** from Analysis *  INFO(1:2)=   1           34851
** Error/warning return ** from Analysis *  INFO(1:2)=   1           36135


** Error/warning return ** from Analysis *  INFO(1:2)=   1           35778
** Error/warning return ** from Analysis *  INFO(1:2)=   1           36810

** Error/warning return ** from Analysis *  INFO(1:2)=   1           37473


** Error/warning return ** from Analysis *  INFO(1:2)=   1           35670

** Error/warning return ** from Analysis *  INFO(1:2)=   1           36345
** Error/warning return ** from Analysis *  INFO(1:2)=   1           36462

** Error/warning return ** from Analysis *  INFO(1:2)=   1           36981


** Error/warning return ** from Analysis *  INFO(1:2)=   1           36129
** Error/warning return ** from Analysis *  INFO(1:2)=   1           35028


** Error/warning return ** from Analysis *  INFO(1:2)=   1           36258
** Error/warning return ** from Analysis *  INFO(1:2)=   1           35115

** Error/warning return ** from Analysis *  INFO(1:2)=   1           37395

** Error/warning return ** from Analysis *  INFO(1:2)=   1           35685


** Error/warning return ** from Analysis *  INFO(1:2)=   1           36774
** Error/warning return ** from Analysis *  INFO(1:2)=   1           35307

** Error/warning return ** from Analysis *  INFO(1:2)=   1           36108

** Error/warning return ** from Analysis *  INFO(1:2)=   1           37746

** Error/warning return ** from Analysis *  INFO(1:2)=   1           36303

** Error/warning return ** from Analysis *  INFO(1:2)=   1           36930

** Error/warning return ** from Analysis *  INFO(1:2)=   1           35466

** Error/warning return ** from Analysis *  INFO(1:2)=   1           36279

** Error/warning return ** from Analysis *  INFO(1:2)=   1           34818

** Error/warning return ** from Analysis *  INFO(1:2)=   1           35154

** Error/warning return ** from Analysis *  INFO(1:2)=   1           34950

** Error/warning return ** from Analysis *  INFO(1:2)=   1           37104

** Error/warning return ** from Analysis *  INFO(1:2)=   1           37113

** Error/warning return ** from Analysis *  INFO(1:2)=   1           35403

** Error/warning return ** from Analysis *  INFO(1:2)=   1           34956

** Error/warning return ** from Analysis *  INFO(1:2)=   1           36489

** Error/warning return ** from Analysis *  INFO(1:2)=   1           36957


** Error/warning return ** from Analysis *  INFO(1:2)=   1           34494
** Error/warning return ** from Analysis *  INFO(1:2)=   1           35865


** Error/warning return ** from Analysis *  INFO(1:2)=   1           35943
** Error/warning return ** from Analysis *  INFO(1:2)=   1           37059

** Error/warning return ** from Analysis *  INFO(1:2)=   1           36333

** Error/warning return ** from Analysis *  INFO(1:2)=   1           35955

** Error/warning return ** from Analysis *  INFO(1:2)=   1           36207

** Error/warning return ** from Analysis *  INFO(1:2)=   1           37485

** Error/warning return ** from Analysis *  INFO(1:2)=   1           36039


** Error/warning return ** from Analysis *  INFO(1:2)=   1           35451
** Error/warning return ** from Analysis *  INFO(1:2)=   1           37149

** Error/warning return ** from Analysis *  INFO(1:2)=   1           37602

** Error/warning return ** from Analysis *  INFO(1:2)=   1           37422

** Error/warning return ** from Analysis *  INFO(1:2)=   1           34779

** Error/warning return ** from Analysis *  INFO(1:2)=   1           35661


** Error/warning return ** from Analysis *  INFO(1:2)=   1           35400

** Error/warning return ** from Analysis *  INFO(1:2)=   1           37356
** Error/warning return ** from Analysis *  INFO(1:2)=   1           35373

** Error/warning return ** from Analysis *  INFO(1:2)=   1           36489

** Error/warning return ** from Analysis *  INFO(1:2)=   1           35292

** Error/warning return ** from Analysis *  INFO(1:2)=   1           35883

** Error/warning return ** from Analysis *  INFO(1:2)=   1           36141

** Error/warning return ** from Analysis *  INFO(1:2)=   1           34857


** Error/warning return ** from Analysis *  INFO(1:2)=   1           36201

** Error/warning return ** from Analysis *  INFO(1:2)=   1           34767
** Error/warning return ** from Analysis *  INFO(1:2)=   1           35688

** Error/warning return ** from Analysis *  INFO(1:2)=   1           34857

** Error/warning return ** from Analysis *  INFO(1:2)=   1           35193

** Error/warning return ** from Analysis *  INFO(1:2)=   1           34740

** Error/warning return ** from Analysis *  INFO(1:2)=   1           36822


** Error/warning return ** from Analysis *  INFO(1:2)=   1           37086
** Error/warning return ** from Analysis *  INFO(1:2)=   1           34701

** Error/warning return ** from Analysis *  INFO(1:2)=   1           34662


** Error/warning return ** from Analysis *  INFO(1:2)=   1           37224
** Error/warning return ** from Analysis *  INFO(1:2)=   1           35460

** Error/warning return ** from Analysis *  INFO(1:2)=   1           35433

** Error/warning return ** from Analysis *  INFO(1:2)=   1           35946

** Error/warning return ** from Analysis *  INFO(1:2)=   1           37680

** Error/warning return ** from Analysis *  INFO(1:2)=   1           35295

** Error/warning return ** from Analysis *  INFO(1:2)=   1           37020


** Error/warning return ** from Analysis *  INFO(1:2)=   1           37239

** Error/warning return ** from Analysis *  INFO(1:2)=   1           35025
** Error/warning return ** from Analysis *  INFO(1:2)=   1           36231

** Error/warning return ** from Analysis *  INFO(1:2)=   1           34326


** Error/warning return ** from Analysis *  INFO(1:2)=   1           37500

** Error/warning return ** from Analysis *  INFO(1:2)=   1           37005
** Error/warning return ** from Analysis *  INFO(1:2)=   1           37590

** Error/warning return ** from Analysis *  INFO(1:2)=   1           35067


** Error/warning return ** from Analysis *  INFO(1:2)=   1           36696

** Error/warning return ** from Analysis *  INFO(1:2)=   1           37254
** Error/warning return ** from Analysis *  INFO(1:2)=   1           36135

** Error/warning return ** from Analysis *  INFO(1:2)=   1           35856

** Error/warning return ** from Analysis *  INFO(1:2)=   1           36546

** Error/warning return ** from Analysis *  INFO(1:2)=   1           36528


** Error/warning return ** from Analysis *  INFO(1:2)=   1           36774

** Error/warning return ** from Analysis *  INFO(1:2)=   1           34857
** Error/warning return ** from Analysis *  INFO(1:2)=   1           35349

** Error/warning return ** from Analysis *  INFO(1:2)=   1           35439

** Error/warning return ** from Analysis *  INFO(1:2)=   1           37623

** Error/warning return ** from Analysis *  INFO(1:2)=   1           36762


** Error/warning return ** from Analysis *  INFO(1:2)=   1           37446

** Error/warning return ** from Analysis *  INFO(1:2)=   1           35490

** Error/warning return ** from Analysis *  INFO(1:2)=   1           35940
** Error/warning return ** from Analysis *  INFO(1:2)=   1           36837

** Error/warning return ** from Analysis *  INFO(1:2)=   1           35658


** Error/warning return ** from Analysis *  INFO(1:2)=   1           35628
** Error/warning return ** from Analysis *  INFO(1:2)=   1           34494

** Error/warning return ** from Analysis *  INFO(1:2)=   1           37149

** Error/warning return ** from Analysis *  INFO(1:2)=   1           35928

** Error/warning return ** from Analysis *  INFO(1:2)=   1           36420


** Error/warning return ** from Analysis *  INFO(1:2)=   1           35907
** Error/warning return ** from Analysis *  INFO(1:2)=   1           37266

** Error/warning return ** from Analysis *  INFO(1:2)=   1           34779

** Error/warning return ** from Analysis *  INFO(1:2)=   1           37032
List_ToCRSMatrix: Changing matrix type with number of non-zeros: 999
List_ToCRSMatrix: Matrix format changed from List to CRS
Feti::  min/max nz:           6           6
ListPushNameSpace: Adding name space: feti proj:
ListSetNamespace: Setting namespace to: feti proj:
List_ToCRSMatrix: Changing matrix type with number of non-zeros: 50108
List_ToCRSMatrix: Matrix format changed from List to CRS
DirectSolver: Using direct method: mumpslocal

** Error/warning return ** from Analysis *  INFO(1:2)=   1           24670
ListPopNameSpace: Deleting entry from name space:
DirectSolver: Using direct method: mumpslocal
ListPushNameSpace: Adding name space: feti proj:
ListSetNamespace: Setting namespace to: feti proj:
DirectSolver: Using direct method: mumpslocal
ListPopNameSpace: Deleting entry from name space:
  
          iter     |ax-b|                    |ax-b|/b
       --------------------------------------------------
           0   194.36813759235699        2.4827118249201315E-002
ListPushNameSpace: Adding name space: feti proj:
ListSetNamespace: Setting namespace to: feti proj:
DirectSolver: Using direct method: mumpslocal
ListPopNameSpace: Deleting entry from name space:
DirectSolver: Using direct method: mumpslocal
ListPushNameSpace: Adding name space: feti proj:
ListSetNamespace: Setting namespace to: feti proj:
DirectSolver: Using direct method: mumpslocal
ListPopNameSpace: Deleting entry from name space:
ListPushNameSpace: Adding name space: feti proj:
ListSetNamespace: Setting namespace to: feti proj:
DirectSolver: Using direct method: mumpslocal
ListPopNameSpace: Deleting entry from name space:
DirectSolver: Using direct method: mumpslocal
ListPushNameSpace: Adding name space: feti proj:
ListSetNamespace: Setting namespace to: feti proj:
DirectSolver: Using direct method: mumpslocal
ListPopNameSpace: Deleting entry from name space:
ListPushNameSpace: Adding name space: feti proj:
ListSetNamespace: Setting namespace to: feti proj:
DirectSolver: Using direct method: mumpslocal
ListPopNameSpace: Deleting entry from name space:
DirectSolver: Using direct method: mumpslocal
ListPushNameSpace: Adding name space: feti proj:
ListSetNamespace: Setting namespace to: feti proj:
DirectSolver: Using direct method: mumpslocal
ListPopNameSpace: Deleting entry from name space:
ListPushNameSpace: Adding name space: feti proj:
ListSetNamespace: Setting namespace to: feti proj:
DirectSolver: Using direct method: mumpslocal
ListPopNameSpace: Deleting entry from name space:
DirectSolver: Using direct method: mumpslocal
ListPushNameSpace: Adding name space: feti proj:
ListSetNamespace: Setting namespace to: feti proj:
DirectSolver: Using direct method: mumpslocal
ListPopNameSpace: Deleting entry from name space:
ListPushNameSpace: Adding name space: feti proj:
ListSetNamespace: Setting namespace to: feti proj:
DirectSolver: Using direct method: mumpslocal
ListPopNameSpace: Deleting entry from name space:
DirectSolver: Using direct method: mumpslocal
ListPushNameSpace: Adding name space: feti proj:
ListSetNamespace: Setting namespace to: feti proj:
DirectSolver: Using direct method: mumpslocal
ListPopNameSpace: Deleting entry from name space:
ListPushNameSpace: Adding name space: feti proj:
ListSetNamespace: Setting namespace to: feti proj:
DirectSolver: Using direct method: mumpslocal
ListPopNameSpace: Deleting entry from name space:
DirectSolver: Using direct method: mumpslocal
ListPushNameSpace: Adding name space: feti proj:
ListSetNamespace: Setting namespace to: feti proj:
DirectSolver: Using direct method: mumpslocal
ListPopNameSpace: Deleting entry from name space:
ListPushNameSpace: Adding name space: feti proj:
ListSetNamespace: Setting namespace to: feti proj:
DirectSolver: Using direct method: mumpslocal
ListPopNameSpace: Deleting entry from name space:
DirectSolver: Using direct method: mumpslocal
ListPushNameSpace: Adding name space: feti proj:
ListSetNamespace: Setting namespace to: feti proj:
DirectSolver: Using direct method: mumpslocal
ListPopNameSpace: Deleting entry from name space:
ListPushNameSpace: Adding name space: feti proj:
ListSetNamespace: Setting namespace to: feti proj:
DirectSolver: Using direct method: mumpslocal
ListPopNameSpace: Deleting entry from name space:
DirectSolver: Using direct method: mumpslocal
ListPushNameSpace: Adding name space: feti proj:
ListSetNamespace: Setting namespace to: feti proj:
DirectSolver: Using direct method: mumpslocal
ListPopNameSpace: Deleting entry from name space:
ListPushNameSpace: Adding name space: feti proj:
ListSetNamespace: Setting namespace to: feti proj:
DirectSolver: Using direct method: mumpslocal
ListPopNameSpace: Deleting entry from name space:
DirectSolver: Using direct method: mumpslocal
ListPushNameSpace: Adding name space: feti proj:
ListSetNamespace: Setting namespace to: feti proj:
DirectSolver: Using direct method: mumpslocal
ListPopNameSpace: Deleting entry from name space:
ListPushNameSpace: Adding name space: feti proj:
ListSetNamespace: Setting namespace to: feti proj:
DirectSolver: Using direct method: mumpslocal
ListPopNameSpace: Deleting entry from name space:
DirectSolver: Using direct method: mumpslocal
ListPushNameSpace: Adding name space: feti proj:
ListSetNamespace: Setting namespace to: feti proj:
DirectSolver: Using direct method: mumpslocal
ListPopNameSpace: Deleting entry from name space:
ListPushNameSpace: Adding name space: feti proj:
ListSetNamespace: Setting namespace to: feti proj:
DirectSolver: Using direct method: mumpslocal
ListPopNameSpace: Deleting entry from name space:
DirectSolver: Using direct method: mumpslocal
ListPushNameSpace: Adding name space: feti proj:
ListSetNamespace: Setting namespace to: feti proj:
DirectSolver: Using direct method: mumpslocal
ListPopNameSpace: Deleting entry from name space:
ListPushNameSpace: Adding name space: feti proj:
ListSetNamespace: Setting namespace to: feti proj:
DirectSolver: Using direct method: mumpslocal
ListPopNameSpace: Deleting entry from name space:
DirectSolver: Using direct method: mumpslocal
ListPushNameSpace: Adding name space: feti proj:
ListSetNamespace: Setting namespace to: feti proj:
DirectSolver: Using direct method: mumpslocal
ListPopNameSpace: Deleting entry from name space:
ListPushNameSpace: Adding name space: feti proj:
ListSetNamespace: Setting namespace to: feti proj:
DirectSolver: Using direct method: mumpslocal
ListPopNameSpace: Deleting entry from name space:
DirectSolver: Using direct method: mumpslocal
ListPushNameSpace: Adding name space: feti proj:
ListSetNamespace: Setting namespace to: feti proj:
DirectSolver: Using direct method: mumpslocal
ListPopNameSpace: Deleting entry from name space:
ListPushNameSpace: Adding name space: feti proj:
ListSetNamespace: Setting namespace to: feti proj:
DirectSolver: Using direct method: mumpslocal
ListPopNameSpace: Deleting entry from name space:
DirectSolver: Using direct method: mumpslocal
ListPushNameSpace: Adding name space: feti proj:
ListSetNamespace: Setting namespace to: feti proj:
DirectSolver: Using direct method: mumpslocal
ListPopNameSpace: Deleting entry from name space:
ListPushNameSpace: Adding name space: feti proj:
ListSetNamespace: Setting namespace to: feti proj:
DirectSolver: Using direct method: mumpslocal
ListPopNameSpace: Deleting entry from name space:
DirectSolver: Using direct method: mumpslocal
ListPushNameSpace: Adding name space: feti proj:
ListSetNamespace: Setting namespace to: feti proj:
DirectSolver: Using direct method: mumpslocal
ListPopNameSpace: Deleting entry from name space:
ListPushNameSpace: Adding name space: feti proj:
ListSetNamespace: Setting namespace to: feti proj:
DirectSolver: Using direct method: mumpslocal
ListPopNameSpace: Deleting entry from name space:
DirectSolver: Using direct method: mumpslocal
ListPushNameSpace: Adding name space: feti proj:
ListSetNamespace: Setting namespace to: feti proj:
DirectSolver: Using direct method: mumpslocal
ListPopNameSpace: Deleting entry from name space:
ListPushNameSpace: Adding name space: feti proj:
ListSetNamespace: Setting namespace to: feti proj:
DirectSolver: Using direct method: mumpslocal
ListPopNameSpace: Deleting entry from name space:
DirectSolver: Using direct method: mumpslocal
ListPushNameSpace: Adding name space: feti proj:
ListSetNamespace: Setting namespace to: feti proj:
DirectSolver: Using direct method: mumpslocal
ListPopNameSpace: Deleting entry from name space:
ListPushNameSpace: Adding name space: feti proj:
ListSetNamespace: Setting namespace to: feti proj:
DirectSolver: Using direct method: mumpslocal
ListPopNameSpace: Deleting entry from name space:
DirectSolver: Using direct method: mumpslocal
ListPushNameSpace: Adding name space: feti proj:
ListSetNamespace: Setting namespace to: feti proj:
DirectSolver: Using direct method: mumpslocal
ListPopNameSpace: Deleting entry from name space:
ListPushNameSpace: Adding name space: feti proj:
ListSetNamespace: Setting namespace to: feti proj:
DirectSolver: Using direct method: mumpslocal
ListPopNameSpace: Deleting entry from name space:
DirectSolver: Using direct method: mumpslocal
ListPushNameSpace: Adding name space: feti proj:
ListSetNamespace: Setting namespace to: feti proj:
DirectSolver: Using direct method: mumpslocal
ListPopNameSpace: Deleting entry from name space:
ListPushNameSpace: Adding name space: feti proj:
ListSetNamespace: Setting namespace to: feti proj:
DirectSolver: Using direct method: mumpslocal
ListPopNameSpace: Deleting entry from name space:
DirectSolver: Using direct method: mumpslocal
ListPushNameSpace: Adding name space: feti proj:
ListSetNamespace: Setting namespace to: feti proj:
DirectSolver: Using direct method: mumpslocal
ListPopNameSpace: Deleting entry from name space:
          20  0.11184423946504336        1.4286138628926230E-005
ListPushNameSpace: Adding name space: feti proj:
ListSetNamespace: Setting namespace to: feti proj:
DirectSolver: Using direct method: mumpslocal
ListPopNameSpace: Deleting entry from name space:
DirectSolver: Using direct method: mumpslocal
ListPushNameSpace: Adding name space: feti proj:
ListSetNamespace: Setting namespace to: feti proj:
DirectSolver: Using direct method: mumpslocal
ListPopNameSpace: Deleting entry from name space:
ListPushNameSpace: Adding name space: feti proj:
ListSetNamespace: Setting namespace to: feti proj:
DirectSolver: Using direct method: mumpslocal
ListPopNameSpace: Deleting entry from name space:
DirectSolver: Using direct method: mumpslocal
ListPushNameSpace: Adding name space: feti proj:
ListSetNamespace: Setting namespace to: feti proj:
DirectSolver: Using direct method: mumpslocal
ListPopNameSpace: Deleting entry from name space:
ListPushNameSpace: Adding name space: feti proj:
ListSetNamespace: Setting namespace to: feti proj:
DirectSolver: Using direct method: mumpslocal
ListPopNameSpace: Deleting entry from name space:
DirectSolver: Using direct method: mumpslocal
ListPushNameSpace: Adding name space: feti proj:
ListSetNamespace: Setting namespace to: feti proj:
DirectSolver: Using direct method: mumpslocal
ListPopNameSpace: Deleting entry from name space:
ListPushNameSpace: Adding name space: feti proj:
ListSetNamespace: Setting namespace to: feti proj:
DirectSolver: Using direct method: mumpslocal
ListPopNameSpace: Deleting entry from name space:
DirectSolver: Using direct method: mumpslocal
ListPushNameSpace: Adding name space: feti proj:
ListSetNamespace: Setting namespace to: feti proj:
DirectSolver: Using direct method: mumpslocal
ListPopNameSpace: Deleting entry from name space:
ListPushNameSpace: Adding name space: feti proj:
ListSetNamespace: Setting namespace to: feti proj:
DirectSolver: Using direct method: mumpslocal
ListPopNameSpace: Deleting entry from name space:
DirectSolver: Using direct method: mumpslocal
ListPushNameSpace: Adding name space: feti proj:
ListSetNamespace: Setting namespace to: feti proj:
DirectSolver: Using direct method: mumpslocal
ListPopNameSpace: Deleting entry from name space:
ListPushNameSpace: Adding name space: feti proj:
ListSetNamespace: Setting namespace to: feti proj:
DirectSolver: Using direct method: mumpslocal
ListPopNameSpace: Deleting entry from name space:
DirectSolver: Using direct method: mumpslocal
ListPushNameSpace: Adding name space: feti proj:
ListSetNamespace: Setting namespace to: feti proj:
DirectSolver: Using direct method: mumpslocal
ListPopNameSpace: Deleting entry from name space:
ListPushNameSpace: Adding name space: feti proj:
ListSetNamespace: Setting namespace to: feti proj:
DirectSolver: Using direct method: mumpslocal
ListPopNameSpace: Deleting entry from name space:
DirectSolver: Using direct method: mumpslocal
ListPushNameSpace: Adding name space: feti proj:
ListSetNamespace: Setting namespace to: feti proj:
DirectSolver: Using direct method: mumpslocal
ListPopNameSpace: Deleting entry from name space:
ListPushNameSpace: Adding name space: feti proj:
ListSetNamespace: Setting namespace to: feti proj:
DirectSolver: Using direct method: mumpslocal
ListPopNameSpace: Deleting entry from name space:
DirectSolver: Using direct method: mumpslocal
ListPushNameSpace: Adding name space: feti proj:
ListSetNamespace: Setting namespace to: feti proj:
DirectSolver: Using direct method: mumpslocal
ListPopNameSpace: Deleting entry from name space:
ListPushNameSpace: Adding name space: feti proj:
ListSetNamespace: Setting namespace to: feti proj:
DirectSolver: Using direct method: mumpslocal
ListPopNameSpace: Deleting entry from name space:
DirectSolver: Using direct method: mumpslocal
ListPushNameSpace: Adding name space: feti proj:
ListSetNamespace: Setting namespace to: feti proj:
DirectSolver: Using direct method: mumpslocal
ListPopNameSpace: Deleting entry from name space:
ListPushNameSpace: Adding name space: feti proj:
ListSetNamespace: Setting namespace to: feti proj:
DirectSolver: Using direct method: mumpslocal
ListPopNameSpace: Deleting entry from name space:
DirectSolver: Using direct method: mumpslocal
ListPushNameSpace: Adding name space: feti proj:
ListSetNamespace: Setting namespace to: feti proj:
DirectSolver: Using direct method: mumpslocal
ListPopNameSpace: Deleting entry from name space:
ListPushNameSpace: Adding name space: feti proj:
ListSetNamespace: Setting namespace to: feti proj:
DirectSolver: Using direct method: mumpslocal
ListPopNameSpace: Deleting entry from name space:
DirectSolver: Using direct method: mumpslocal
ListPushNameSpace: Adding name space: feti proj:
ListSetNamespace: Setting namespace to: feti proj:
DirectSolver: Using direct method: mumpslocal
ListPopNameSpace: Deleting entry from name space:
ListPushNameSpace: Adding name space: feti proj:
ListSetNamespace: Setting namespace to: feti proj:
DirectSolver: Using direct method: mumpslocal
ListPopNameSpace: Deleting entry from name space:
DirectSolver: Using direct method: mumpslocal
ListPushNameSpace: Adding name space: feti proj:
ListSetNamespace: Setting namespace to: feti proj:
DirectSolver: Using direct method: mumpslocal
ListPopNameSpace: Deleting entry from name space:
ListPushNameSpace: Adding name space: feti proj:
ListSetNamespace: Setting namespace to: feti proj:
DirectSolver: Using direct method: mumpslocal
ListPopNameSpace: Deleting entry from name space:
DirectSolver: Using direct method: mumpslocal
ListPushNameSpace: Adding name space: feti proj:
ListSetNamespace: Setting namespace to: feti proj:
DirectSolver: Using direct method: mumpslocal
ListPopNameSpace: Deleting entry from name space:
ListPushNameSpace: Adding name space: feti proj:
ListSetNamespace: Setting namespace to: feti proj:
DirectSolver: Using direct method: mumpslocal
ListPopNameSpace: Deleting entry from name space:
DirectSolver: Using direct method: mumpslocal
ListPushNameSpace: Adding name space: feti proj:
ListSetNamespace: Setting namespace to: feti proj:
DirectSolver: Using direct method: mumpslocal
ListPopNameSpace: Deleting entry from name space:
ListPushNameSpace: Adding name space: feti proj:
ListSetNamespace: Setting namespace to: feti proj:
DirectSolver: Using direct method: mumpslocal
ListPopNameSpace: Deleting entry from name space:
DirectSolver: Using direct method: mumpslocal
ListPushNameSpace: Adding name space: feti proj:
ListSetNamespace: Setting namespace to: feti proj:
DirectSolver: Using direct method: mumpslocal
ListPopNameSpace: Deleting entry from name space:
ListPushNameSpace: Adding name space: feti proj:
ListSetNamespace: Setting namespace to: feti proj:
DirectSolver: Using direct method: mumpslocal
ListPopNameSpace: Deleting entry from name space:
DirectSolver: Using direct method: mumpslocal
ListPushNameSpace: Adding name space: feti proj:
ListSetNamespace: Setting namespace to: feti proj:
DirectSolver: Using direct method: mumpslocal
ListPopNameSpace: Deleting entry from name space:
ListPushNameSpace: Adding name space: feti proj:
ListSetNamespace: Setting namespace to: feti proj:
DirectSolver: Using direct method: mumpslocal
ListPopNameSpace: Deleting entry from name space:
DirectSolver: Using direct method: mumpslocal
ListPushNameSpace: Adding name space: feti proj:
ListSetNamespace: Setting namespace to: feti proj:
DirectSolver: Using direct method: mumpslocal
ListPopNameSpace: Deleting entry from name space:
ListPushNameSpace: Adding name space: feti proj:
ListSetNamespace: Setting namespace to: feti proj:
DirectSolver: Using direct method: mumpslocal
ListPopNameSpace: Deleting entry from name space:
DirectSolver: Using direct method: mumpslocal
ListPushNameSpace: Adding name space: feti proj:
ListSetNamespace: Setting namespace to: feti proj:
DirectSolver: Using direct method: mumpslocal
ListPopNameSpace: Deleting entry from name space:
ListPushNameSpace: Adding name space: feti proj:
ListSetNamespace: Setting namespace to: feti proj:
DirectSolver: Using direct method: mumpslocal
ListPopNameSpace: Deleting entry from name space:
DirectSolver: Using direct method: mumpslocal
ListPushNameSpace: Adding name space: feti proj:
ListSetNamespace: Setting namespace to: feti proj:
DirectSolver: Using direct method: mumpslocal
ListPopNameSpace: Deleting entry from name space:
DirectSolver: Using direct method: mumpslocal
ListPushNameSpace: Adding name space: feti proj:
ListSetNamespace: Setting namespace to: feti proj:
DirectSolver: Using direct method: mumpslocal
ListPopNameSpace: Deleting entry from name space:
DirectSolver: Using direct method: mumpslocal
BackScaleLinearSystem: Scaling back to original scale
ComputeNorm: Computing norm of solution
ComputeNorm: Using consistent norm in parallel
ComputeChange: NS (ITER=1) (NRM,RELC): ( 0.23390061E-01  2.0000000     ) :: linelast
SolveSystem: System solved
SolveSystem: Linear system time (CPU,REAL) for displacement:     0.14    0.17 (s)
SolveSystem: Finished solving the system
DefaultFinish: Finished solver: linelast
StressSolver: All done
StressSolver: ------------------------------------------
SolverActivate: Solver time (CPU,REAL) for linelast:     0.21    0.26 (s)
ComputeNorm: Computing norm of solution
ComputeNorm: Using consistent norm in parallel
ComputeChange: SS (ITER=1) (NRM,RELC): ( 0.23390061E-01  2.0000000     ) :: linelast
SetActiveElementsTable: Creating active element table for: savescalars
SetActiveElementsTable: No active elements found
SingleSolver: Attempting to call solver: 2
SingleSolver: Solver Equation string is: savescalars
SaveScalars: -----------------------------------------
SaveScalars: Saving scalar values of various kinds
SolverOutputDirectory: Creating directory: results_cpu_128
SaveScalars: Treating variable: displacement
SaveScalars: Treating operator: dofs
OperToParOperMap: dofs -> sum
SaveScalars: Treating variable: displacement
SaveScalars: Treating operator: elements
OperToParOperMap: elements -> sum
SaveScalars: Treating variable: displacement
SaveScalars: Treating operator: partitions
OperToParOperMap: partitions -> none
SaveScalars: Treating variable: displacement
SaveScalars: Treating operator: norm
OperToParOperMap: norm -> none
SaveScalars: Treating variable: displacement
SaveScalars: Treating operator: cpu time
OperToParOperMap: cpu time -> none
SaveScalars: Performed 5 reduction operations
SaveScalars: Adding information on simulation timing
SaveScalars: Found 4 result scalars in simulation section
SaveScalars: Found 12 values to save in total
SaveScalars: Saving names of values to file: results_cpu_128/f128.dat.names
SaveScalars: Parallel data is reduced into one file
SaveScalars: Data is appended to existing file
SaveScalars: Saving values to file: results_cpu_128/f128.dat
SaveScalars: -----------------------------------------
SolveEquations: Solvers after timestep
SetActiveElementsTable: Creating active element table for: internalvtuoutputsolver
SetActiveElementsTable: No active elements found
SingleSolver: Attempting to call solver: 0
SingleSolver: Solver Equation string is: internalvtuoutputsolver
ResultOutputSolver: -------------------------------------
ResultOutputSolver: Saving with prefix: case
ResultOutputSolver: Number of output meshes: 1
ResultOutputSolver: Dimension of mesh is: 3
ResultOutputSolver: Working on mesh 1: winkel with 419 nodes
ResultOutputSolver: Creating list for saving - if not present
CreateListForSaving: Field Variables for Saving
CreateListForSaving: Vector Field 1: displacement
ResultOutputSolver: Saving in unstructured VTK XML (.vtu) format
VtuOutputSolver: Saving results in VTK XML format with prefix: case
VtuOutputSolver: Saving number of partitions: 128
SolverOutputDirectory: Creating directory: results_cpu_128
VtuOutputSolver: Full filename base is: results_cpu_128/case
GenerateSaveMask: Allocating NodePerm of size: 419
GenerateSaveMask: Allocating ActiveElem of size: 292
GenerateSaveMask: Number of active elements 292 out of 292
GenerateSaveMask: Number of geometry nodes 419 out of 419
VtuOutputSolver: Total number of elements to save: 39200
VtuOutputSolver: Total number of geometry nodes to save: 54278
VtuOutputSolver: Total number of dof nodes to save: 54278
VtuOutputSolver: Setting offset for boundary entities: 100
VtuOutputSolver: Writing the pvtu file: results_cpu_128/case_t0001.pvtu
WritePvtuFile: Number of active partitions is 128 (out of 128)
WritePvtuFile: List of active partitions was composed
VtuOutputSolver: Finished writing pvtu file
VtuOutputSolver: Writing the vtu file: results_cpu_128/case_128np001_t0001.vtu
AscBinWriteInit: Initializing buffered ascii/binary writing
AscBinWriteInit: Writing in binary
AscBinWriteInit: Writing in double precision
AscBinWriteInit: Writing to unit number: 58
AscBinWriteInit: Size of buffer is: 1000
WriteVtuFile: Writing nodal fields
WriteVtuFile: Saving 3-component variable: displacement
WriteVtuFile: Number of nodal fields written: 1
WriteVtuFile: Writing elemental fields
WriteVtuFile: Number of elemental fields written: 0
WriteVtuFile: Writing entity IDs for bodies and boundaries
WriteVtuFile: Writing coordinates for each used node
WriteVtuFile: Writing the elemental connectivity data
WriteVtuFile: Writing nodal fields
WriteVtuFile: Saving 3-component variable: displacement
WriteVtuFile: Number of nonzeros for "displacement" is 419 of 419
WriteVtuFile: Writing elemental fields
AscBinWriteFree: Terminating buffered ascii/binary writing
WriteVtuFile: Finished writing file
VtuOutputSolver: Finished writing vtu file
VtuOutputSolver: All done for now
ResultOutputSolver: -------------------------------------
CompareToReferenceSolution: Solver 1 PASSED:  Norm = 2.33900607E-02  RefNorm = 2.33900606E-02
CompareToReferenceSolution: Relative Error to reference norm: 2.771871E-09
ReloadInputFile: Reloading input file
LoadInputFile: Loading input file:
CompareToReferenceSolution: PASSED all 1 tests!
MAIN: Reporting unused list entries for sif improvement!
MAIN: If you do not want these lines undefine > DEVEL_LISTUSAGE < !
   Unused keywords:
       Simulation            max output level
       Boundary Condition 1  displacement 1
       Boundary Condition 1  displacement 2
       Boundary Condition 1  displacement 3
       Boundary Condition 2  force 2
       Solver 1              linear system abort not converged
MAIN: *** Elmer Solver: ALL DONE ***
FreeModel: Freeing meshes
ReleaseMesh: Releasing mesh variables
ReleaseMesh: Releasing mesh nodes
ReleaseMesh: Releasing mesh finished
FreeModel: Freeing constants list
FreeModel: Freeing simulation list
FreeModel: Freeing boundary lists
FreeModel: Freeing solvers
Loading user function library: [StressSolve]...[StressSolver_Finalize]
Loading user function library: [StressSolve]...[StressSolver_Finalize]
Loading user function library: [SaveData]...[SaveScalars_Finalize]
Loading user function library: [SaveData]...[SaveScalars_Finalize]
Loading user function library: [ResultOutputSolve]...[ResultOutputSolver_Finalize]
Loading user function library: [ResultOutputSolve]...[ResultOutputSolver_Finalize]
FreeModel: Freeing initial conditions lists
FreeModel: Freeing body lists
FreeModel: Freeing equations lists
FreeModel: Freeing body forces lists
ParallelFinalize: Final synchronization of the MPI system!
MAIN: The end
SOLVER TOTAL TIME(CPU,REAL):         0.47        9.42
ELMER SOLVER FINISHED AT: 2026/07/21 09:10:26

Ending linsys/elmer_feti_mumps.sif with mesh level 1
Elapsed time: 15 s
-----------------------------------


Solver linsys/elmer_GCR_GMG_jacobi_BiCGStab_none.sif not recommended for given problem. Ignoring it


Solver linsys/elmer_GCR_GMG_wjacobi_CG.sif not recommended for given problem. Ignoring it


Solver linsys/elmer_GMG_sgs_BiCGStab_none.sif not recommended for given problem. Ignoring it


Solver linsys/elmer_iter_BiCGStab2_BILU0.sif not recommended for given problem. Ignoring it


Solver linsys/elmer_iter_BiCGStab2_BILU1.sif not recommended for given problem. Ignoring it



-----------------------------------
Starting linsys/elmer_iter_BiCGStab2_ILU0.sif with mesh level 1

ELMER SOLVER (v 26.2) STARTED AT: 2026/07/21 09:10:31
ELMER SOLVER (v 26.2) STARTED AT: 2026/07/21 09:10:31
ELMER SOLVER (v 26.2) STARTED AT: 2026/07/21 09:10:31
ELMER SOLVER (v 26.2) STARTED AT: 2026/07/21 09:10:31
ELMER SOLVER (v 26.2) STARTED AT: 2026/07/21 09:10:31
ELMER SOLVER (v 26.2) STARTED AT: 2026/07/21 09:10:31
ELMER SOLVER (v 26.2) STARTED AT: 2026/07/21 09:10:31
ELMER SOLVER (v 26.2) STARTED AT: 2026/07/21 09:10:31
ELMER SOLVER (v 26.2) STARTED AT: 2026/07/21 09:10:31
ELMER SOLVER (v 26.2) STARTED AT: 2026/07/21 09:10:31
ELMER SOLVER (v 26.2) STARTED AT: 2026/07/21 09:10:31
ELMER SOLVER (v 26.2) STARTED AT: 2026/07/21 09:10:31
ELMER SOLVER (v 26.2) STARTED AT: 2026/07/21 09:10:31
ELMER SOLVER (v 26.2) STARTED AT: 2026/07/21 09:10:31
ELMER SOLVER (v 26.2) STARTED AT: 2026/07/21 09:10:31
ELMER SOLVER (v 26.2) STARTED AT: 2026/07/21 09:10:31
ELMER SOLVER (v 26.2) STARTED AT: 2026/07/21 09:10:31
ELMER SOLVER (v 26.2) STARTED AT: 2026/07/21 09:10:31
ELMER SOLVER (v 26.2) STARTED AT: 2026/07/21 09:10:31
ELMER SOLVER (v 26.2) STARTED AT: 2026/07/21 09:10:31
ELMER SOLVER (v 26.2) STARTED AT: 2026/07/21 09:10:31
ELMER SOLVER (v 26.2) STARTED AT: 2026/07/21 09:10:31
ELMER SOLVER (v 26.2) STARTED AT: 2026/07/21 09:10:31
ELMER SOLVER (v 26.2) STARTED AT: 2026/07/21 09:10:31
ELMER SOLVER (v 26.2) STARTED AT: 2026/07/21 09:10:31
ELMER SOLVER (v 26.2) STARTED AT: 2026/07/21 09:10:31
ELMER SOLVER (v 26.2) STARTED AT: 2026/07/21 09:10:31
ELMER SOLVER (v 26.2) STARTED AT: 2026/07/21 09:10:31
ELMER SOLVER (v 26.2) STARTED AT: 2026/07/21 09:10:31
ELMER SOLVER (v 26.2) STARTED AT: 2026/07/21 09:10:31
ELMER SOLVER (v 26.2) STARTED AT: 2026/07/21 09:10:31
ELMER SOLVER (v 26.2) STARTED AT: 2026/07/21 09:10:31
ELMER SOLVER (v 26.2) STARTED AT: 2026/07/21 09:10:31
ELMER SOLVER (v 26.2) STARTED AT: 2026/07/21 09:10:31
ELMER SOLVER (v 26.2) STARTED AT: 2026/07/21 09:10:31
ELMER SOLVER (v 26.2) STARTED AT: 2026/07/21 09:10:31
ELMER SOLVER (v 26.2) STARTED AT: 2026/07/21 09:10:31
ELMER SOLVER (v 26.2) STARTED AT: 2026/07/21 09:10:31
ELMER SOLVER (v 26.2) STARTED AT: 2026/07/21 09:10:31
ELMER SOLVER (v 26.2) STARTED AT: 2026/07/21 09:10:31
ELMER SOLVER (v 26.2) STARTED AT: 2026/07/21 09:10:31
ELMER SOLVER (v 26.2) STARTED AT: 2026/07/21 09:10:31
ELMER SOLVER (v 26.2) STARTED AT: 2026/07/21 09:10:31
ELMER SOLVER (v 26.2) STARTED AT: 2026/07/21 09:10:31
ELMER SOLVER (v 26.2) STARTED AT: 2026/07/21 09:10:31
ELMER SOLVER (v 26.2) STARTED AT: 2026/07/21 09:10:31
ELMER SOLVER (v 26.2) STARTED AT: 2026/07/21 09:10:31
ELMER SOLVER (v 26.2) STARTED AT: 2026/07/21 09:10:31
ELMER SOLVER (v 26.2) STARTED AT: 2026/07/21 09:10:31
ELMER SOLVER (v 26.2) STARTED AT: 2026/07/21 09:10:31
ELMER SOLVER (v 26.2) STARTED AT: 2026/07/21 09:10:31
ELMER SOLVER (v 26.2) STARTED AT: 2026/07/21 09:10:31
ELMER SOLVER (v 26.2) STARTED AT: 2026/07/21 09:10:31
ELMER SOLVER (v 26.2) STARTED AT: 2026/07/21 09:10:31
ELMER SOLVER (v 26.2) STARTED AT: 2026/07/21 09:10:31
ELMER SOLVER (v 26.2) STARTED AT: 2026/07/21 09:10:31
ELMER SOLVER (v 26.2) STARTED AT: 2026/07/21 09:10:31
ELMER SOLVER (v 26.2) STARTED AT: 2026/07/21 09:10:31
ELMER SOLVER (v 26.2) STARTED AT: 2026/07/21 09:10:31
ELMER SOLVER (v 26.2) STARTED AT: 2026/07/21 09:10:31
ELMER SOLVER (v 26.2) STARTED AT: 2026/07/21 09:10:31
ELMER SOLVER (v 26.2) STARTED AT: 2026/07/21 09:10:31
ELMER SOLVER (v 26.2) STARTED AT: 2026/07/21 09:10:31
ELMER SOLVER (v 26.2) STARTED AT: 2026/07/21 09:10:31
ELMER SOLVER (v 26.2) STARTED AT: 2026/07/21 09:10:31
ELMER SOLVER (v 26.2) STARTED AT: 2026/07/21 09:10:31
ELMER SOLVER (v 26.2) STARTED AT: 2026/07/21 09:10:31
ELMER SOLVER (v 26.2) STARTED AT: 2026/07/21 09:10:31
ELMER SOLVER (v 26.2) STARTED AT: 2026/07/21 09:10:31
ELMER SOLVER (v 26.2) STARTED AT: 2026/07/21 09:10:31
ELMER SOLVER (v 26.2) STARTED AT: 2026/07/21 09:10:31
ELMER SOLVER (v 26.2) STARTED AT: 2026/07/21 09:10:31
ELMER SOLVER (v 26.2) STARTED AT: 2026/07/21 09:10:31
ELMER SOLVER (v 26.2) STARTED AT: 2026/07/21 09:10:31
ELMER SOLVER (v 26.2) STARTED AT: 2026/07/21 09:10:31
ELMER SOLVER (v 26.2) STARTED AT: 2026/07/21 09:10:31
ELMER SOLVER (v 26.2) STARTED AT: 2026/07/21 09:10:31
ELMER SOLVER (v 26.2) STARTED AT: 2026/07/21 09:10:31
ELMER SOLVER (v 26.2) STARTED AT: 2026/07/21 09:10:31
ELMER SOLVER (v 26.2) STARTED AT: 2026/07/21 09:10:31
ELMER SOLVER (v 26.2) STARTED AT: 2026/07/21 09:10:31
ELMER SOLVER (v 26.2) STARTED AT: 2026/07/21 09:10:31
ELMER SOLVER (v 26.2) STARTED AT: 2026/07/21 09:10:31
ELMER SOLVER (v 26.2) STARTED AT: 2026/07/21 09:10:31
ELMER SOLVER (v 26.2) STARTED AT: 2026/07/21 09:10:31
ELMER SOLVER (v 26.2) STARTED AT: 2026/07/21 09:10:31
ELMER SOLVER (v 26.2) STARTED AT: 2026/07/21 09:10:31
ELMER SOLVER (v 26.2) STARTED AT: 2026/07/21 09:10:31
ELMER SOLVER (v 26.2) STARTED AT: 2026/07/21 09:10:31
ELMER SOLVER (v 26.2) STARTED AT: 2026/07/21 09:10:31
ELMER SOLVER (v 26.2) STARTED AT: 2026/07/21 09:10:31
ELMER SOLVER (v 26.2) STARTED AT: 2026/07/21 09:10:31
ELMER SOLVER (v 26.2) STARTED AT: 2026/07/21 09:10:31
ELMER SOLVER (v 26.2) STARTED AT: 2026/07/21 09:10:31
ELMER SOLVER (v 26.2) STARTED AT: 2026/07/21 09:10:31
ELMER SOLVER (v 26.2) STARTED AT: 2026/07/21 09:10:31
ELMER SOLVER (v 26.2) STARTED AT: 2026/07/21 09:10:31
ELMER SOLVER (v 26.2) STARTED AT: 2026/07/21 09:10:31
ELMER SOLVER (v 26.2) STARTED AT: 2026/07/21 09:10:31
ELMER SOLVER (v 26.2) STARTED AT: 2026/07/21 09:10:31
ELMER SOLVER (v 26.2) STARTED AT: 2026/07/21 09:10:31
ELMER SOLVER (v 26.2) STARTED AT: 2026/07/21 09:10:31
ELMER SOLVER (v 26.2) STARTED AT: 2026/07/21 09:10:31
ELMER SOLVER (v 26.2) STARTED AT: 2026/07/21 09:10:31
ELMER SOLVER (v 26.2) STARTED AT: 2026/07/21 09:10:31
ELMER SOLVER (v 26.2) STARTED AT: 2026/07/21 09:10:31
ELMER SOLVER (v 26.2) STARTED AT: 2026/07/21 09:10:31
ELMER SOLVER (v 26.2) STARTED AT: 2026/07/21 09:10:31
ELMER SOLVER (v 26.2) STARTED AT: 2026/07/21 09:10:31
ELMER SOLVER (v 26.2) STARTED AT: 2026/07/21 09:10:31
ELMER SOLVER (v 26.2) STARTED AT: 2026/07/21 09:10:31
ELMER SOLVER (v 26.2) STARTED AT: 2026/07/21 09:10:31
ELMER SOLVER (v 26.2) STARTED AT: 2026/07/21 09:10:31
ELMER SOLVER (v 26.2) STARTED AT: 2026/07/21 09:10:31
ELMER SOLVER (v 26.2) STARTED AT: 2026/07/21 09:10:31
ELMER SOLVER (v 26.2) STARTED AT: 2026/07/21 09:10:31
ELMER SOLVER (v 26.2) STARTED AT: 2026/07/21 09:10:31
ELMER SOLVER (v 26.2) STARTED AT: 2026/07/21 09:10:31
ELMER SOLVER (v 26.2) STARTED AT: 2026/07/21 09:10:31
ELMER SOLVER (v 26.2) STARTED AT: 2026/07/21 09:10:31
ELMER SOLVER (v 26.2) STARTED AT: 2026/07/21 09:10:31
ELMER SOLVER (v 26.2) STARTED AT: 2026/07/21 09:10:31
ELMER SOLVER (v 26.2) STARTED AT: 2026/07/21 09:10:31
ELMER SOLVER (v 26.2) STARTED AT: 2026/07/21 09:10:31
ELMER SOLVER (v 26.2) STARTED AT: 2026/07/21 09:10:31
ELMER SOLVER (v 26.2) STARTED AT: 2026/07/21 09:10:31
ELMER SOLVER (v 26.2) STARTED AT: 2026/07/21 09:10:31
ELMER SOLVER (v 26.2) STARTED AT: 2026/07/21 09:10:31
 2
 2
 2
 2
 2
 2
 2
 2
 2
 2
 2
 2
 2
 2
 2
 2
 2
 2
 2
 2
 2
 2
 2
 2
 2
 2
 2
 2
 2
 2
 2
 2
 2
 2
 2
ParCommInit: Initialize #PEs: 128
 2
 2
 2
 2
 2
 2
 2
 2
 2
 2
 2
 2
 2
 2
 2
 2
 2
 2
 2
 2
 2
 2
 2
 2
 2
 2
ParCommInit: Initialize #PEs: 128
 2
 2
 2
 2
ParCommInit: Initialize #PEs: 128
 2
 2
 2
 2
 2
MAIN: Read 2 integer parameters from command line!
 2
 2
ParCommInit: Initialize #PEs: 128
 2
 2
 2
 2
 2
 2
 2
 2
 2
 2
 2
 2
 2
 2
 2
 2
 2
 2
MAIN: 
MAIN: =============================================================
MAIN: ElmerSolver finite element software, Welcome!
MAIN: This program is free software licensed under (L)GPL
MAIN: Copyright 1st April 1995 - , CSC - IT Center for Science Ltd.
MAIN: Webpage http://www.csc.fi/elmer, Email elmeradm@csc.fi
 2
 2
MAIN: Version: 26.2-unknown (Rev: a19504ac5, Compiled: 2026-06-16)
MAIN:  Running in parallel using 128 tasks.
 2
MAIN:  Running with just one thread per task.
MAIN:  HYPRE library linked in.
MAIN:  MUMPS library linked in.
MAIN:  Lua interpreter linked in.
MAIN:  Zoltan library linked in.
MAIN:  ADIOS2 library linked in.
MAIN: =============================================================
 2
 2
 2
 2
 2
 2
 2
 2
 2
 2
 2
 2
 2
 2
 2
 2
 2
 2
 2
 2
 2
 2
 2
 2
 2
 2
 2
 2
 2
 2
 2
 2
 2
 2
 2
MAIN: 
MAIN: 
MAIN: -------------------------------------
MAIN: Reading Model: case_cpu.sif
LoadInputFile: Scanning input file: case_cpu.sif
LoadInputFile: Scanning only size info
LoadInputFile: First time visiting
LoadInputFile: Reading base load of sif file
OpenIncludeFile: Trying to include file: linsys.sif
CheckKeyword: Found keyword type assuming suffix 1 for: operator 2
CheckKeyword: Found keyword type assuming suffix 1 for: operator 2
CheckKeyword: Found keyword type assuming suffix 1 for: operator 3
CheckKeyword: Found keyword type assuming suffix 1 for: operator 3
CheckKeyword: Found keyword type assuming suffix 1 for: operator 4
CheckKeyword: Found keyword type assuming suffix 1 for: operator 4
CheckKeyword: Found keyword type assuming suffix 1 for: operator 5
CheckKeyword: Found keyword type assuming suffix 1 for: operator 5
LoadInputFile: Loading input file: case_cpu.sif
LoadInputFile: Reading base load of sif file
OpenIncludeFile: Trying to include file: linsys.sif
CheckKeyword: Found keyword type assuming suffix 1 for: operator 2
CheckKeyword: Found keyword type assuming suffix 1 for: operator 2
CheckKeyword: Found keyword type assuming suffix 1 for: operator 3
CheckKeyword: Found keyword type assuming suffix 1 for: operator 3
CheckKeyword: Found keyword type assuming suffix 1 for: operator 4
CheckKeyword: Found keyword type assuming suffix 1 for: operator 4
CheckKeyword: Found keyword type assuming suffix 1 for: operator 5
CheckKeyword: Found keyword type assuming suffix 1 for: operator 5
CheckKeyword:  Unlisted keyword: [line marker] in section: [solver 2]
LoadInputFile: Number of BCs: 3
LoadInputFile: Number of Body Forces: 0
LoadInputFile: Number of Initial Conditions: 0
LoadInputFile: Number of Materials: 1
LoadInputFile: Number of Equations: 1
LoadInputFile: Number of Solvers: 2
LoadInputFile: Number of Bodies: 1
Loading user function library: [StressSolve]...[StressSolver_Init0]
Loading user function library: [SaveData]...[SaveScalars_Init0]
Loading user function library: [SaveData]...[SaveScalars_Init0]
LoadMesh: Loading parallel mesh for 128 partitions
ElmerMeshReader: Performing step: 1
ElmerMeshReader: Base mesh name: ./winkel
ReadHeaderFile: Reading header info from file: ./winkel/partitioning.128/part.1.header
InitializeMesh: Number of nodes in mesh: 419
InitializeMesh: Number of bulk elements in mesh: 257
InitializeMesh: Number of boundary elements in mesh: 35
InitializeMesh: Initial number of max element nodes: 8
ElmerMeshReader: Performing step: 2
ReadNodesFile: Reading nodes from file: ./winkel/partitioning.128/part.1.nodes
SetMeshDimension: Dimension of mesh is: 3
SetMeshDimension: Max dimension of mesh is: 3
ElmerMeshReader: Performing step: 3
ReadElementsFile: Reading bulk elements from file: ./winkel/partitioning.128/part.1.elements
ElmerMeshReader: Performing step: 4
ReadBoundaryFile: Reading boundary elements from file: ./winkel/partitioning.128/part.1.boundary
PermuteNodeNumbering: Performing node mapping
MapBodiesAndBCs: Skipping remapping of bodies
MapBodiesAndBCs: Remapping boundaries
MapBodiesAndBCs: Minimum initial boundary index: 5
MapBodiesAndBCs: Maximum initial boundary index: 5
ElmerMeshReader: Performing step: 5
ReadSharedFile: Reading nodes from file: ./winkel/partitioning.128/part.1.shared
ElmerMeshReader: Performing step: 6
LoadMesh: Loading mesh done
NonNodalElements: Element dofs max: 8
SParFaceNumbering: Elapsed REAL time:     0.0000 (s)
SParEdgeNumbering: Elapsed REAL time:     0.0000 (s)
ParallelNonNodalElements: Number of initial nodes: 419
ParallelNonNodalElements: Number of initial faces: 0
ParallelNonNodalElements: Number of initial edges: 0
ParallelNonNodalElements: Number of shared nodes: 257
ParallelNonNodalElements: Number of owned shared nodes: 110
ParallelNonNodal: Elapsed REAL time:     0.0009 (s)
LoadMesh: Preparing mesh done
LoadMesh: Elapsed REAL time:     0.0119 (s)
MeshStabParams: Computing stabilization parameters
MeshStabParams: Elapsed REAL time:     0.0005 (s)
CompleteModelKeywords: Completing keywords for mortars and mechanics!
MAIN: -------------------------------------
AddVtuOutputSolverHack: Adding ResultOutputSolver to write VTU output in file: case
AppendNewSolver: Increasing number of solvers to: 3
AddVtuOutputSolverHack: Finished appending VTU output solver
AddMeshCoordinates: Setting mesh coordinates and time
VariableAdd: Adding variable > Coordinate 1 < of size 419
VariableAdd: Adding variable > Coordinate 2 < of size 419
VariableAdd: Adding variable > Coordinate 3 < of size 419
AddSolvers: Setting up 3 solvers
AddSolvers: Setting up solver 1: linelast
AddEquationBasics: Using procedure: StressSolve StressSolver
AddEquationBasics: Setting up solver: linelast
Loading user function library: [StressSolve]...[StressSolver_Init]
AddEquationBasics: Checking for _init solver
StressSolve_init: --------------------------------------------------
StressSolve_init: Solving displacements from linear elasticity model
StressSolve_init: --------------------------------------------------
Loading user function library: [StressSolve]...[StressSolver_bulk]
Loading user function library: [StressSolve]...[StressSolver_bulk]
AddEquationBasics: Checking for _bulk solver
Loading user function library: [StressSolve]...[StressSolver]
AddEquationBasics: Treating variable string: -dofs 3 displacement
AddEquationBasics: Creating standard variable: displacement
AddEquationBasics: Computing size of permutation vector
AddEquationBasics: Maximum size of permutation vector is: 419
AddEquationBasics: Creating solver matrix topology
CreateMatrix: Creating initial permutation
CreateMatrix: Creating inverse of initial order of size: 419
CreateMatrix: Creating list matrix for equation: linelast
MakeListMatrix: Creating list matrix
OptimizeBandwidth: ---------------------------------------------------------
OptimizeBandwidth: Computing matrix structure for: linelast
OptimizeBandwidth: Initial bandwidth for linelast: 70
OptimizeBandwidth: Optimized bandwidth for linelast: 99
OptimizeBandwidth: Bandwidth optimization rejected, using original ordering.
OptimizeBandwidth: ---------------------------------------------------------
CreateMatrix: Initializing list matrix for equation
CRS_CreateMatrix: Creating CRS Matrix of size: 1257
CRS_CreateMatrix: Creating CRS Matrix with nofs: 74313
CreateMatrix: Sparse matrix created
AddEquationBasics: Number of rows in CRS matrix: 1257
AddEquationBasics: Creating solver variable
VariableAdd: Adding variable > displacement < of size 1257
VariableAdd: Adding variable > displacement 1 < of size 419
VariableAdd: Adding variable > displacement 2 < of size 419
VariableAdd: Adding variable > displacement 3 < of size 419
SolverInitialization: Elapsed REAL time:     0.0547 (s)
AddSolvers: Setting up solver 2: savescalars
AddEquationBasics: Using procedure: SaveData SaveScalars
AddEquationBasics: Setting up solver: savescalars
Loading user function library: [SaveData]...[SaveScalars_Init]
AddEquationBasics: Checking for _init solver
Loading user function library: [SaveData]...[SaveScalars_bulk]
Loading user function library: [SaveData]...[SaveScalars_bulk]
AddEquationBasics: Checking for _bulk solver
Loading user function library: [SaveData]...[SaveScalars]
AddEquationBasics: Creating null variable with no name
AddSolvers: Setting up solver 3: internalvtuoutputsolver
AddEquationBasics: Using procedure: ResultOutputSolve ResultOutputSolver
AddEquationBasics: Setting up solver: internalvtuoutputsolver
Loading user function library: [ResultOutputSolve]...[ResultOutputSolver_Init]
Loading user function library: [ResultOutputSolve]...[ResultOutputSolver_Init]
AddEquationBasics: Checking for _init solver
Loading user function library: [ResultOutputSolve]...[ResultOutputSolver_bulk]
Loading user function library: [ResultOutputSolve]...[ResultOutputSolver_bulk]
AddEquationBasics: Checking for _bulk solver
Loading user function library: [ResultOutputSolve]...[ResultOutputSolver]
AddEquationBasics: Treating variable string: -global vtu_internal_dummy
AddEquationBasics: Creating global variable: vtu_internal_dummy
VariableAdd: Adding variable > vtu_internal_dummy < of size 1
AddSolvers: Setting up solvers done
AddTimeEtc: Setting time and other global variables
VariableAdd: Adding variable > Time < of size 1
VariableAdd: Adding variable > Timestep < of size 1
VariableAdd: Adding variable > Timestep size < of size 1
VariableAdd: Adding variable > Timestep interval < of size 1
VariableAdd: Adding variable > nonlin iter < of size 1
VariableAdd: Adding variable > coupled iter < of size 1
VariableAdd: Adding variable > Partition < of size 1
MAIN: Random seed initialized to: 314159265
SetInitialConditions: Setting up initial conditions (if any)
MAIN: Number of timesteps to be saved: 1
MAIN: 
MAIN: -------------------------------------
MAIN:  Steady state iteration:            1
MAIN: -------------------------------------
MAIN: 
SolveEquations: Solvers before timestep
SolveEquations: Solvers in main iteration loop
SolveEquations: Performing set of solvers in sequence
ListTagCount: Counting tags for keyword normalization!
SetActiveElementsTable: Creating active element table for: linelast
SetActiveElementsTable: Number of active elements found : 257
ParallelInitMatrix: Creating communication structures for matrix!
ParallelInitMatrix: Allocating communication structures for matrix!
SplitMatrix: Splitting parallel matrix
SplitMatrix: Allocating split stuff for 128 partitions!
SingleSolver: Attempting to call solver: 1
SingleSolver: Solver Equation string is: linelast
StressSolve: 
StressSolve: --------------------------------------------------
StressSolve: Solving displacements from linear elasticity model
StressSolve: --------------------------------------------------
DefaultStart: Starting solver: linelast
StressSolve: Starting assembly...
InitializeToZero: Initializing the linear system to zero
StressSolve: Assembly:
SetNodalLoads: Finished checking for nodal loads
SetNodalLoads: Finished checking for nodal loads
SetNodalLoads: Finished checking for nodal loads
SetDirichletBoundaries: Number of dofs set for displacement: 0
DefUtils::DefaultDirichletBCs: Setting Dirichlet boundary conditions
SetDirichletBoundaries: Number of dofs set for displacement 1: 1600
DefUtils::DefaultDirichletBCs: p-element condition setup: displacement 1
SetDirichletBoundaries: Number of dofs set for displacement 2: 1600
DefUtils::DefaultDirichletBCs: p-element condition setup: displacement 2
SetDirichletBoundaries: Number of dofs set for displacement 3: 1600
DefUtils::DefaultDirichletBCs: p-element condition setup: displacement 3
EnforceDirichletConditions: Enforcing total of 1647 Dirichlet conditions.
EnforceDirichletConditions: Applying Dirichlet conditions using scaled diagonal
ScaleLinearSystem: Creating > DiagScaling < vector of size 1257
EnforceDirichletConditions: Dirichlet conditions enforced for dofs: 1323
EnforceDirichletConditions: Dirichlet conditions shared count: 324
DefUtils::DefaultDirichletBCs: Dirichlet boundary conditions set
DefaultSolve: Solving linear system with default routines
GenerateConstraintMatrix: Nothing to do for now
SolveSystem: Solving linear system
SolveSystem: Solving linear system in standard way
SolveLinearSystem: Assuming real valued linear system
SolveLinearSystem: Using previously created parallel matrix structures!
SolveLinearSystem: Assuming parallel linear system
ScaleLinearSystem: Creating > DiagScaling < vector of size 1257
SolveLinearSystem: Linear System Preconditioning: ilu0
Prec0-ilu0: Elapsed REAL time:     0.0000 (s)
SolveLinearSystem: CRS matrix passed the dense test of size 3
SolveLinearSystem: Parallel linear System Solver: iterative
SParIterSolver: Solving linear in parallel with iterative methods
SplittedMatrix: Elapsed REAL time:     0.0034 (s)
IterSolver: Using iterative method: bicgstabl
IterSolver: Matrix is real valued
CRS_IncompleteLU: ILU(0) (Real), Performing Factorization:
CRS_IncompleteLU: Allocated LU matrix of size: 47178
CRS_IncompleteLU: Performing incomplete LU
CRS_IncompleteLU: ILU(0) (Real), NOF nonzeros:     47179
CRS_IncompleteLU: ILU(0) (Real), filling (%) :       100
CRS_IncompleteLU: ILU(0) (Real), Factorization time (s):     0.00
Prec-ilu0: Elapsed REAL time:     0.0030 (s)
      20 0.3538E+00 0.3317E+00
      40 0.2041E+00 0.1914E+00
      60 0.1432E+00 0.1343E+00
      80 0.7904E-01 0.7411E-01
     100 0.5245E-01 0.4918E-01
     120 0.7518E-02 0.7048E-02
     140 0.2533E-02 0.2375E-02
     160 0.8543E-03 0.8010E-03
     180 0.1069E-02 0.1003E-02
     200 0.4147E-03 0.3888E-03
     220 0.2890E-06 0.2710E-06
BiCGStabl:      235 0.6907E-08 0.6476E-08
BackScaleLinearSystem: Scaling back to original scale
ComputeNorm: Computing norm of solution
ComputeNorm: Using consistent norm in parallel
ComputeChange: NS (ITER=1) (NRM,RELC): ( 0.23390061E-01  2.0000000     ) :: linelast
SolveSystem: System solved
SolveSystem: Linear system time (CPU,REAL) for displacement:     0.25    0.29 (s)
SolveSystem: Finished solving the system
DefaultFinish: Finished solver: linelast
StressSolver: All done
StressSolver: ------------------------------------------
SolverActivate: Solver time (CPU,REAL) for linelast:     0.28    0.35 (s)
ComputeNorm: Computing norm of solution
ComputeNorm: Using consistent norm in parallel
ComputeChange: SS (ITER=1) (NRM,RELC): ( 0.23390061E-01  2.0000000     ) :: linelast
SetActiveElementsTable: Creating active element table for: savescalars
SetActiveElementsTable: No active elements found
SingleSolver: Attempting to call solver: 2
SingleSolver: Solver Equation string is: savescalars
SaveScalars: -----------------------------------------
SaveScalars: Saving scalar values of various kinds
SolverOutputDirectory: Creating directory: results_cpu_128
SaveScalars: Treating variable: displacement
SaveScalars: Treating operator: dofs
OperToParOperMap: dofs -> sum
SaveScalars: Treating variable: displacement
SaveScalars: Treating operator: elements
OperToParOperMap: elements -> sum
SaveScalars: Treating variable: displacement
SaveScalars: Treating operator: partitions
OperToParOperMap: partitions -> none
SaveScalars: Treating variable: displacement
SaveScalars: Treating operator: norm
OperToParOperMap: norm -> none
SaveScalars: Treating variable: displacement
SaveScalars: Treating operator: cpu time
OperToParOperMap: cpu time -> none
SaveScalars: Performed 5 reduction operations
SaveScalars: Adding information on simulation timing
SaveScalars: Found 4 result scalars in simulation section
SaveScalars: Found 12 values to save in total
SaveScalars: Saving names of values to file: results_cpu_128/f128.dat.names
SaveScalars: Parallel data is reduced into one file
SaveScalars: Data is appended to existing file
SaveScalars: Saving values to file: results_cpu_128/f128.dat
SaveScalars: -----------------------------------------
SolveEquations: Solvers after timestep
SetActiveElementsTable: Creating active element table for: internalvtuoutputsolver
SetActiveElementsTable: No active elements found
SingleSolver: Attempting to call solver: 0
SingleSolver: Solver Equation string is: internalvtuoutputsolver
ResultOutputSolver: -------------------------------------
ResultOutputSolver: Saving with prefix: case
ResultOutputSolver: Number of output meshes: 1
ResultOutputSolver: Dimension of mesh is: 3
ResultOutputSolver: Working on mesh 1: winkel with 419 nodes
ResultOutputSolver: Creating list for saving - if not present
CreateListForSaving: Field Variables for Saving
CreateListForSaving: Vector Field 1: displacement
ResultOutputSolver: Saving in unstructured VTK XML (.vtu) format
VtuOutputSolver: Saving results in VTK XML format with prefix: case
VtuOutputSolver: Saving number of partitions: 128
SolverOutputDirectory: Creating directory: results_cpu_128
VtuOutputSolver: Full filename base is: results_cpu_128/case
GenerateSaveMask: Allocating NodePerm of size: 419
GenerateSaveMask: Allocating ActiveElem of size: 292
GenerateSaveMask: Number of active elements 292 out of 292
GenerateSaveMask: Number of geometry nodes 419 out of 419
VtuOutputSolver: Total number of elements to save: 39200
VtuOutputSolver: Total number of geometry nodes to save: 54278
VtuOutputSolver: Total number of dof nodes to save: 54278
VtuOutputSolver: Setting offset for boundary entities: 100
VtuOutputSolver: Writing the pvtu file: results_cpu_128/case_t0001.pvtu
WritePvtuFile: Number of active partitions is 128 (out of 128)
WritePvtuFile: List of active partitions was composed
VtuOutputSolver: Finished writing pvtu file
VtuOutputSolver: Writing the vtu file: results_cpu_128/case_128np001_t0001.vtu
AscBinWriteInit: Initializing buffered ascii/binary writing
AscBinWriteInit: Writing in binary
AscBinWriteInit: Writing in double precision
AscBinWriteInit: Writing to unit number: 58
AscBinWriteInit: Size of buffer is: 1000
WriteVtuFile: Writing nodal fields
WriteVtuFile: Saving 3-component variable: displacement
WriteVtuFile: Number of nodal fields written: 1
WriteVtuFile: Writing elemental fields
WriteVtuFile: Number of elemental fields written: 0
WriteVtuFile: Writing entity IDs for bodies and boundaries
WriteVtuFile: Writing coordinates for each used node
WriteVtuFile: Writing the elemental connectivity data
WriteVtuFile: Writing nodal fields
WriteVtuFile: Saving 3-component variable: displacement
WriteVtuFile: Number of nonzeros for "displacement" is 419 of 419
WriteVtuFile: Writing elemental fields
AscBinWriteFree: Terminating buffered ascii/binary writing
WriteVtuFile: Finished writing file
VtuOutputSolver: Finished writing vtu file
VtuOutputSolver: All done for now
ResultOutputSolver: -------------------------------------
CompareToReferenceSolution: Solver 1 PASSED:  Norm = 2.33900606E-02  RefNorm = 2.33900606E-02
CompareToReferenceSolution: Relative Error to reference norm: 1.442626E-09
ReloadInputFile: Reloading input file
LoadInputFile: Loading input file:
CompareToReferenceSolution: PASSED all 1 tests!
MAIN: Reporting unused list entries for sif improvement!
MAIN: If you do not want these lines undefine > DEVEL_LISTUSAGE < !
   Unused keywords:
       Simulation            max output level
       Boundary Condition 2  force 2
       Solver 1              linear system ilut tolerance
       Solver 1              linear system abort not converged
MAIN: *** Elmer Solver: ALL DONE ***
FreeModel: Freeing meshes
ReleaseMesh: Releasing mesh variables
ReleaseMesh: Releasing mesh nodes
ReleaseMesh: Releasing mesh finished
FreeModel: Freeing constants list
FreeModel: Freeing simulation list
FreeModel: Freeing boundary lists
FreeModel: Freeing solvers
Loading user function library: [StressSolve]...[StressSolver_Finalize]
Loading user function library: [StressSolve]...[StressSolver_Finalize]
Loading user function library: [SaveData]...[SaveScalars_Finalize]
Loading user function library: [SaveData]...[SaveScalars_Finalize]
Loading user function library: [ResultOutputSolve]...[ResultOutputSolver_Finalize]
Loading user function library: [ResultOutputSolve]...[ResultOutputSolver_Finalize]
FreeModel: Freeing initial conditions lists
FreeModel: Freeing body lists
FreeModel: Freeing equations lists
FreeModel: Freeing body forces lists
ParallelFinalize: Final synchronization of the MPI system!
MAIN: The end
SOLVER TOTAL TIME(CPU,REAL):         0.46        9.26
ELMER SOLVER FINISHED AT: 2026/07/21 09:10:41

Ending linsys/elmer_iter_BiCGStab2_ILU0.sif with mesh level 1
Elapsed time: 15 s
-----------------------------------


Solver linsys/elmer_iter_BiCGStab2_ILU1.sif not recommended for given problem. Ignoring it


Solver linsys/elmer_iter_BiCGStab2_ILUT_1.sif not recommended for given problem. Ignoring it


Solver linsys/elmer_iter_BiCGStab2_ILUT_2.sif not recommended for given problem. Ignoring it


Solver linsys/elmer_iter_BiCGStab2_ILUT_3.sif not recommended for given problem. Ignoring it


Solver linsys/elmer_iter_BiCGStab2_ILUT_4.sif not recommended for given problem. Ignoring it


Solver linsys/elmer_iter_BiCGStab2_ILUT_5.sif not recommended for given problem. Ignoring it


Solver linsys/elmer_iter_BiCGStab2_ILUT_6.sif not recommended for given problem. Ignoring it


Solver linsys/elmer_iter_BiCGStab2_ILUT_7.sif not recommended for given problem. Ignoring it


Solver linsys/elmer_iter_BiCGStab2_none.sif not recommended for given problem. Ignoring it


Solver linsys/elmer_iter_BiCGStab2_vanka1.sif not recommended for given problem. Ignoring it


Solver linsys/elmer_iter_BiCGStab2_vanka2.sif not recommended for given problem. Ignoring it


Solver linsys/elmer_iter_BiCGStab2_vanka.sif not recommended for given problem. Ignoring it


Solver linsys/elmer_iter_BiCGStab4_ILU0.sif not recommended for given problem. Ignoring it


Solver linsys/elmer_iter_BiCGStab4_ILU1.sif not recommended for given problem. Ignoring it


Solver linsys/elmer_iter_BiCGStab4_none.sif not recommended for given problem. Ignoring it


Solver linsys/elmer_iter_BiCGStab_ILU0.sif not recommended for given problem. Ignoring it


Solver linsys/elmer_iter_BiCGStab_ILU1.sif not recommended for given problem. Ignoring it


Solver linsys/elmer_iter_BiCGStab_none.sif not recommended for given problem. Ignoring it


Solver linsys/elmer_iter_CG_ILU0.sif not recommended for given problem. Ignoring it


Solver linsys/elmer_iter_CG_ILUT_3.sif not recommended for given problem. Ignoring it


Solver linsys/elmer_iter_CG_ILUT_4.sif not recommended for given problem. Ignoring it


Solver linsys/elmer_iter_CG_ILUT_5.sif not recommended for given problem. Ignoring it


Solver linsys/elmer_iter_CG_ILUT_6.sif not recommended for given problem. Ignoring it


Solver linsys/elmer_iter_CG_ILUT_7.sif not recommended for given problem. Ignoring it


Solver linsys/elmer_iter_CG_none.sif not recommended for given problem. Ignoring it


Solver linsys/elmer_iter_CG_vanka1.sif not recommended for given problem. Ignoring it


Solver linsys/elmer_iter_CG_vanka2.sif not recommended for given problem. Ignoring it


Solver linsys/elmer_iter_CG_vanka.sif not recommended for given problem. Ignoring it



-----------------------------------
Starting linsys/elmer_iter_GCR_BP_CMG_SGS.sif with mesh level 1

ELMER SOLVER (v 26.2) STARTED AT: 2026/07/21 09:10:46
ELMER SOLVER (v 26.2) STARTED AT: 2026/07/21 09:10:46
ELMER SOLVER (v 26.2) STARTED AT: 2026/07/21 09:10:46
ELMER SOLVER (v 26.2) STARTED AT: 2026/07/21 09:10:46
ELMER SOLVER (v 26.2) STARTED AT: 2026/07/21 09:10:46
ELMER SOLVER (v 26.2) STARTED AT: 2026/07/21 09:10:46
ELMER SOLVER (v 26.2) STARTED AT: 2026/07/21 09:10:46
ELMER SOLVER (v 26.2) STARTED AT: 2026/07/21 09:10:46
ELMER SOLVER (v 26.2) STARTED AT: 2026/07/21 09:10:46
ELMER SOLVER (v 26.2) STARTED AT: 2026/07/21 09:10:46
ELMER SOLVER (v 26.2) STARTED AT: 2026/07/21 09:10:46
ELMER SOLVER (v 26.2) STARTED AT: 2026/07/21 09:10:46
ELMER SOLVER (v 26.2) STARTED AT: 2026/07/21 09:10:46
ELMER SOLVER (v 26.2) STARTED AT: 2026/07/21 09:10:46
ELMER SOLVER (v 26.2) STARTED AT: 2026/07/21 09:10:46
ELMER SOLVER (v 26.2) STARTED AT: 2026/07/21 09:10:46
ELMER SOLVER (v 26.2) STARTED AT: 2026/07/21 09:10:46
ELMER SOLVER (v 26.2) STARTED AT: 2026/07/21 09:10:46
ELMER SOLVER (v 26.2) STARTED AT: 2026/07/21 09:10:46
ELMER SOLVER (v 26.2) STARTED AT: 2026/07/21 09:10:46
ELMER SOLVER (v 26.2) STARTED AT: 2026/07/21 09:10:46
ELMER SOLVER (v 26.2) STARTED AT: 2026/07/21 09:10:46
ELMER SOLVER (v 26.2) STARTED AT: 2026/07/21 09:10:46
ELMER SOLVER (v 26.2) STARTED AT: 2026/07/21 09:10:46
ELMER SOLVER (v 26.2) STARTED AT: 2026/07/21 09:10:46
ELMER SOLVER (v 26.2) STARTED AT: 2026/07/21 09:10:46
ELMER SOLVER (v 26.2) STARTED AT: 2026/07/21 09:10:46
ELMER SOLVER (v 26.2) STARTED AT: 2026/07/21 09:10:46
ELMER SOLVER (v 26.2) STARTED AT: 2026/07/21 09:10:46
ELMER SOLVER (v 26.2) STARTED AT: 2026/07/21 09:10:46
ELMER SOLVER (v 26.2) STARTED AT: 2026/07/21 09:10:46
ELMER SOLVER (v 26.2) STARTED AT: 2026/07/21 09:10:46
ELMER SOLVER (v 26.2) STARTED AT: 2026/07/21 09:10:46
ELMER SOLVER (v 26.2) STARTED AT: 2026/07/21 09:10:46
ELMER SOLVER (v 26.2) STARTED AT: 2026/07/21 09:10:46
ELMER SOLVER (v 26.2) STARTED AT: 2026/07/21 09:10:46
ELMER SOLVER (v 26.2) STARTED AT: 2026/07/21 09:10:46
ELMER SOLVER (v 26.2) STARTED AT: 2026/07/21 09:10:46
ELMER SOLVER (v 26.2) STARTED AT: 2026/07/21 09:10:46
ELMER SOLVER (v 26.2) STARTED AT: 2026/07/21 09:10:46
ELMER SOLVER (v 26.2) STARTED AT: 2026/07/21 09:10:46
ELMER SOLVER (v 26.2) STARTED AT: 2026/07/21 09:10:46
ELMER SOLVER (v 26.2) STARTED AT: 2026/07/21 09:10:46
ELMER SOLVER (v 26.2) STARTED AT: 2026/07/21 09:10:46
ELMER SOLVER (v 26.2) STARTED AT: 2026/07/21 09:10:46
ELMER SOLVER (v 26.2) STARTED AT: 2026/07/21 09:10:46
ELMER SOLVER (v 26.2) STARTED AT: 2026/07/21 09:10:46
ELMER SOLVER (v 26.2) STARTED AT: 2026/07/21 09:10:46
ELMER SOLVER (v 26.2) STARTED AT: 2026/07/21 09:10:46
ELMER SOLVER (v 26.2) STARTED AT: 2026/07/21 09:10:46
ELMER SOLVER (v 26.2) STARTED AT: 2026/07/21 09:10:46
ELMER SOLVER (v 26.2) STARTED AT: 2026/07/21 09:10:46
ELMER SOLVER (v 26.2) STARTED AT: 2026/07/21 09:10:46
ELMER SOLVER (v 26.2) STARTED AT: 2026/07/21 09:10:46
ELMER SOLVER (v 26.2) STARTED AT: 2026/07/21 09:10:46
ELMER SOLVER (v 26.2) STARTED AT: 2026/07/21 09:10:46
ELMER SOLVER (v 26.2) STARTED AT: 2026/07/21 09:10:46
ELMER SOLVER (v 26.2) STARTED AT: 2026/07/21 09:10:46
ELMER SOLVER (v 26.2) STARTED AT: 2026/07/21 09:10:46
ELMER SOLVER (v 26.2) STARTED AT: 2026/07/21 09:10:46
ELMER SOLVER (v 26.2) STARTED AT: 2026/07/21 09:10:46
ELMER SOLVER (v 26.2) STARTED AT: 2026/07/21 09:10:46
ELMER SOLVER (v 26.2) STARTED AT: 2026/07/21 09:10:46
ELMER SOLVER (v 26.2) STARTED AT: 2026/07/21 09:10:46
ELMER SOLVER (v 26.2) STARTED AT: 2026/07/21 09:10:46
ELMER SOLVER (v 26.2) STARTED AT: 2026/07/21 09:10:46
ELMER SOLVER (v 26.2) STARTED AT: 2026/07/21 09:10:46
ELMER SOLVER (v 26.2) STARTED AT: 2026/07/21 09:10:46
ELMER SOLVER (v 26.2) STARTED AT: 2026/07/21 09:10:46
ELMER SOLVER (v 26.2) STARTED AT: 2026/07/21 09:10:46
ELMER SOLVER (v 26.2) STARTED AT: 2026/07/21 09:10:46
ELMER SOLVER (v 26.2) STARTED AT: 2026/07/21 09:10:46
ELMER SOLVER (v 26.2) STARTED AT: 2026/07/21 09:10:46
ELMER SOLVER (v 26.2) STARTED AT: 2026/07/21 09:10:46
ELMER SOLVER (v 26.2) STARTED AT: 2026/07/21 09:10:46
ELMER SOLVER (v 26.2) STARTED AT: 2026/07/21 09:10:46
ELMER SOLVER (v 26.2) STARTED AT: 2026/07/21 09:10:46
ELMER SOLVER (v 26.2) STARTED AT: 2026/07/21 09:10:46
ELMER SOLVER (v 26.2) STARTED AT: 2026/07/21 09:10:46
ELMER SOLVER (v 26.2) STARTED AT: 2026/07/21 09:10:46
ELMER SOLVER (v 26.2) STARTED AT: 2026/07/21 09:10:46
ELMER SOLVER (v 26.2) STARTED AT: 2026/07/21 09:10:46
ELMER SOLVER (v 26.2) STARTED AT: 2026/07/21 09:10:46
ELMER SOLVER (v 26.2) STARTED AT: 2026/07/21 09:10:46
ELMER SOLVER (v 26.2) STARTED AT: 2026/07/21 09:10:46
ELMER SOLVER (v 26.2) STARTED AT: 2026/07/21 09:10:46
ELMER SOLVER (v 26.2) STARTED AT: 2026/07/21 09:10:46
ELMER SOLVER (v 26.2) STARTED AT: 2026/07/21 09:10:46
ELMER SOLVER (v 26.2) STARTED AT: 2026/07/21 09:10:46
ELMER SOLVER (v 26.2) STARTED AT: 2026/07/21 09:10:46
ELMER SOLVER (v 26.2) STARTED AT: 2026/07/21 09:10:46
ELMER SOLVER (v 26.2) STARTED AT: 2026/07/21 09:10:46
ELMER SOLVER (v 26.2) STARTED AT: 2026/07/21 09:10:46
ELMER SOLVER (v 26.2) STARTED AT: 2026/07/21 09:10:46
ELMER SOLVER (v 26.2) STARTED AT: 2026/07/21 09:10:46
ELMER SOLVER (v 26.2) STARTED AT: 2026/07/21 09:10:46
ELMER SOLVER (v 26.2) STARTED AT: 2026/07/21 09:10:46
ELMER SOLVER (v 26.2) STARTED AT: 2026/07/21 09:10:46
ELMER SOLVER (v 26.2) STARTED AT: 2026/07/21 09:10:46
ELMER SOLVER (v 26.2) STARTED AT: 2026/07/21 09:10:46
ELMER SOLVER (v 26.2) STARTED AT: 2026/07/21 09:10:46
ELMER SOLVER (v 26.2) STARTED AT: 2026/07/21 09:10:46
ELMER SOLVER (v 26.2) STARTED AT: 2026/07/21 09:10:46
ELMER SOLVER (v 26.2) STARTED AT: 2026/07/21 09:10:46
ELMER SOLVER (v 26.2) STARTED AT: 2026/07/21 09:10:46
ELMER SOLVER (v 26.2) STARTED AT: 2026/07/21 09:10:46
ELMER SOLVER (v 26.2) STARTED AT: 2026/07/21 09:10:46
ELMER SOLVER (v 26.2) STARTED AT: 2026/07/21 09:10:46
ELMER SOLVER (v 26.2) STARTED AT: 2026/07/21 09:10:46
ELMER SOLVER (v 26.2) STARTED AT: 2026/07/21 09:10:46
ELMER SOLVER (v 26.2) STARTED AT: 2026/07/21 09:10:46
ELMER SOLVER (v 26.2) STARTED AT: 2026/07/21 09:10:46
ELMER SOLVER (v 26.2) STARTED AT: 2026/07/21 09:10:46
ELMER SOLVER (v 26.2) STARTED AT: 2026/07/21 09:10:46
ELMER SOLVER (v 26.2) STARTED AT: 2026/07/21 09:10:46
ELMER SOLVER (v 26.2) STARTED AT: 2026/07/21 09:10:46
ELMER SOLVER (v 26.2) STARTED AT: 2026/07/21 09:10:46
ELMER SOLVER (v 26.2) STARTED AT: 2026/07/21 09:10:46
ELMER SOLVER (v 26.2) STARTED AT: 2026/07/21 09:10:46
ELMER SOLVER (v 26.2) STARTED AT: 2026/07/21 09:10:46
ELMER SOLVER (v 26.2) STARTED AT: 2026/07/21 09:10:46
ELMER SOLVER (v 26.2) STARTED AT: 2026/07/21 09:10:46
ELMER SOLVER (v 26.2) STARTED AT: 2026/07/21 09:10:47
ELMER SOLVER (v 26.2) STARTED AT: 2026/07/21 09:10:47
ELMER SOLVER (v 26.2) STARTED AT: 2026/07/21 09:10:47
ELMER SOLVER (v 26.2) STARTED AT: 2026/07/21 09:10:47
ELMER SOLVER (v 26.2) STARTED AT: 2026/07/21 09:10:47
ELMER SOLVER (v 26.2) STARTED AT: 2026/07/21 09:10:47
 2
 2
 2
 2
 2
 2
 2
 2
 2
 2
 2
 2
 2
 2
 2
 2
 2
 2
 2
 2
 2
 2
 2
 2
 2
 2
 2
 2
 2
 2
 2
 2
 2
 2
 2
 2
 2
 2
 2
 2
 2
 2
 2
ParCommInit: Initialize #PEs: 128
 2
 2
 2
 2
 2
 2
 2
 2
 2
 2
 2
 2
 2
 2
 2
 2
 2
 2
 2
 2
 2
 2
 2
 2
 2
ParCommInit: Initialize #PEs: 128
 2
 2
 2
ParCommInit: Initialize #PEs: 128
 2
 2
 2
 2
 2
 2
 2
 2
 2
ParCommInit: Initialize #PEs: 128
 2
 2
 2
 2
 2
 2
 2
 2
 2
 2
 2
 2
 2
 2
 2
 2
 2
 2
 2
 2
 2
 2
MAIN: Read 2 integer parameters from command line!
 2
 2
 2
 2
 2
 2
 2
 2
 2
 2
 2
 2
 2
 2
 2
 2
 2
 2
MAIN: 
MAIN: =============================================================
MAIN: ElmerSolver finite element software, Welcome!
MAIN: This program is free software licensed under (L)GPL
MAIN: Copyright 1st April 1995 - , CSC - IT Center for Science Ltd.
MAIN: Webpage http://www.csc.fi/elmer, Email elmeradm@csc.fi
 2
MAIN: Version: 26.2-unknown (Rev: a19504ac5, Compiled: 2026-06-16)
MAIN:  Running in parallel using 128 tasks.
MAIN:  Running with just one thread per task.
MAIN:  HYPRE library linked in.
MAIN:  MUMPS library linked in.
MAIN:  Lua interpreter linked in.
MAIN:  Zoltan library linked in.
MAIN:  ADIOS2 library linked in.
MAIN: =============================================================
 2
 2
 2
 2
 2
 2
 2
MAIN: 
MAIN: 
MAIN: -------------------------------------
MAIN: Reading Model: case_cpu.sif
LoadInputFile: Scanning input file: case_cpu.sif
LoadInputFile: Scanning only size info
LoadInputFile: First time visiting
LoadInputFile: Reading base load of sif file
OpenIncludeFile: Trying to include file: linsys.sif
CheckKeyword: Found keyword type assuming suffix 1 for: operator 2
CheckKeyword: Found keyword type assuming suffix 1 for: operator 2
CheckKeyword: Found keyword type assuming suffix 1 for: operator 3
CheckKeyword: Found keyword type assuming suffix 1 for: operator 3
CheckKeyword: Found keyword type assuming suffix 1 for: operator 4
CheckKeyword: Found keyword type assuming suffix 1 for: operator 4
CheckKeyword: Found keyword type assuming suffix 1 for: operator 5
CheckKeyword: Found keyword type assuming suffix 1 for: operator 5
LoadInputFile: Loading input file: case_cpu.sif
LoadInputFile: Reading base load of sif file
OpenIncludeFile: Trying to include file: linsys.sif
CheckKeyword: Found keyword type assuming suffix 1 for: operator 2
CheckKeyword: Found keyword type assuming suffix 1 for: operator 2
CheckKeyword: Found keyword type assuming suffix 1 for: operator 3
CheckKeyword: Found keyword type assuming suffix 1 for: operator 3
CheckKeyword: Found keyword type assuming suffix 1 for: operator 4
CheckKeyword: Found keyword type assuming suffix 1 for: operator 4
CheckKeyword: Found keyword type assuming suffix 1 for: operator 5
CheckKeyword: Found keyword type assuming suffix 1 for: operator 5
CheckKeyword:  Unlisted keyword: [line marker] in section: [solver 2]
LoadInputFile: Number of BCs: 3
LoadInputFile: Number of Body Forces: 0
LoadInputFile: Number of Initial Conditions: 0
LoadInputFile: Number of Materials: 1
LoadInputFile: Number of Equations: 1
LoadInputFile: Number of Solvers: 2
LoadInputFile: Number of Bodies: 1
Loading user function library: [StressSolve]...[StressSolver_Init0]
Loading user function library: [SaveData]...[SaveScalars_Init0]
Loading user function library: [SaveData]...[SaveScalars_Init0]
LoadMesh: Loading parallel mesh for 128 partitions
ElmerMeshReader: Performing step: 1
ElmerMeshReader: Base mesh name: ./winkel
ReadHeaderFile: Reading header info from file: ./winkel/partitioning.128/part.1.header
InitializeMesh: Number of nodes in mesh: 419
InitializeMesh: Number of bulk elements in mesh: 257
InitializeMesh: Number of boundary elements in mesh: 35
InitializeMesh: Initial number of max element nodes: 8
ElmerMeshReader: Performing step: 2
ReadNodesFile: Reading nodes from file: ./winkel/partitioning.128/part.1.nodes
SetMeshDimension: Dimension of mesh is: 3
SetMeshDimension: Max dimension of mesh is: 3
ElmerMeshReader: Performing step: 3
ReadElementsFile: Reading bulk elements from file: ./winkel/partitioning.128/part.1.elements
ElmerMeshReader: Performing step: 4
ReadBoundaryFile: Reading boundary elements from file: ./winkel/partitioning.128/part.1.boundary
PermuteNodeNumbering: Performing node mapping
MapBodiesAndBCs: Skipping remapping of bodies
MapBodiesAndBCs: Remapping boundaries
MapBodiesAndBCs: Minimum initial boundary index: 5
MapBodiesAndBCs: Maximum initial boundary index: 5
ElmerMeshReader: Performing step: 5
ReadSharedFile: Reading nodes from file: ./winkel/partitioning.128/part.1.shared
ElmerMeshReader: Performing step: 6
LoadMesh: Loading mesh done
NonNodalElements: Element dofs max: 8
SParFaceNumbering: Elapsed REAL time:     0.0000 (s)
SParEdgeNumbering: Elapsed REAL time:     0.0000 (s)
ParallelNonNodalElements: Number of initial nodes: 419
ParallelNonNodalElements: Number of initial faces: 0
ParallelNonNodalElements: Number of initial edges: 0
ParallelNonNodalElements: Number of shared nodes: 257
ParallelNonNodalElements: Number of owned shared nodes: 110
ParallelNonNodal: Elapsed REAL time:     0.0008 (s)
LoadMesh: Preparing mesh done
LoadMesh: Elapsed REAL time:     0.0117 (s)
MeshStabParams: Computing stabilization parameters
MeshStabParams: Elapsed REAL time:     0.0001 (s)
CompleteModelKeywords: Completing keywords for mortars and mechanics!
MAIN: -------------------------------------
AddVtuOutputSolverHack: Adding ResultOutputSolver to write VTU output in file: case
AppendNewSolver: Increasing number of solvers to: 3
AddVtuOutputSolverHack: Finished appending VTU output solver
AddMeshCoordinates: Setting mesh coordinates and time
VariableAdd: Adding variable > Coordinate 1 < of size 419
VariableAdd: Adding variable > Coordinate 2 < of size 419
VariableAdd: Adding variable > Coordinate 3 < of size 419
AddSolvers: Setting up 3 solvers
AddSolvers: Setting up solver 1: linelast
AddEquationBasics: Using procedure: StressSolve StressSolver
AddEquationBasics: Setting up solver: linelast
Loading user function library: [StressSolve]...[StressSolver_Init]
AddEquationBasics: Checking for _init solver
StressSolve_init: --------------------------------------------------
StressSolve_init: Solving displacements from linear elasticity model
StressSolve_init: --------------------------------------------------
Loading user function library: [StressSolve]...[StressSolver_bulk]
Loading user function library: [StressSolve]...[StressSolver_bulk]
AddEquationBasics: Checking for _bulk solver
Loading user function library: [StressSolve]...[StressSolver]
AddEquationBasics: Treating variable string: -dofs 3 displacement
AddEquationBasics: Creating standard variable: displacement
AddEquationBasics: Computing size of permutation vector
AddEquationBasics: Maximum size of permutation vector is: 419
AddEquationBasics: Creating solver matrix topology
CreateMatrix: Creating initial permutation
CreateMatrix: Creating inverse of initial order of size: 419
CreateMatrix: Creating list matrix for equation: linelast
MakeListMatrix: Creating list matrix
OptimizeBandwidth: ---------------------------------------------------------
OptimizeBandwidth: Computing matrix structure for: linelast
OptimizeBandwidth: Initial bandwidth for linelast: 70
OptimizeBandwidth: Optimized bandwidth for linelast: 99
OptimizeBandwidth: Bandwidth optimization rejected, using original ordering.
OptimizeBandwidth: ---------------------------------------------------------
CreateMatrix: Initializing list matrix for equation
CRS_CreateMatrix: Creating CRS Matrix of size: 1257
CRS_CreateMatrix: Creating CRS Matrix with nofs: 74313
CreateMatrix: Sparse matrix created
AddEquationBasics: Number of rows in CRS matrix: 1257
AddEquationBasics: Creating solver variable
VariableAdd: Adding variable > displacement < of size 1257
VariableAdd: Adding variable > displacement 1 < of size 419
VariableAdd: Adding variable > displacement 2 < of size 419
VariableAdd: Adding variable > displacement 3 < of size 419
SolverInitialization: Elapsed REAL time:     0.0544 (s)
AddSolvers: Setting up solver 2: savescalars
AddEquationBasics: Using procedure: SaveData SaveScalars
AddEquationBasics: Setting up solver: savescalars
Loading user function library: [SaveData]...[SaveScalars_Init]
AddEquationBasics: Checking for _init solver
Loading user function library: [SaveData]...[SaveScalars_bulk]
Loading user function library: [SaveData]...[SaveScalars_bulk]
AddEquationBasics: Checking for _bulk solver
Loading user function library: [SaveData]...[SaveScalars]
AddEquationBasics: Creating null variable with no name
AddSolvers: Setting up solver 3: internalvtuoutputsolver
AddEquationBasics: Using procedure: ResultOutputSolve ResultOutputSolver
AddEquationBasics: Setting up solver: internalvtuoutputsolver
Loading user function library: [ResultOutputSolve]...[ResultOutputSolver_Init]
Loading user function library: [ResultOutputSolve]...[ResultOutputSolver_Init]
AddEquationBasics: Checking for _init solver
Loading user function library: [ResultOutputSolve]...[ResultOutputSolver_bulk]
Loading user function library: [ResultOutputSolve]...[ResultOutputSolver_bulk]
AddEquationBasics: Checking for _bulk solver
Loading user function library: [ResultOutputSolve]...[ResultOutputSolver]
AddEquationBasics: Treating variable string: -global vtu_internal_dummy
AddEquationBasics: Creating global variable: vtu_internal_dummy
VariableAdd: Adding variable > vtu_internal_dummy < of size 1
AddSolvers: Setting up solvers done
AddTimeEtc: Setting time and other global variables
VariableAdd: Adding variable > Time < of size 1
VariableAdd: Adding variable > Timestep < of size 1
VariableAdd: Adding variable > Timestep size < of size 1
VariableAdd: Adding variable > Timestep interval < of size 1
VariableAdd: Adding variable > nonlin iter < of size 1
VariableAdd: Adding variable > coupled iter < of size 1
VariableAdd: Adding variable > Partition < of size 1
MAIN: Random seed initialized to: 314159265
SetInitialConditions: Setting up initial conditions (if any)
MAIN: Number of timesteps to be saved: 1
MAIN: 
MAIN: -------------------------------------
MAIN:  Steady state iteration:            1
MAIN: -------------------------------------
MAIN: 
SolveEquations: Solvers before timestep
SolveEquations: Solvers in main iteration loop
SolveEquations: Performing set of solvers in sequence
ListTagCount: Counting tags for keyword normalization!
SetActiveElementsTable: Creating active element table for: linelast
SetActiveElementsTable: Number of active elements found : 257
ParallelInitMatrix: Creating communication structures for matrix!
ParallelInitMatrix: Allocating communication structures for matrix!
SplitMatrix: Splitting parallel matrix
SplitMatrix: Allocating split stuff for 128 partitions!
SingleSolver: Attempting to call solver: 1
SingleSolver: Solver Equation string is: linelast
StressSolve: 
StressSolve: --------------------------------------------------
StressSolve: Solving displacements from linear elasticity model
StressSolve: --------------------------------------------------
DefaultStart: Starting solver: linelast
StressSolve: Starting assembly...
InitializeToZero: Initializing the linear system to zero
StressSolve: Assembly:
SetNodalLoads: Finished checking for nodal loads
SetNodalLoads: Finished checking for nodal loads
SetNodalLoads: Finished checking for nodal loads
DefaultSolve: Solving linear system with default routines
GenerateConstraintMatrix: Nothing to do for now
SolveSystem: Solving linear system
SolveSystem: Solving linear system in standard way
SolveLinearSystem: Assuming real valued linear system
SolveLinearSystem: Using previously created parallel matrix structures!
SolveLinearSystem: Assuming parallel linear system
ScaleLinearSystem: Creating > DiagScaling < vector of size 1257

** Error/warning return ** from Analysis *  INFO(1:2)=   1           35490

** Error/warning return ** from Analysis *  INFO(1:2)=   1           35067

** Error/warning return ** from Analysis *  INFO(1:2)=   1           34851

** Error/warning return ** from Analysis *  INFO(1:2)=   1           35685

** Error/warning return ** from Analysis *  INFO(1:2)=   1           34857

** Error/warning return ** from Analysis *  INFO(1:2)=   1           35307

** Error/warning return ** from Analysis *  INFO(1:2)=   1           37746

** Error/warning return ** from Analysis *  INFO(1:2)=   1           35856
SolveLinearSystem: Parallel linear System Solver: feti
DirectSolver: Using direct method: mumpslocal


** Error/warning return ** from Analysis *  INFO(1:2)=   1           37032

** Error/warning return ** from Analysis *  INFO(1:2)=   1           37020
** Error/warning return ** from Analysis *  INFO(1:2)=   1           37356

** Error/warning return ** from Analysis *  INFO(1:2)=   1           36258

** Error/warning return ** from Analysis *  INFO(1:2)=   1           35154

** Error/warning return ** from Analysis *  INFO(1:2)=   1           35907

** Error/warning return ** from Analysis *  INFO(1:2)=   1           35928

** Error/warning return ** from Analysis *  INFO(1:2)=   1           35628

** Error/warning return ** from Analysis *  INFO(1:2)=   1           37149

** Error/warning return ** from Analysis *  INFO(1:2)=   1           35688

** Error/warning return ** from Analysis *  INFO(1:2)=   1           37020

** Error/warning return ** from Analysis *  INFO(1:2)=   1           36141

** Error/warning return ** from Analysis *  INFO(1:2)=   1           35439

** Error/warning return ** from Analysis *  INFO(1:2)=   1           36981

** Error/warning return ** from Analysis *  INFO(1:2)=   1           36546

** Error/warning return ** from Analysis *  INFO(1:2)=   1           34857

** Error/warning return ** from Analysis *  INFO(1:2)=   1           34494

** Error/warning return ** from Analysis *  INFO(1:2)=   1           35400

** Error/warning return ** from Analysis *  INFO(1:2)=   1           37059

** Error/warning return ** from Analysis *  INFO(1:2)=   1           37623


** Error/warning return ** from Analysis *  INFO(1:2)=   1           35295

** Error/warning return ** from Analysis *  INFO(1:2)=   1           34494
** Error/warning return ** from Analysis *  INFO(1:2)=   1           35025

** Error/warning return ** from Analysis *  INFO(1:2)=   1           37341

** Error/warning return ** from Analysis *  INFO(1:2)=   1           37149

** Error/warning return ** from Analysis *  INFO(1:2)=   1           35451

** Error/warning return ** from Analysis *  INFO(1:2)=   1           35658

** Error/warning return ** from Analysis *  INFO(1:2)=   1           36810

** Error/warning return ** from Analysis *  INFO(1:2)=   1           35943

** Error/warning return ** from Analysis *  INFO(1:2)=   1           34857


** Error/warning return ** from Analysis *  INFO(1:2)=   1           37104
** Error/warning return ** from Analysis *  INFO(1:2)=   1           37485

** Error/warning return ** from Analysis *  INFO(1:2)=   1           36039

** Error/warning return ** from Analysis *  INFO(1:2)=   1           36279

** Error/warning return ** from Analysis *  INFO(1:2)=   1           37680


** Error/warning return ** from Analysis *  INFO(1:2)=   1           37254
** Error/warning return ** from Analysis *  INFO(1:2)=   1           35292

** Error/warning return ** from Analysis *  INFO(1:2)=   1           36135

** Error/warning return ** from Analysis *  INFO(1:2)=   1           37239

** Error/warning return ** from Analysis *  INFO(1:2)=   1           35832

** Error/warning return ** from Analysis *  INFO(1:2)=   1           34326


** Error/warning return ** from Analysis *  INFO(1:2)=   1           36813

** Error/warning return ** from Analysis *  INFO(1:2)=   1           37086
** Error/warning return ** from Analysis *  INFO(1:2)=   1           36108

** Error/warning return ** from Analysis *  INFO(1:2)=   1           34701

** Error/warning return ** from Analysis *  INFO(1:2)=   1           36762

** Error/warning return ** from Analysis *  INFO(1:2)=   1           37266

** Error/warning return ** from Analysis *  INFO(1:2)=   1           36696

** Error/warning return ** from Analysis *  INFO(1:2)=   1           34767

** Error/warning return ** from Analysis *  INFO(1:2)=   1           35466

** Error/warning return ** from Analysis *  INFO(1:2)=   1           37590

** Error/warning return ** from Analysis *  INFO(1:2)=   1           35361

** Error/warning return ** from Analysis *  INFO(1:2)=   1           37266

** Error/warning return ** from Analysis *  INFO(1:2)=   1           35883

** Error/warning return ** from Analysis *  INFO(1:2)=   1           36114

** Error/warning return ** from Analysis *  INFO(1:2)=   1           35028

** Error/warning return ** from Analysis *  INFO(1:2)=   1           36345


** Error/warning return ** from Analysis *  INFO(1:2)=   1           35433
** Error/warning return ** from Analysis *  INFO(1:2)=   1           35661

** Error/warning return ** from Analysis *  INFO(1:2)=   1           35373

** Error/warning return ** from Analysis *  INFO(1:2)=   1           36231

** Error/warning return ** from Analysis *  INFO(1:2)=   1           34956

** Error/warning return ** from Analysis *  INFO(1:2)=   1           36930

** Error/warning return ** from Analysis *  INFO(1:2)=   1           36528


** Error/warning return ** from Analysis *  INFO(1:2)=   1           37227
** Error/warning return ** from Analysis *  INFO(1:2)=   1           36774

** Error/warning return ** from Analysis *  INFO(1:2)=   1           35115

** Error/warning return ** from Analysis *  INFO(1:2)=   1           34947

** Error/warning return ** from Analysis *  INFO(1:2)=   1           35940

** Error/warning return ** from Analysis *  INFO(1:2)=   1           34740

** Error/warning return ** from Analysis *  INFO(1:2)=   1           34779

** Error/warning return ** from Analysis *  INFO(1:2)=   1           36900

** Error/warning return ** from Analysis *  INFO(1:2)=   1           34830

** Error/warning return ** from Analysis *  INFO(1:2)=   1           36657

** Error/warning return ** from Analysis *  INFO(1:2)=   1           36489

** Error/warning return ** from Analysis *  INFO(1:2)=   1           37500

** Error/warning return ** from Analysis *  INFO(1:2)=   1           37224

** Error/warning return ** from Analysis *  INFO(1:2)=   1           36528

** Error/warning return ** from Analysis *  INFO(1:2)=   1           36333

** Error/warning return ** from Analysis *  INFO(1:2)=   1           34959

** Error/warning return ** from Analysis *  INFO(1:2)=   1           37113

** Error/warning return ** from Analysis *  INFO(1:2)=   1           37473

** Error/warning return ** from Analysis *  INFO(1:2)=   1           37602

** Error/warning return ** from Analysis *  INFO(1:2)=   1           36837

** Error/warning return ** from Analysis *  INFO(1:2)=   1           36420

** Error/warning return ** from Analysis *  INFO(1:2)=   1           34818

** Error/warning return ** from Analysis *  INFO(1:2)=   1           35403

** Error/warning return ** from Analysis *  INFO(1:2)=   1           35193

** Error/warning return ** from Analysis *  INFO(1:2)=   1           37395

** Error/warning return ** from Analysis *  INFO(1:2)=   1           37164

** Error/warning return ** from Analysis *  INFO(1:2)=   1           34779

** Error/warning return ** from Analysis *  INFO(1:2)=   1           37629

** Error/warning return ** from Analysis *  INFO(1:2)=   1           36489

** Error/warning return ** from Analysis *  INFO(1:2)=   1           35865

** Error/warning return ** from Analysis *  INFO(1:2)=   1           35349

** Error/warning return ** from Analysis *  INFO(1:2)=   1           35778

** Error/warning return ** from Analysis *  INFO(1:2)=   1           34977

** Error/warning return ** from Analysis *  INFO(1:2)=   1           35955

** Error/warning return ** from Analysis *  INFO(1:2)=   1           36774

** Error/warning return ** from Analysis *  INFO(1:2)=   1           37422

** Error/warning return ** from Analysis *  INFO(1:2)=   1           36822

** Error/warning return ** from Analysis *  INFO(1:2)=   1           36129

** Error/warning return ** from Analysis *  INFO(1:2)=   1           36462

** Error/warning return ** from Analysis *  INFO(1:2)=   1           36201

** Error/warning return ** from Analysis *  INFO(1:2)=   1           37446

** Error/warning return ** from Analysis *  INFO(1:2)=   1           35460

** Error/warning return ** from Analysis *  INFO(1:2)=   1           36303

** Error/warning return ** from Analysis *  INFO(1:2)=   1           34662

** Error/warning return ** from Analysis *  INFO(1:2)=   1           36207

** Error/warning return ** from Analysis *  INFO(1:2)=   1           36135

** Error/warning return ** from Analysis *  INFO(1:2)=   1           36990

** Error/warning return ** from Analysis *  INFO(1:2)=   1           35061

** Error/warning return ** from Analysis *  INFO(1:2)=   1           34818

** Error/warning return ** from Analysis *  INFO(1:2)=   1           34767

** Error/warning return ** from Analysis *  INFO(1:2)=   1           35946

** Error/warning return ** from Analysis *  INFO(1:2)=   1           36957

** Error/warning return ** from Analysis *  INFO(1:2)=   1           35670

** Error/warning return ** from Analysis *  INFO(1:2)=   1           34494

** Error/warning return ** from Analysis *  INFO(1:2)=   1           37005

** Error/warning return ** from Analysis *  INFO(1:2)=   1           34950
List_ToCRSMatrix: Changing matrix type with number of non-zeros: 999
List_ToCRSMatrix: Matrix format changed from List to CRS
Feti::  min/max nz:           6           6
ListPushNameSpace: Adding name space: feti proj:
ListSetNamespace: Setting namespace to: feti proj:
List_ToCRSMatrix: Changing matrix type with number of non-zeros: 11538
List_ToCRSMatrix: Matrix format changed from List to CRS
DirectSolver: Using direct method: mumps
ListPopNameSpace: Deleting entry from name space:
DirectSolver: Using direct method: mumpslocal
ListPushNameSpace: Adding name space: feti proj:
ListSetNamespace: Setting namespace to: feti proj:
DirectSolver: Using direct method: mumps
ListPopNameSpace: Deleting entry from name space:
  
          iter     |ax-b|                    |ax-b|/b
       --------------------------------------------------
           0   194.36813759349673        2.4827118249346896E-002
ListPushNameSpace: Adding name space: feti proj:
ListSetNamespace: Setting namespace to: feti proj:
DirectSolver: Using direct method: mumps
ListPopNameSpace: Deleting entry from name space:
DirectSolver: Using direct method: mumpslocal
ListPushNameSpace: Adding name space: feti proj:
ListSetNamespace: Setting namespace to: feti proj:
DirectSolver: Using direct method: mumps
ListPopNameSpace: Deleting entry from name space:
ListPushNameSpace: Adding name space: feti proj:
ListSetNamespace: Setting namespace to: feti proj:
DirectSolver: Using direct method: mumps
ListPopNameSpace: Deleting entry from name space:
DirectSolver: Using direct method: mumpslocal
ListPushNameSpace: Adding name space: feti proj:
ListSetNamespace: Setting namespace to: feti proj:
DirectSolver: Using direct method: mumps
ListPopNameSpace: Deleting entry from name space:
ListPushNameSpace: Adding name space: feti proj:
ListSetNamespace: Setting namespace to: feti proj:
DirectSolver: Using direct method: mumps
ListPopNameSpace: Deleting entry from name space:
DirectSolver: Using direct method: mumpslocal
ListPushNameSpace: Adding name space: feti proj:
ListSetNamespace: Setting namespace to: feti proj:
DirectSolver: Using direct method: mumps
ListPopNameSpace: Deleting entry from name space:
ListPushNameSpace: Adding name space: feti proj:
ListSetNamespace: Setting namespace to: feti proj:
DirectSolver: Using direct method: mumps
ListPopNameSpace: Deleting entry from name space:
DirectSolver: Using direct method: mumpslocal
ListPushNameSpace: Adding name space: feti proj:
ListSetNamespace: Setting namespace to: feti proj:
DirectSolver: Using direct method: mumps
ListPopNameSpace: Deleting entry from name space:
ListPushNameSpace: Adding name space: feti proj:
ListSetNamespace: Setting namespace to: feti proj:
DirectSolver: Using direct method: mumps
ListPopNameSpace: Deleting entry from name space:
DirectSolver: Using direct method: mumpslocal
ListPushNameSpace: Adding name space: feti proj:
ListSetNamespace: Setting namespace to: feti proj:
DirectSolver: Using direct method: mumps
ListPopNameSpace: Deleting entry from name space:
ListPushNameSpace: Adding name space: feti proj:
ListSetNamespace: Setting namespace to: feti proj:
DirectSolver: Using direct method: mumps
ListPopNameSpace: Deleting entry from name space:
DirectSolver: Using direct method: mumpslocal
ListPushNameSpace: Adding name space: feti proj:
ListSetNamespace: Setting namespace to: feti proj:
DirectSolver: Using direct method: mumps
ListPopNameSpace: Deleting entry from name space:
ListPushNameSpace: Adding name space: feti proj:
ListSetNamespace: Setting namespace to: feti proj:
DirectSolver: Using direct method: mumps
ListPopNameSpace: Deleting entry from name space:
DirectSolver: Using direct method: mumpslocal
ListPushNameSpace: Adding name space: feti proj:
ListSetNamespace: Setting namespace to: feti proj:
DirectSolver: Using direct method: mumps
ListPopNameSpace: Deleting entry from name space:
ListPushNameSpace: Adding name space: feti proj:
ListSetNamespace: Setting namespace to: feti proj:
DirectSolver: Using direct method: mumps
ListPopNameSpace: Deleting entry from name space:
DirectSolver: Using direct method: mumpslocal
ListPushNameSpace: Adding name space: feti proj:
ListSetNamespace: Setting namespace to: feti proj:
DirectSolver: Using direct method: mumps
ListPopNameSpace: Deleting entry from name space:
ListPushNameSpace: Adding name space: feti proj:
ListSetNamespace: Setting namespace to: feti proj:
DirectSolver: Using direct method: mumps
ListPopNameSpace: Deleting entry from name space:
DirectSolver: Using direct method: mumpslocal
ListPushNameSpace: Adding name space: feti proj:
ListSetNamespace: Setting namespace to: feti proj:
DirectSolver: Using direct method: mumps
ListPopNameSpace: Deleting entry from name space:
ListPushNameSpace: Adding name space: feti proj:
ListSetNamespace: Setting namespace to: feti proj:
DirectSolver: Using direct method: mumps
ListPopNameSpace: Deleting entry from name space:
DirectSolver: Using direct method: mumpslocal
ListPushNameSpace: Adding name space: feti proj:
ListSetNamespace: Setting namespace to: feti proj:
DirectSolver: Using direct method: mumps
ListPopNameSpace: Deleting entry from name space:
ListPushNameSpace: Adding name space: feti proj:
ListSetNamespace: Setting namespace to: feti proj:
DirectSolver: Using direct method: mumps
ListPopNameSpace: Deleting entry from name space:
DirectSolver: Using direct method: mumpslocal
ListPushNameSpace: Adding name space: feti proj:
ListSetNamespace: Setting namespace to: feti proj:
DirectSolver: Using direct method: mumps
ListPopNameSpace: Deleting entry from name space:
ListPushNameSpace: Adding name space: feti proj:
ListSetNamespace: Setting namespace to: feti proj:
DirectSolver: Using direct method: mumps
ListPopNameSpace: Deleting entry from name space:
DirectSolver: Using direct method: mumpslocal
ListPushNameSpace: Adding name space: feti proj:
ListSetNamespace: Setting namespace to: feti proj:
DirectSolver: Using direct method: mumps
ListPopNameSpace: Deleting entry from name space:
ListPushNameSpace: Adding name space: feti proj:
ListSetNamespace: Setting namespace to: feti proj:
DirectSolver: Using direct method: mumps
ListPopNameSpace: Deleting entry from name space:
DirectSolver: Using direct method: mumpslocal
ListPushNameSpace: Adding name space: feti proj:
ListSetNamespace: Setting namespace to: feti proj:
DirectSolver: Using direct method: mumps
ListPopNameSpace: Deleting entry from name space:
ListPushNameSpace: Adding name space: feti proj:
ListSetNamespace: Setting namespace to: feti proj:
DirectSolver: Using direct method: mumps
ListPopNameSpace: Deleting entry from name space:
DirectSolver: Using direct method: mumpslocal
ListPushNameSpace: Adding name space: feti proj:
ListSetNamespace: Setting namespace to: feti proj:
DirectSolver: Using direct method: mumps
ListPopNameSpace: Deleting entry from name space:
ListPushNameSpace: Adding name space: feti proj:
ListSetNamespace: Setting namespace to: feti proj:
DirectSolver: Using direct method: mumps
ListPopNameSpace: Deleting entry from name space:
DirectSolver: Using direct method: mumpslocal
ListPushNameSpace: Adding name space: feti proj:
ListSetNamespace: Setting namespace to: feti proj:
DirectSolver: Using direct method: mumps
ListPopNameSpace: Deleting entry from name space:
ListPushNameSpace: Adding name space: feti proj:
ListSetNamespace: Setting namespace to: feti proj:
DirectSolver: Using direct method: mumps
ListPopNameSpace: Deleting entry from name space:
DirectSolver: Using direct method: mumpslocal
ListPushNameSpace: Adding name space: feti proj:
ListSetNamespace: Setting namespace to: feti proj:
DirectSolver: Using direct method: mumps
ListPopNameSpace: Deleting entry from name space:
ListPushNameSpace: Adding name space: feti proj:
ListSetNamespace: Setting namespace to: feti proj:
DirectSolver: Using direct method: mumps
ListPopNameSpace: Deleting entry from name space:
DirectSolver: Using direct method: mumpslocal
ListPushNameSpace: Adding name space: feti proj:
ListSetNamespace: Setting namespace to: feti proj:
DirectSolver: Using direct method: mumps
ListPopNameSpace: Deleting entry from name space:
ListPushNameSpace: Adding name space: feti proj:
ListSetNamespace: Setting namespace to: feti proj:
DirectSolver: Using direct method: mumps
ListPopNameSpace: Deleting entry from name space:
DirectSolver: Using direct method: mumpslocal
ListPushNameSpace: Adding name space: feti proj:
ListSetNamespace: Setting namespace to: feti proj:
DirectSolver: Using direct method: mumps
ListPopNameSpace: Deleting entry from name space:
ListPushNameSpace: Adding name space: feti proj:
ListSetNamespace: Setting namespace to: feti proj:
DirectSolver: Using direct method: mumps
ListPopNameSpace: Deleting entry from name space:
DirectSolver: Using direct method: mumpslocal
ListPushNameSpace: Adding name space: feti proj:
ListSetNamespace: Setting namespace to: feti proj:
DirectSolver: Using direct method: mumps
ListPopNameSpace: Deleting entry from name space:
ListPushNameSpace: Adding name space: feti proj:
ListSetNamespace: Setting namespace to: feti proj:
DirectSolver: Using direct method: mumps
ListPopNameSpace: Deleting entry from name space:
DirectSolver: Using direct method: mumpslocal
ListPushNameSpace: Adding name space: feti proj:
ListSetNamespace: Setting namespace to: feti proj:
DirectSolver: Using direct method: mumps
ListPopNameSpace: Deleting entry from name space:
          20  0.12471407870491555        1.5930034715056565E-005
ListPushNameSpace: Adding name space: feti proj:
ListSetNamespace: Setting namespace to: feti proj:
DirectSolver: Using direct method: mumps
ListPopNameSpace: Deleting entry from name space:
DirectSolver: Using direct method: mumpslocal
ListPushNameSpace: Adding name space: feti proj:
ListSetNamespace: Setting namespace to: feti proj:
DirectSolver: Using direct method: mumps
ListPopNameSpace: Deleting entry from name space:
ListPushNameSpace: Adding name space: feti proj:
ListSetNamespace: Setting namespace to: feti proj:
DirectSolver: Using direct method: mumps
ListPopNameSpace: Deleting entry from name space:
DirectSolver: Using direct method: mumpslocal
ListPushNameSpace: Adding name space: feti proj:
ListSetNamespace: Setting namespace to: feti proj:
DirectSolver: Using direct method: mumps
ListPopNameSpace: Deleting entry from name space:
ListPushNameSpace: Adding name space: feti proj:
ListSetNamespace: Setting namespace to: feti proj:
DirectSolver: Using direct method: mumps
ListPopNameSpace: Deleting entry from name space:
DirectSolver: Using direct method: mumpslocal
ListPushNameSpace: Adding name space: feti proj:
ListSetNamespace: Setting namespace to: feti proj:
DirectSolver: Using direct method: mumps
ListPopNameSpace: Deleting entry from name space:
ListPushNameSpace: Adding name space: feti proj:
ListSetNamespace: Setting namespace to: feti proj:
DirectSolver: Using direct method: mumps
ListPopNameSpace: Deleting entry from name space:
DirectSolver: Using direct method: mumpslocal
ListPushNameSpace: Adding name space: feti proj:
ListSetNamespace: Setting namespace to: feti proj:
DirectSolver: Using direct method: mumps
ListPopNameSpace: Deleting entry from name space:
ListPushNameSpace: Adding name space: feti proj:
ListSetNamespace: Setting namespace to: feti proj:
DirectSolver: Using direct method: mumps
ListPopNameSpace: Deleting entry from name space:
DirectSolver: Using direct method: mumpslocal
ListPushNameSpace: Adding name space: feti proj:
ListSetNamespace: Setting namespace to: feti proj:
DirectSolver: Using direct method: mumps
ListPopNameSpace: Deleting entry from name space:
ListPushNameSpace: Adding name space: feti proj:
ListSetNamespace: Setting namespace to: feti proj:
DirectSolver: Using direct method: mumps
ListPopNameSpace: Deleting entry from name space:
DirectSolver: Using direct method: mumpslocal
ListPushNameSpace: Adding name space: feti proj:
ListSetNamespace: Setting namespace to: feti proj:
DirectSolver: Using direct method: mumps
ListPopNameSpace: Deleting entry from name space:
ListPushNameSpace: Adding name space: feti proj:
ListSetNamespace: Setting namespace to: feti proj:
DirectSolver: Using direct method: mumps
ListPopNameSpace: Deleting entry from name space:
DirectSolver: Using direct method: mumpslocal
ListPushNameSpace: Adding name space: feti proj:
ListSetNamespace: Setting namespace to: feti proj:
DirectSolver: Using direct method: mumps
ListPopNameSpace: Deleting entry from name space:
ListPushNameSpace: Adding name space: feti proj:
ListSetNamespace: Setting namespace to: feti proj:
DirectSolver: Using direct method: mumps
ListPopNameSpace: Deleting entry from name space:
DirectSolver: Using direct method: mumpslocal
ListPushNameSpace: Adding name space: feti proj:
ListSetNamespace: Setting namespace to: feti proj:
DirectSolver: Using direct method: mumps
ListPopNameSpace: Deleting entry from name space:
ListPushNameSpace: Adding name space: feti proj:
ListSetNamespace: Setting namespace to: feti proj:
DirectSolver: Using direct method: mumps
ListPopNameSpace: Deleting entry from name space:
DirectSolver: Using direct method: mumpslocal
ListPushNameSpace: Adding name space: feti proj:
ListSetNamespace: Setting namespace to: feti proj:
DirectSolver: Using direct method: mumps
ListPopNameSpace: Deleting entry from name space:
ListPushNameSpace: Adding name space: feti proj:
ListSetNamespace: Setting namespace to: feti proj:
DirectSolver: Using direct method: mumps
ListPopNameSpace: Deleting entry from name space:
DirectSolver: Using direct method: mumpslocal
ListPushNameSpace: Adding name space: feti proj:
ListSetNamespace: Setting namespace to: feti proj:
DirectSolver: Using direct method: mumps
ListPopNameSpace: Deleting entry from name space:
ListPushNameSpace: Adding name space: feti proj:
ListSetNamespace: Setting namespace to: feti proj:
DirectSolver: Using direct method: mumps
ListPopNameSpace: Deleting entry from name space:
DirectSolver: Using direct method: mumpslocal
ListPushNameSpace: Adding name space: feti proj:
ListSetNamespace: Setting namespace to: feti proj:
DirectSolver: Using direct method: mumps
ListPopNameSpace: Deleting entry from name space:
ListPushNameSpace: Adding name space: feti proj:
ListSetNamespace: Setting namespace to: feti proj:
DirectSolver: Using direct method: mumps
ListPopNameSpace: Deleting entry from name space:
DirectSolver: Using direct method: mumpslocal
ListPushNameSpace: Adding name space: feti proj:
ListSetNamespace: Setting namespace to: feti proj:
DirectSolver: Using direct method: mumps
ListPopNameSpace: Deleting entry from name space:
ListPushNameSpace: Adding name space: feti proj:
ListSetNamespace: Setting namespace to: feti proj:
DirectSolver: Using direct method: mumps
ListPopNameSpace: Deleting entry from name space:
DirectSolver: Using direct method: mumpslocal
ListPushNameSpace: Adding name space: feti proj:
ListSetNamespace: Setting namespace to: feti proj:
DirectSolver: Using direct method: mumps
ListPopNameSpace: Deleting entry from name space:
ListPushNameSpace: Adding name space: feti proj:
ListSetNamespace: Setting namespace to: feti proj:
DirectSolver: Using direct method: mumps
ListPopNameSpace: Deleting entry from name space:
DirectSolver: Using direct method: mumpslocal
ListPushNameSpace: Adding name space: feti proj:
ListSetNamespace: Setting namespace to: feti proj:
DirectSolver: Using direct method: mumps
ListPopNameSpace: Deleting entry from name space:
ListPushNameSpace: Adding name space: feti proj:
ListSetNamespace: Setting namespace to: feti proj:
DirectSolver: Using direct method: mumps
ListPopNameSpace: Deleting entry from name space:
DirectSolver: Using direct method: mumpslocal
ListPushNameSpace: Adding name space: feti proj:
ListSetNamespace: Setting namespace to: feti proj:
DirectSolver: Using direct method: mumps
ListPopNameSpace: Deleting entry from name space:
ListPushNameSpace: Adding name space: feti proj:
ListSetNamespace: Setting namespace to: feti proj:
DirectSolver: Using direct method: mumps
ListPopNameSpace: Deleting entry from name space:
DirectSolver: Using direct method: mumpslocal
ListPushNameSpace: Adding name space: feti proj:
ListSetNamespace: Setting namespace to: feti proj:
DirectSolver: Using direct method: mumps
ListPopNameSpace: Deleting entry from name space:
ListPushNameSpace: Adding name space: feti proj:
ListSetNamespace: Setting namespace to: feti proj:
DirectSolver: Using direct method: mumps
ListPopNameSpace: Deleting entry from name space:
DirectSolver: Using direct method: mumpslocal
ListPushNameSpace: Adding name space: feti proj:
ListSetNamespace: Setting namespace to: feti proj:
DirectSolver: Using direct method: mumps
ListPopNameSpace: Deleting entry from name space:
DirectSolver: Using direct method: mumpslocal
ListPushNameSpace: Adding name space: feti proj:
ListSetNamespace: Setting namespace to: feti proj:
DirectSolver: Using direct method: mumps
ListPopNameSpace: Deleting entry from name space:
DirectSolver: Using direct method: mumpslocal
BackScaleLinearSystem: Scaling back to original scale
ComputeNorm: Computing norm of solution
ComputeNorm: Using consistent norm in parallel
ComputeChange: NS (ITER=1) (NRM,RELC): ( 0.23390061E-01  2.0000000     ) :: linelast
SolveSystem: System solved
SolveSystem: Linear system time (CPU,REAL) for displacement:     0.12    0.17 (s)
SolveSystem: Finished solving the system
DefaultFinish: Finished solver: linelast
StressSolver: All done
StressSolver: ------------------------------------------
SolverActivate: Solver time (CPU,REAL) for linelast:     0.14    0.21 (s)
ComputeNorm: Computing norm of solution
ComputeNorm: Using consistent norm in parallel
ComputeChange: SS (ITER=1) (NRM,RELC): ( 0.23390061E-01  2.0000000     ) :: linelast
SetActiveElementsTable: Creating active element table for: savescalars
SetActiveElementsTable: No active elements found
SingleSolver: Attempting to call solver: 2
SingleSolver: Solver Equation string is: savescalars
SaveScalars: -----------------------------------------
SaveScalars: Saving scalar values of various kinds
SolverOutputDirectory: Creating directory: results_cpu_128
SaveScalars: Treating variable: displacement
SaveScalars: Treating operator: dofs
OperToParOperMap: dofs -> sum
SaveScalars: Treating variable: displacement
SaveScalars: Treating operator: elements
OperToParOperMap: elements -> sum
SaveScalars: Treating variable: displacement
SaveScalars: Treating operator: partitions
OperToParOperMap: partitions -> none
SaveScalars: Treating variable: displacement
SaveScalars: Treating operator: norm
OperToParOperMap: norm -> none
SaveScalars: Treating variable: displacement
SaveScalars: Treating operator: cpu time
OperToParOperMap: cpu time -> none
SaveScalars: Performed 5 reduction operations
SaveScalars: Adding information on simulation timing
SaveScalars: Found 4 result scalars in simulation section
SaveScalars: Found 12 values to save in total
SaveScalars: Saving names of values to file: results_cpu_128/f128.dat.names
SaveScalars: Parallel data is reduced into one file
SaveScalars: Data is appended to existing file
SaveScalars: Saving values to file: results_cpu_128/f128.dat
SaveScalars: -----------------------------------------
SolveEquations: Solvers after timestep
SetActiveElementsTable: Creating active element table for: internalvtuoutputsolver
SetActiveElementsTable: No active elements found
SingleSolver: Attempting to call solver: 0
SingleSolver: Solver Equation string is: internalvtuoutputsolver
ResultOutputSolver: -------------------------------------
ResultOutputSolver: Saving with prefix: case
ResultOutputSolver: Number of output meshes: 1
ResultOutputSolver: Dimension of mesh is: 3
ResultOutputSolver: Working on mesh 1: winkel with 419 nodes
ResultOutputSolver: Creating list for saving - if not present
CreateListForSaving: Field Variables for Saving
CreateListForSaving: Vector Field 1: displacement
ResultOutputSolver: Saving in unstructured VTK XML (.vtu) format
VtuOutputSolver: Saving results in VTK XML format with prefix: case
VtuOutputSolver: Saving number of partitions: 128
SolverOutputDirectory: Creating directory: results_cpu_128
VtuOutputSolver: Full filename base is: results_cpu_128/case
GenerateSaveMask: Allocating NodePerm of size: 419
GenerateSaveMask: Allocating ActiveElem of size: 292
GenerateSaveMask: Number of active elements 292 out of 292
GenerateSaveMask: Number of geometry nodes 419 out of 419
VtuOutputSolver: Total number of elements to save: 39200
VtuOutputSolver: Total number of geometry nodes to save: 54278
VtuOutputSolver: Total number of dof nodes to save: 54278
VtuOutputSolver: Setting offset for boundary entities: 100
VtuOutputSolver: Writing the pvtu file: results_cpu_128/case_t0001.pvtu
WritePvtuFile: Number of active partitions is 128 (out of 128)
WritePvtuFile: List of active partitions was composed
VtuOutputSolver: Finished writing pvtu file
VtuOutputSolver: Writing the vtu file: results_cpu_128/case_128np001_t0001.vtu
AscBinWriteInit: Initializing buffered ascii/binary writing
AscBinWriteInit: Writing in binary
AscBinWriteInit: Writing in double precision
AscBinWriteInit: Writing to unit number: 58
AscBinWriteInit: Size of buffer is: 1000
WriteVtuFile: Writing nodal fields
WriteVtuFile: Saving 3-component variable: displacement
WriteVtuFile: Number of nodal fields written: 1
WriteVtuFile: Writing elemental fields
WriteVtuFile: Number of elemental fields written: 0
WriteVtuFile: Writing entity IDs for bodies and boundaries
WriteVtuFile: Writing coordinates for each used node
WriteVtuFile: Writing the elemental connectivity data
WriteVtuFile: Writing nodal fields
WriteVtuFile: Saving 3-component variable: displacement
WriteVtuFile: Number of nonzeros for "displacement" is 419 of 419
WriteVtuFile: Writing elemental fields
AscBinWriteFree: Terminating buffered ascii/binary writing
WriteVtuFile: Finished writing file
VtuOutputSolver: Finished writing vtu file
VtuOutputSolver: All done for now
ResultOutputSolver: -------------------------------------
CompareToReferenceSolution: Solver 1 PASSED:  Norm = 2.33900605E-02  RefNorm = 2.33900606E-02
CompareToReferenceSolution: Relative Error to reference norm: 2.798387E-09
ReloadInputFile: Reloading input file
LoadInputFile: Loading input file:
CompareToReferenceSolution: PASSED all 1 tests!
MAIN: Reporting unused list entries for sif improvement!
MAIN: If you do not want these lines undefine > DEVEL_LISTUSAGE < !
   Unused keywords:
       Simulation            max output level
       Boundary Condition 1  displacement 1
       Boundary Condition 1  displacement 2
       Boundary Condition 1  displacement 3
       Boundary Condition 2  force 2
       Solver 1              block gauss-seidel
       Solver 1              block matrix reuse
       Solver 1              outer: linear system solver
       Solver 1              outer: linear system convergence tolerance
       Solver 1              outer: linear system iterative method
       Solver 1              outer: linear system gcr restart
       Solver 1              outer: linear system residual output
       Solver 1              outer: linear system max iterations
       Solver 1              outer: linear system timing
       Solver 1              block 11: linear system solver
       Solver 1              block 22: linear system solver
       Solver 1              block 33: linear system solver
       Solver 1              mg smoother
       Solver 1              mg pre smoothing iterations
       Solver 1              mg post smoothing iterations
       Solver 1              mg method
       Solver 1              mg cluster size
       Solver 1              mg cluster alpha
       Solver 1              mg strong connection limit
       Solver 1              mg max iterations
       Solver 1              linear system abort not converged
MAIN: *** Elmer Solver: ALL DONE ***
FreeModel: Freeing meshes
ReleaseMesh: Releasing mesh variables
ReleaseMesh: Releasing mesh nodes
ReleaseMesh: Releasing mesh finished
FreeModel: Freeing constants list
FreeModel: Freeing simulation list
FreeModel: Freeing boundary lists
FreeModel: Freeing solvers
Loading user function library: [StressSolve]...[StressSolver_Finalize]
Loading user function library: [StressSolve]...[StressSolver_Finalize]
Loading user function library: [SaveData]...[SaveScalars_Finalize]
Loading user function library: [SaveData]...[SaveScalars_Finalize]
Loading user function library: [ResultOutputSolve]...[ResultOutputSolver_Finalize]
Loading user function library: [ResultOutputSolve]...[ResultOutputSolver_Finalize]
FreeModel: Freeing initial conditions lists
FreeModel: Freeing body lists
FreeModel: Freeing equations lists
FreeModel: Freeing body forces lists
ParallelFinalize: Final synchronization of the MPI system!
MAIN: The end
SOLVER TOTAL TIME(CPU,REAL):         0.33        9.38
ELMER SOLVER FINISHED AT: 2026/07/21 09:10:56

Ending linsys/elmer_iter_GCR_BP_CMG_SGS.sif with mesh level 1
Elapsed time: 15 s
-----------------------------------


Solver linsys/elmer_iter_GCR_GMG_BiCGStab_none.sif not recommended for given problem. Ignoring it


Solver linsys/elmer_iter_GCR_PMG_cjacobi_direct_mumps.sif not recommended for given problem. Ignoring it


Solver linsys/elmer_iter_GCR_PMG_cjacobi_direct_umfpack.sif not recommended for given problem. Ignoring it


Solver linsys/elmer_iter_Gmres_ILU0.sif not recommended for given problem. Ignoring it


Solver linsys/elmer_iter_Idrs5_ILU0.sif not recommended for given problem. Ignoring it


Solver linsys/elmer_iter_Idrs5_ILU1.sif not recommended for given problem. Ignoring it


Solver linsys/elmer_iter_Idrs5_ILUT_1.sif not recommended for given problem. Ignoring it


Solver linsys/elmer_iter_Idrs5_ILUT_2.sif not recommended for given problem. Ignoring it


Solver linsys/elmer_iter_Idrs5_ILUT_3.sif not recommended for given problem. Ignoring it


Solver linsys/elmer_iter_Idrs5_ILUT_4.sif not recommended for given problem. Ignoring it


Solver linsys/elmer_iter_Idrs5_ILUT_5.sif not recommended for given problem. Ignoring it


Solver linsys/elmer_iter_Idrs5_ILUT_6.sif not recommended for given problem. Ignoring it


Solver linsys/elmer_iter_Idrs5_ILUT_7.sif not recommended for given problem. Ignoring it


Solver linsys/elmer_iter_Idrs5_none.sif not recommended for given problem. Ignoring it


Solver linsys/elmer_iter_Idrs5_vanka1.sif not recommended for given problem. Ignoring it


Solver linsys/elmer_iter_Idrs5_vanka2.sif not recommended for given problem. Ignoring it


Solver linsys/elmer_iter_Idrs5_vanka.sif not recommended for given problem. Ignoring it


Solver linsys/elmer_iter_Tfqmr_ILU0.sif not recommended for given problem. Ignoring it


Solver linsys/elmer_P_BiCGStab2_CG_ILU0.sif not recommended for given problem. Ignoring it


Solver linsys/elmer_P_BiCGStab2_CG_none.sif not recommended for given problem. Ignoring it


Solver linsys/elmer_P_BiCGStab4_CG_ILU0.sif not recommended for given problem. Ignoring it


Solver linsys/elmer_P_BiCGStab4_CG_none.sif not recommended for given problem. Ignoring it


Solver linsys/elmer_P_Idrs5_CG_ILU0.sif not recommended for given problem. Ignoring it


Solver linsys/elmer_P_Idrs5_CG_none.sif not recommended for given problem. Ignoring it


Solver linsys/hypre_BiCGStab_BoomerAMG_R1_C0_S3.sif not recommended for given problem. Ignoring it


Solver linsys/hypre_BiCGStab_BoomerAMG_R1_C0_S3_wos.sif not recommended for given problem. Ignoring it


Solver linsys/hypre_BiCGStab_BoomerAMG_R1_C0_S6.sif not recommended for given problem. Ignoring it


Solver linsys/hypre_BiCGStab_BoomerAMG_R1_C0_S6_wos.sif not recommended for given problem. Ignoring it


Solver linsys/hypre_BiCGStab_BoomerAMG_R1_C1_S3.sif not recommended for given problem. Ignoring it


Solver linsys/hypre_BiCGStab_BoomerAMG_R1_C1_S3_wos.sif not recommended for given problem. Ignoring it


Solver linsys/hypre_BiCGStab_BoomerAMG_R2_C0_S3.sif not recommended for given problem. Ignoring it


Solver linsys/hypre_BiCGStab_BoomerAMG_R2_C0_S3_wos.sif not recommended for given problem. Ignoring it


Solver linsys/hypre_BiCGStab_BoomerAMG_R2_C0_S6.sif not recommended for given problem. Ignoring it


Solver linsys/hypre_BiCGStab_BoomerAMG_R2_C0_S6_wos.sif not recommended for given problem. Ignoring it


Solver linsys/hypre_BiCGStab_BoomerAMG_R2_C1_S3.sif not recommended for given problem. Ignoring it


Solver linsys/hypre_BiCGStab_BoomerAMG_R2_C1_S3_wos.sif not recommended for given problem. Ignoring it


Solver linsys/hypre_BiCGStab_BoomerAMG_R3_C0_S3.sif not recommended for given problem. Ignoring it


Solver linsys/hypre_BiCGStab_BoomerAMG_R3_C0_S3_wos.sif not recommended for given problem. Ignoring it


Solver linsys/hypre_BiCGStab_BoomerAMG_R3_C0_S6.sif not recommended for given problem. Ignoring it


Solver linsys/hypre_BiCGStab_BoomerAMG_R3_C0_S6_wos.sif not recommended for given problem. Ignoring it


Solver linsys/hypre_BiCGStab_BoomerAMG_R3_C1_S3.sif not recommended for given problem. Ignoring it


Solver linsys/hypre_BiCGStab_BoomerAMG_R3_C1_S3_wos.sif not recommended for given problem. Ignoring it


Solver linsys/hypre_BiCGStab_BoomerAMG_smoother3.sif not recommended for given problem. Ignoring it


Solver linsys/hypre_BiCGStab_BoomerAMG_smoother6.sif not recommended for given problem. Ignoring it


Solver linsys/hypre_BiCGStab_BoomerAMG_wo_scaling.sif not recommended for given problem. Ignoring it


Solver linsys/hypre_BiCGStab_ILU0.sif not recommended for given problem. Ignoring it


Solver linsys/hypre_BiCGStab_ILU1.sif not recommended for given problem. Ignoring it


Solver linsys/hypre_BiCGStab_none.sif not recommended for given problem. Ignoring it


Solver linsys/hypre_BiCGStab_Parasails.sif not recommended for given problem. Ignoring it


Solver linsys/hypre_BoomerAMG.sif not recommended for given problem. Ignoring it


Solver linsys/hypre_FlexGmres_BoomerAMG.sif not recommended for given problem. Ignoring it


Solver linsys/hypre_GMRes_BoomerAMG.sif not recommended for given problem. Ignoring it


Solver linsys/hypre_GMRes_ILU1.sif not recommended for given problem. Ignoring it


Solver linsys/hypre_GMRes_Parasails.sif not recommended for given problem. Ignoring it


Solver linsys/hypre_LGMRes_ILU0.sif not recommended for given problem. Ignoring it


Solver linsys/trilinos_ml_sgs_dof3.sif not recommended for given problem. Ignoring it


Solver linsys/trilinos_ml_sgs.sif not recommended for given problem. Ignoring it

Plotting scalability...

Plotting timings...

-----------------------------------
Plotting timings with mesh level 1

-----------------------------------

DONE
