Number of partitions: 192
==================================================================
ElmerGrid mesh conversion and manipulation utility, Welcome!
Version: 26.2 (Rev: NA, Compiled: NA)
This program is free software licensed under GPL
==================================================================
Elmergrid reading in-line arguments
Using dual (elemental) graph in partitioning.
The mesh will be partitioned with Metis to 192 partitions.
Output will be saved to file winkel.

Elmergrid loading data:
-----------------------
Loading the geometry from file 'winkel.grd'.
Loading ElmerGrid file version: 210903
Defining the coordinate system (3-DIM).
Loading 2 subcell sizes in X-direction
Loading 3 subcell sizes in Y-direction
Loading 2 subcell sizes in Z-direction
Loading material structure
LoadElmergrid: materials interval is [0,3]
Loading boundary conditions
Found 4 boundaries
Reached the end of command file
Found 1 divisions for grid

Loading ElmerGrid commands from file 'winkel.grd'.
Reached the end of command file
Read commands from a file

Elmergrid creating and manipulating meshes:
-------------------------------------------
3 cells were created.
Numbered 1281 knots in 1200 4-node elements.
Numbering order was <x><y> and max levelwidth 43.
80 element sides between materials 0 and 1 were located to type 1.
20 element sides between materials 2 and 1 were located to type 2.
20 element sides between materials 3 and 1 were located to type 3.
60 element sides between materials 0 and 2 were located to type 4.
Created 40 extruded divisions.
Maximum elementtype 404 extruded to type 808.
Allocated for 7 new BC lists
Extruded mesh has 32000 elements in 40 levels.
Simple extrusion would have 48000 elements
Extruded BCs list 0 of types [1,1] has 1600 elements.
Extruded BCs list 1 of types [2,2] has 400 elements.
Extruded BCs list 2 of types [3,3] has 400 elements.
Extruded BCs list 3 of types [4,4] has 2400 elements.
Layer BCs list 4 of types [5,5] has 1200 elements.
Layer BCs list 5 of types [6,6] has 800 elements.
Layer BCs list 6 of types [7,7] has 400 elements.
52521 original nodes moved to 35721 new ones.
Created 32000 elements and 35721 nodes by extruding the 2D geometry

Elmergrid partitioning meshes:
------------------------------
Making a Metis partitioning for 35721 nodes in 3-dimensions.
Setting default Metis options!
Setting user defined Metis options!
Creating a dual graph of the finite element mesh
Creating an inverse topology of the finite element mesh
There are from 1 to 8 connections in the inverse topology.
Each node is in average in 7.167 elements
Removing connected nodes from the dual graph
List of unconnected elements created
Allocating for the dual graph for 32000 with 768866 connections
There are at maximum 26 connections in dual graph (in element 1242).
There are at all in all 768866 connections in dual graph.
Average connection per active element in dual graph is 24.027
There are 768866 connections altogether in the graph.
Starting graph partitioning METIS_PartGraphKway.
 Runtime parameters:
   Objective type: METIS_OBJTYPE_CUT
   Coarsening type: METIS_CTYPE_SHEM
   Initial partitioning type: METIS_IPTYPE_METISRB
   Refinement type: METIS_RTYPE_GREEDY
   Perform a 2-hop matching: No
   Number of balancing constraints: 1
   Number of refinement iterations: 10
   Random number seed: -1
   Number of partitions: 192
   Number of cuts: 1
   User-supplied ufactor: 30
   Minimize connectivity: No
   Create contigous partitions: No
   Target partition weights: 
        0=[5.21e-03]   1=[5.21e-03]   2=[5.21e-03]   3=[5.21e-03]   4=[5.21e-03]
        5=[5.21e-03]   6=[5.21e-03]   7=[5.21e-03]   8=[5.21e-03]   9=[5.21e-03]
       10=[5.21e-03]  11=[5.21e-03]  12=[5.21e-03]  13=[5.21e-03]  14=[5.21e-03]
       15=[5.21e-03]  16=[5.21e-03]  17=[5.21e-03]  18=[5.21e-03]  19=[5.21e-03]
       20=[5.21e-03]  21=[5.21e-03]  22=[5.21e-03]  23=[5.21e-03]  24=[5.21e-03]
       25=[5.21e-03]  26=[5.21e-03]  27=[5.21e-03]  28=[5.21e-03]  29=[5.21e-03]
       30=[5.21e-03]  31=[5.21e-03]  32=[5.21e-03]  33=[5.21e-03]  34=[5.21e-03]
       35=[5.21e-03]  36=[5.21e-03]  37=[5.21e-03]  38=[5.21e-03]  39=[5.21e-03]
       40=[5.21e-03]  41=[5.21e-03]  42=[5.21e-03]  43=[5.21e-03]  44=[5.21e-03]
       45=[5.21e-03]  46=[5.21e-03]  47=[5.21e-03]  48=[5.21e-03]  49=[5.21e-03]
       50=[5.21e-03]  51=[5.21e-03]  52=[5.21e-03]  53=[5.21e-03]  54=[5.21e-03]
       55=[5.21e-03]  56=[5.21e-03]  57=[5.21e-03]  58=[5.21e-03]  59=[5.21e-03]
       60=[5.21e-03]  61=[5.21e-03]  62=[5.21e-03]  63=[5.21e-03]  64=[5.21e-03]
       65=[5.21e-03]  66=[5.21e-03]  67=[5.21e-03]  68=[5.21e-03]  69=[5.21e-03]
       70=[5.21e-03]  71=[5.21e-03]  72=[5.21e-03]  73=[5.21e-03]  74=[5.21e-03]
       75=[5.21e-03]  76=[5.21e-03]  77=[5.21e-03]  78=[5.21e-03]  79=[5.21e-03]
       80=[5.21e-03]  81=[5.21e-03]  82=[5.21e-03]  83=[5.21e-03]  84=[5.21e-03]
       85=[5.21e-03]  86=[5.21e-03]  87=[5.21e-03]  88=[5.21e-03]  89=[5.21e-03]
       90=[5.21e-03]  91=[5.21e-03]  92=[5.21e-03]  93=[5.21e-03]  94=[5.21e-03]
       95=[5.21e-03]  96=[5.21e-03]  97=[5.21e-03]  98=[5.21e-03]  99=[5.21e-03]
      100=[5.21e-03] 101=[5.21e-03] 102=[5.21e-03] 103=[5.21e-03] 104=[5.21e-03]
      105=[5.21e-03] 106=[5.21e-03] 107=[5.21e-03] 108=[5.21e-03] 109=[5.21e-03]
      110=[5.21e-03] 111=[5.21e-03] 112=[5.21e-03] 113=[5.21e-03] 114=[5.21e-03]
      115=[5.21e-03] 116=[5.21e-03] 117=[5.21e-03] 118=[5.21e-03] 119=[5.21e-03]
      120=[5.21e-03] 121=[5.21e-03] 122=[5.21e-03] 123=[5.21e-03] 124=[5.21e-03]
      125=[5.21e-03] 126=[5.21e-03] 127=[5.21e-03] 128=[5.21e-03] 129=[5.21e-03]
      130=[5.21e-03] 131=[5.21e-03] 132=[5.21e-03] 133=[5.21e-03] 134=[5.21e-03]
      135=[5.21e-03] 136=[5.21e-03] 137=[5.21e-03] 138=[5.21e-03] 139=[5.21e-03]
      140=[5.21e-03] 141=[5.21e-03] 142=[5.21e-03] 143=[5.21e-03] 144=[5.21e-03]
      145=[5.21e-03] 146=[5.21e-03] 147=[5.21e-03] 148=[5.21e-03] 149=[5.21e-03]
      150=[5.21e-03] 151=[5.21e-03] 152=[5.21e-03] 153=[5.21e-03] 154=[5.21e-03]
      155=[5.21e-03] 156=[5.21e-03] 157=[5.21e-03] 158=[5.21e-03] 159=[5.21e-03]
      160=[5.21e-03] 161=[5.21e-03] 162=[5.21e-03] 163=[5.21e-03] 164=[5.21e-03]
      165=[5.21e-03] 166=[5.21e-03] 167=[5.21e-03] 168=[5.21e-03] 169=[5.21e-03]
      170=[5.21e-03] 171=[5.21e-03] 172=[5.21e-03] 173=[5.21e-03] 174=[5.21e-03]
      175=[5.21e-03] 176=[5.21e-03] 177=[5.21e-03] 178=[5.21e-03] 179=[5.21e-03]
      180=[5.21e-03] 181=[5.21e-03] 182=[5.21e-03] 183=[5.21e-03] 184=[5.21e-03]
      185=[5.21e-03] 186=[5.21e-03] 187=[5.21e-03] 188=[5.21e-03] 189=[5.21e-03]
      190=[5.21e-03] 191=[5.21e-03]
   Allowed maximum load imbalance: 1.030 


 gk_mcore statistics
           coresize:       519736         nmops:         2048  cmop:      0
        num_callocs:           15   num_hallocs:            0
       size_callocs:       672024  size_hallocs:            0
        cur_callocs:            0   cur_hallocs:            0
        max_callocs:       267552   max_hallocs:            0
 nbrpool statistics
        nbrpoolsize:            0   nbrpoolcpos:            0
    nbrpoolreallocs:            0


Timing Information -------------------------------------------------
 Multilevel: 		   0.166
     Coarsening: 		   0.010
            Matching: 			   0.003
            Contract: 			   0.007
     Initial Partition: 	   0.114
     Uncoarsening: 		   0.042
          Refinement: 			   0.024
          Projection: 			   0.006
     Splitting: 		   0.000
********************************************************************

 gk_mcore statistics
           coresize:       519736         nmops:         2048  cmop:      0
        num_callocs:           67   num_hallocs:            0
       size_callocs:      2792640  size_hallocs:            0
        cur_callocs:            0   cur_hallocs:            0
        max_callocs:       515072   max_hallocs:            0
 nbrpool statistics
        nbrpoolsize:       911655   nbrpoolcpos:       717262
    nbrpoolreallocs:            4

Finished Metis graph partitioning call.
Number of nodal partitions: 192
Set the node partitions by the dominating element partition.
There are from 216 to 391 nodes in the 192 partitions.
Successfully made a Metis partition using the dual graph.
Optimizing the partitioning at boundaries.
Ownership of 0 parents was changed at BCs
Optimizing for 192 partitions
Creating a table showing all parenting partitions of nodes.
Nodes belong to 6 partitions in maximum
There are 16640 shared nodes which is 46.58 % of all nodes.
The initial owner was not any of the elements for 0 nodes
Checking partitioning before optimization
Checking for partitioning
Information on partition bandwidth
Average 166 elements with range 10 in partition
Average 186 nodes with range 68 in partition
Average 115 shared nodes with range 93 in partition
Average number of elements in partition 1.860e+02
Maximum deviation in ownership 68
Average deviation in ownership 1.504e+01
Average relative deviation 8.08 %
Checking for problematic sharings
Optimizing sharing for 192 partitions
Partitions 38 and 12 in element 12372 (6 owners) oddly related 2 times
Changed the ownership of 13 nodes
Partitions 33 and 47 in element 12372 (5 owners) oddly related 1 times
Changed the ownership of 1 nodes
There shouldn't be any problematic sharings, knock, knock...
The partitioning was optimized: 14
Checking partitioning after optimization
Checking for partitioning
Information on partition bandwidth
Average 166 elements with range 10 in partition
Average 186 nodes with range 68 in partition
Average 115 shared nodes with range 95 in partition
Partitioning routines finished!
Bounding box of all nodes in mesh:
X:[0,2] Y:[0,2] Z:[0,2]
Calculate Mesh Pieces in mesh:
There is a single piece in the mesh, so the mesh is conforming.

Elmergrid saving data with method 2:
-------------------------------------
Saving Elmer mesh in partitioned format
Number of boundary nodes at the boundary: 7202
Number of additional interface nodes: 0
Created subdirectory: partitioning.192
Saving mesh in parallel ElmerSolver format to directory winkel/partitioning.192.
Nodes belong to 6 partitions in maximum
Saving mesh for 192 partitions
   part  elements   nodes      shared   bc elems
   1     168        199        95       61      
   2     161        159        132      0       
   3     162        188        96       48      
   4     161        166        130      15      
   5     161        174        114      27      
   6     162        192        92       59      
   7     161        189        93       61      
   8     171        188        122      35      
   9     168        223        78       102     
   10    170        205        102      65      
   11    170        190        107      38      
   12    169        167        144      0       
   13    163        183        101      37      
   14    171        226        73       101     
   15    171        202        106      57      
   16    165        167        134      0       
   17    171        209        100      68      
   18    161        159        143      0       
   19    162        177        118      32      
   20    171        202        101      67      
   21    164        176        115      29      
   22    171        196        117      50      
   23    161        181        105      36      
   24    166        167        137      0       
   25    161        192        93       53      
   26    161        178        116      36      
   27    171        201        105      60      
   28    164        184        109      36      
   29    161        160        148      0       
   30    171        182        133      28      
   31    169        191        111      37      
   32    171        171        146      0       
   33    167        173        140      0       
   34    169        182        129      33      
   35    171        182        135      23      
   36    161        195        103      64      
   37    170        188        120      36      
   38    169        168        143      0       
   39    163        163        137      0       
   40    171        187        116      26      
   41    161        186        105      50      
   42    161        165        132      19      
   43    171        178        132      19      
   44    171        183        130      19      
   45    171        200        102      53      
   46    171        179        131      20      
   47    163        164        144      0       
   48    171        172        144      0       
   49    170        172        133      0       
   50    171        182        125      25      
   51    168        189        116      43      
   52    171        182        126      34      
   53    161        195        95       66      
   54    171        204        90       64      
   55    161        185        104      50      
   56    171        202        107      66      
   57    166        216        70       92      
   58    171        199        104      55      
   59    171        170        141      0       
   60    163        188        113      45      
   61    164        201        96       73      
   62    161        173        115      29      
   63    169        211        95       77      
   64    171        204        104      56      
   65    162        161        156      0       
   66    164        165        138      0       
   67    161        197        95       76      
   68    161        174        124      33      
   69    162        171        129      21      
   70    170        170        139      0       
   71    167        183        122      25      
   72    171        187        115      25      
   73    171        179        134      16      
   74    161        194        98       66      
   75    171        180        133      30      
   76    171        201        99       59      
   77    171        201        91       58      
   78    170        223        70       94      
   79    171        197        107      56      
   80    161        205        83       80      
   81    163        192        95       58      
   82    163        197        88       58      
   83    168        174        134      0       
   84    166        192        105      40      
   85    162        193        90       60      
   86    164        184        124      39      
   87    171        193        110      33      
   88    164        186        105      35      
   89    171        183        125      23      
   90    165        203        84       73      
   91    171        182        133      18      
   92    161        177        118      38      
   93    171        172        146      0       
   94    162        163        146      0       
   95    171        185        124      24      
   96    171        213        92       76      
   97    161        193        84       58      
   98    170        201        90       54      
   99    161        171        133      23      
   100   169        186        107      26      
   101   168        186        107      38      
   102   171        171        142      0       
   103   165        180        110      35      
   104   161        199        120      75      
   105   171        176        138      15      
   106   171        184        122      30      
   107   161        213        67       94      
   108   162        187        98       51      
   109   171        209        96       73      
   110   167        180        117      32      
   111   171        185        121      31      
   112   161        180        113      41      
   113   168        170        161      6       
   114   170        171        142      0       
   115   164        215        66       92      
   116   171        183        120      25      
   117   161        196        92       64      
   118   171        175        144      9       
   119   161        171        125      28      
   120   164        203        97       64      
   121   171        182        126      28      
   122   171        212        90       80      
   123   171        184        127      22      
   124   171        196        122      49      
   125   161        182        127      49      
   126   171        182        134      20      
   127   169        188        117      43      
   128   162        187        113      49      
   129   161        179        124      39      
   130   171        172        135      0       
   131   164        182        121      41      
   132   170        169        144      0       
   133   171        208        98       61      
   134   171        171        146      0       
   135   171        194        119      43      
   136   162        192        112      55      
   137   161        175        125      26      
   138   165        220        77       103     
   139   171        171        144      0       
   140   171        200        115      62      
   141   171        198        111      47      
   142   163        200        90       62      
   143   163        209        70       88      
   144   171        203        101      58      
   145   165        163        142      0       
   146   171        168        143      0       
   147   164        180        116      34      
   148   161        194        92       71      
   149   171        204        98       60      
   150   171        196        112      43      
   151   169        204        93       71      
   152   167        202        95       63      
   153   161        172        114      28      
   154   164        166        136      0       
   155   161        163        128      0       
   156   165        189        105      43      
   157   162        164        138      15      
   158   162        175        119      32      
   159   164        198        98       62      
   160   171        192        108      35      
   161   171        222        75       88      
   162   161        194        90       70      
   163   171        200        115      54      
   164   161        189        106      51      
   165   162        210        77       89      
   166   171        170        138      0       
   167   170        181        128      20      
   168   171        206        90       67      
   169   166        165        148      0       
   170   166        164        141      0       
   171   171        171        149      0       
   172   170        195        118      46      
   173   171        182        128      26      
   174   171        194        118      43      
   175   167        186        111      40      
   176   171        199        101      58      
   177   171        203        97       63      
   178   171        184        132      23      
   179   168        169        136      0       
   180   168        173        136      0       
   181   161        186        111      45      
   182   161        158        131      0       
   183   171        175        133      0       
   184   171        205        101      62      
   185   161        198        86       70      
   186   161        171        120      35      
   187   171        182        124      17      
   188   163        183        110      38      
   189   161        169        132      16      
   190   164        166        144      0       
   191   161        180        117      44      
   192   161        161        145      0       
----------------------------------------------------------------------------------------------
   ave   166.7      186.0      115.5    37.5    
Writing of partitioned mesh finished

Thank you for using Elmergrid!
Send bug reports and feature wishes to elmeradm@csc.fi
Running ElmerSolver...

Solver linsys/BPC_BiCGStab2_ILU0.sif not recommended for given problem. Ignoring it


Solver linsys/BPC_BiCGStab2_ILU1.sif not recommended for given problem. Ignoring it


Solver linsys/BPC_BiCGStab2_none.sif not recommended for given problem. Ignoring it


Solver linsys/BPC_BiCGStab4_ILU0.sif not recommended for given problem. Ignoring it


Solver linsys/BPC_BiCGStab4_ILU1.sif not recommended for given problem. Ignoring it


Solver linsys/BPC_BiCGStab4_none.sif not recommended for given problem. Ignoring it


Solver linsys/BPC_BiCGStab_BoomerAMG.sif not recommended for given problem. Ignoring it


Solver linsys/BPC_BiCGStab_BoomerAMG_wos.sif not recommended for given problem. Ignoring it


Solver linsys/BPC_CG_ILU0.sif not recommended for given problem. Ignoring it


Solver linsys/BPC_CG_ILU1.sif not recommended for given problem. Ignoring it


Solver linsys/BPC_CG_none.sif not recommended for given problem. Ignoring it


Solver linsys/BPC_GCR_Z_Quadratic_Hcurl_GCR_mumps.sif not recommended for given problem. Ignoring it


Solver linsys/BPC_GCR_Z_Quadratic_Hcurl_GCR_umfpack.sif not recommended for given problem. Ignoring it


Solver linsys/BPC_Gmres_ILU0.sif not recommended for given problem. Ignoring it


Solver linsys/BPC_idrs5_ILU0.sif not recommended for given problem. Ignoring it


Solver linsys/BPC_idrs5_vanka.sif not recommended for given problem. Ignoring it


Solver linsys/direct_MUMPS.sif not recommended for given problem. Ignoring it


Solver linsys/direct_umfpack.sif not recommended for given problem. Ignoring it


Solver linsys/elmer_BPC.sif not recommended for given problem. Ignoring it


Solver linsys/elmer_feti_mumps_10.sif not recommended for given problem. Ignoring it


Solver linsys/elmer_feti_mumps.sif not recommended for given problem. Ignoring it


Solver linsys/elmer_GCR_GMG_jacobi_BiCGStab_none.sif not recommended for given problem. Ignoring it


Solver linsys/elmer_GCR_GMG_wjacobi_CG.sif not recommended for given problem. Ignoring it


Solver linsys/elmer_GMG_sgs_BiCGStab_none.sif not recommended for given problem. Ignoring it


Solver linsys/elmer_iter_BiCGStab2_BILU0.sif not recommended for given problem. Ignoring it


Solver linsys/elmer_iter_BiCGStab2_BILU1.sif not recommended for given problem. Ignoring it


Solver linsys/elmer_iter_BiCGStab2_ILU0.sif not recommended for given problem. Ignoring it


Solver linsys/elmer_iter_BiCGStab2_ILU1.sif not recommended for given problem. Ignoring it


Solver linsys/elmer_iter_BiCGStab2_ILUT_1.sif not recommended for given problem. Ignoring it


Solver linsys/elmer_iter_BiCGStab2_ILUT_2.sif not recommended for given problem. Ignoring it


Solver linsys/elmer_iter_BiCGStab2_ILUT_3.sif not recommended for given problem. Ignoring it


Solver linsys/elmer_iter_BiCGStab2_ILUT_4.sif not recommended for given problem. Ignoring it


Solver linsys/elmer_iter_BiCGStab2_ILUT_5.sif not recommended for given problem. Ignoring it


Solver linsys/elmer_iter_BiCGStab2_ILUT_6.sif not recommended for given problem. Ignoring it


Solver linsys/elmer_iter_BiCGStab2_ILUT_7.sif not recommended for given problem. Ignoring it


Solver linsys/elmer_iter_BiCGStab2_none.sif not recommended for given problem. Ignoring it


Solver linsys/elmer_iter_BiCGStab2_vanka1.sif not recommended for given problem. Ignoring it


Solver linsys/elmer_iter_BiCGStab2_vanka2.sif not recommended for given problem. Ignoring it


Solver linsys/elmer_iter_BiCGStab2_vanka.sif not recommended for given problem. Ignoring it


Solver linsys/elmer_iter_BiCGStab4_ILU0.sif not recommended for given problem. Ignoring it


Solver linsys/elmer_iter_BiCGStab4_ILU1.sif not recommended for given problem. Ignoring it


Solver linsys/elmer_iter_BiCGStab4_none.sif not recommended for given problem. Ignoring it


Solver linsys/elmer_iter_BiCGStab_ILU0.sif not recommended for given problem. Ignoring it


Solver linsys/elmer_iter_BiCGStab_ILU1.sif not recommended for given problem. Ignoring it


Solver linsys/elmer_iter_BiCGStab_none.sif not recommended for given problem. Ignoring it



-----------------------------------
Starting linsys/elmer_iter_CG_ILU0.sif with mesh level 3

ELMER SOLVER (v 26.2) STARTED AT: 2026/07/28 13:54:58
ELMER SOLVER (v 26.2) STARTED AT: 2026/07/28 13:54:58
ELMER SOLVER (v 26.2) STARTED AT: 2026/07/28 13:54:58
ELMER SOLVER (v 26.2) STARTED AT: 2026/07/28 13:54:58
ELMER SOLVER (v 26.2) STARTED AT: 2026/07/28 13:54:58
ELMER SOLVER (v 26.2) STARTED AT: 2026/07/28 13:54:58
ELMER SOLVER (v 26.2) STARTED AT: 2026/07/28 13:54:58
ELMER SOLVER (v 26.2) STARTED AT: 2026/07/28 13:54:59
ELMER SOLVER (v 26.2) STARTED AT: 2026/07/28 13:54:59
ELMER SOLVER (v 26.2) STARTED AT: 2026/07/28 13:54:59
ELMER SOLVER (v 26.2) STARTED AT: 2026/07/28 13:54:59
ELMER SOLVER (v 26.2) STARTED AT: 2026/07/28 13:54:59
ELMER SOLVER (v 26.2) STARTED AT: 2026/07/28 13:54:59
ELMER SOLVER (v 26.2) STARTED AT: 2026/07/28 13:54:59
ELMER SOLVER (v 26.2) STARTED AT: 2026/07/28 13:54:59
ELMER SOLVER (v 26.2) STARTED AT: 2026/07/28 13:54:59
ELMER SOLVER (v 26.2) STARTED AT: 2026/07/28 13:54:59
ELMER SOLVER (v 26.2) STARTED AT: 2026/07/28 13:54:59
ELMER SOLVER (v 26.2) STARTED AT: 2026/07/28 13:54:59
ELMER SOLVER (v 26.2) STARTED AT: 2026/07/28 13:54:59
ELMER SOLVER (v 26.2) STARTED AT: 2026/07/28 13:54:59
ELMER SOLVER (v 26.2) STARTED AT: 2026/07/28 13:54:59
ELMER SOLVER (v 26.2) STARTED AT: 2026/07/28 13:54:59
ELMER SOLVER (v 26.2) STARTED AT: 2026/07/28 13:54:59
ELMER SOLVER (v 26.2) STARTED AT: 2026/07/28 13:54:59
ELMER SOLVER (v 26.2) STARTED AT: 2026/07/28 13:54:59
ELMER SOLVER (v 26.2) STARTED AT: 2026/07/28 13:54:59
ELMER SOLVER (v 26.2) STARTED AT: 2026/07/28 13:54:59
ELMER SOLVER (v 26.2) STARTED AT: 2026/07/28 13:54:59
ELMER SOLVER (v 26.2) STARTED AT: 2026/07/28 13:54:59
ELMER SOLVER (v 26.2) STARTED AT: 2026/07/28 13:54:59
ELMER SOLVER (v 26.2) STARTED AT: 2026/07/28 13:54:59
ELMER SOLVER (v 26.2) STARTED AT: 2026/07/28 13:54:59
ELMER SOLVER (v 26.2) STARTED AT: 2026/07/28 13:54:59
ELMER SOLVER (v 26.2) STARTED AT: 2026/07/28 13:54:59
ELMER SOLVER (v 26.2) STARTED AT: 2026/07/28 13:54:59
ELMER SOLVER (v 26.2) STARTED AT: 2026/07/28 13:54:59
ELMER SOLVER (v 26.2) STARTED AT: 2026/07/28 13:54:59
ELMER SOLVER (v 26.2) STARTED AT: 2026/07/28 13:54:59
ELMER SOLVER (v 26.2) STARTED AT: 2026/07/28 13:54:59
ELMER SOLVER (v 26.2) STARTED AT: 2026/07/28 13:54:59
ELMER SOLVER (v 26.2) STARTED AT: 2026/07/28 13:54:59
ELMER SOLVER (v 26.2) STARTED AT: 2026/07/28 13:54:59
ELMER SOLVER (v 26.2) STARTED AT: 2026/07/28 13:54:59
ELMER SOLVER (v 26.2) STARTED AT: 2026/07/28 13:54:59
ELMER SOLVER (v 26.2) STARTED AT: 2026/07/28 13:54:59
ELMER SOLVER (v 26.2) STARTED AT: 2026/07/28 13:54:59
ELMER SOLVER (v 26.2) STARTED AT: 2026/07/28 13:54:59
ELMER SOLVER (v 26.2) STARTED AT: 2026/07/28 13:54:59
ELMER SOLVER (v 26.2) STARTED AT: 2026/07/28 13:54:59
ELMER SOLVER (v 26.2) STARTED AT: 2026/07/28 13:54:59
ELMER SOLVER (v 26.2) STARTED AT: 2026/07/28 13:54:59
ELMER SOLVER (v 26.2) STARTED AT: 2026/07/28 13:54:59
ELMER SOLVER (v 26.2) STARTED AT: 2026/07/28 13:54:59
ELMER SOLVER (v 26.2) STARTED AT: 2026/07/28 13:54:59
ELMER SOLVER (v 26.2) STARTED AT: 2026/07/28 13:54:59
ELMER SOLVER (v 26.2) STARTED AT: 2026/07/28 13:54:59
ELMER SOLVER (v 26.2) STARTED AT: 2026/07/28 13:54:59
ELMER SOLVER (v 26.2) STARTED AT: 2026/07/28 13:54:59
ELMER SOLVER (v 26.2) STARTED AT: 2026/07/28 13:54:59
ELMER SOLVER (v 26.2) STARTED AT: 2026/07/28 13:54:59
ELMER SOLVER (v 26.2) STARTED AT: 2026/07/28 13:54:59
ELMER SOLVER (v 26.2) STARTED AT: 2026/07/28 13:54:59
ELMER SOLVER (v 26.2) STARTED AT: 2026/07/28 13:54:59
ELMER SOLVER (v 26.2) STARTED AT: 2026/07/28 13:54:59
ELMER SOLVER (v 26.2) STARTED AT: 2026/07/28 13:54:59
ELMER SOLVER (v 26.2) STARTED AT: 2026/07/28 13:54:59
ELMER SOLVER (v 26.2) STARTED AT: 2026/07/28 13:54:59
ELMER SOLVER (v 26.2) STARTED AT: 2026/07/28 13:54:59
ELMER SOLVER (v 26.2) STARTED AT: 2026/07/28 13:54:59
ELMER SOLVER (v 26.2) STARTED AT: 2026/07/28 13:54:59
ELMER SOLVER (v 26.2) STARTED AT: 2026/07/28 13:54:59
ELMER SOLVER (v 26.2) STARTED AT: 2026/07/28 13:54:59
ELMER SOLVER (v 26.2) STARTED AT: 2026/07/28 13:54:59
ELMER SOLVER (v 26.2) STARTED AT: 2026/07/28 13:54:59
ELMER SOLVER (v 26.2) STARTED AT: 2026/07/28 13:54:59
ELMER SOLVER (v 26.2) STARTED AT: 2026/07/28 13:54:59
ELMER SOLVER (v 26.2) STARTED AT: 2026/07/28 13:54:59
ELMER SOLVER (v 26.2) STARTED AT: 2026/07/28 13:54:59
ELMER SOLVER (v 26.2) STARTED AT: 2026/07/28 13:54:59
ELMER SOLVER (v 26.2) STARTED AT: 2026/07/28 13:54:59
ELMER SOLVER (v 26.2) STARTED AT: 2026/07/28 13:54:59
ELMER SOLVER (v 26.2) STARTED AT: 2026/07/28 13:54:59
ELMER SOLVER (v 26.2) STARTED AT: 2026/07/28 13:54:59
ELMER SOLVER (v 26.2) STARTED AT: 2026/07/28 13:54:59
ELMER SOLVER (v 26.2) STARTED AT: 2026/07/28 13:54:59
ELMER SOLVER (v 26.2) STARTED AT: 2026/07/28 13:54:59
ELMER SOLVER (v 26.2) STARTED AT: 2026/07/28 13:54:59
ELMER SOLVER (v 26.2) STARTED AT: 2026/07/28 13:54:59
ELMER SOLVER (v 26.2) STARTED AT: 2026/07/28 13:54:59
ELMER SOLVER (v 26.2) STARTED AT: 2026/07/28 13:54:59
ELMER SOLVER (v 26.2) STARTED AT: 2026/07/28 13:54:59
ELMER SOLVER (v 26.2) STARTED AT: 2026/07/28 13:54:59
ELMER SOLVER (v 26.2) STARTED AT: 2026/07/28 13:54:59
ELMER SOLVER (v 26.2) STARTED AT: 2026/07/28 13:54:59
ELMER SOLVER (v 26.2) STARTED AT: 2026/07/28 13:54:59
ELMER SOLVER (v 26.2) STARTED AT: 2026/07/28 13:54:59
ELMER SOLVER (v 26.2) STARTED AT: 2026/07/28 13:54:59
ELMER SOLVER (v 26.2) STARTED AT: 2026/07/28 13:54:59
ELMER SOLVER (v 26.2) STARTED AT: 2026/07/28 13:54:59
ELMER SOLVER (v 26.2) STARTED AT: 2026/07/28 13:54:59
ELMER SOLVER (v 26.2) STARTED AT: 2026/07/28 13:54:59
ELMER SOLVER (v 26.2) STARTED AT: 2026/07/28 13:54:59
ELMER SOLVER (v 26.2) STARTED AT: 2026/07/28 13:54:59
ELMER SOLVER (v 26.2) STARTED AT: 2026/07/28 13:54:59
ELMER SOLVER (v 26.2) STARTED AT: 2026/07/28 13:54:59
ELMER SOLVER (v 26.2) STARTED AT: 2026/07/28 13:54:59
ELMER SOLVER (v 26.2) STARTED AT: 2026/07/28 13:54:59
ELMER SOLVER (v 26.2) STARTED AT: 2026/07/28 13:54:59
ELMER SOLVER (v 26.2) STARTED AT: 2026/07/28 13:54:59
ELMER SOLVER (v 26.2) STARTED AT: 2026/07/28 13:54:59
ELMER SOLVER (v 26.2) STARTED AT: 2026/07/28 13:54:59
ELMER SOLVER (v 26.2) STARTED AT: 2026/07/28 13:54:59
ELMER SOLVER (v 26.2) STARTED AT: 2026/07/28 13:54:59
ELMER SOLVER (v 26.2) STARTED AT: 2026/07/28 13:54:59
ELMER SOLVER (v 26.2) STARTED AT: 2026/07/28 13:54:59
ELMER SOLVER (v 26.2) STARTED AT: 2026/07/28 13:54:59
ELMER SOLVER (v 26.2) STARTED AT: 2026/07/28 13:54:59
ELMER SOLVER (v 26.2) STARTED AT: 2026/07/28 13:54:59
ELMER SOLVER (v 26.2) STARTED AT: 2026/07/28 13:54:59
ELMER SOLVER (v 26.2) STARTED AT: 2026/07/28 13:54:59
ELMER SOLVER (v 26.2) STARTED AT: 2026/07/28 13:54:59
ELMER SOLVER (v 26.2) STARTED AT: 2026/07/28 13:54:59
ELMER SOLVER (v 26.2) STARTED AT: 2026/07/28 13:54:59
ELMER SOLVER (v 26.2) STARTED AT: 2026/07/28 13:54:59
ELMER SOLVER (v 26.2) STARTED AT: 2026/07/28 13:54:59
ELMER SOLVER (v 26.2) STARTED AT: 2026/07/28 13:54:59
ELMER SOLVER (v 26.2) STARTED AT: 2026/07/28 13:54:59
ELMER SOLVER (v 26.2) STARTED AT: 2026/07/28 13:54:59
ELMER SOLVER (v 26.2) STARTED AT: 2026/07/28 13:54:59
ELMER SOLVER (v 26.2) STARTED AT: 2026/07/28 13:54:59
ELMER SOLVER (v 26.2) STARTED AT: 2026/07/28 13:54:59
ELMER SOLVER (v 26.2) STARTED AT: 2026/07/28 13:54:59
ELMER SOLVER (v 26.2) STARTED AT: 2026/07/28 13:54:59
ELMER SOLVER (v 26.2) STARTED AT: 2026/07/28 13:54:59
ELMER SOLVER (v 26.2) STARTED AT: 2026/07/28 13:54:59
ELMER SOLVER (v 26.2) STARTED AT: 2026/07/28 13:54:59
ELMER SOLVER (v 26.2) STARTED AT: 2026/07/28 13:54:59
ELMER SOLVER (v 26.2) STARTED AT: 2026/07/28 13:54:59
ELMER SOLVER (v 26.2) STARTED AT: 2026/07/28 13:54:59
ELMER SOLVER (v 26.2) STARTED AT: 2026/07/28 13:54:59
ELMER SOLVER (v 26.2) STARTED AT: 2026/07/28 13:54:59
ELMER SOLVER (v 26.2) STARTED AT: 2026/07/28 13:54:59
ELMER SOLVER (v 26.2) STARTED AT: 2026/07/28 13:54:59
ELMER SOLVER (v 26.2) STARTED AT: 2026/07/28 13:54:59
ELMER SOLVER (v 26.2) STARTED AT: 2026/07/28 13:54:59
ELMER SOLVER (v 26.2) STARTED AT: 2026/07/28 13:54:59
ELMER SOLVER (v 26.2) STARTED AT: 2026/07/28 13:54:59
ELMER SOLVER (v 26.2) STARTED AT: 2026/07/28 13:54:59
ELMER SOLVER (v 26.2) STARTED AT: 2026/07/28 13:54:59
ELMER SOLVER (v 26.2) STARTED AT: 2026/07/28 13:54:59
ELMER SOLVER (v 26.2) STARTED AT: 2026/07/28 13:54:59
ELMER SOLVER (v 26.2) STARTED AT: 2026/07/28 13:54:59
ELMER SOLVER (v 26.2) STARTED AT: 2026/07/28 13:54:59
ELMER SOLVER (v 26.2) STARTED AT: 2026/07/28 13:54:59
ELMER SOLVER (v 26.2) STARTED AT: 2026/07/28 13:54:59
ELMER SOLVER (v 26.2) STARTED AT: 2026/07/28 13:54:59
ELMER SOLVER (v 26.2) STARTED AT: 2026/07/28 13:54:59
ELMER SOLVER (v 26.2) STARTED AT: 2026/07/28 13:54:59
ELMER SOLVER (v 26.2) STARTED AT: 2026/07/28 13:54:59
ELMER SOLVER (v 26.2) STARTED AT: 2026/07/28 13:54:59
ELMER SOLVER (v 26.2) STARTED AT: 2026/07/28 13:54:59
ELMER SOLVER (v 26.2) STARTED AT: 2026/07/28 13:54:59
ELMER SOLVER (v 26.2) STARTED AT: 2026/07/28 13:54:59
ELMER SOLVER (v 26.2) STARTED AT: 2026/07/28 13:54:59
ELMER SOLVER (v 26.2) STARTED AT: 2026/07/28 13:54:59
ELMER SOLVER (v 26.2) STARTED AT: 2026/07/28 13:54:59
ELMER SOLVER (v 26.2) STARTED AT: 2026/07/28 13:54:59
ELMER SOLVER (v 26.2) STARTED AT: 2026/07/28 13:54:59
ELMER SOLVER (v 26.2) STARTED AT: 2026/07/28 13:54:59
ELMER SOLVER (v 26.2) STARTED AT: 2026/07/28 13:54:59
ELMER SOLVER (v 26.2) STARTED AT: 2026/07/28 13:54:59
ELMER SOLVER (v 26.2) STARTED AT: 2026/07/28 13:54:59
ELMER SOLVER (v 26.2) STARTED AT: 2026/07/28 13:54:59
ELMER SOLVER (v 26.2) STARTED AT: 2026/07/28 13:54:59
ELMER SOLVER (v 26.2) STARTED AT: 2026/07/28 13:54:59
ELMER SOLVER (v 26.2) STARTED AT: 2026/07/28 13:54:59
ELMER SOLVER (v 26.2) STARTED AT: 2026/07/28 13:54:59
ELMER SOLVER (v 26.2) STARTED AT: 2026/07/28 13:54:59
ELMER SOLVER (v 26.2) STARTED AT: 2026/07/28 13:54:59
ELMER SOLVER (v 26.2) STARTED AT: 2026/07/28 13:54:59
ELMER SOLVER (v 26.2) STARTED AT: 2026/07/28 13:54:59
ELMER SOLVER (v 26.2) STARTED AT: 2026/07/28 13:54:59
ELMER SOLVER (v 26.2) STARTED AT: 2026/07/28 13:54:59
ELMER SOLVER (v 26.2) STARTED AT: 2026/07/28 13:54:59
ELMER SOLVER (v 26.2) STARTED AT: 2026/07/28 13:54:59
ELMER SOLVER (v 26.2) STARTED AT: 2026/07/28 13:54:59
ELMER SOLVER (v 26.2) STARTED AT: 2026/07/28 13:54:59
ELMER SOLVER (v 26.2) STARTED AT: 2026/07/28 13:54:59
ELMER SOLVER (v 26.2) STARTED AT: 2026/07/28 13:54:59
ELMER SOLVER (v 26.2) STARTED AT: 2026/07/28 13:54:59
ELMER SOLVER (v 26.2) STARTED AT: 2026/07/28 13:54:59
 2
 2
 2
 2
 2
 2
 2
 2
 2
 2
 2
 2
 2
 2
 2
 2
 2
 2
 2
 2
 2
 2
 2
 2
 2
 2
 2
ParCommInit: Initialize #PEs: 192
 2
 2
 2
 2
 2
 2
 2
ParCommInit: Initialize #PEs: 192
 2
 2
 2
 2
 2
ParCommInit: Initialize #PEs: 192
 2
 2
 2
 2
 2
 2
 2
 2
 2
 2
 2
 2
 2
 2
 2
 2
 2
 2
 2
 2
 2
 2
 2
 2
 2
 2
 2
 2
 2
 2
 2
 2
 2
 2
 2
 2
 2
 2
 2
 2
 2
 2
 2
 2
 2
 2
 2
 2
MAIN: Read 2 integer parameters from command line!
 2
 2
 2
 2
 2
 2
 2
 2
 2
 2
 2
 2
 2
 2
 2
 2
 2
 2
 2
 2
 2
 2
 2
 2
 2
 2
 2
 2
 2
 2
 2
 2
 2
 2
 2
 2
 2
 2
 2
 2
MAIN: 
MAIN: =============================================================
ParCommInit: Initialize #PEs: 192
 2
 2
 2
 2
MAIN: ElmerSolver finite element software, Welcome!
MAIN: This program is free software licensed under (L)GPL
MAIN: Copyright 1st April 1995 - , CSC - IT Center for Science Ltd.
MAIN: Webpage http://www.csc.fi/elmer, Email elmeradm@csc.fi
MAIN: Version: 26.2-unknown (Rev: a19504ac5, Compiled: 2026-06-16)
MAIN:  Running in parallel using 192 tasks.
 2
 2
 2
 2
 2
MAIN:  Running with just one thread per task.
MAIN:  HYPRE library linked in.
MAIN:  MUMPS library linked in.
MAIN:  Lua interpreter linked in.
MAIN:  Zoltan library linked in.
MAIN:  ADIOS2 library linked in.
MAIN: =============================================================
 2
 2
 2
 2
 2
 2
 2
 2
 2
 2
 2
 2
 2
 2
 2
 2
 2
 2
 2
 2
 2
 2
 2
 2
 2
 2
 2
 2
 2
 2
 2
 2
 2
 2
 2
 2
 2
 2
 2
 2
 2
 2
 2
 2
 2
 2
 2
 2
 2
 2
 2
 2
 2
 2
 2
 2
MAIN: 
MAIN: 
MAIN: -------------------------------------
MAIN: Reading Model: case_cpu_367268.sif
LoadInputFile: Scanning input file: case_cpu_367268.sif
LoadInputFile: Scanning only size info
LoadInputFile: First time visiting
LoadInputFile: Reading base load of sif file
OpenIncludeFile: Trying to include file: linsys_367268.sif
CheckKeyword: Found keyword type assuming suffix 1 for: operator 2
CheckKeyword: Found keyword type assuming suffix 1 for: operator 2
CheckKeyword: Found keyword type assuming suffix 1 for: operator 3
CheckKeyword: Found keyword type assuming suffix 1 for: operator 3
CheckKeyword: Found keyword type assuming suffix 1 for: operator 4
CheckKeyword: Found keyword type assuming suffix 1 for: operator 4
CheckKeyword: Found keyword type assuming suffix 1 for: operator 5
CheckKeyword: Found keyword type assuming suffix 1 for: operator 5
LoadInputFile: Loading input file: case_cpu_367268.sif
LoadInputFile: Reading base load of sif file
OpenIncludeFile: Trying to include file: linsys_367268.sif
CheckKeyword: Found keyword type assuming suffix 1 for: operator 2
CheckKeyword: Found keyword type assuming suffix 1 for: operator 2
CheckKeyword: Found keyword type assuming suffix 1 for: operator 3
CheckKeyword: Found keyword type assuming suffix 1 for: operator 3
CheckKeyword: Found keyword type assuming suffix 1 for: operator 4
CheckKeyword: Found keyword type assuming suffix 1 for: operator 4
CheckKeyword: Found keyword type assuming suffix 1 for: operator 5
CheckKeyword: Found keyword type assuming suffix 1 for: operator 5
CheckKeyword:  Unlisted keyword: [line marker] in section: [solver 2]
LoadInputFile: Number of BCs: 3
LoadInputFile: Number of Body Forces: 0
LoadInputFile: Number of Initial Conditions: 0
LoadInputFile: Number of Materials: 1
LoadInputFile: Number of Equations: 1
LoadInputFile: Number of Solvers: 2
LoadInputFile: Number of Bodies: 1
Loading user function library: [StressSolve]...[StressSolver_Init0]
Loading user function library: [SaveData]...[SaveScalars_Init0]
Loading user function library: [SaveData]...[SaveScalars_Init0]
LoadMesh: Loading parallel mesh for 192 partitions
ElmerMeshReader: Performing step: 1
ElmerMeshReader: Base mesh name: ./winkel
ReadHeaderFile: Reading header info from file: ./winkel/partitioning.192/part.1.header
InitializeMesh: Number of nodes in mesh: 294
InitializeMesh: Number of bulk elements in mesh: 168
InitializeMesh: Number of boundary elements in mesh: 61
InitializeMesh: Initial number of max element nodes: 8
ElmerMeshReader: Performing step: 2
ReadNodesFile: Reading nodes from file: ./winkel/partitioning.192/part.1.nodes
SetMeshDimension: Dimension of mesh is: 3
SetMeshDimension: Max dimension of mesh is: 3
ElmerMeshReader: Performing step: 3
ReadElementsFile: Reading bulk elements from file: ./winkel/partitioning.192/part.1.elements
ElmerMeshReader: Performing step: 4
ReadBoundaryFile: Reading boundary elements from file: ./winkel/partitioning.192/part.1.boundary
PermuteNodeNumbering: Performing node mapping
MapBodiesAndBCs: Skipping remapping of bodies
MapBodiesAndBCs: Remapping boundaries
MapBodiesAndBCs: Minimum initial boundary index: 1
MapBodiesAndBCs: Maximum initial boundary index: 6
ElmerMeshReader: Performing step: 5
ReadSharedFile: Reading nodes from file: ./winkel/partitioning.192/part.1.shared
ElmerMeshReader: Performing step: 6
LoadMesh: Loading mesh done
NonNodalElements: Element dofs max: 8
SParFaceNumbering: Elapsed REAL time:     0.0000 (s)
SParEdgeNumbering: Elapsed REAL time:     0.0014 (s)
ParallelNonNodalElements: Number of initial nodes: 294
ParallelNonNodalElements: Number of initial faces: 0
ParallelNonNodalElements: Number of initial edges: 0
ParallelNonNodalElements: Number of shared nodes: 169
ParallelNonNodalElements: Number of owned shared nodes: 74
ParallelNonNodal: Elapsed REAL time:     0.0014 (s)
LoadMesh: Preparing mesh done
LoadMesh: Elapsed REAL time:     0.0511 (s)
LoadModel: Creating hierarchy of meshes by mesh multiplication: 3
LoadModel: Keeping number of meshes: 3
LoadModel: Performing splitting at level: 2
SplitMeshEqual: Mesh splitting works for first order elements 303, 404, 504, (706) and 808.
FindMeshEdges: Determining faces in 3D mesh
FindMeshFaces3D: Finding mesh faces in 3D mesh
FindMeshFaces3D: Number of faces found: 609
FindMeshEdges: Determining edges in 3D mesh
FindMeshEdges3D: Finding mesh edges in 3D mesh
FindMeshEdges3D: Number of edges found: 734
SplitMeshEqual: ******** Old mesh ********
SplitMeshEqual:  Nodes             :          294
SplitMeshEqual:  Bulk elements     :          168
SplitMeshEqual:  Boundary elements :           61
SplitMeshEqual:  Edges             :          734
SplitMeshEqual:  Faces             :          609
SplitMeshEqual: Added 609 nodes in the center of faces
SplitMeshEqual: Added 168 nodes in the center of bulks
SplitMeshEqual: Added edge centers to the nodes list.
SplitMeshEqual: Added face centers to the nodes list.
SplitMeshEqual: Added quad and brick centers to the nodes list.
SplitMeshEqual:  Count of new elements :         1588
SplitMeshEqual: New mesh allocated.
SplitMeshEqual: Array for bulk elements allocated.
SplitMeshEqual: ******** New mesh ********
SplitMeshEqual:  Nodes             :         1805
SplitMeshEqual:  Bulk elements     :         1344
SplitMeshEqual:  Boundary elements :          244
SplitMeshEqual: Elapsed REAL time:     0.0007 (s)
SParIterGlobalNumbering:  Numbering seems consistent, advancing...
ParallelGlobalNumbering: Elapsed REAL time:     0.0297 (s)
ReleaseMeshFaceTables: Releasing number of faces: 609
SetMeshDimension: Dimension of mesh is: 3
SetMeshDimension: Max dimension of mesh is: 3
NonNodalElements: Element dofs max: 8
SParFaceNumbering: Elapsed REAL time:     0.0000 (s)
SParEdgeNumbering: Elapsed REAL time:     0.0000 (s)
ParallelNonNodalElements: Number of initial nodes: 1805
ParallelNonNodalElements: Number of initial faces: 0
ParallelNonNodalElements: Number of initial edges: 0
ParallelNonNodalElements: Number of shared nodes: 635
ParallelNonNodalElements: Number of owned shared nodes: 540
ParallelNonNodal: Elapsed REAL time:     0.0000 (s)
LoadModel: Performing splitting at level: 3
SplitMeshEqual: Mesh splitting works for first order elements 303, 404, 504, (706) and 808.
FindMeshEdges: Determining faces in 3D mesh
FindMeshFaces3D: Finding mesh faces in 3D mesh
FindMeshFaces3D: Number of faces found: 4452
FindMeshEdges: Determining edges in 3D mesh
FindMeshEdges3D: Finding mesh edges in 3D mesh
FindMeshEdges3D: Number of edges found: 4912
SplitMeshEqual: ******** Old mesh ********
SplitMeshEqual:  Nodes             :         1805
SplitMeshEqual:  Bulk elements     :         1344
SplitMeshEqual:  Boundary elements :          244
SplitMeshEqual:  Edges             :         4912
SplitMeshEqual:  Faces             :         4452
SplitMeshEqual: Added 4452 nodes in the center of faces
SplitMeshEqual: Added 1344 nodes in the center of bulks
SplitMeshEqual: Added edge centers to the nodes list.
SplitMeshEqual: Added face centers to the nodes list.
SplitMeshEqual: Added quad and brick centers to the nodes list.
SplitMeshEqual:  Count of new elements :        11728
SplitMeshEqual: New mesh allocated.
SplitMeshEqual: Array for bulk elements allocated.
SplitMeshEqual: ******** New mesh ********
SplitMeshEqual:  Nodes             :        12513
SplitMeshEqual:  Bulk elements     :        10752
SplitMeshEqual:  Boundary elements :          976
SplitMeshEqual: Elapsed REAL time:     0.0098 (s)
SParIterGlobalNumbering:  Numbering seems consistent, advancing...
ParallelGlobalNumbering: Elapsed REAL time:     0.0585 (s)
ReleaseMeshFaceTables: Releasing number of faces: 4452
SetMeshDimension: Dimension of mesh is: 3
SetMeshDimension: Max dimension of mesh is: 3
NonNodalElements: Element dofs max: 8
SParFaceNumbering: Elapsed REAL time:     0.0000 (s)
SParEdgeNumbering: Elapsed REAL time:     0.0000 (s)
ParallelNonNodalElements: Number of initial nodes: 12513
ParallelNonNodalElements: Number of initial faces: 0
ParallelNonNodalElements: Number of initial edges: 0
ParallelNonNodalElements: Number of shared nodes: 2461
ParallelNonNodalElements: Number of owned shared nodes: 2366
ParallelNonNodal: Elapsed REAL time:     0.0004 (s)
MeshStabParams: Computing stabilization parameters
MeshStabParams: Elapsed REAL time:     0.0115 (s)
MeshStabParams: Computing stabilization parameters
MeshStabParams: Elapsed REAL time:     0.0002 (s)
MeshStabParams: Computing stabilization parameters
MeshStabParams: Elapsed REAL time:     0.0000 (s)
CompleteModelKeywords: Completing keywords for mortars and mechanics!
MAIN: -------------------------------------
AddMeshCoordinates: Setting mesh coordinates and time
VariableAdd: Adding variable > Coordinate 1 < of size 12513
VariableAdd: Adding variable > Coordinate 2 < of size 12513
VariableAdd: Adding variable > Coordinate 3 < of size 12513
VariableAdd: Adding variable > Coordinate 1 < of size 1805
VariableAdd: Adding variable > Coordinate 2 < of size 1805
VariableAdd: Adding variable > Coordinate 3 < of size 1805
VariableAdd: Adding variable > Coordinate 1 < of size 294
VariableAdd: Adding variable > Coordinate 2 < of size 294
VariableAdd: Adding variable > Coordinate 3 < of size 294
AddSolvers: Setting up 2 solvers
AddSolvers: Setting up solver 1: linelast
AddEquationBasics: Using procedure: StressSolve StressSolver
AddEquationBasics: Setting up solver: linelast
Loading user function library: [StressSolve]...[StressSolver_Init]
AddEquationBasics: Checking for _init solver
StressSolve_init: --------------------------------------------------
StressSolve_init: Solving displacements from linear elasticity model
StressSolve_init: --------------------------------------------------
Loading user function library: [StressSolve]...[StressSolver_bulk]
Loading user function library: [StressSolve]...[StressSolver_bulk]
AddEquationBasics: Checking for _bulk solver
Loading user function library: [StressSolve]...[StressSolver]
AddEquationBasics: Treating variable string: -dofs 3 displacement
AddEquationBasics: Creating standard variable: displacement
AddEquationBasics: Computing size of permutation vector
AddEquationBasics: Maximum size of permutation vector is: 12513
AddEquationBasics: Creating solver matrix topology
CreateMatrix: Creating initial permutation
CreateMatrix: Creating inverse of initial order of size: 12513
CreateMatrix: Creating list matrix for equation: linelast
MakeListMatrix: Creating list matrix
OptimizeBandwidth: ---------------------------------------------------------
OptimizeBandwidth: Computing matrix structure for: linelast
OptimizeBandwidth: Initial bandwidth for linelast: 12255
OptimizeBandwidth: Optimized bandwidth for linelast: 735
OptimizeBandwidth: ---------------------------------------------------------
CreateMatrix: Initializing list matrix for equation
CRS_CreateMatrix: Creating CRS Matrix of size: 37539
CRS_CreateMatrix: Creating CRS Matrix with nofs: 2750985
CreateMatrix: Sparse matrix created
AddEquationBasics: Number of rows in CRS matrix: 37539
AddEquationBasics: Creating solver variable
VariableAdd: Adding variable > displacement < of size 37539
VariableAdd: Adding variable > displacement 1 < of size 12513
VariableAdd: Adding variable > displacement 2 < of size 12513
VariableAdd: Adding variable > displacement 3 < of size 12513
SolverInitialization: Elapsed REAL time:     0.2365 (s)
AddSolvers: Setting up solver 2: savescalars
AddEquationBasics: Using procedure: SaveData SaveScalars
AddEquationBasics: Setting up solver: savescalars
Loading user function library: [SaveData]...[SaveScalars_Init]
AddEquationBasics: Checking for _init solver
Loading user function library: [SaveData]...[SaveScalars_bulk]
Loading user function library: [SaveData]...[SaveScalars_bulk]
AddEquationBasics: Checking for _bulk solver
Loading user function library: [SaveData]...[SaveScalars]
AddEquationBasics: Creating null variable with no name
AddSolvers: Setting up solvers done
AddTimeEtc: Setting time and other global variables
VariableAdd: Adding variable > Time < of size 1
VariableAdd: Adding variable > Timestep < of size 1
VariableAdd: Adding variable > Timestep size < of size 1
VariableAdd: Adding variable > Timestep interval < of size 1
VariableAdd: Adding variable > nonlin iter < of size 1
VariableAdd: Adding variable > coupled iter < of size 1
VariableAdd: Adding variable > Partition < of size 1
VariableAdd: Adding variable > Time < of size 1
VariableAdd: Adding variable > Timestep < of size 1
VariableAdd: Adding variable > Timestep size < of size 1
VariableAdd: Adding variable > Timestep interval < of size 1
VariableAdd: Adding variable > nonlin iter < of size 1
VariableAdd: Adding variable > coupled iter < of size 1
VariableAdd: Adding variable > Partition < of size 1
VariableAdd: Adding variable > Time < of size 1
VariableAdd: Adding variable > Timestep < of size 1
VariableAdd: Adding variable > Timestep size < of size 1
VariableAdd: Adding variable > Timestep interval < of size 1
VariableAdd: Adding variable > nonlin iter < of size 1
VariableAdd: Adding variable > coupled iter < of size 1
VariableAdd: Adding variable > Partition < of size 1
MAIN: Random seed initialized to: 314159265
SetInitialConditions: Setting up initial conditions (if any)
MAIN: Number of timesteps to be saved: 1
MAIN: 
MAIN: -------------------------------------
MAIN:  Steady state iteration:            1
MAIN: -------------------------------------
MAIN: 
SolveEquations: Solvers before timestep
SolveEquations: Solvers in main iteration loop
SolveEquations: Performing set of solvers in sequence
ListTagCount: Counting tags for keyword normalization!
SetActiveElementsTable: Creating active element table for: linelast
SetActiveElementsTable: Number of active elements found : 10752
ParallelInitMatrix: Creating communication structures for matrix!
ParallelInitMatrix: Allocating communication structures for matrix!
SplitMatrix: Splitting parallel matrix
SplitMatrix: Allocating split stuff for 192 partitions!
List_ToListMatrix: Matrix format changed from CRS to List
List_ToCRSMatrix: Changing matrix type with number of non-zeros: 2738538
List_ToCRSMatrix: Matrix format changed from List to CRS
SingleSolver: Attempting to call solver: 1
SingleSolver: Solver Equation string is: linelast
StressSolve: 
StressSolve: --------------------------------------------------
StressSolve: Solving displacements from linear elasticity model
StressSolve: --------------------------------------------------
DefaultStart: Starting solver: linelast
StressSolve: Starting assembly...
InitializeToZero: Initializing the linear system to zero
StressSolve: Assembly:
SetNodalLoads: Finished checking for nodal loads
SetNodalLoads: Finished checking for nodal loads
SetNodalLoads: Finished checking for nodal loads
SetDirichletBoundaries: Number of dofs set for displacement: 0
DefUtils::DefaultDirichletBCs: Setting Dirichlet boundary conditions
SetDirichletBoundaries: Number of dofs set for displacement 1: 25600
DefUtils::DefaultDirichletBCs: p-element condition setup: displacement 1
SetDirichletBoundaries: Number of dofs set for displacement 2: 25600
DefUtils::DefaultDirichletBCs: p-element condition setup: displacement 2
SetDirichletBoundaries: Number of dofs set for displacement 3: 25600
DefUtils::DefaultDirichletBCs: p-element condition setup: displacement 3
EnforceDirichletConditions: Enforcing total of 21246 Dirichlet conditions.
EnforceDirichletConditions: Applying Dirichlet conditions using scaled diagonal
ScaleLinearSystem: Creating > DiagScaling < vector of size 37539
EnforceDirichletConditions: Dirichlet conditions enforced for dofs: 19683
EnforceDirichletConditions: Dirichlet conditions shared count: 1563
DefUtils::DefaultDirichletBCs: Dirichlet boundary conditions set
DefaultSolve: Solving linear system with default routines
GenerateConstraintMatrix: Nothing to do for now
SolveSystem: Solving linear system
SolveSystem: Solving linear system in standard way
SolveLinearSystem: Assuming real valued linear system
SolveLinearSystem: Using previously created parallel matrix structures!
SolveLinearSystem: Assuming parallel linear system
ScaleLinearSystem: Creating > DiagScaling < vector of size 37539
SolveLinearSystem: Linear System Preconditioning: ilu0
Prec0-ilu0: Elapsed REAL time:     0.0000 (s)
SolveLinearSystem: CRS matrix passed the dense test of size 3
SolveLinearSystem: Parallel linear System Solver: iterative
SParIterSolver: Solving linear in parallel with iterative methods
SplittedMatrix: Elapsed REAL time:     0.0951 (s)
IterSolver: Using iterative method: cg
IterSolver: Matrix is real valued
CRS_IncompleteLU: ILU(0) (Real), Performing Factorization:
CRS_IncompleteLU: Allocated LU matrix of size: 2738538
CRS_IncompleteLU: Performing incomplete LU
CRS_IncompleteLU: ILU(0) (Real), NOF nonzeros:   2738539
CRS_IncompleteLU: ILU(0) (Real), filling (%) :       100
CRS_IncompleteLU: ILU(0) (Real), Factorization time (s):     0.06
Prec-ilu0: Elapsed REAL time:     0.0571 (s)
      20 0.1634E+01
      40 0.2247E+01
      60 0.2260E+01
      80 0.3102E+01
     100 0.4112E+01
     120 0.2893E+01
     140 0.2082E+01
     160 0.1927E+01
     180 0.1816E+01
     200 0.1371E+01
     220 0.1993E+01
     240 0.3051E+01
     260 0.2396E+01
     280 0.1902E+01
     300 0.1305E+01
     320 0.1531E+01
     340 0.1694E+01
     360 0.1407E+01
     380 0.1082E+01
     400 0.1319E+01
     420 0.1478E+01
     440 0.1422E+01
     460 0.1661E+01
     480 0.1529E+01
     500 0.1262E+01
     520 0.1329E+01
     540 0.1061E+01
     560 0.5544E+00
     580 0.3478E+00
     600 0.3505E+00
     620 0.4843E+00
     640 0.7001E+00
     660 0.7906E+00
     680 0.7927E+00
     700 0.4445E+00
     720 0.3259E+00
     740 0.4129E+00
     760 0.3602E+00
     780 0.2148E+00
     800 0.8112E-01
     820 0.4120E-01
     840 0.1952E-01
     860 0.1153E-01
     880 0.7815E-02
     900 0.6508E-02
     920 0.8605E-02
     940 0.1769E-01
     960 0.3726E-01
     980 0.4517E-01
    1000 0.2736E-01
    1020 0.1194E-01
    1040 0.6602E-02
    1060 0.2329E-02
    1080 0.8187E-03
    1100 0.2698E-03
    1120 0.7357E-04
    1140 0.2001E-04
    1160 0.4298E-05
    1180 0.9813E-06
    1200 0.2433E-06
    1220 0.7289E-07
    1240 0.1750E-07
    1247 0.9556E-08
BackScaleLinearSystem: Scaling back to original scale
ComputeNorm: Computing norm of solution
ComputeNorm: Using consistent norm in parallel
ComputeChange: NS (ITER=1) (NRM,RELC): ( 0.23389156E-01  2.0000000     ) :: linelast
SolveSystem: System solved
SolveSystem: Linear system time (CPU,REAL) for displacement:    63.87   64.89 (s)
SolveSystem: Finished solving the system
DefaultFinish: Finished solver: linelast
StressSolver: All done
StressSolver: ------------------------------------------
SolverActivate: Solver time (CPU,REAL) for linelast:    64.61   65.77 (s)
ComputeNorm: Computing norm of solution
ComputeNorm: Using consistent norm in parallel
ComputeChange: SS (ITER=1) (NRM,RELC): ( 0.23389156E-01  2.0000000     ) :: linelast
SetActiveElementsTable: Creating active element table for: savescalars
SetActiveElementsTable: No active elements found
SingleSolver: Attempting to call solver: 2
SingleSolver: Solver Equation string is: savescalars
SaveScalars: -----------------------------------------
SaveScalars: Saving scalar values of various kinds
SolverOutputDirectory: Creating directory: results_cpu
SaveScalars: Treating variable: displacement
SaveScalars: Treating operator: dofs
OperToParOperMap: dofs -> sum
SaveScalars: Treating variable: displacement
SaveScalars: Treating operator: elements
OperToParOperMap: elements -> sum
SaveScalars: Treating variable: displacement
SaveScalars: Treating operator: partitions
OperToParOperMap: partitions -> none
SaveScalars: Treating variable: displacement
SaveScalars: Treating operator: norm
OperToParOperMap: norm -> none
SaveScalars: Treating variable: displacement
SaveScalars: Treating operator: cpu time
OperToParOperMap: cpu time -> none
SaveScalars: Performed 5 reduction operations
SaveScalars: Adding information on simulation timing
SaveScalars: Found 4 result scalars in simulation section
SaveScalars: Found 12 values to save in total
SaveScalars: Saving names of values to file: results_cpu/f192.dat.names
SaveScalars: Parallel data is reduced into one file
SaveScalars: Data is appended to existing file
SaveScalars: Saving values to file: results_cpu/f192.dat
SaveScalars: -----------------------------------------
SolveEquations: Solvers after timestep
WARNING:: CompareToReferenceSolution: Solver 1 FAILED:  Norm = 2.33891558E-02  RefNorm = 2.33900606E-02
CompareToReferenceSolution: Relative Error to reference norm: 3.868246E-05
ReloadInputFile: Reloading input file
LoadInputFile: Loading input file:
WARNING:: CompareToReferenceSolution: FAILED 1 tests out of 1!
MAIN: Reporting unused list entries for sif improvement!
MAIN: If you do not want these lines undefine > DEVEL_LISTUSAGE < !
   Unused keywords:
       Simulation            max output level
       Boundary Condition 2  force 2
       Solver 1              linear system ilut tolerance
       Solver 1              linear system abort not converged
MAIN: *** Elmer Solver: ALL DONE ***
FreeModel: Freeing meshes
ReleaseMesh: Releasing mesh variables
ReleaseMesh: Releasing mesh nodes
ReleaseMesh: Releasing mesh finished
ReleaseMesh: Releasing mesh variables
ReleaseMesh: Releasing mesh nodes
ReleaseMesh: Releasing mesh finished
ReleaseMesh: Releasing mesh variables
ReleaseMesh: Releasing mesh nodes
ReleaseMesh: Releasing mesh finished
FreeModel: Freeing constants list
FreeModel: Freeing simulation list
FreeModel: Freeing boundary lists
FreeModel: Freeing solvers
Loading user function library: [StressSolve]...[StressSolver_Finalize]
Loading user function library: [StressSolve]...[StressSolver_Finalize]
Loading user function library: [SaveData]...[SaveScalars_Finalize]
Loading user function library: [SaveData]...[SaveScalars_Finalize]
FreeModel: Freeing initial conditions lists
FreeModel: Freeing body lists
FreeModel: Freeing equations lists
FreeModel: Freeing body forces lists
ParallelFinalize: Final synchronization of the MPI system!
MAIN: The end
SOLVER TOTAL TIME(CPU,REAL):        65.07       86.05
ELMER SOLVER FINISHED AT: 2026/07/28 13:56:25

Ending linsys/elmer_iter_CG_ILU0.sif with mesh level 3
Elapsed time: 97 s
-----------------------------------


Solver linsys/elmer_iter_CG_ILUT_3.sif not recommended for given problem. Ignoring it


Solver linsys/elmer_iter_CG_ILUT_4.sif not recommended for given problem. Ignoring it


Solver linsys/elmer_iter_CG_ILUT_5.sif not recommended for given problem. Ignoring it


Solver linsys/elmer_iter_CG_ILUT_6.sif not recommended for given problem. Ignoring it


Solver linsys/elmer_iter_CG_ILUT_7.sif not recommended for given problem. Ignoring it


Solver linsys/elmer_iter_CG_none.sif not recommended for given problem. Ignoring it


Solver linsys/elmer_iter_CG_vanka1.sif not recommended for given problem. Ignoring it


Solver linsys/elmer_iter_CG_vanka2.sif not recommended for given problem. Ignoring it


Solver linsys/elmer_iter_CG_vanka.sif not recommended for given problem. Ignoring it


Solver linsys/elmer_iter_GCR_BP_CMG_SGS.sif not recommended for given problem. Ignoring it


Solver linsys/elmer_iter_GCR_GMG_BiCGStab_none.sif not recommended for given problem. Ignoring it


Solver linsys/elmer_iter_GCR_PMG_cjacobi_direct_mumps.sif not recommended for given problem. Ignoring it


Solver linsys/elmer_iter_GCR_PMG_cjacobi_direct_umfpack.sif not recommended for given problem. Ignoring it


Solver linsys/elmer_iter_Gmres_ILU0.sif not recommended for given problem. Ignoring it



-----------------------------------
Starting linsys/elmer_iter_Idrs5_ILU0.sif with mesh level 3

ELMER SOLVER (v 26.2) STARTED AT: 2026/07/28 13:56:33
ELMER SOLVER (v 26.2) STARTED AT: 2026/07/28 13:56:33
ELMER SOLVER (v 26.2) STARTED AT: 2026/07/28 13:56:33
ELMER SOLVER (v 26.2) STARTED AT: 2026/07/28 13:56:33
ELMER SOLVER (v 26.2) STARTED AT: 2026/07/28 13:56:33
ELMER SOLVER (v 26.2) STARTED AT: 2026/07/28 13:56:33
ELMER SOLVER (v 26.2) STARTED AT: 2026/07/28 13:56:33
ELMER SOLVER (v 26.2) STARTED AT: 2026/07/28 13:56:33
ELMER SOLVER (v 26.2) STARTED AT: 2026/07/28 13:56:33
ELMER SOLVER (v 26.2) STARTED AT: 2026/07/28 13:56:33
ELMER SOLVER (v 26.2) STARTED AT: 2026/07/28 13:56:33
ELMER SOLVER (v 26.2) STARTED AT: 2026/07/28 13:56:33
ELMER SOLVER (v 26.2) STARTED AT: 2026/07/28 13:56:33
ELMER SOLVER (v 26.2) STARTED AT: 2026/07/28 13:56:33
ELMER SOLVER (v 26.2) STARTED AT: 2026/07/28 13:56:33
ELMER SOLVER (v 26.2) STARTED AT: 2026/07/28 13:56:33
ELMER SOLVER (v 26.2) STARTED AT: 2026/07/28 13:56:33
ELMER SOLVER (v 26.2) STARTED AT: 2026/07/28 13:56:33
ELMER SOLVER (v 26.2) STARTED AT: 2026/07/28 13:56:33
ELMER SOLVER (v 26.2) STARTED AT: 2026/07/28 13:56:34
ELMER SOLVER (v 26.2) STARTED AT: 2026/07/28 13:56:34
ELMER SOLVER (v 26.2) STARTED AT: 2026/07/28 13:56:34
ELMER SOLVER (v 26.2) STARTED AT: 2026/07/28 13:56:34
ELMER SOLVER (v 26.2) STARTED AT: 2026/07/28 13:56:34
ELMER SOLVER (v 26.2) STARTED AT: 2026/07/28 13:56:34
ELMER SOLVER (v 26.2) STARTED AT: 2026/07/28 13:56:34
ELMER SOLVER (v 26.2) STARTED AT: 2026/07/28 13:56:34
ELMER SOLVER (v 26.2) STARTED AT: 2026/07/28 13:56:34
ELMER SOLVER (v 26.2) STARTED AT: 2026/07/28 13:56:34
ELMER SOLVER (v 26.2) STARTED AT: 2026/07/28 13:56:34
ELMER SOLVER (v 26.2) STARTED AT: 2026/07/28 13:56:34
ELMER SOLVER (v 26.2) STARTED AT: 2026/07/28 13:56:34
ELMER SOLVER (v 26.2) STARTED AT: 2026/07/28 13:56:34
ELMER SOLVER (v 26.2) STARTED AT: 2026/07/28 13:56:34
ELMER SOLVER (v 26.2) STARTED AT: 2026/07/28 13:56:34
ELMER SOLVER (v 26.2) STARTED AT: 2026/07/28 13:56:34
ELMER SOLVER (v 26.2) STARTED AT: 2026/07/28 13:56:34
ELMER SOLVER (v 26.2) STARTED AT: 2026/07/28 13:56:34
ELMER SOLVER (v 26.2) STARTED AT: 2026/07/28 13:56:34
ELMER SOLVER (v 26.2) STARTED AT: 2026/07/28 13:56:34
ELMER SOLVER (v 26.2) STARTED AT: 2026/07/28 13:56:34
ELMER SOLVER (v 26.2) STARTED AT: 2026/07/28 13:56:34
ELMER SOLVER (v 26.2) STARTED AT: 2026/07/28 13:56:34
ELMER SOLVER (v 26.2) STARTED AT: 2026/07/28 13:56:34
ELMER SOLVER (v 26.2) STARTED AT: 2026/07/28 13:56:34
ELMER SOLVER (v 26.2) STARTED AT: 2026/07/28 13:56:34
ELMER SOLVER (v 26.2) STARTED AT: 2026/07/28 13:56:34
ELMER SOLVER (v 26.2) STARTED AT: 2026/07/28 13:56:34
ELMER SOLVER (v 26.2) STARTED AT: 2026/07/28 13:56:34
ELMER SOLVER (v 26.2) STARTED AT: 2026/07/28 13:56:34
ELMER SOLVER (v 26.2) STARTED AT: 2026/07/28 13:56:34
ELMER SOLVER (v 26.2) STARTED AT: 2026/07/28 13:56:34
ELMER SOLVER (v 26.2) STARTED AT: 2026/07/28 13:56:34
ELMER SOLVER (v 26.2) STARTED AT: 2026/07/28 13:56:34
ELMER SOLVER (v 26.2) STARTED AT: 2026/07/28 13:56:34
ELMER SOLVER (v 26.2) STARTED AT: 2026/07/28 13:56:34
ELMER SOLVER (v 26.2) STARTED AT: 2026/07/28 13:56:34
ELMER SOLVER (v 26.2) STARTED AT: 2026/07/28 13:56:34
ELMER SOLVER (v 26.2) STARTED AT: 2026/07/28 13:56:34
ELMER SOLVER (v 26.2) STARTED AT: 2026/07/28 13:56:34
ELMER SOLVER (v 26.2) STARTED AT: 2026/07/28 13:56:34
ELMER SOLVER (v 26.2) STARTED AT: 2026/07/28 13:56:34
ELMER SOLVER (v 26.2) STARTED AT: 2026/07/28 13:56:34
ELMER SOLVER (v 26.2) STARTED AT: 2026/07/28 13:56:34
ELMER SOLVER (v 26.2) STARTED AT: 2026/07/28 13:56:34
ELMER SOLVER (v 26.2) STARTED AT: 2026/07/28 13:56:34
ELMER SOLVER (v 26.2) STARTED AT: 2026/07/28 13:56:34
ELMER SOLVER (v 26.2) STARTED AT: 2026/07/28 13:56:34
ELMER SOLVER (v 26.2) STARTED AT: 2026/07/28 13:56:34
ELMER SOLVER (v 26.2) STARTED AT: 2026/07/28 13:56:34
ELMER SOLVER (v 26.2) STARTED AT: 2026/07/28 13:56:34
ELMER SOLVER (v 26.2) STARTED AT: 2026/07/28 13:56:34
ELMER SOLVER (v 26.2) STARTED AT: 2026/07/28 13:56:34
ELMER SOLVER (v 26.2) STARTED AT: 2026/07/28 13:56:34
ELMER SOLVER (v 26.2) STARTED AT: 2026/07/28 13:56:34
ELMER SOLVER (v 26.2) STARTED AT: 2026/07/28 13:56:34
ELMER SOLVER (v 26.2) STARTED AT: 2026/07/28 13:56:34
ELMER SOLVER (v 26.2) STARTED AT: 2026/07/28 13:56:34
ELMER SOLVER (v 26.2) STARTED AT: 2026/07/28 13:56:34
ELMER SOLVER (v 26.2) STARTED AT: 2026/07/28 13:56:34
ELMER SOLVER (v 26.2) STARTED AT: 2026/07/28 13:56:34
ELMER SOLVER (v 26.2) STARTED AT: 2026/07/28 13:56:34
ELMER SOLVER (v 26.2) STARTED AT: 2026/07/28 13:56:34
ELMER SOLVER (v 26.2) STARTED AT: 2026/07/28 13:56:34
ELMER SOLVER (v 26.2) STARTED AT: 2026/07/28 13:56:34
ELMER SOLVER (v 26.2) STARTED AT: 2026/07/28 13:56:34
ELMER SOLVER (v 26.2) STARTED AT: 2026/07/28 13:56:34
ELMER SOLVER (v 26.2) STARTED AT: 2026/07/28 13:56:34
ELMER SOLVER (v 26.2) STARTED AT: 2026/07/28 13:56:34
ELMER SOLVER (v 26.2) STARTED AT: 2026/07/28 13:56:34
ELMER SOLVER (v 26.2) STARTED AT: 2026/07/28 13:56:34
ELMER SOLVER (v 26.2) STARTED AT: 2026/07/28 13:56:34
ELMER SOLVER (v 26.2) STARTED AT: 2026/07/28 13:56:34
ELMER SOLVER (v 26.2) STARTED AT: 2026/07/28 13:56:34
ELMER SOLVER (v 26.2) STARTED AT: 2026/07/28 13:56:34
ELMER SOLVER (v 26.2) STARTED AT: 2026/07/28 13:56:34
ELMER SOLVER (v 26.2) STARTED AT: 2026/07/28 13:56:34
ELMER SOLVER (v 26.2) STARTED AT: 2026/07/28 13:56:34
ELMER SOLVER (v 26.2) STARTED AT: 2026/07/28 13:56:34
ELMER SOLVER (v 26.2) STARTED AT: 2026/07/28 13:56:34
ELMER SOLVER (v 26.2) STARTED AT: 2026/07/28 13:56:34
ELMER SOLVER (v 26.2) STARTED AT: 2026/07/28 13:56:34
ELMER SOLVER (v 26.2) STARTED AT: 2026/07/28 13:56:34
ELMER SOLVER (v 26.2) STARTED AT: 2026/07/28 13:56:34
ELMER SOLVER (v 26.2) STARTED AT: 2026/07/28 13:56:34
ELMER SOLVER (v 26.2) STARTED AT: 2026/07/28 13:56:34
ELMER SOLVER (v 26.2) STARTED AT: 2026/07/28 13:56:34
ELMER SOLVER (v 26.2) STARTED AT: 2026/07/28 13:56:34
ELMER SOLVER (v 26.2) STARTED AT: 2026/07/28 13:56:34
ELMER SOLVER (v 26.2) STARTED AT: 2026/07/28 13:56:34
ELMER SOLVER (v 26.2) STARTED AT: 2026/07/28 13:56:34
ELMER SOLVER (v 26.2) STARTED AT: 2026/07/28 13:56:34
ELMER SOLVER (v 26.2) STARTED AT: 2026/07/28 13:56:34
ELMER SOLVER (v 26.2) STARTED AT: 2026/07/28 13:56:34
ELMER SOLVER (v 26.2) STARTED AT: 2026/07/28 13:56:34
ELMER SOLVER (v 26.2) STARTED AT: 2026/07/28 13:56:34
ELMER SOLVER (v 26.2) STARTED AT: 2026/07/28 13:56:34
ELMER SOLVER (v 26.2) STARTED AT: 2026/07/28 13:56:34
ELMER SOLVER (v 26.2) STARTED AT: 2026/07/28 13:56:34
ELMER SOLVER (v 26.2) STARTED AT: 2026/07/28 13:56:34
ELMER SOLVER (v 26.2) STARTED AT: 2026/07/28 13:56:34
ELMER SOLVER (v 26.2) STARTED AT: 2026/07/28 13:56:34
ELMER SOLVER (v 26.2) STARTED AT: 2026/07/28 13:56:34
ELMER SOLVER (v 26.2) STARTED AT: 2026/07/28 13:56:34
ELMER SOLVER (v 26.2) STARTED AT: 2026/07/28 13:56:34
ELMER SOLVER (v 26.2) STARTED AT: 2026/07/28 13:56:34
ELMER SOLVER (v 26.2) STARTED AT: 2026/07/28 13:56:34
ELMER SOLVER (v 26.2) STARTED AT: 2026/07/28 13:56:34
ELMER SOLVER (v 26.2) STARTED AT: 2026/07/28 13:56:34
ELMER SOLVER (v 26.2) STARTED AT: 2026/07/28 13:56:34
ELMER SOLVER (v 26.2) STARTED AT: 2026/07/28 13:56:34
ELMER SOLVER (v 26.2) STARTED AT: 2026/07/28 13:56:34
ELMER SOLVER (v 26.2) STARTED AT: 2026/07/28 13:56:34
ELMER SOLVER (v 26.2) STARTED AT: 2026/07/28 13:56:34
ELMER SOLVER (v 26.2) STARTED AT: 2026/07/28 13:56:34
ELMER SOLVER (v 26.2) STARTED AT: 2026/07/28 13:56:34
ELMER SOLVER (v 26.2) STARTED AT: 2026/07/28 13:56:34
ELMER SOLVER (v 26.2) STARTED AT: 2026/07/28 13:56:34
ELMER SOLVER (v 26.2) STARTED AT: 2026/07/28 13:56:34
ELMER SOLVER (v 26.2) STARTED AT: 2026/07/28 13:56:34
ELMER SOLVER (v 26.2) STARTED AT: 2026/07/28 13:56:34
ELMER SOLVER (v 26.2) STARTED AT: 2026/07/28 13:56:34
ELMER SOLVER (v 26.2) STARTED AT: 2026/07/28 13:56:34
ELMER SOLVER (v 26.2) STARTED AT: 2026/07/28 13:56:34
ELMER SOLVER (v 26.2) STARTED AT: 2026/07/28 13:56:34
ELMER SOLVER (v 26.2) STARTED AT: 2026/07/28 13:56:34
ELMER SOLVER (v 26.2) STARTED AT: 2026/07/28 13:56:34
ELMER SOLVER (v 26.2) STARTED AT: 2026/07/28 13:56:34
ELMER SOLVER (v 26.2) STARTED AT: 2026/07/28 13:56:34
ELMER SOLVER (v 26.2) STARTED AT: 2026/07/28 13:56:34
ELMER SOLVER (v 26.2) STARTED AT: 2026/07/28 13:56:34
ELMER SOLVER (v 26.2) STARTED AT: 2026/07/28 13:56:34
ELMER SOLVER (v 26.2) STARTED AT: 2026/07/28 13:56:34
ELMER SOLVER (v 26.2) STARTED AT: 2026/07/28 13:56:34
ELMER SOLVER (v 26.2) STARTED AT: 2026/07/28 13:56:34
ELMER SOLVER (v 26.2) STARTED AT: 2026/07/28 13:56:34
ELMER SOLVER (v 26.2) STARTED AT: 2026/07/28 13:56:34
ELMER SOLVER (v 26.2) STARTED AT: 2026/07/28 13:56:34
ELMER SOLVER (v 26.2) STARTED AT: 2026/07/28 13:56:34
ELMER SOLVER (v 26.2) STARTED AT: 2026/07/28 13:56:34
ELMER SOLVER (v 26.2) STARTED AT: 2026/07/28 13:56:34
ELMER SOLVER (v 26.2) STARTED AT: 2026/07/28 13:56:34
ELMER SOLVER (v 26.2) STARTED AT: 2026/07/28 13:56:34
ELMER SOLVER (v 26.2) STARTED AT: 2026/07/28 13:56:34
ELMER SOLVER (v 26.2) STARTED AT: 2026/07/28 13:56:34
ELMER SOLVER (v 26.2) STARTED AT: 2026/07/28 13:56:34
ELMER SOLVER (v 26.2) STARTED AT: 2026/07/28 13:56:34
ELMER SOLVER (v 26.2) STARTED AT: 2026/07/28 13:56:34
ELMER SOLVER (v 26.2) STARTED AT: 2026/07/28 13:56:34
ELMER SOLVER (v 26.2) STARTED AT: 2026/07/28 13:56:34
ELMER SOLVER (v 26.2) STARTED AT: 2026/07/28 13:56:34
ELMER SOLVER (v 26.2) STARTED AT: 2026/07/28 13:56:34
ELMER SOLVER (v 26.2) STARTED AT: 2026/07/28 13:56:34
ELMER SOLVER (v 26.2) STARTED AT: 2026/07/28 13:56:34
ELMER SOLVER (v 26.2) STARTED AT: 2026/07/28 13:56:34
ELMER SOLVER (v 26.2) STARTED AT: 2026/07/28 13:56:34
ELMER SOLVER (v 26.2) STARTED AT: 2026/07/28 13:56:34
ELMER SOLVER (v 26.2) STARTED AT: 2026/07/28 13:56:34
ELMER SOLVER (v 26.2) STARTED AT: 2026/07/28 13:56:34
ELMER SOLVER (v 26.2) STARTED AT: 2026/07/28 13:56:34
ELMER SOLVER (v 26.2) STARTED AT: 2026/07/28 13:56:34
ELMER SOLVER (v 26.2) STARTED AT: 2026/07/28 13:56:34
ELMER SOLVER (v 26.2) STARTED AT: 2026/07/28 13:56:34
ELMER SOLVER (v 26.2) STARTED AT: 2026/07/28 13:56:34
ELMER SOLVER (v 26.2) STARTED AT: 2026/07/28 13:56:34
ELMER SOLVER (v 26.2) STARTED AT: 2026/07/28 13:56:34
ELMER SOLVER (v 26.2) STARTED AT: 2026/07/28 13:56:34
ELMER SOLVER (v 26.2) STARTED AT: 2026/07/28 13:56:34
ELMER SOLVER (v 26.2) STARTED AT: 2026/07/28 13:56:34
ELMER SOLVER (v 26.2) STARTED AT: 2026/07/28 13:56:34
ELMER SOLVER (v 26.2) STARTED AT: 2026/07/28 13:56:34
ELMER SOLVER (v 26.2) STARTED AT: 2026/07/28 13:56:34
 2
 2
 2
 2
 2
 2
 2
 2
 2
 2
 2
 2
 2
 2
 2
 2
 2
 2
 2
 2
 2
 2
 2
 2
 2
 2
ParCommInit: Initialize #PEs: 192
 2
 2
 2
 2
 2
 2
 2
ParCommInit: Initialize #PEs: 192
 2
 2
 2
 2
 2
 2
 2
 2
 2
 2
 2
 2
 2
 2
 2
 2
 2
 2
 2
 2
 2
 2
 2
 2
 2
 2
 2
 2
 2
 2
 2
 2
 2
ParCommInit: Initialize #PEs: 192
 2
 2
 2
 2
 2
 2
 2
 2
 2
 2
 2
 2
 2
 2
 2
 2
 2
 2
 2
 2
 2
 2
 2
 2
 2
 2
 2
 2
 2
 2
 2
 2
 2
 2
 2
 2
 2
 2
 2
 2
 2
 2
 2
 2
 2
 2
 2
 2
 2
 2
 2
 2
 2
 2
 2
 2
 2
 2
 2
 2
 2
 2
 2
 2
 2
 2
 2
 2
 2
 2
 2
 2
 2
 2
 2
 2
 2
 2
 2
 2
 2
 2
 2
 2
 2
 2
 2
 2
 2
 2
 2
 2
 2
 2
 2
 2
 2
 2
 2
 2
 2
 2
 2
 2
 2
 2
 2
 2
 2
 2
 2
 2
 2
 2
 2
 2
 2
 2
 2
 2
 2
 2
 2
ParCommInit: Initialize #PEs: 192
 2
 2
 2
MAIN: Read 2 integer parameters from command line!
MAIN: 
MAIN: =============================================================
MAIN: ElmerSolver finite element software, Welcome!
MAIN: This program is free software licensed under (L)GPL
MAIN: Copyright 1st April 1995 - , CSC - IT Center for Science Ltd.
MAIN: Webpage http://www.csc.fi/elmer, Email elmeradm@csc.fi
MAIN: Version: 26.2-unknown (Rev: a19504ac5, Compiled: 2026-06-16)
MAIN:  Running in parallel using 192 tasks.
MAIN:  Running with just one thread per task.
MAIN:  HYPRE library linked in.
MAIN:  MUMPS library linked in.
MAIN:  Lua interpreter linked in.
MAIN:  Zoltan library linked in.
MAIN:  ADIOS2 library linked in.
MAIN: =============================================================
MAIN: 
MAIN: 
MAIN: -------------------------------------
MAIN: Reading Model: case_cpu_367268.sif
LoadInputFile: Scanning input file: case_cpu_367268.sif
LoadInputFile: Scanning only size info
LoadInputFile: First time visiting
LoadInputFile: Reading base load of sif file
OpenIncludeFile: Trying to include file: linsys_367268.sif
CheckKeyword: Found keyword type assuming suffix 1 for: operator 2
CheckKeyword: Found keyword type assuming suffix 1 for: operator 2
CheckKeyword: Found keyword type assuming suffix 1 for: operator 3
CheckKeyword: Found keyword type assuming suffix 1 for: operator 3
CheckKeyword: Found keyword type assuming suffix 1 for: operator 4
CheckKeyword: Found keyword type assuming suffix 1 for: operator 4
CheckKeyword: Found keyword type assuming suffix 1 for: operator 5
CheckKeyword: Found keyword type assuming suffix 1 for: operator 5
LoadInputFile: Loading input file: case_cpu_367268.sif
LoadInputFile: Reading base load of sif file
OpenIncludeFile: Trying to include file: linsys_367268.sif
CheckKeyword: Found keyword type assuming suffix 1 for: operator 2
CheckKeyword: Found keyword type assuming suffix 1 for: operator 2
CheckKeyword: Found keyword type assuming suffix 1 for: operator 3
CheckKeyword: Found keyword type assuming suffix 1 for: operator 3
CheckKeyword: Found keyword type assuming suffix 1 for: operator 4
CheckKeyword: Found keyword type assuming suffix 1 for: operator 4
CheckKeyword: Found keyword type assuming suffix 1 for: operator 5
CheckKeyword: Found keyword type assuming suffix 1 for: operator 5
CheckKeyword:  Unlisted keyword: [line marker] in section: [solver 2]
LoadInputFile: Number of BCs: 3
LoadInputFile: Number of Body Forces: 0
LoadInputFile: Number of Initial Conditions: 0
LoadInputFile: Number of Materials: 1
LoadInputFile: Number of Equations: 1
LoadInputFile: Number of Solvers: 2
LoadInputFile: Number of Bodies: 1
Loading user function library: [StressSolve]...[StressSolver_Init0]
Loading user function library: [SaveData]...[SaveScalars_Init0]
Loading user function library: [SaveData]...[SaveScalars_Init0]
LoadMesh: Loading parallel mesh for 192 partitions
ElmerMeshReader: Performing step: 1
ElmerMeshReader: Base mesh name: ./winkel
ReadHeaderFile: Reading header info from file: ./winkel/partitioning.192/part.1.header
InitializeMesh: Number of nodes in mesh: 294
InitializeMesh: Number of bulk elements in mesh: 168
InitializeMesh: Number of boundary elements in mesh: 61
InitializeMesh: Initial number of max element nodes: 8
ElmerMeshReader: Performing step: 2
ReadNodesFile: Reading nodes from file: ./winkel/partitioning.192/part.1.nodes
SetMeshDimension: Dimension of mesh is: 3
SetMeshDimension: Max dimension of mesh is: 3
ElmerMeshReader: Performing step: 3
ReadElementsFile: Reading bulk elements from file: ./winkel/partitioning.192/part.1.elements
ElmerMeshReader: Performing step: 4
ReadBoundaryFile: Reading boundary elements from file: ./winkel/partitioning.192/part.1.boundary
PermuteNodeNumbering: Performing node mapping
MapBodiesAndBCs: Skipping remapping of bodies
MapBodiesAndBCs: Remapping boundaries
MapBodiesAndBCs: Minimum initial boundary index: 1
MapBodiesAndBCs: Maximum initial boundary index: 6
ElmerMeshReader: Performing step: 5
ReadSharedFile: Reading nodes from file: ./winkel/partitioning.192/part.1.shared
ElmerMeshReader: Performing step: 6
LoadMesh: Loading mesh done
NonNodalElements: Element dofs max: 8
SParFaceNumbering: Elapsed REAL time:     0.0000 (s)
SParEdgeNumbering: Elapsed REAL time:     0.0000 (s)
ParallelNonNodalElements: Number of initial nodes: 294
ParallelNonNodalElements: Number of initial faces: 0
ParallelNonNodalElements: Number of initial edges: 0
ParallelNonNodalElements: Number of shared nodes: 169
ParallelNonNodalElements: Number of owned shared nodes: 74
ParallelNonNodal: Elapsed REAL time:     0.0001 (s)
LoadMesh: Preparing mesh done
LoadMesh: Elapsed REAL time:     0.0144 (s)
LoadModel: Creating hierarchy of meshes by mesh multiplication: 3
LoadModel: Keeping number of meshes: 3
LoadModel: Performing splitting at level: 2
SplitMeshEqual: Mesh splitting works for first order elements 303, 404, 504, (706) and 808.
FindMeshEdges: Determining faces in 3D mesh
FindMeshFaces3D: Finding mesh faces in 3D mesh
FindMeshFaces3D: Number of faces found: 609
FindMeshEdges: Determining edges in 3D mesh
FindMeshEdges3D: Finding mesh edges in 3D mesh
FindMeshEdges3D: Number of edges found: 734
SplitMeshEqual: ******** Old mesh ********
SplitMeshEqual:  Nodes             :          294
SplitMeshEqual:  Bulk elements     :          168
SplitMeshEqual:  Boundary elements :           61
SplitMeshEqual:  Edges             :          734
SplitMeshEqual:  Faces             :          609
SplitMeshEqual: Added 609 nodes in the center of faces
SplitMeshEqual: Added 168 nodes in the center of bulks
SplitMeshEqual: Added edge centers to the nodes list.
SplitMeshEqual: Added face centers to the nodes list.
SplitMeshEqual: Added quad and brick centers to the nodes list.
SplitMeshEqual:  Count of new elements :         1588
SplitMeshEqual: New mesh allocated.
SplitMeshEqual: Array for bulk elements allocated.
SplitMeshEqual: ******** New mesh ********
SplitMeshEqual:  Nodes             :         1805
SplitMeshEqual:  Bulk elements     :         1344
SplitMeshEqual:  Boundary elements :          244
SplitMeshEqual: Elapsed REAL time:     0.0012 (s)
SParIterGlobalNumbering:  Numbering seems consistent, advancing...
ParallelGlobalNumbering: Elapsed REAL time:     0.0281 (s)
ReleaseMeshFaceTables: Releasing number of faces: 609
SetMeshDimension: Dimension of mesh is: 3
SetMeshDimension: Max dimension of mesh is: 3
NonNodalElements: Element dofs max: 8
SParFaceNumbering: Elapsed REAL time:     0.0000 (s)
SParEdgeNumbering: Elapsed REAL time:     0.0000 (s)
ParallelNonNodalElements: Number of initial nodes: 1805
ParallelNonNodalElements: Number of initial faces: 0
ParallelNonNodalElements: Number of initial edges: 0
ParallelNonNodalElements: Number of shared nodes: 635
ParallelNonNodalElements: Number of owned shared nodes: 540
ParallelNonNodal: Elapsed REAL time:     0.0000 (s)
LoadModel: Performing splitting at level: 3
SplitMeshEqual: Mesh splitting works for first order elements 303, 404, 504, (706) and 808.
FindMeshEdges: Determining faces in 3D mesh
FindMeshFaces3D: Finding mesh faces in 3D mesh
FindMeshFaces3D: Number of faces found: 4452
FindMeshEdges: Determining edges in 3D mesh
FindMeshEdges3D: Finding mesh edges in 3D mesh
FindMeshEdges3D: Number of edges found: 4912
SplitMeshEqual: ******** Old mesh ********
SplitMeshEqual:  Nodes             :         1805
SplitMeshEqual:  Bulk elements     :         1344
SplitMeshEqual:  Boundary elements :          244
SplitMeshEqual:  Edges             :         4912
SplitMeshEqual:  Faces             :         4452
SplitMeshEqual: Added 4452 nodes in the center of faces
SplitMeshEqual: Added 1344 nodes in the center of bulks
SplitMeshEqual: Added edge centers to the nodes list.
SplitMeshEqual: Added face centers to the nodes list.
SplitMeshEqual: Added quad and brick centers to the nodes list.
SplitMeshEqual:  Count of new elements :        11728
SplitMeshEqual: New mesh allocated.
SplitMeshEqual: Array for bulk elements allocated.
SplitMeshEqual: ******** New mesh ********
SplitMeshEqual:  Nodes             :        12513
SplitMeshEqual:  Bulk elements     :        10752
SplitMeshEqual:  Boundary elements :          976
SplitMeshEqual: Elapsed REAL time:     0.0105 (s)
SParIterGlobalNumbering:  Numbering seems consistent, advancing...
ParallelGlobalNumbering: Elapsed REAL time:     0.0586 (s)
ReleaseMeshFaceTables: Releasing number of faces: 4452
SetMeshDimension: Dimension of mesh is: 3
SetMeshDimension: Max dimension of mesh is: 3
NonNodalElements: Element dofs max: 8
SParFaceNumbering: Elapsed REAL time:     0.0000 (s)
SParEdgeNumbering: Elapsed REAL time:     0.0000 (s)
ParallelNonNodalElements: Number of initial nodes: 12513
ParallelNonNodalElements: Number of initial faces: 0
ParallelNonNodalElements: Number of initial edges: 0
ParallelNonNodalElements: Number of shared nodes: 2461
ParallelNonNodalElements: Number of owned shared nodes: 2366
ParallelNonNodal: Elapsed REAL time:     0.0001 (s)
MeshStabParams: Computing stabilization parameters
MeshStabParams: Elapsed REAL time:     0.0024 (s)
MeshStabParams: Computing stabilization parameters
MeshStabParams: Elapsed REAL time:     0.0002 (s)
MeshStabParams: Computing stabilization parameters
MeshStabParams: Elapsed REAL time:     0.0000 (s)
CompleteModelKeywords: Completing keywords for mortars and mechanics!
MAIN: -------------------------------------
AddMeshCoordinates: Setting mesh coordinates and time
VariableAdd: Adding variable > Coordinate 1 < of size 12513
VariableAdd: Adding variable > Coordinate 2 < of size 12513
VariableAdd: Adding variable > Coordinate 3 < of size 12513
VariableAdd: Adding variable > Coordinate 1 < of size 1805
VariableAdd: Adding variable > Coordinate 2 < of size 1805
VariableAdd: Adding variable > Coordinate 3 < of size 1805
VariableAdd: Adding variable > Coordinate 1 < of size 294
VariableAdd: Adding variable > Coordinate 2 < of size 294
VariableAdd: Adding variable > Coordinate 3 < of size 294
AddSolvers: Setting up 2 solvers
AddSolvers: Setting up solver 1: linelast
AddEquationBasics: Using procedure: StressSolve StressSolver
AddEquationBasics: Setting up solver: linelast
Loading user function library: [StressSolve]...[StressSolver_Init]
AddEquationBasics: Checking for _init solver
StressSolve_init: --------------------------------------------------
StressSolve_init: Solving displacements from linear elasticity model
StressSolve_init: --------------------------------------------------
Loading user function library: [StressSolve]...[StressSolver_bulk]
Loading user function library: [StressSolve]...[StressSolver_bulk]
AddEquationBasics: Checking for _bulk solver
Loading user function library: [StressSolve]...[StressSolver]
AddEquationBasics: Treating variable string: -dofs 3 displacement
AddEquationBasics: Creating standard variable: displacement
AddEquationBasics: Computing size of permutation vector
AddEquationBasics: Maximum size of permutation vector is: 12513
AddEquationBasics: Creating solver matrix topology
CreateMatrix: Creating initial permutation
CreateMatrix: Creating inverse of initial order of size: 12513
CreateMatrix: Creating list matrix for equation: linelast
MakeListMatrix: Creating list matrix
OptimizeBandwidth: ---------------------------------------------------------
OptimizeBandwidth: Computing matrix structure for: linelast
OptimizeBandwidth: Initial bandwidth for linelast: 12255
OptimizeBandwidth: Optimized bandwidth for linelast: 735
OptimizeBandwidth: ---------------------------------------------------------
CreateMatrix: Initializing list matrix for equation
CRS_CreateMatrix: Creating CRS Matrix of size: 37539
CRS_CreateMatrix: Creating CRS Matrix with nofs: 2750985
CreateMatrix: Sparse matrix created
AddEquationBasics: Number of rows in CRS matrix: 37539
AddEquationBasics: Creating solver variable
VariableAdd: Adding variable > displacement < of size 37539
VariableAdd: Adding variable > displacement 1 < of size 12513
VariableAdd: Adding variable > displacement 2 < of size 12513
VariableAdd: Adding variable > displacement 3 < of size 12513
SolverInitialization: Elapsed REAL time:     0.2452 (s)
AddSolvers: Setting up solver 2: savescalars
AddEquationBasics: Using procedure: SaveData SaveScalars
AddEquationBasics: Setting up solver: savescalars
Loading user function library: [SaveData]...[SaveScalars_Init]
AddEquationBasics: Checking for _init solver
Loading user function library: [SaveData]...[SaveScalars_bulk]
Loading user function library: [SaveData]...[SaveScalars_bulk]
AddEquationBasics: Checking for _bulk solver
Loading user function library: [SaveData]...[SaveScalars]
AddEquationBasics: Creating null variable with no name
AddSolvers: Setting up solvers done
AddTimeEtc: Setting time and other global variables
VariableAdd: Adding variable > Time < of size 1
VariableAdd: Adding variable > Timestep < of size 1
VariableAdd: Adding variable > Timestep size < of size 1
VariableAdd: Adding variable > Timestep interval < of size 1
VariableAdd: Adding variable > nonlin iter < of size 1
VariableAdd: Adding variable > coupled iter < of size 1
VariableAdd: Adding variable > Partition < of size 1
VariableAdd: Adding variable > Time < of size 1
VariableAdd: Adding variable > Timestep < of size 1
VariableAdd: Adding variable > Timestep size < of size 1
VariableAdd: Adding variable > Timestep interval < of size 1
VariableAdd: Adding variable > nonlin iter < of size 1
VariableAdd: Adding variable > coupled iter < of size 1
VariableAdd: Adding variable > Partition < of size 1
VariableAdd: Adding variable > Time < of size 1
VariableAdd: Adding variable > Timestep < of size 1
VariableAdd: Adding variable > Timestep size < of size 1
VariableAdd: Adding variable > Timestep interval < of size 1
VariableAdd: Adding variable > nonlin iter < of size 1
VariableAdd: Adding variable > coupled iter < of size 1
VariableAdd: Adding variable > Partition < of size 1
MAIN: Random seed initialized to: 314159265
SetInitialConditions: Setting up initial conditions (if any)
MAIN: Number of timesteps to be saved: 1
MAIN: 
MAIN: -------------------------------------
MAIN:  Steady state iteration:            1
MAIN: -------------------------------------
MAIN: 
SolveEquations: Solvers before timestep
SolveEquations: Solvers in main iteration loop
SolveEquations: Performing set of solvers in sequence
ListTagCount: Counting tags for keyword normalization!
SetActiveElementsTable: Creating active element table for: linelast
SetActiveElementsTable: Number of active elements found : 10752
ParallelInitMatrix: Creating communication structures for matrix!
ParallelInitMatrix: Allocating communication structures for matrix!
SplitMatrix: Splitting parallel matrix
SplitMatrix: Allocating split stuff for 192 partitions!
List_ToListMatrix: Matrix format changed from CRS to List
List_ToCRSMatrix: Changing matrix type with number of non-zeros: 2738538
List_ToCRSMatrix: Matrix format changed from List to CRS
SingleSolver: Attempting to call solver: 1
SingleSolver: Solver Equation string is: linelast
StressSolve: 
StressSolve: --------------------------------------------------
StressSolve: Solving displacements from linear elasticity model
StressSolve: --------------------------------------------------
DefaultStart: Starting solver: linelast
StressSolve: Starting assembly...
InitializeToZero: Initializing the linear system to zero
StressSolve: Assembly:
SetNodalLoads: Finished checking for nodal loads
SetNodalLoads: Finished checking for nodal loads
SetNodalLoads: Finished checking for nodal loads
SetDirichletBoundaries: Number of dofs set for displacement: 0
DefUtils::DefaultDirichletBCs: Setting Dirichlet boundary conditions
SetDirichletBoundaries: Number of dofs set for displacement 1: 25600
DefUtils::DefaultDirichletBCs: p-element condition setup: displacement 1
SetDirichletBoundaries: Number of dofs set for displacement 2: 25600
DefUtils::DefaultDirichletBCs: p-element condition setup: displacement 2
SetDirichletBoundaries: Number of dofs set for displacement 3: 25600
DefUtils::DefaultDirichletBCs: p-element condition setup: displacement 3
EnforceDirichletConditions: Enforcing total of 21246 Dirichlet conditions.
EnforceDirichletConditions: Applying Dirichlet conditions using scaled diagonal
ScaleLinearSystem: Creating > DiagScaling < vector of size 37539
EnforceDirichletConditions: Dirichlet conditions enforced for dofs: 19683
EnforceDirichletConditions: Dirichlet conditions shared count: 1563
DefUtils::DefaultDirichletBCs: Dirichlet boundary conditions set
DefaultSolve: Solving linear system with default routines
GenerateConstraintMatrix: Nothing to do for now
SolveSystem: Solving linear system
SolveSystem: Solving linear system in standard way
SolveLinearSystem: Assuming real valued linear system
SolveLinearSystem: Using previously created parallel matrix structures!
SolveLinearSystem: Assuming parallel linear system
ScaleLinearSystem: Creating > DiagScaling < vector of size 37539
SolveLinearSystem: Linear System Preconditioning: ilu0
Prec0-ilu0: Elapsed REAL time:     0.0000 (s)
SolveLinearSystem: CRS matrix passed the dense test of size 3
SolveLinearSystem: Parallel linear System Solver: iterative
SParIterSolver: Solving linear in parallel with iterative methods
SplittedMatrix: Elapsed REAL time:     0.0946 (s)
IterSolver: Using iterative method: idrs
IterSolver: Matrix is real valued
CRS_IncompleteLU: ILU(0) (Real), Performing Factorization:
CRS_IncompleteLU: Allocated LU matrix of size: 2738538
CRS_IncompleteLU: Performing incomplete LU
CRS_IncompleteLU: ILU(0) (Real), NOF nonzeros:   2738539
CRS_IncompleteLU: ILU(0) (Real), filling (%) :       100
CRS_IncompleteLU: ILU(0) (Real), Factorization time (s):     0.06
Prec-ilu0: Elapsed REAL time:     0.0583 (s)
      20 0.2162E+02
      40 0.9908E+02
      60 0.1682E+03
      80 0.3770E+02
     100 0.3246E+02
     120 0.3784E+01
     140 0.1608E+02
     160 0.9626E+00
     180 0.5703E+00
     200 0.1240E+01
     220 0.1186E+01
     240 0.5010E+00
     260 0.4857E+00
     280 0.6957E+00
     300 0.9128E+00
     320 0.3218E+00
     340 0.8658E+00
     360 0.2273E+01
     380 0.1082E+01
     400 0.6459E+01
     420 0.7735E+00
     440 0.1274E+01
     460 0.1514E+02
     480 0.1066E+01
     500 0.2619E+01
     520 0.5400E+00
     540 0.9558E+01
     560 0.1301E+01
     580 0.4877E+00
     600 0.3476E+00
     620 0.2914E+01
     640 0.7384E+01
     660 0.1904E+00
     680 0.1578E+00
     700 0.7340E+00
     720 0.4665E+00
     740 0.6130E+00
     760 0.1848E+00
     780 0.3511E+00
     800 0.3476E+00
     820 0.4944E+00
     840 0.8233E-01
     860 0.7271E+00
     880 0.2287E+00
     900 0.2627E+00
     920 0.2055E+00
     940 0.1985E+00
     960 0.2212E+00
     980 0.1272E+00
    1000 0.3017E+00
    1020 0.3544E+00
    1040 0.2135E+02
    1060 0.4477E+01
    1080 0.1572E-01
    1100 0.4034E-01
    1120 0.1638E-01
    1140 0.1613E-01
    1160 0.1098E-01
    1180 0.8680E-01
    1200 0.1672E-01
    1220 0.1711E-01
    1240 0.1649E-01
    1260 0.8474E-02
    1280 0.8977E-02
    1300 0.8028E-01
    1320 0.7099E-02
    1340 0.2655E-01
    1360 0.1713E-01
    1380 0.8362E-02
    1400 0.1632E-01
    1420 0.2814E-01
    1440 0.5307E-01
    1460 0.3182E-01
    1480 0.8120E-01
    1500 0.6136E-02
    1520 0.2937E-01
    1540 0.1039E-01
    1560 0.6737E-02
    1580 0.3831E+02
    1600 0.2130E-01
    1620 0.3472E-01
    1640 0.9303E-02
    1660 0.2766E-02
    1680 0.1749E-02
    1700 0.2626E-02
    1720 0.1393E-02
    1740 0.3434E-02
    1760 0.3181E-03
    1780 0.4888E-03
    1800 0.1489E-03
    1820 0.4115E-04
    1840 0.2215E-04
    1860 0.1649E-04
    1880 0.8339E-05
    1900 0.2499E-04
    1920 0.1277E-05
    1940 0.1723E-05
    1960 0.1481E-05
    1980 0.6426E-05
    2000 0.7290E-06
    2020 0.3684E-06
    2040 0.1019E-06
    2060 0.6564E-06
    2080 0.3737E-07
    2100 0.1099E-07
Idrs:     2113 0.7475E-08
BackScaleLinearSystem: Scaling back to original scale
ComputeNorm: Computing norm of solution
ComputeNorm: Using consistent norm in parallel
ComputeChange: NS (ITER=1) (NRM,RELC): ( 0.23389156E-01  2.0000000     ) :: linelast
SolveSystem: System solved
SolveSystem: Linear system time (CPU,REAL) for displacement:    80.54   81.76 (s)
SolveSystem: Finished solving the system
DefaultFinish: Finished solver: linelast
StressSolver: All done
StressSolver: ------------------------------------------
SolverActivate: Solver time (CPU,REAL) for linelast:    81.29   82.61 (s)
ComputeNorm: Computing norm of solution
ComputeNorm: Using consistent norm in parallel
ComputeChange: SS (ITER=1) (NRM,RELC): ( 0.23389156E-01  2.0000000     ) :: linelast
SetActiveElementsTable: Creating active element table for: savescalars
SetActiveElementsTable: No active elements found
SingleSolver: Attempting to call solver: 2
SingleSolver: Solver Equation string is: savescalars
SaveScalars: -----------------------------------------
SaveScalars: Saving scalar values of various kinds
SolverOutputDirectory: Creating directory: results_cpu
SaveScalars: Treating variable: displacement
SaveScalars: Treating operator: dofs
OperToParOperMap: dofs -> sum
SaveScalars: Treating variable: displacement
SaveScalars: Treating operator: elements
OperToParOperMap: elements -> sum
SaveScalars: Treating variable: displacement
SaveScalars: Treating operator: partitions
OperToParOperMap: partitions -> none
SaveScalars: Treating variable: displacement
SaveScalars: Treating operator: norm
OperToParOperMap: norm -> none
SaveScalars: Treating variable: displacement
SaveScalars: Treating operator: cpu time
OperToParOperMap: cpu time -> none
SaveScalars: Performed 5 reduction operations
SaveScalars: Adding information on simulation timing
SaveScalars: Found 4 result scalars in simulation section
SaveScalars: Found 12 values to save in total
SaveScalars: Saving names of values to file: results_cpu/f192.dat.names
SaveScalars: Parallel data is reduced into one file
SaveScalars: Data is appended to existing file
SaveScalars: Saving values to file: results_cpu/f192.dat
SaveScalars: -----------------------------------------
SolveEquations: Solvers after timestep
WARNING:: CompareToReferenceSolution: Solver 1 FAILED:  Norm = 2.33891558E-02  RefNorm = 2.33900606E-02
CompareToReferenceSolution: Relative Error to reference norm: 3.868131E-05
ReloadInputFile: Reloading input file
LoadInputFile: Loading input file:
WARNING:: CompareToReferenceSolution: FAILED 1 tests out of 1!
MAIN: Reporting unused list entries for sif improvement!
MAIN: If you do not want these lines undefine > DEVEL_LISTUSAGE < !
   Unused keywords:
       Simulation            max output level
       Boundary Condition 2  force 2
       Solver 1              linear system ilut tolerance
       Solver 1              linear system abort not converged
MAIN: *** Elmer Solver: ALL DONE ***
FreeModel: Freeing meshes
ReleaseMesh: Releasing mesh variables
ReleaseMesh: Releasing mesh nodes
ReleaseMesh: Releasing mesh finished
ReleaseMesh: Releasing mesh variables
ReleaseMesh: Releasing mesh nodes
ReleaseMesh: Releasing mesh finished
ReleaseMesh: Releasing mesh variables
ReleaseMesh: Releasing mesh nodes
ReleaseMesh: Releasing mesh finished
FreeModel: Freeing constants list
FreeModel: Freeing simulation list
FreeModel: Freeing boundary lists
FreeModel: Freeing solvers
Loading user function library: [StressSolve]...[StressSolver_Finalize]
Loading user function library: [StressSolve]...[StressSolver_Finalize]
Loading user function library: [SaveData]...[SaveScalars_Finalize]
Loading user function library: [SaveData]...[SaveScalars_Finalize]
FreeModel: Freeing initial conditions lists
FreeModel: Freeing body lists
FreeModel: Freeing equations lists
FreeModel: Freeing body forces lists
ParallelFinalize: Final synchronization of the MPI system!
MAIN: The end
SOLVER TOTAL TIME(CPU,REAL):        81.74      100.78
ELMER SOLVER FINISHED AT: 2026/07/28 13:58:15

Ending linsys/elmer_iter_Idrs5_ILU0.sif with mesh level 3
Elapsed time: 110 s
-----------------------------------


Solver linsys/elmer_iter_Idrs5_ILU1.sif not recommended for given problem. Ignoring it


Solver linsys/elmer_iter_Idrs5_ILUT_1.sif not recommended for given problem. Ignoring it


Solver linsys/elmer_iter_Idrs5_ILUT_2.sif not recommended for given problem. Ignoring it


Solver linsys/elmer_iter_Idrs5_ILUT_3.sif not recommended for given problem. Ignoring it


Solver linsys/elmer_iter_Idrs5_ILUT_4.sif not recommended for given problem. Ignoring it


Solver linsys/elmer_iter_Idrs5_ILUT_5.sif not recommended for given problem. Ignoring it


Solver linsys/elmer_iter_Idrs5_ILUT_6.sif not recommended for given problem. Ignoring it


Solver linsys/elmer_iter_Idrs5_ILUT_7.sif not recommended for given problem. Ignoring it


Solver linsys/elmer_iter_Idrs5_none.sif not recommended for given problem. Ignoring it


Solver linsys/elmer_iter_Idrs5_vanka1.sif not recommended for given problem. Ignoring it


Solver linsys/elmer_iter_Idrs5_vanka2.sif not recommended for given problem. Ignoring it


Solver linsys/elmer_iter_Idrs5_vanka.sif not recommended for given problem. Ignoring it


Solver linsys/elmer_iter_Tfqmr_ILU0.sif not recommended for given problem. Ignoring it


Solver linsys/elmer_P_BiCGStab2_CG_ILU0.sif not recommended for given problem. Ignoring it


Solver linsys/elmer_P_BiCGStab2_CG_none.sif not recommended for given problem. Ignoring it


Solver linsys/elmer_P_BiCGStab4_CG_ILU0.sif not recommended for given problem. Ignoring it


Solver linsys/elmer_P_BiCGStab4_CG_none.sif not recommended for given problem. Ignoring it


Solver linsys/elmer_P_Idrs5_CG_ILU0.sif not recommended for given problem. Ignoring it


Solver linsys/elmer_P_Idrs5_CG_none.sif not recommended for given problem. Ignoring it


Solver linsys/hypre_BiCGStab_BoomerAMG_R1_C0_S3.sif not recommended for given problem. Ignoring it


Solver linsys/hypre_BiCGStab_BoomerAMG_R1_C0_S3_wos.sif not recommended for given problem. Ignoring it


Solver linsys/hypre_BiCGStab_BoomerAMG_R1_C0_S6.sif not recommended for given problem. Ignoring it


Solver linsys/hypre_BiCGStab_BoomerAMG_R1_C0_S6_wos.sif not recommended for given problem. Ignoring it


Solver linsys/hypre_BiCGStab_BoomerAMG_R1_C1_S3.sif not recommended for given problem. Ignoring it


Solver linsys/hypre_BiCGStab_BoomerAMG_R1_C1_S3_wos.sif not recommended for given problem. Ignoring it


Solver linsys/hypre_BiCGStab_BoomerAMG_R2_C0_S3.sif not recommended for given problem. Ignoring it


Solver linsys/hypre_BiCGStab_BoomerAMG_R2_C0_S3_wos.sif not recommended for given problem. Ignoring it


Solver linsys/hypre_BiCGStab_BoomerAMG_R2_C0_S6.sif not recommended for given problem. Ignoring it


Solver linsys/hypre_BiCGStab_BoomerAMG_R2_C0_S6_wos.sif not recommended for given problem. Ignoring it


Solver linsys/hypre_BiCGStab_BoomerAMG_R2_C1_S3.sif not recommended for given problem. Ignoring it


Solver linsys/hypre_BiCGStab_BoomerAMG_R2_C1_S3_wos.sif not recommended for given problem. Ignoring it


Solver linsys/hypre_BiCGStab_BoomerAMG_R3_C0_S3.sif not recommended for given problem. Ignoring it


Solver linsys/hypre_BiCGStab_BoomerAMG_R3_C0_S3_wos.sif not recommended for given problem. Ignoring it


Solver linsys/hypre_BiCGStab_BoomerAMG_R3_C0_S6.sif not recommended for given problem. Ignoring it


Solver linsys/hypre_BiCGStab_BoomerAMG_R3_C0_S6_wos.sif not recommended for given problem. Ignoring it


Solver linsys/hypre_BiCGStab_BoomerAMG_R3_C1_S3.sif not recommended for given problem. Ignoring it


Solver linsys/hypre_BiCGStab_BoomerAMG_R3_C1_S3_wos.sif not recommended for given problem. Ignoring it


Solver linsys/hypre_BiCGStab_BoomerAMG_smoother3.sif not recommended for given problem. Ignoring it


Solver linsys/hypre_BiCGStab_BoomerAMG_smoother6.sif not recommended for given problem. Ignoring it


Solver linsys/hypre_BiCGStab_BoomerAMG_wo_scaling.sif not recommended for given problem. Ignoring it


Solver linsys/hypre_BiCGStab_ILU0.sif not recommended for given problem. Ignoring it


Solver linsys/hypre_BiCGStab_ILU1.sif not recommended for given problem. Ignoring it


Solver linsys/hypre_BiCGStab_none.sif not recommended for given problem. Ignoring it



-----------------------------------
Starting linsys/hypre_BiCGStab_Parasails.sif with mesh level 3

ELMER SOLVER (v 26.2) STARTED AT: 2026/07/28 13:58:23
ELMER SOLVER (v 26.2) STARTED AT: 2026/07/28 13:58:23
ELMER SOLVER (v 26.2) STARTED AT: 2026/07/28 13:58:23
ELMER SOLVER (v 26.2) STARTED AT: 2026/07/28 13:58:23
ELMER SOLVER (v 26.2) STARTED AT: 2026/07/28 13:58:23
ELMER SOLVER (v 26.2) STARTED AT: 2026/07/28 13:58:24
ELMER SOLVER (v 26.2) STARTED AT: 2026/07/28 13:58:24
ELMER SOLVER (v 26.2) STARTED AT: 2026/07/28 13:58:24
ELMER SOLVER (v 26.2) STARTED AT: 2026/07/28 13:58:24
ELMER SOLVER (v 26.2) STARTED AT: 2026/07/28 13:58:24
ELMER SOLVER (v 26.2) STARTED AT: 2026/07/28 13:58:24
ELMER SOLVER (v 26.2) STARTED AT: 2026/07/28 13:58:24
ELMER SOLVER (v 26.2) STARTED AT: 2026/07/28 13:58:24
ELMER SOLVER (v 26.2) STARTED AT: 2026/07/28 13:58:24
ELMER SOLVER (v 26.2) STARTED AT: 2026/07/28 13:58:24
ELMER SOLVER (v 26.2) STARTED AT: 2026/07/28 13:58:24
ELMER SOLVER (v 26.2) STARTED AT: 2026/07/28 13:58:24
ELMER SOLVER (v 26.2) STARTED AT: 2026/07/28 13:58:24
ELMER SOLVER (v 26.2) STARTED AT: 2026/07/28 13:58:24
ELMER SOLVER (v 26.2) STARTED AT: 2026/07/28 13:58:24
ELMER SOLVER (v 26.2) STARTED AT: 2026/07/28 13:58:24
ELMER SOLVER (v 26.2) STARTED AT: 2026/07/28 13:58:24
ELMER SOLVER (v 26.2) STARTED AT: 2026/07/28 13:58:24
ELMER SOLVER (v 26.2) STARTED AT: 2026/07/28 13:58:24
ELMER SOLVER (v 26.2) STARTED AT: 2026/07/28 13:58:24
ELMER SOLVER (v 26.2) STARTED AT: 2026/07/28 13:58:24
ELMER SOLVER (v 26.2) STARTED AT: 2026/07/28 13:58:24
ELMER SOLVER (v 26.2) STARTED AT: 2026/07/28 13:58:24
ELMER SOLVER (v 26.2) STARTED AT: 2026/07/28 13:58:24
ELMER SOLVER (v 26.2) STARTED AT: 2026/07/28 13:58:24
ELMER SOLVER (v 26.2) STARTED AT: 2026/07/28 13:58:24
ELMER SOLVER (v 26.2) STARTED AT: 2026/07/28 13:58:24
ELMER SOLVER (v 26.2) STARTED AT: 2026/07/28 13:58:24
ELMER SOLVER (v 26.2) STARTED AT: 2026/07/28 13:58:24
ELMER SOLVER (v 26.2) STARTED AT: 2026/07/28 13:58:24
ELMER SOLVER (v 26.2) STARTED AT: 2026/07/28 13:58:24
ELMER SOLVER (v 26.2) STARTED AT: 2026/07/28 13:58:24
ELMER SOLVER (v 26.2) STARTED AT: 2026/07/28 13:58:24
ELMER SOLVER (v 26.2) STARTED AT: 2026/07/28 13:58:24
ELMER SOLVER (v 26.2) STARTED AT: 2026/07/28 13:58:24
ELMER SOLVER (v 26.2) STARTED AT: 2026/07/28 13:58:24
ELMER SOLVER (v 26.2) STARTED AT: 2026/07/28 13:58:24
ELMER SOLVER (v 26.2) STARTED AT: 2026/07/28 13:58:24
ELMER SOLVER (v 26.2) STARTED AT: 2026/07/28 13:58:24
ELMER SOLVER (v 26.2) STARTED AT: 2026/07/28 13:58:24
ELMER SOLVER (v 26.2) STARTED AT: 2026/07/28 13:58:24
ELMER SOLVER (v 26.2) STARTED AT: 2026/07/28 13:58:24
ELMER SOLVER (v 26.2) STARTED AT: 2026/07/28 13:58:24
ELMER SOLVER (v 26.2) STARTED AT: 2026/07/28 13:58:24
ELMER SOLVER (v 26.2) STARTED AT: 2026/07/28 13:58:24
ELMER SOLVER (v 26.2) STARTED AT: 2026/07/28 13:58:24
ELMER SOLVER (v 26.2) STARTED AT: 2026/07/28 13:58:24
ELMER SOLVER (v 26.2) STARTED AT: 2026/07/28 13:58:24
ELMER SOLVER (v 26.2) STARTED AT: 2026/07/28 13:58:24
ELMER SOLVER (v 26.2) STARTED AT: 2026/07/28 13:58:24
ELMER SOLVER (v 26.2) STARTED AT: 2026/07/28 13:58:24
ELMER SOLVER (v 26.2) STARTED AT: 2026/07/28 13:58:24
ELMER SOLVER (v 26.2) STARTED AT: 2026/07/28 13:58:24
ELMER SOLVER (v 26.2) STARTED AT: 2026/07/28 13:58:24
ELMER SOLVER (v 26.2) STARTED AT: 2026/07/28 13:58:24
ELMER SOLVER (v 26.2) STARTED AT: 2026/07/28 13:58:24
ELMER SOLVER (v 26.2) STARTED AT: 2026/07/28 13:58:24
ELMER SOLVER (v 26.2) STARTED AT: 2026/07/28 13:58:24
ELMER SOLVER (v 26.2) STARTED AT: 2026/07/28 13:58:24
ELMER SOLVER (v 26.2) STARTED AT: 2026/07/28 13:58:24
ELMER SOLVER (v 26.2) STARTED AT: 2026/07/28 13:58:25
ELMER SOLVER (v 26.2) STARTED AT: 2026/07/28 13:58:25
ELMER SOLVER (v 26.2) STARTED AT: 2026/07/28 13:58:25
ELMER SOLVER (v 26.2) STARTED AT: 2026/07/28 13:58:25
ELMER SOLVER (v 26.2) STARTED AT: 2026/07/28 13:58:25
ELMER SOLVER (v 26.2) STARTED AT: 2026/07/28 13:58:25
ELMER SOLVER (v 26.2) STARTED AT: 2026/07/28 13:58:25
ELMER SOLVER (v 26.2) STARTED AT: 2026/07/28 13:58:25
ELMER SOLVER (v 26.2) STARTED AT: 2026/07/28 13:58:25
ELMER SOLVER (v 26.2) STARTED AT: 2026/07/28 13:58:25
ELMER SOLVER (v 26.2) STARTED AT: 2026/07/28 13:58:25
ELMER SOLVER (v 26.2) STARTED AT: 2026/07/28 13:58:25
ELMER SOLVER (v 26.2) STARTED AT: 2026/07/28 13:58:25
ELMER SOLVER (v 26.2) STARTED AT: 2026/07/28 13:58:25
ELMER SOLVER (v 26.2) STARTED AT: 2026/07/28 13:58:25
ELMER SOLVER (v 26.2) STARTED AT: 2026/07/28 13:58:25
ELMER SOLVER (v 26.2) STARTED AT: 2026/07/28 13:58:25
ELMER SOLVER (v 26.2) STARTED AT: 2026/07/28 13:58:25
ELMER SOLVER (v 26.2) STARTED AT: 2026/07/28 13:58:25
ELMER SOLVER (v 26.2) STARTED AT: 2026/07/28 13:58:25
ELMER SOLVER (v 26.2) STARTED AT: 2026/07/28 13:58:25
ELMER SOLVER (v 26.2) STARTED AT: 2026/07/28 13:58:25
ELMER SOLVER (v 26.2) STARTED AT: 2026/07/28 13:58:25
ELMER SOLVER (v 26.2) STARTED AT: 2026/07/28 13:58:25
ELMER SOLVER (v 26.2) STARTED AT: 2026/07/28 13:58:25
ELMER SOLVER (v 26.2) STARTED AT: 2026/07/28 13:58:25
ELMER SOLVER (v 26.2) STARTED AT: 2026/07/28 13:58:25
ELMER SOLVER (v 26.2) STARTED AT: 2026/07/28 13:58:25
ELMER SOLVER (v 26.2) STARTED AT: 2026/07/28 13:58:25
ELMER SOLVER (v 26.2) STARTED AT: 2026/07/28 13:58:25
ELMER SOLVER (v 26.2) STARTED AT: 2026/07/28 13:58:25
ELMER SOLVER (v 26.2) STARTED AT: 2026/07/28 13:58:25
ELMER SOLVER (v 26.2) STARTED AT: 2026/07/28 13:58:25
ELMER SOLVER (v 26.2) STARTED AT: 2026/07/28 13:58:25
ELMER SOLVER (v 26.2) STARTED AT: 2026/07/28 13:58:25
ELMER SOLVER (v 26.2) STARTED AT: 2026/07/28 13:58:25
ELMER SOLVER (v 26.2) STARTED AT: 2026/07/28 13:58:25
ELMER SOLVER (v 26.2) STARTED AT: 2026/07/28 13:58:25
ELMER SOLVER (v 26.2) STARTED AT: 2026/07/28 13:58:25
ELMER SOLVER (v 26.2) STARTED AT: 2026/07/28 13:58:25
ELMER SOLVER (v 26.2) STARTED AT: 2026/07/28 13:58:25
ELMER SOLVER (v 26.2) STARTED AT: 2026/07/28 13:58:25
ELMER SOLVER (v 26.2) STARTED AT: 2026/07/28 13:58:25
ELMER SOLVER (v 26.2) STARTED AT: 2026/07/28 13:58:25
ELMER SOLVER (v 26.2) STARTED AT: 2026/07/28 13:58:25
ELMER SOLVER (v 26.2) STARTED AT: 2026/07/28 13:58:25
ELMER SOLVER (v 26.2) STARTED AT: 2026/07/28 13:58:25
ELMER SOLVER (v 26.2) STARTED AT: 2026/07/28 13:58:25
ELMER SOLVER (v 26.2) STARTED AT: 2026/07/28 13:58:25
ELMER SOLVER (v 26.2) STARTED AT: 2026/07/28 13:58:25
ELMER SOLVER (v 26.2) STARTED AT: 2026/07/28 13:58:25
ELMER SOLVER (v 26.2) STARTED AT: 2026/07/28 13:58:25
ELMER SOLVER (v 26.2) STARTED AT: 2026/07/28 13:58:25
ELMER SOLVER (v 26.2) STARTED AT: 2026/07/28 13:58:25
ELMER SOLVER (v 26.2) STARTED AT: 2026/07/28 13:58:25
ELMER SOLVER (v 26.2) STARTED AT: 2026/07/28 13:58:25
ELMER SOLVER (v 26.2) STARTED AT: 2026/07/28 13:58:25
ELMER SOLVER (v 26.2) STARTED AT: 2026/07/28 13:58:25
ELMER SOLVER (v 26.2) STARTED AT: 2026/07/28 13:58:25
ELMER SOLVER (v 26.2) STARTED AT: 2026/07/28 13:58:25
ELMER SOLVER (v 26.2) STARTED AT: 2026/07/28 13:58:25
ELMER SOLVER (v 26.2) STARTED AT: 2026/07/28 13:58:25
ELMER SOLVER (v 26.2) STARTED AT: 2026/07/28 13:58:25
ELMER SOLVER (v 26.2) STARTED AT: 2026/07/28 13:58:25
ELMER SOLVER (v 26.2) STARTED AT: 2026/07/28 13:58:25
ELMER SOLVER (v 26.2) STARTED AT: 2026/07/28 13:58:25
ELMER SOLVER (v 26.2) STARTED AT: 2026/07/28 13:58:25
ELMER SOLVER (v 26.2) STARTED AT: 2026/07/28 13:58:25
ELMER SOLVER (v 26.2) STARTED AT: 2026/07/28 13:58:25
ELMER SOLVER (v 26.2) STARTED AT: 2026/07/28 13:58:25
ELMER SOLVER (v 26.2) STARTED AT: 2026/07/28 13:58:25
ELMER SOLVER (v 26.2) STARTED AT: 2026/07/28 13:58:25
ELMER SOLVER (v 26.2) STARTED AT: 2026/07/28 13:58:25
ELMER SOLVER (v 26.2) STARTED AT: 2026/07/28 13:58:25
ELMER SOLVER (v 26.2) STARTED AT: 2026/07/28 13:58:25
ELMER SOLVER (v 26.2) STARTED AT: 2026/07/28 13:58:25
ELMER SOLVER (v 26.2) STARTED AT: 2026/07/28 13:58:25
ELMER SOLVER (v 26.2) STARTED AT: 2026/07/28 13:58:25
ELMER SOLVER (v 26.2) STARTED AT: 2026/07/28 13:58:25
ELMER SOLVER (v 26.2) STARTED AT: 2026/07/28 13:58:25
ELMER SOLVER (v 26.2) STARTED AT: 2026/07/28 13:58:25
ELMER SOLVER (v 26.2) STARTED AT: 2026/07/28 13:58:25
ELMER SOLVER (v 26.2) STARTED AT: 2026/07/28 13:58:25
ELMER SOLVER (v 26.2) STARTED AT: 2026/07/28 13:58:25
ELMER SOLVER (v 26.2) STARTED AT: 2026/07/28 13:58:25
ELMER SOLVER (v 26.2) STARTED AT: 2026/07/28 13:58:25
ELMER SOLVER (v 26.2) STARTED AT: 2026/07/28 13:58:25
ELMER SOLVER (v 26.2) STARTED AT: 2026/07/28 13:58:25
ELMER SOLVER (v 26.2) STARTED AT: 2026/07/28 13:58:25
ELMER SOLVER (v 26.2) STARTED AT: 2026/07/28 13:58:25
ELMER SOLVER (v 26.2) STARTED AT: 2026/07/28 13:58:25
ELMER SOLVER (v 26.2) STARTED AT: 2026/07/28 13:58:25
ELMER SOLVER (v 26.2) STARTED AT: 2026/07/28 13:58:25
ELMER SOLVER (v 26.2) STARTED AT: 2026/07/28 13:58:25
ELMER SOLVER (v 26.2) STARTED AT: 2026/07/28 13:58:25
ELMER SOLVER (v 26.2) STARTED AT: 2026/07/28 13:58:25
ELMER SOLVER (v 26.2) STARTED AT: 2026/07/28 13:58:25
ELMER SOLVER (v 26.2) STARTED AT: 2026/07/28 13:58:25
ELMER SOLVER (v 26.2) STARTED AT: 2026/07/28 13:58:25
ELMER SOLVER (v 26.2) STARTED AT: 2026/07/28 13:58:25
ELMER SOLVER (v 26.2) STARTED AT: 2026/07/28 13:58:25
ELMER SOLVER (v 26.2) STARTED AT: 2026/07/28 13:58:25
ELMER SOLVER (v 26.2) STARTED AT: 2026/07/28 13:58:25
ELMER SOLVER (v 26.2) STARTED AT: 2026/07/28 13:58:25
ELMER SOLVER (v 26.2) STARTED AT: 2026/07/28 13:58:25
ELMER SOLVER (v 26.2) STARTED AT: 2026/07/28 13:58:25
ELMER SOLVER (v 26.2) STARTED AT: 2026/07/28 13:58:25
ELMER SOLVER (v 26.2) STARTED AT: 2026/07/28 13:58:25
ELMER SOLVER (v 26.2) STARTED AT: 2026/07/28 13:58:25
ELMER SOLVER (v 26.2) STARTED AT: 2026/07/28 13:58:25
ELMER SOLVER (v 26.2) STARTED AT: 2026/07/28 13:58:25
ELMER SOLVER (v 26.2) STARTED AT: 2026/07/28 13:58:25
ELMER SOLVER (v 26.2) STARTED AT: 2026/07/28 13:58:25
ELMER SOLVER (v 26.2) STARTED AT: 2026/07/28 13:58:25
ELMER SOLVER (v 26.2) STARTED AT: 2026/07/28 13:58:25
ELMER SOLVER (v 26.2) STARTED AT: 2026/07/28 13:58:25
ELMER SOLVER (v 26.2) STARTED AT: 2026/07/28 13:58:25
ELMER SOLVER (v 26.2) STARTED AT: 2026/07/28 13:58:25
ELMER SOLVER (v 26.2) STARTED AT: 2026/07/28 13:58:25
ELMER SOLVER (v 26.2) STARTED AT: 2026/07/28 13:58:25
ELMER SOLVER (v 26.2) STARTED AT: 2026/07/28 13:58:25
ELMER SOLVER (v 26.2) STARTED AT: 2026/07/28 13:58:25
ELMER SOLVER (v 26.2) STARTED AT: 2026/07/28 13:58:25
ELMER SOLVER (v 26.2) STARTED AT: 2026/07/28 13:58:25
ELMER SOLVER (v 26.2) STARTED AT: 2026/07/28 13:58:25
ELMER SOLVER (v 26.2) STARTED AT: 2026/07/28 13:58:25
ELMER SOLVER (v 26.2) STARTED AT: 2026/07/28 13:58:25
ParCommInit: Initialize #PEs: 192
 2
MAIN: Read 2 integer parameters from command line!
 2
MAIN: 
MAIN: =============================================================
MAIN: ElmerSolver finite element software, Welcome!
MAIN: This program is free software licensed under (L)GPL
MAIN: Copyright 1st April 1995 - , CSC - IT Center for Science Ltd.
MAIN: Webpage http://www.csc.fi/elmer, Email elmeradm@csc.fi
MAIN: Version: 26.2-unknown (Rev: a19504ac5, Compiled: 2026-06-16)
MAIN:  Running in parallel using 192 tasks.
MAIN:  Running with just one thread per task.
MAIN:  HYPRE library linked in.
MAIN:  MUMPS library linked in.
MAIN:  Lua interpreter linked in.
MAIN:  Zoltan library linked in.
MAIN:  ADIOS2 library linked in.
MAIN: =============================================================
 2
 2
 2
 2
 2
 2
 2
 2
 2
 2
 2
 2
 2
 2
 2
 2
 2
 2
 2
 2
 2
 2
 2
 2
 2
 2
 2
 2
 2
 2
 2
 2
 2
 2
 2
 2
 2
 2
 2
 2
 2
 2
 2
 2
 2
 2
 2
 2
 2
 2
 2
 2
 2
 2
 2
 2
 2
 2
 2
 2
 2
 2
 2
 2
 2
 2
 2
 2
 2
 2
 2
 2
 2
 2
 2
 2
 2
 2
 2
 2
 2
 2
 2
 2
 2
 2
 2
 2
 2
 2
 2
 2
 2
 2
 2
 2
 2
ParCommInit: Initialize #PEs: 192
 2
 2
 2
 2
 2
 2
 2
 2
 2
 2
 2
 2
 2
 2
 2
 2
 2
 2
 2
 2
 2
 2
 2
 2
 2
 2
 2
 2
 2
 2
 2
 2
 2
 2
 2
 2
 2
 2
 2
 2
 2
 2
 2
 2
 2
 2
 2
 2
 2
 2
ParCommInit: Initialize #PEs: 192
 2
 2
 2
 2
ParCommInit: Initialize #PEs: 192
 2
 2
 2
 2
 2
 2
 2
 2
 2
 2
 2
 2
 2
 2
 2
 2
 2
 2
 2
 2
 2
 2
 2
 2
 2
 2
 2
 2
 2
 2
 2
 2
 2
 2
 2
 2
 2
 2
 2
MAIN: 
MAIN: 
MAIN: -------------------------------------
MAIN: Reading Model: case_cpu_367268.sif
LoadInputFile: Scanning input file: case_cpu_367268.sif
LoadInputFile: Scanning only size info
LoadInputFile: First time visiting
LoadInputFile: Reading base load of sif file
OpenIncludeFile: Trying to include file: linsys_367268.sif
CheckKeyword: Found keyword type assuming suffix 1 for: operator 2
CheckKeyword: Found keyword type assuming suffix 1 for: operator 2
CheckKeyword: Found keyword type assuming suffix 1 for: operator 3
CheckKeyword: Found keyword type assuming suffix 1 for: operator 3
CheckKeyword: Found keyword type assuming suffix 1 for: operator 4
CheckKeyword: Found keyword type assuming suffix 1 for: operator 4
CheckKeyword: Found keyword type assuming suffix 1 for: operator 5
CheckKeyword: Found keyword type assuming suffix 1 for: operator 5
LoadInputFile: Loading input file: case_cpu_367268.sif
LoadInputFile: Reading base load of sif file
OpenIncludeFile: Trying to include file: linsys_367268.sif
CheckKeyword: Found keyword type assuming suffix 1 for: operator 2
CheckKeyword: Found keyword type assuming suffix 1 for: operator 2
CheckKeyword: Found keyword type assuming suffix 1 for: operator 3
CheckKeyword: Found keyword type assuming suffix 1 for: operator 3
CheckKeyword: Found keyword type assuming suffix 1 for: operator 4
CheckKeyword: Found keyword type assuming suffix 1 for: operator 4
CheckKeyword: Found keyword type assuming suffix 1 for: operator 5
CheckKeyword: Found keyword type assuming suffix 1 for: operator 5
CheckKeyword:  Unlisted keyword: [line marker] in section: [solver 2]
LoadInputFile: Number of BCs: 3
LoadInputFile: Number of Body Forces: 0
LoadInputFile: Number of Initial Conditions: 0
LoadInputFile: Number of Materials: 1
LoadInputFile: Number of Equations: 1
LoadInputFile: Number of Solvers: 2
LoadInputFile: Number of Bodies: 1
Loading user function library: [StressSolve]...[StressSolver_Init0]
Loading user function library: [SaveData]...[SaveScalars_Init0]
Loading user function library: [SaveData]...[SaveScalars_Init0]
LoadMesh: Loading parallel mesh for 192 partitions
ElmerMeshReader: Performing step: 1
ElmerMeshReader: Base mesh name: ./winkel
ReadHeaderFile: Reading header info from file: ./winkel/partitioning.192/part.1.header
InitializeMesh: Number of nodes in mesh: 294
InitializeMesh: Number of bulk elements in mesh: 168
InitializeMesh: Number of boundary elements in mesh: 61
InitializeMesh: Initial number of max element nodes: 8
ElmerMeshReader: Performing step: 2
ReadNodesFile: Reading nodes from file: ./winkel/partitioning.192/part.1.nodes
SetMeshDimension: Dimension of mesh is: 3
SetMeshDimension: Max dimension of mesh is: 3
ElmerMeshReader: Performing step: 3
ReadElementsFile: Reading bulk elements from file: ./winkel/partitioning.192/part.1.elements
ElmerMeshReader: Performing step: 4
ReadBoundaryFile: Reading boundary elements from file: ./winkel/partitioning.192/part.1.boundary
PermuteNodeNumbering: Performing node mapping
MapBodiesAndBCs: Skipping remapping of bodies
MapBodiesAndBCs: Remapping boundaries
MapBodiesAndBCs: Minimum initial boundary index: 1
MapBodiesAndBCs: Maximum initial boundary index: 6
ElmerMeshReader: Performing step: 5
ReadSharedFile: Reading nodes from file: ./winkel/partitioning.192/part.1.shared
ElmerMeshReader: Performing step: 6
LoadMesh: Loading mesh done
NonNodalElements: Element dofs max: 8
SParFaceNumbering: Elapsed REAL time:     0.0000 (s)
SParEdgeNumbering: Elapsed REAL time:     0.0000 (s)
ParallelNonNodalElements: Number of initial nodes: 294
ParallelNonNodalElements: Number of initial faces: 0
ParallelNonNodalElements: Number of initial edges: 0
ParallelNonNodalElements: Number of shared nodes: 169
ParallelNonNodalElements: Number of owned shared nodes: 74
ParallelNonNodal: Elapsed REAL time:     0.0000 (s)
LoadMesh: Preparing mesh done
LoadMesh: Elapsed REAL time:     0.1175 (s)
LoadModel: Creating hierarchy of meshes by mesh multiplication: 3
LoadModel: Keeping number of meshes: 3
LoadModel: Performing splitting at level: 2
SplitMeshEqual: Mesh splitting works for first order elements 303, 404, 504, (706) and 808.
FindMeshEdges: Determining faces in 3D mesh
FindMeshFaces3D: Finding mesh faces in 3D mesh
FindMeshFaces3D: Number of faces found: 609
FindMeshEdges: Determining edges in 3D mesh
FindMeshEdges3D: Finding mesh edges in 3D mesh
FindMeshEdges3D: Number of edges found: 734
SplitMeshEqual: ******** Old mesh ********
SplitMeshEqual:  Nodes             :          294
SplitMeshEqual:  Bulk elements     :          168
SplitMeshEqual:  Boundary elements :           61
SplitMeshEqual:  Edges             :          734
SplitMeshEqual:  Faces             :          609
SplitMeshEqual: Added 609 nodes in the center of faces
SplitMeshEqual: Added 168 nodes in the center of bulks
SplitMeshEqual: Added edge centers to the nodes list.
SplitMeshEqual: Added face centers to the nodes list.
SplitMeshEqual: Added quad and brick centers to the nodes list.
SplitMeshEqual:  Count of new elements :         1588
SplitMeshEqual: New mesh allocated.
SplitMeshEqual: Array for bulk elements allocated.
SplitMeshEqual: ******** New mesh ********
SplitMeshEqual:  Nodes             :         1805
SplitMeshEqual:  Bulk elements     :         1344
SplitMeshEqual:  Boundary elements :          244
SplitMeshEqual: Elapsed REAL time:     0.0004 (s)
SParIterGlobalNumbering:  Numbering seems consistent, advancing...
ParallelGlobalNumbering: Elapsed REAL time:     0.0309 (s)
ReleaseMeshFaceTables: Releasing number of faces: 609
SetMeshDimension: Dimension of mesh is: 3
SetMeshDimension: Max dimension of mesh is: 3
NonNodalElements: Element dofs max: 8
SParFaceNumbering: Elapsed REAL time:     0.0000 (s)
SParEdgeNumbering: Elapsed REAL time:     0.0000 (s)
ParallelNonNodalElements: Number of initial nodes: 1805
ParallelNonNodalElements: Number of initial faces: 0
ParallelNonNodalElements: Number of initial edges: 0
ParallelNonNodalElements: Number of shared nodes: 635
ParallelNonNodalElements: Number of owned shared nodes: 540
ParallelNonNodal: Elapsed REAL time:     0.0000 (s)
LoadModel: Performing splitting at level: 3
SplitMeshEqual: Mesh splitting works for first order elements 303, 404, 504, (706) and 808.
FindMeshEdges: Determining faces in 3D mesh
FindMeshFaces3D: Finding mesh faces in 3D mesh
FindMeshFaces3D: Number of faces found: 4452
FindMeshEdges: Determining edges in 3D mesh
FindMeshEdges3D: Finding mesh edges in 3D mesh
FindMeshEdges3D: Number of edges found: 4912
SplitMeshEqual: ******** Old mesh ********
SplitMeshEqual:  Nodes             :         1805
SplitMeshEqual:  Bulk elements     :         1344
SplitMeshEqual:  Boundary elements :          244
SplitMeshEqual:  Edges             :         4912
SplitMeshEqual:  Faces             :         4452
SplitMeshEqual: Added 4452 nodes in the center of faces
SplitMeshEqual: Added 1344 nodes in the center of bulks
SplitMeshEqual: Added edge centers to the nodes list.
SplitMeshEqual: Added face centers to the nodes list.
SplitMeshEqual: Added quad and brick centers to the nodes list.
SplitMeshEqual:  Count of new elements :        11728
SplitMeshEqual: New mesh allocated.
SplitMeshEqual: Array for bulk elements allocated.
SplitMeshEqual: ******** New mesh ********
SplitMeshEqual:  Nodes             :        12513
SplitMeshEqual:  Bulk elements     :        10752
SplitMeshEqual:  Boundary elements :          976
SplitMeshEqual: Elapsed REAL time:     0.0118 (s)
SParIterGlobalNumbering:  Numbering seems consistent, advancing...
ParallelGlobalNumbering: Elapsed REAL time:     0.0588 (s)
ReleaseMeshFaceTables: Releasing number of faces: 4452
SetMeshDimension: Dimension of mesh is: 3
SetMeshDimension: Max dimension of mesh is: 3
NonNodalElements: Element dofs max: 8
SParFaceNumbering: Elapsed REAL time:     0.0000 (s)
SParEdgeNumbering: Elapsed REAL time:     0.0000 (s)
ParallelNonNodalElements: Number of initial nodes: 12513
ParallelNonNodalElements: Number of initial faces: 0
ParallelNonNodalElements: Number of initial edges: 0
ParallelNonNodalElements: Number of shared nodes: 2461
ParallelNonNodalElements: Number of owned shared nodes: 2366
ParallelNonNodal: Elapsed REAL time:     0.0001 (s)
MeshStabParams: Computing stabilization parameters
MeshStabParams: Elapsed REAL time:     0.0018 (s)
MeshStabParams: Computing stabilization parameters
MeshStabParams: Elapsed REAL time:     0.0002 (s)
MeshStabParams: Computing stabilization parameters
MeshStabParams: Elapsed REAL time:     0.0000 (s)
CompleteModelKeywords: Completing keywords for mortars and mechanics!
MAIN: -------------------------------------
AddMeshCoordinates: Setting mesh coordinates and time
VariableAdd: Adding variable > Coordinate 1 < of size 12513
VariableAdd: Adding variable > Coordinate 2 < of size 12513
VariableAdd: Adding variable > Coordinate 3 < of size 12513
VariableAdd: Adding variable > Coordinate 1 < of size 1805
VariableAdd: Adding variable > Coordinate 2 < of size 1805
VariableAdd: Adding variable > Coordinate 3 < of size 1805
VariableAdd: Adding variable > Coordinate 1 < of size 294
VariableAdd: Adding variable > Coordinate 2 < of size 294
VariableAdd: Adding variable > Coordinate 3 < of size 294
AddSolvers: Setting up 2 solvers
AddSolvers: Setting up solver 1: linelast
AddEquationBasics: Using procedure: StressSolve StressSolver
AddEquationBasics: Setting up solver: linelast
Loading user function library: [StressSolve]...[StressSolver_Init]
AddEquationBasics: Checking for _init solver
StressSolve_init: --------------------------------------------------
StressSolve_init: Solving displacements from linear elasticity model
StressSolve_init: --------------------------------------------------
Loading user function library: [StressSolve]...[StressSolver_bulk]
Loading user function library: [StressSolve]...[StressSolver_bulk]
AddEquationBasics: Checking for _bulk solver
Loading user function library: [StressSolve]...[StressSolver]
AddEquationBasics: Treating variable string: -dofs 3 displacement
AddEquationBasics: Creating standard variable: displacement
AddEquationBasics: Computing size of permutation vector
AddEquationBasics: Maximum size of permutation vector is: 12513
AddEquationBasics: Creating solver matrix topology
CreateMatrix: Creating initial permutation
CreateMatrix: Creating inverse of initial order of size: 12513
CreateMatrix: Creating list matrix for equation: linelast
MakeListMatrix: Creating list matrix
OptimizeBandwidth: ---------------------------------------------------------
OptimizeBandwidth: Computing matrix structure for: linelast
OptimizeBandwidth: Initial bandwidth for linelast: 12255
OptimizeBandwidth: Optimized bandwidth for linelast: 735
OptimizeBandwidth: ---------------------------------------------------------
CreateMatrix: Initializing list matrix for equation
CRS_CreateMatrix: Creating CRS Matrix of size: 37539
CRS_CreateMatrix: Creating CRS Matrix with nofs: 2750985
CreateMatrix: Sparse matrix created
AddEquationBasics: Number of rows in CRS matrix: 37539
AddEquationBasics: Creating solver variable
VariableAdd: Adding variable > displacement < of size 37539
VariableAdd: Adding variable > displacement 1 < of size 12513
VariableAdd: Adding variable > displacement 2 < of size 12513
VariableAdd: Adding variable > displacement 3 < of size 12513
SolverInitialization: Elapsed REAL time:     0.2495 (s)
AddSolvers: Setting up solver 2: savescalars
AddEquationBasics: Using procedure: SaveData SaveScalars
AddEquationBasics: Setting up solver: savescalars
Loading user function library: [SaveData]...[SaveScalars_Init]
AddEquationBasics: Checking for _init solver
Loading user function library: [SaveData]...[SaveScalars_bulk]
Loading user function library: [SaveData]...[SaveScalars_bulk]
AddEquationBasics: Checking for _bulk solver
Loading user function library: [SaveData]...[SaveScalars]
AddEquationBasics: Creating null variable with no name
AddSolvers: Setting up solvers done
AddTimeEtc: Setting time and other global variables
VariableAdd: Adding variable > Time < of size 1
VariableAdd: Adding variable > Timestep < of size 1
VariableAdd: Adding variable > Timestep size < of size 1
VariableAdd: Adding variable > Timestep interval < of size 1
VariableAdd: Adding variable > nonlin iter < of size 1
VariableAdd: Adding variable > coupled iter < of size 1
VariableAdd: Adding variable > Partition < of size 1
VariableAdd: Adding variable > Time < of size 1
VariableAdd: Adding variable > Timestep < of size 1
VariableAdd: Adding variable > Timestep size < of size 1
VariableAdd: Adding variable > Timestep interval < of size 1
VariableAdd: Adding variable > nonlin iter < of size 1
VariableAdd: Adding variable > coupled iter < of size 1
VariableAdd: Adding variable > Partition < of size 1
VariableAdd: Adding variable > Time < of size 1
VariableAdd: Adding variable > Timestep < of size 1
VariableAdd: Adding variable > Timestep size < of size 1
VariableAdd: Adding variable > Timestep interval < of size 1
VariableAdd: Adding variable > nonlin iter < of size 1
VariableAdd: Adding variable > coupled iter < of size 1
VariableAdd: Adding variable > Partition < of size 1
MAIN: Random seed initialized to: 314159265
SetInitialConditions: Setting up initial conditions (if any)
MAIN: Number of timesteps to be saved: 1
MAIN: 
MAIN: -------------------------------------
MAIN:  Steady state iteration:            1
MAIN: -------------------------------------
MAIN: 
SolveEquations: Solvers before timestep
SolveEquations: Solvers in main iteration loop
SolveEquations: Performing set of solvers in sequence
ListTagCount: Counting tags for keyword normalization!
SetActiveElementsTable: Creating active element table for: linelast
SetActiveElementsTable: Number of active elements found : 10752
ParallelInitMatrix: Creating communication structures for matrix!
ParallelInitMatrix: Allocating communication structures for matrix!
SplitMatrix: Splitting parallel matrix
SplitMatrix: Allocating split stuff for 192 partitions!
List_ToListMatrix: Matrix format changed from CRS to List
List_ToCRSMatrix: Changing matrix type with number of non-zeros: 2738538
List_ToCRSMatrix: Matrix format changed from List to CRS
SingleSolver: Attempting to call solver: 1
SingleSolver: Solver Equation string is: linelast
StressSolve: 
StressSolve: --------------------------------------------------
StressSolve: Solving displacements from linear elasticity model
StressSolve: --------------------------------------------------
DefaultStart: Starting solver: linelast
StressSolve: Starting assembly...
InitializeToZero: Initializing the linear system to zero
StressSolve: Assembly:
SetNodalLoads: Finished checking for nodal loads
SetNodalLoads: Finished checking for nodal loads
SetNodalLoads: Finished checking for nodal loads
SetDirichletBoundaries: Number of dofs set for displacement: 0
DefUtils::DefaultDirichletBCs: Setting Dirichlet boundary conditions
SetDirichletBoundaries: Number of dofs set for displacement 1: 25600
DefUtils::DefaultDirichletBCs: p-element condition setup: displacement 1
SetDirichletBoundaries: Number of dofs set for displacement 2: 25600
DefUtils::DefaultDirichletBCs: p-element condition setup: displacement 2
SetDirichletBoundaries: Number of dofs set for displacement 3: 25600
DefUtils::DefaultDirichletBCs: p-element condition setup: displacement 3
EnforceDirichletConditions: Enforcing total of 21246 Dirichlet conditions.
EnforceDirichletConditions: Applying Dirichlet conditions using scaled diagonal
ScaleLinearSystem: Creating > DiagScaling < vector of size 37539
EnforceDirichletConditions: Dirichlet conditions enforced for dofs: 19683
EnforceDirichletConditions: Dirichlet conditions shared count: 1563
DefUtils::DefaultDirichletBCs: Dirichlet boundary conditions set
DefaultSolve: Solving linear system with default routines
GenerateConstraintMatrix: Nothing to do for now
SolveSystem: Solving linear system
SolveSystem: Solving linear system in standard way
SolveLinearSystem: Assuming real valued linear system
SolveLinearSystem: Using previously created parallel matrix structures!
SolveLinearSystem: Assuming parallel linear system
ScaleLinearSystem: Creating > DiagScaling < vector of size 37539
SolveLinearSystem: Linear System Preconditioning: parasails
Prec0-parasails: Elapsed REAL time:     0.0000 (s)
SolveLinearSystem: CRS matrix passed the dense test of size 3
SolveLinearSystem: Parallel linear System Solver: iterative
SParIterSolver: Solving linear in parallel with iterative methods
HypreSolver: Solving linear system using HYPRE library
HypreParameters: Setting parameters for Hypre solvers
HypreParameters: Using HYPRE iterative method: bicgstab
HypreParameters: Using HYPRE preconditioning method: parasails
HypreParameters: Hypre method index: 704
HypreSolver: Setting up Hypre solver structures
SolveHypre: Performing HYPRE Setup
SolveHypre: NonZero Hypre parameters
  intpara 2: 1
   dppara 1: -0.95
   dppara 2: -0.95
SolveHypre: using ParaSails as preconditioner
SolveHypre: Setting up BiCGStab linear system** ParaSails Setup Pattern Statistics ***********
symmetric             : 0
thresh                : 0.116113
num_levels            : 1
Max cost (average)    : 5.9e+09 (2.2e+08)
Nnz (ratio)           : 52962643 ( 0.11)
Max setup pattern time:      0.1
*************************************************
** ParaSails Setup Values Statistics ************
filter                : 0.231904
loadbal               : 0.000000
Final Nnz (ratio)     : 18673080 ( 0.04)
Max setup values time :      2.9
*************************************************
Setup (pattern and values) times:
  0:      2.0
  1:      0.4
  2:      1.6
  3:      0.7
  4:      1.0
  5:      1.8
  6:      2.0
  7:      1.3
  8:      3.1
  9:      1.9
 10:      1.2
 11:      0.4
 12:      1.3
 13:      3.0
 14:      1.8
 15:      0.4
 16:      2.1
 17:      0.3
 18:      1.2
 19:      2.0
 20:      1.0
 21:      1.6
 22:      1.1
 23:      0.3
 24:      1.8
 25:      1.2
 26:      1.8
 27:      1.2
 28:      0.4
 29:      1.0
 30:      1.3
 31:      0.4
 32:      0.3
 33:      1.2
 34:      0.9
 35:      1.9
 36:      1.3
 37:      0.3
 38:      0.4
 39:      1.0
 40:      1.6
 41:      0.8
 42:      0.8
 43:      0.8
 44:      1.7
 45:      0.8
 46:      0.3
 47:      0.4
 48:      0.4
 49:      1.0
 50:      1.4
 51:      1.3
 52:      1.9
 53:      1.9
 54:      1.3
 55:      0.9
 56:      2.0
 57:      1.6
 58:      0.4
 59:      1.4
 60:      1.4
 61:      0.4
 62:      1.6
 63:      1.8
 64:      0.4
 65:      0.3
 66:      2.2
 67:      1.2
 68:      0.8
 69:      0.4
 70:      0.9
 71:      0.9
 72:      0.8
 73:      2.1
 74:      1.1
 75:      0.9
 76:      1.0
 77:      2.1
 78:      1.2
 79:      1.9
 80:      1.1
 81:      1.1
 82:      0.4
 83:      0.4
 84:      2.0
 85:      1.2
 86:      1.1
 87:      1.1
 88:      0.9
 89:      2.1
 90:      0.8
 91:      1.2
 92:      0.3
 93:      0.3
 94:      0.9
 95:      2.1
 96:      1.6
 97:      1.5
 98:      0.8
 99:      0.9
100:      1.1
101:      0.3
102:      1.1
103:      2.0
104:      0.7
105:      1.0
106:      2.3
107:      1.3
108:      2.0
109:      1.0
110:      1.0
111:      1.1
112:      0.4
113:      0.3
114:      2.4
115:      0.9
116:      1.6
117:      0.5
118:      0.9
119:      1.5
120:      0.9
121:      2.1
122:      0.8
123:      1.3
124:      1.3
125:      0.7
126:      1.3
127:      1.4
128:      1.1
129:      0.3
130:      1.1
131:      0.3
132:      1.6
133:      0.3
134:      1.2
135:      1.6
136:      0.8
137:      2.5
138:      0.3
139:      1.7
140:      1.2
141:      1.6
142:      2.2
143:      1.4
144:      0.3
145:      0.4
146:      1.1
147:      1.9
148:      1.5
149:      1.2
150:      1.9
151:      1.6
152:      0.9
153:      0.3
154:      0.3
155:      1.1
156:      0.7
157:      1.0
158:      1.6
159:      1.1
160:      2.3
161:      1.7
162:      1.5
163:      1.4
164:      2.2
165:      0.3
166:      0.7
167:      1.6
168:      0.3
169:      0.3
170:      0.3
171:      1.2
172:      0.9
173:      1.1
174:      1.1
175:      1.5
176:      1.6
177:      0.7
178:      0.3
179:      0.3
180:      1.2
181:      0.3
182:      0.3
183:      1.6
184:      1.7
185:      1.0
186:      0.7
187:      1.1
188:      0.6
189:      0.3
190:      1.1
191:      0.3
ave:      1.1
*************************************************
SolveHypre: setup time (method 704): 3.49672
HypreSolver: Solving previously created Hypre setup
SolveHypre: solving the linear system
SolveHypre: Solving linear system with BiCGStab (method 704)
L2 norm of b: 1.020009e+00
Initial L2 norm of residual: 1.020009e+00
=============================================

Iters     resid.norm     conv.rate  rel.res.norm
-----    ------------    ---------- ------------
    1    4.945806e-01    0.484879   4.848788e-01
    2    4.193435e-01    0.847877   4.111176e-01
    3    3.845049e-01    0.916921   3.769624e-01
    4    3.806114e-01    0.989874   3.731452e-01
    5    3.336644e-01    0.876654   3.271192e-01
    6    3.027597e-01    0.907378   2.968207e-01
    7    2.930153e-01    0.967815   2.872674e-01
    8    2.824500e-01    0.963943   2.769094e-01
    9    2.619259e-01    0.927336   2.567879e-01
   10    2.564380e-01    0.979048   2.514077e-01
   11    2.455714e-01    0.957625   2.407542e-01
   12    2.393303e-01    0.974585   2.346355e-01
   13    2.400926e-01    1.003185   2.353829e-01
   14    2.404098e-01    1.001321   2.356938e-01
   15    2.194840e-01    0.912958   2.151785e-01
   16    2.091522e-01    0.952927   2.050495e-01
   17    2.082627e-01    0.995747   2.041774e-01
   18    2.080190e-01    0.998830   2.039385e-01
   19    2.060010e-01    0.990299   2.019600e-01
   20    2.044030e-01    0.992243   2.003934e-01
   21    2.046737e-01    1.001325   2.006588e-01
   22    2.145296e-01    1.048154   2.103213e-01
   23    1.981454e-01    0.923627   1.942585e-01
   24    1.933021e-01    0.975557   1.895102e-01
   25    1.953187e-01    1.010432   1.914873e-01
   26    1.924494e-01    0.985310   1.886742e-01
   27    1.916663e-01    0.995931   1.879065e-01
   28    1.928419e-01    1.006134   1.890590e-01
   29    1.981234e-01    1.027388   1.942369e-01
   30    1.692863e-01    0.854449   1.659655e-01
   31    1.622748e-01    0.958582   1.590915e-01
   32    1.634549e-01    1.007273   1.602486e-01
   33    1.629864e-01    0.997134   1.597892e-01
   34    1.640357e-01    1.006438   1.608179e-01
   35    1.646253e-01    1.003594   1.613960e-01
   36    1.676833e-01    1.018576   1.643940e-01
   37    1.635301e-01    0.975232   1.603223e-01
   38    1.629571e-01    0.996496   1.597605e-01
   39    1.648743e-01    1.011765   1.616401e-01
   40    1.646845e-01    0.998849   1.614540e-01
   41    1.661907e-01    1.009146   1.629307e-01
   42    1.681843e-01    1.011996   1.648851e-01
   43    1.677514e-01    0.997426   1.644608e-01
   44    1.694409e-01    1.010071   1.661171e-01
   45    1.714348e-01    1.011768   1.680719e-01
   46    1.700499e-01    0.991922   1.667141e-01
   47    1.696239e-01    0.997495   1.662965e-01
   48    1.675779e-01    0.987938   1.642906e-01
   49    1.699749e-01    1.014304   1.666407e-01
   50    1.696093e-01    0.997849   1.662822e-01
   51    1.720340e-01    1.014296   1.686593e-01
   52    1.732105e-01    1.006839   1.698128e-01
   53    1.713251e-01    0.989115   1.679644e-01
   54    1.678935e-01    0.979970   1.646001e-01
   55    1.619420e-01    0.964552   1.587653e-01
   56    1.625543e-01    1.003781   1.593656e-01
   57    1.612651e-01    0.992069   1.581017e-01
   58    1.627275e-01    1.009068   1.595354e-01
   59    1.636511e-01    1.005676   1.604409e-01
   60    1.646254e-01    1.005954   1.613961e-01
   61    1.643890e-01    0.998564   1.611643e-01
   62    1.654319e-01    1.006344   1.621868e-01
   63    1.663115e-01    1.005317   1.630491e-01
   64    1.673732e-01    1.006384   1.640900e-01
   65    1.668182e-01    0.996684   1.635459e-01
   66    1.679744e-01    1.006930   1.646793e-01
   67    1.686201e-01    1.003844   1.653124e-01
   68    1.791298e-01    1.062328   1.756160e-01
   69    1.702274e-01    0.950302   1.668882e-01
   70    1.712103e-01    1.005774   1.678518e-01
   71    1.710354e-01    0.998978   1.676803e-01
   72    1.734638e-01    1.014198   1.700611e-01
   73    1.733995e-01    0.999629   1.699980e-01
   74    1.737291e-01    1.001901   1.703212e-01
   75    1.730109e-01    0.995866   1.696171e-01
   76    1.726749e-01    0.998058   1.692877e-01
   77    1.747255e-01    1.011875   1.712980e-01
   78    1.752169e-01    1.002813   1.717798e-01
   79    1.757879e-01    1.003259   1.723396e-01
   80    1.767906e-01    1.005704   1.733226e-01
   81    1.785861e-01    1.010156   1.750829e-01
   82    1.796188e-01    1.005783   1.760953e-01
   83    1.804764e-01    1.004775   1.769361e-01
   84    1.812842e-01    1.004476   1.777281e-01
   85    1.710712e-01    0.943663   1.677155e-01
   86    1.714015e-01    1.001931   1.680393e-01
   87    1.637930e-01    0.955610   1.605800e-01
   88    1.649156e-01    1.006854   1.616806e-01
   89    1.641350e-01    0.995267   1.609153e-01
   90    1.658235e-01    1.010287   1.625707e-01
   91    1.670256e-01    1.007249   1.637492e-01
   92    1.669075e-01    0.999293   1.636334e-01
   93    1.670599e-01    1.000913   1.637828e-01
   94    1.677177e-01    1.003938   1.644277e-01
   95    1.670867e-01    0.996238   1.638091e-01
   96    1.677138e-01    1.003753   1.644239e-01
   97    1.688980e-01    1.007061   1.655848e-01
   98    1.684718e-01    0.997477   1.651670e-01
   99    1.689006e-01    1.002545   1.655874e-01
  100    1.694172e-01    1.003058   1.660938e-01
  101    1.694952e-01    1.000461   1.661704e-01
  102    1.697605e-01    1.001565   1.664304e-01
  103    1.693612e-01    0.997648   1.660389e-01
  104    1.743225e-01    1.029294   1.709029e-01
  105    1.695448e-01    0.972593   1.662190e-01
  106    1.706620e-01    1.006590   1.673143e-01
  107    1.704391e-01    0.998694   1.670957e-01
  108    1.638568e-01    0.961380   1.606425e-01
  109    1.594229e-01    0.972940   1.562956e-01
  110    1.593209e-01    0.999360   1.561956e-01
  111    1.597520e-01    1.002706   1.566182e-01
  112    1.596915e-01    0.999622   1.565590e-01
  113    1.601874e-01    1.003105   1.570451e-01
  114    1.607519e-01    1.003524   1.575985e-01
  115    1.612554e-01    1.003133   1.580922e-01
  116    1.610098e-01    0.998477   1.578514e-01
  117    1.619292e-01    1.005710   1.587527e-01
  118    1.618911e-01    0.999765   1.587154e-01
  119    1.617382e-01    0.999056   1.585655e-01
  120    1.617971e-01    1.000364   1.586232e-01
  121    1.625683e-01    1.004767   1.593793e-01
  122    1.626313e-01    1.000388   1.594411e-01
  123    1.630879e-01    1.002807   1.598888e-01
  124    1.636191e-01    1.003257   1.604095e-01
  125    1.635781e-01    0.999750   1.603693e-01
  126    1.644594e-01    1.005387   1.612333e-01
  127    1.647490e-01    1.001761   1.615172e-01
  128    1.652086e-01    1.002790   1.619678e-01
  129    1.657711e-01    1.003405   1.625193e-01
  130    1.665417e-01    1.004649   1.632748e-01
  131    1.661211e-01    0.997475   1.628624e-01
  132    1.664172e-01    1.001783   1.631527e-01
  133    1.669943e-01    1.003468   1.637185e-01
  134    1.677840e-01    1.004729   1.644927e-01
  135    1.674127e-01    0.997787   1.641287e-01
  136    1.677993e-01    1.002309   1.645077e-01
  137    1.682532e-01    1.002705   1.649527e-01
  138    1.686603e-01    1.002420   1.653518e-01
  139    1.692122e-01    1.003272   1.658929e-01
  140    1.695031e-01    1.001719   1.661780e-01
  141    1.698655e-01    1.002139   1.665334e-01
  142    1.702348e-01    1.002174   1.668955e-01
  143    1.699632e-01    0.998404   1.666291e-01
  144    1.720167e-01    1.012082   1.686424e-01
  145    1.719720e-01    0.999740   1.685985e-01
  146    1.716693e-01    0.998240   1.683018e-01
  147    1.723428e-01    1.003923   1.689621e-01
  148    1.728935e-01    1.003196   1.695020e-01
  149    1.727818e-01    0.999353   1.693924e-01
  150    1.728435e-01    1.000358   1.694530e-01
  151    1.730250e-01    1.001050   1.696309e-01
  152    1.741323e-01    1.006400   1.707165e-01
  153    1.738882e-01    0.998598   1.704772e-01
  154    1.745145e-01    1.003602   1.710912e-01
  155    1.765054e-01    1.011408   1.730430e-01
  156    1.757171e-01    0.995534   1.722701e-01
  157    1.761776e-01    1.002621   1.727216e-01
  158    1.784318e-01    1.012795   1.749316e-01
  159    1.767195e-01    0.990404   1.732529e-01
  160    1.760380e-01    0.996143   1.725848e-01
  161    1.770793e-01    1.005916   1.736057e-01
  162    1.766888e-01    0.997795   1.732228e-01
  163    1.777664e-01    1.006099   1.742793e-01
  164    1.789102e-01    1.006434   1.754006e-01
  165    1.795688e-01    1.003681   1.760463e-01
  166    1.795015e-01    0.999625   1.759803e-01
  167    1.719134e-01    0.957727   1.685411e-01
  168    4.415848e-01    2.568647   4.329226e-01
  169    1.675912e-01    0.379522   1.643037e-01
  170    1.659067e-01    0.989949   1.626522e-01
  171    1.658128e-01    0.999434   1.625601e-01
  172    1.658800e-01    1.000405   1.626260e-01
  173    1.665417e-01    1.003989   1.632748e-01
  174    1.662731e-01    0.998387   1.630115e-01
  175    1.576548e-01    0.948168   1.545623e-01
  176    1.518097e-01    0.962924   1.488317e-01
  177    1.506332e-01    0.992250   1.476783e-01
  178    1.504257e-01    0.998623   1.474749e-01
  179    1.503924e-01    0.999778   1.474422e-01
  180    1.503361e-01    0.999626   1.473870e-01
  181    1.502640e-01    0.999520   1.473163e-01
  182    1.501764e-01    0.999417   1.472305e-01
  183    1.502561e-01    1.000531   1.473086e-01
  184    1.488256e-01    0.990479   1.459062e-01
  185    1.475526e-01    0.991447   1.446582e-01
  186    1.471380e-01    0.997190   1.442517e-01
  187    1.471671e-01    1.000198   1.442802e-01
  188    1.471496e-01    0.999881   1.442631e-01
  189    1.469922e-01    0.998930   1.441088e-01
  190    1.466113e-01    0.997408   1.437353e-01
  191    1.463817e-01    0.998434   1.435103e-01
  192    1.460436e-01    0.997690   1.431787e-01
  193    1.457085e-01    0.997706   1.428502e-01
  194    1.453907e-01    0.997819   1.425387e-01
  195    1.449490e-01    0.996962   1.421057e-01
  196    1.448032e-01    0.998994   1.419627e-01
  197    1.448614e-01    1.000402   1.420197e-01
  198    1.287895e-01    0.889054   1.262632e-01
  199    1.191782e-01    0.925372   1.168404e-01
  200    1.194301e-01    1.002114   1.170874e-01
  201    1.194087e-01    0.999820   1.170663e-01
  202    1.181513e-01    0.989470   1.158336e-01
  203    1.179347e-01    0.998167   1.156213e-01
  204    1.175451e-01    0.996696   1.152393e-01
  205    1.170162e-01    0.995500   1.147208e-01
  206    1.166376e-01    0.996764   1.143496e-01
  207    1.160835e-01    0.995250   1.138064e-01
  208    1.162064e-01    1.001058   1.139269e-01
  209    1.157408e-01    0.995994   1.134704e-01
  210    1.153599e-01    0.996709   1.130970e-01
  211    1.156962e-01    1.002915   1.134266e-01
  212    1.126238e-01    0.973445   1.104145e-01
  213    1.107179e-01    0.983078   1.085460e-01
  214    1.121612e-01    1.013035   1.099610e-01
  215    1.101894e-01    0.982421   1.080279e-01
  216    1.101340e-01    0.999497   1.079736e-01
  217    1.096122e-01    0.995262   1.074620e-01
  218    1.093477e-01    0.997587   1.072028e-01
  219    1.090973e-01    0.997710   1.069572e-01
  220    1.088738e-01    0.997951   1.067381e-01
  221    1.087350e-01    0.998725   1.066020e-01
  222    1.085914e-01    0.998679   1.064612e-01
  223    1.084944e-01    0.999107   1.063662e-01
  224    1.084516e-01    0.999606   1.063242e-01
  225    1.083971e-01    0.999497   1.062707e-01
  226    1.083583e-01    0.999643   1.062327e-01
  227    1.085249e-01    1.001537   1.063961e-01
  228    1.089010e-01    1.003466   1.067648e-01
  229    1.085296e-01    0.996589   1.064006e-01
  230    1.083671e-01    0.998503   1.062414e-01
  231    1.084931e-01    1.001162   1.063648e-01
  232    1.085175e-01    1.000225   1.063888e-01
  233    1.085105e-01    0.999935   1.063819e-01
  234    1.087730e-01    1.002419   1.066393e-01
  235    1.087636e-01    0.999914   1.066301e-01
  236    1.089458e-01    1.001675   1.068087e-01
  237    1.090940e-01    1.001361   1.069540e-01
  238    1.093079e-01    1.001961   1.071637e-01
  239    1.094392e-01    1.001200   1.072924e-01
  240    1.097661e-01    1.002987   1.076129e-01
  241    1.095157e-01    0.997719   1.073675e-01
  242    1.091771e-01    0.996908   1.070355e-01
  243    1.095332e-01    1.003262   1.073846e-01
  244    1.097621e-01    1.002089   1.076089e-01
  245    1.091120e-01    0.994078   1.069717e-01
  246    1.087786e-01    0.996944   1.066448e-01
  247    1.088271e-01    1.000446   1.066924e-01
  248    1.089266e-01    1.000913   1.067898e-01
  249    1.089743e-01    1.000439   1.068367e-01
  250    1.089590e-01    0.999859   1.068216e-01
  251    1.090022e-01    1.000397   1.068640e-01
  252    1.090099e-01    1.000070   1.068715e-01
  253    1.090332e-01    1.000214   1.068944e-01
  254    1.090235e-01    0.999911   1.068849e-01
  255    1.090350e-01    1.000105   1.068961e-01
  256    1.094476e-01    1.003784   1.073007e-01
  257    1.063638e-01    0.971824   1.042774e-01
  258    1.039579e-01    0.977380   1.019186e-01
  259    1.040107e-01    1.000508   1.019704e-01
  260    1.039108e-01    0.999039   1.018725e-01
  261    1.038621e-01    0.999532   1.018247e-01
  262    1.038065e-01    0.999464   1.017702e-01
  263    1.037211e-01    0.999177   1.016865e-01
  264    1.036805e-01    0.999608   1.016466e-01
  265    1.035743e-01    0.998976   1.015425e-01
  266    1.034802e-01    0.999091   1.014503e-01
  267    1.033982e-01    0.999208   1.013700e-01
  268    1.029202e-01    0.995377   1.009013e-01
  269    1.028951e-01    0.999756   1.008767e-01
  270    1.025673e-01    0.996814   1.005554e-01
  271    1.027989e-01    1.002258   1.007824e-01
  272    1.018753e-01    0.991015   9.987686e-02
  273    1.017119e-01    0.998396   9.971669e-02
  274    1.015487e-01    0.998396   9.955671e-02
  275    1.014604e-01    0.999131   9.947015e-02
  276    1.011714e-01    0.997152   9.918685e-02
  277    1.011420e-01    0.999709   9.915796e-02
  278    1.008114e-01    0.996732   9.883387e-02
  279    1.008055e-01    0.999941   9.882806e-02
  280    1.005308e-01    0.997276   9.855881e-02
  281    1.006116e-01    1.000803   9.863794e-02
  282    1.001704e-01    0.995615   9.820542e-02
  283    9.993298e-02    0.997630   9.797267e-02
  284    9.971705e-02    0.997839   9.776098e-02
  285    9.955920e-02    0.998417   9.760623e-02
  286    9.912401e-02    0.995629   9.717957e-02
  287    9.914711e-02    1.000233   9.720222e-02
  288    9.879844e-02    0.996483   9.686039e-02
  289    9.854783e-02    0.997463   9.661469e-02
  290    9.810878e-02    0.995545   9.618426e-02
  291    9.809568e-02    0.999866   9.617142e-02
  292    9.773832e-02    0.996357   9.582106e-02
  293    9.742911e-02    0.996836   9.551792e-02
  294    9.720920e-02    0.997743   9.530232e-02
  295    9.698602e-02    0.997704   9.508352e-02
  296    9.663258e-02    0.996356   9.473701e-02
  297    9.645477e-02    0.998160   9.456270e-02
  298    9.476802e-02    0.982513   9.290903e-02
  299    1.013728e-01    1.069694   9.938428e-02
  300    9.576079e-02    0.944640   9.388233e-02
  301    1.682865e-01    1.757363   1.649853e-01
  302    9.536382e-02    0.566675   9.349314e-02
  303    9.502252e-02    0.996421   9.315854e-02
  304    9.501847e-02    0.999957   9.315457e-02
  305    9.463923e-02    0.996009   9.278277e-02
  306    9.456043e-02    0.999167   9.270551e-02
  307    9.470550e-02    1.001534   9.284774e-02
  308    9.413898e-02    0.994018   9.229233e-02
  309    9.415755e-02    1.000197   9.231053e-02
  310    9.384145e-02    0.996643   9.200063e-02
  311    9.370658e-02    0.998563   9.186841e-02
  312    9.357738e-02    0.998621   9.174175e-02
  313    9.508080e-02    1.016066   9.321568e-02
  314    9.119436e-02    0.959125   8.940548e-02
  315    8.985683e-02    0.985333   8.809418e-02
  316    8.882166e-02    0.988480   8.707931e-02
  317    8.887804e-02    1.000635   8.713459e-02
  318    8.886542e-02    0.999858   8.712222e-02
  319    8.854444e-02    0.996388   8.680753e-02
  320    8.792820e-02    0.993040   8.620338e-02
  321    8.827528e-02    1.003947   8.654365e-02
  322    8.810336e-02    0.998052   8.637510e-02
  323    8.797690e-02    0.998565   8.625113e-02
  324    8.797861e-02    1.000019   8.625281e-02
  325    8.767400e-02    0.996538   8.595417e-02
  326    8.766748e-02    0.999926   8.594777e-02
  327    8.738149e-02    0.996738   8.566739e-02
  328    8.725649e-02    0.998569   8.554485e-02
  329    8.730739e-02    1.000583   8.559475e-02
  330    8.571450e-02    0.981755   8.403311e-02
  331    8.655631e-02    1.009821   8.485840e-02
  332    8.494977e-02    0.981439   8.328338e-02
  333    8.419198e-02    0.991080   8.254045e-02
  334    1.228046e-01    1.458626   1.203956e-01
  335    8.396205e-02    0.683704   8.231503e-02
  336    8.380773e-02    0.998162   8.216373e-02
  337    8.352681e-02    0.996648   8.188833e-02
  338    8.342692e-02    0.998804   8.179039e-02
  339    8.325696e-02    0.997963   8.162377e-02
  340    8.325527e-02    0.999980   8.162212e-02
  341    8.292600e-02    0.996045   8.129930e-02
  342    8.214124e-02    0.990537   8.052994e-02
  343    8.189029e-02    0.996945   8.028391e-02
  344    8.182913e-02    0.999253   8.022395e-02
  345    1.517137e-01    1.854030   1.487376e-01
  346    8.202877e-02    0.540681   8.041968e-02
  347    8.212642e-02    1.001190   8.051541e-02
  348    8.211512e-02    0.999862   8.050433e-02
  349    8.183845e-02    0.996631   8.023309e-02
  350    8.167199e-02    0.997966   8.006989e-02
  351    8.124425e-02    0.994763   7.965055e-02
  352    8.123625e-02    0.999901   7.964270e-02
  353    8.124299e-02    1.000083   7.964931e-02
  354    8.113787e-02    0.998706   7.954625e-02
  355    8.144233e-02    1.003752   7.984474e-02
  356    8.080982e-02    0.992234   7.922463e-02
  357    8.062824e-02    0.997753   7.904661e-02
  358    8.045843e-02    0.997894   7.888014e-02
  359    8.043548e-02    0.999715   7.885764e-02
  360    8.024096e-02    0.997582   7.866693e-02
  361    8.008335e-02    0.998036   7.851242e-02
  362    8.007684e-02    0.999919   7.850603e-02
  363    7.957924e-02    0.993786   7.801820e-02
  364    7.957251e-02    0.999915   7.801159e-02
  365    7.958977e-02    1.000217   7.802852e-02
  366    7.945196e-02    0.998269   7.789341e-02
  367    7.874674e-02    0.991124   7.720203e-02
  368    7.894201e-02    1.002480   7.739346e-02
  369    7.893771e-02    0.999946   7.738925e-02
  370    7.878437e-02    0.998057   7.723892e-02
  371    7.873740e-02    0.999404   7.719287e-02
  372    7.891159e-02    1.002212   7.736364e-02
  373    7.763414e-02    0.983812   7.611126e-02
  374    2.072884e+01    267.006695   2.032221e+01
  375    9.650449e-02    0.004656   9.461144e-02
  376    1.033806e-01    1.071252   1.013527e-01
  377    7.779077e-02    0.752469   7.626481e-02
  378    7.742931e-02    0.995354   7.591044e-02
  379    7.733727e-02    0.998811   7.582021e-02
  380    7.869023e-02    1.017494   7.714662e-02
  381    7.774469e-02    0.987984   7.621964e-02
  382    7.773562e-02    0.999883   7.621074e-02
  383    7.760446e-02    0.998313   7.608216e-02
  384    7.657374e-02    0.986718   7.507165e-02
  385    7.730727e-02    1.009579   7.579079e-02
  386    7.733338e-02    1.000338   7.581639e-02
  387    7.730193e-02    0.999593   7.578556e-02
  388    7.612867e-02    0.984822   7.463531e-02
  389    7.741330e-02    1.016874   7.589474e-02
  390    7.751295e-02    1.001287   7.599244e-02
  391    7.694603e-02    0.992686   7.543664e-02
  392    7.665061e-02    0.996161   7.514701e-02
  393    7.698397e-02    1.004349   7.547383e-02
  394    7.643914e-02    0.992923   7.493969e-02
  395    7.639357e-02    0.999404   7.489502e-02
  396    7.619484e-02    0.997399   7.470018e-02
  397    7.613063e-02    0.999157   7.463724e-02
  398    7.613017e-02    0.999994   7.463678e-02
  399    7.609927e-02    0.999594   7.460649e-02
  400    7.609437e-02    0.999936   7.460168e-02
  401    7.610902e-02    1.000193   7.461605e-02
  402    7.613583e-02    1.000352   7.464233e-02
  403    7.649085e-02    1.004663   7.499039e-02
  404    7.614561e-02    0.995487   7.465192e-02
  405    7.704498e-02    1.011811   7.553365e-02
  406    1.001651e-01    1.300086   9.820022e-02
  407    7.578142e-02    0.756565   7.429488e-02
  408    7.559617e-02    0.997555   7.411326e-02
  409    7.556818e-02    0.999630   7.408582e-02
  410    7.556693e-02    0.999983   7.408459e-02
  411    7.555951e-02    0.999902   7.407732e-02
  412    7.556863e-02    1.000121   7.408626e-02
  413    7.557732e-02    1.000115   7.409478e-02
  414    7.557544e-02    0.999975   7.409293e-02
  415    7.555740e-02    0.999761   7.407525e-02
  416    7.553139e-02    0.999656   7.404975e-02
  417    7.562746e-02    1.001272   7.414393e-02
  418    7.688339e-02    1.016607   7.537522e-02
  419    7.534794e-02    0.980029   7.386990e-02
  420    7.532969e-02    0.999758   7.385200e-02
  421    7.529606e-02    0.999554   7.381904e-02
  422    7.529446e-02    0.999979   7.381746e-02
  423    7.531975e-02    1.000336   7.384226e-02
  424    7.530222e-02    0.999767   7.382507e-02
  425    7.529790e-02    0.999943   7.382084e-02
  426    7.529513e-02    0.999963   7.381812e-02
  427    7.533866e-02    1.000578   7.386080e-02
  428    7.533248e-02    0.999918   7.385474e-02
  429    7.535802e-02    1.000339   7.387978e-02
  430    7.551071e-02    1.002026   7.402947e-02
  431    7.476393e-02    0.990110   7.329734e-02
  432    7.424022e-02    0.992995   7.278391e-02
  433    7.418192e-02    0.999215   7.272675e-02
  434    7.420158e-02    1.000265   7.274602e-02
  435    7.417749e-02    0.999675   7.272241e-02
  436    7.417741e-02    0.999999   7.272233e-02
  437    7.418149e-02    1.000055   7.272633e-02
  438    7.417778e-02    0.999950   7.272269e-02
  439    7.417600e-02    0.999976   7.272095e-02
  440    7.417741e-02    1.000019   7.272233e-02
  441    7.429819e-02    1.001628   7.284074e-02
  442    7.430330e-02    1.000069   7.284575e-02
  443    7.430497e-02    1.000022   7.284738e-02
  444    7.429538e-02    0.999871   7.283798e-02
  445    7.429123e-02    0.999944   7.283391e-02
  446    7.432191e-02    1.000413   7.286400e-02
  447    7.432043e-02    0.999980   7.286255e-02
  448    7.427975e-02    0.999453   7.282266e-02
  449    7.427284e-02    0.999907   7.281589e-02
  450    2.391139e-01    3.219398   2.344233e-01
  451    7.440760e-02    0.311181   7.294801e-02
  452    7.440159e-02    0.999919   7.294211e-02
  453    7.445057e-02    1.000658   7.299013e-02
  454    7.444607e-02    0.999940   7.298572e-02
  455    7.439741e-02    0.999346   7.293801e-02
  456    7.439585e-02    0.999979   7.293649e-02
  457    7.478545e-02    1.005237   7.331844e-02
  458    7.450809e-02    0.996291   7.304652e-02
  459    7.452438e-02    1.000219   7.306250e-02
  460    7.452879e-02    1.000059   7.306682e-02
  461    7.452932e-02    1.000007   7.306733e-02
  462    7.458720e-02    1.000777   7.312408e-02
  463    7.454716e-02    0.999463   7.308483e-02
  464    7.454898e-02    1.000024   7.308661e-02
  465    7.448450e-02    0.999135   7.302339e-02
  466    7.442359e-02    0.999182   7.296368e-02
  467    7.442763e-02    1.000054   7.296764e-02
  468    8.052043e-02    1.081862   7.894092e-02
  469    7.468625e-02    0.927544   7.322119e-02
  470    7.446170e-02    0.996993   7.300104e-02
  471    7.445830e-02    0.999954   7.299771e-02
  472    7.503686e-02    1.007770   7.356492e-02
  473    7.484897e-02    0.997496   7.338072e-02
  474    8.044685e-02    1.074789   7.886879e-02
  475    1.474911e-01    1.833398   1.445979e-01
  476    7.430950e-02    0.503824   7.285183e-02
  477    7.426897e-02    0.999455   7.281210e-02
  478    7.425383e-02    0.999796   7.279725e-02
  479    7.420573e-02    0.999352   7.275010e-02
  480    7.412484e-02    0.998910   7.267079e-02
  481    7.411429e-02    0.999858   7.266044e-02
  482    7.409937e-02    0.999799   7.264582e-02
  483    7.410783e-02    1.000114   7.265411e-02
  484    7.411271e-02    1.000066   7.265890e-02
  485    7.396472e-02    0.998003   7.251381e-02
  486    7.381115e-02    0.997924   7.236326e-02
  487    7.380219e-02    0.999879   7.235447e-02
  488    7.380066e-02    0.999979   7.235297e-02
  489    7.381072e-02    1.000136   7.236283e-02
  490    7.380233e-02    0.999886   7.235461e-02
  491    7.381463e-02    1.000167   7.236667e-02
  492    7.386302e-02    1.000656   7.241411e-02
  493    7.375034e-02    0.998474   7.230364e-02
  494    7.371334e-02    0.999498   7.226736e-02
  495    7.375303e-02    1.000538   7.230627e-02
  496    7.354627e-02    0.997197   7.210356e-02
  497    7.360731e-02    1.000830   7.216341e-02
  498    7.359518e-02    0.999835   7.215152e-02
  499    7.357894e-02    0.999779   7.213560e-02
  500    7.888763e-02    1.072150   7.734016e-02
  501    7.364501e-02    0.933543   7.220037e-02
  502    7.368287e-02    1.000514   7.223749e-02
  503    7.336352e-02    0.995666   7.192440e-02
  504    7.339380e-02    1.000413   7.195409e-02
  505    7.330451e-02    0.998783   7.186655e-02
  506    7.327046e-02    0.999536   7.183317e-02
  507    7.327264e-02    1.000030   7.183531e-02
  508    7.326344e-02    0.999874   7.182629e-02
  509    7.329138e-02    1.000381   7.185368e-02
  510    7.332125e-02    1.000408   7.188296e-02
  511    7.326096e-02    0.999178   7.182386e-02
  512    7.582488e-02    1.034997   7.433749e-02
  513    7.297616e-02    0.962430   7.154464e-02
  514    7.273848e-02    0.996743   7.131162e-02
  515    7.269743e-02    0.999436   7.127139e-02
  516    7.253091e-02    0.997709   7.110813e-02
  517    7.256793e-02    1.000510   7.114442e-02
  518    7.252333e-02    0.999385   7.110069e-02
  519    7.262151e-02    1.001354   7.119695e-02
  520    7.266187e-02    1.000556   7.123652e-02
  521    7.254046e-02    0.998329   7.111749e-02
  522    7.305176e-02    1.007049   7.161876e-02
  523    7.304405e-02    0.999894   7.161120e-02
  524    7.134538e-02    0.976745   6.994585e-02
  525    7.168256e-02    1.004726   7.027642e-02
  526    7.175208e-02    1.000970   7.034457e-02
  527    7.163897e-02    0.998424   7.023369e-02
  528    7.130177e-02    0.995293   6.990310e-02
  529    7.126359e-02    0.999464   6.986567e-02
  530    7.118265e-02    0.998864   6.978631e-02
  531    7.115452e-02    0.999605   6.975873e-02
  532    7.142320e-02    1.003776   7.002215e-02
  533    7.132855e-02    0.998675   6.992936e-02
  534    7.145836e-02    1.001820   7.005662e-02
  535    7.127011e-02    0.997365   6.987205e-02
  536    6.930809e-02    0.972471   6.794853e-02
  537    6.757364e-02    0.974975   6.624810e-02
  538    6.769333e-02    1.001771   6.636544e-02
  539    9.492262e-02    1.402245   9.306060e-02
  540    5.786060e-01    6.095555   5.672560e-01
  541    2.356839e-01    0.407331   2.310607e-01
  542    1.916711e-01    0.813255   1.879112e-01
  543    7.123404e-02    0.371647   6.983670e-02
  544    7.109430e-02    0.998038   6.969970e-02
  545    7.419709e-02    1.043643   7.274163e-02
  546    7.493699e-02    1.009972   7.346701e-02
  547    6.719665e-02    0.896709   6.587851e-02
  548    6.790957e-02    1.010609   6.657744e-02
  549    6.846170e-02    1.008130   6.711874e-02
  550    6.829820e-02    0.997612   6.695845e-02
  551    6.830690e-02    1.000127   6.696698e-02
  552    6.828980e-02    0.999750   6.695021e-02
  553    6.717828e-02    0.983724   6.586050e-02
  554    6.702340e-02    0.997694   6.570865e-02
  555    6.563450e-02    0.979277   6.434700e-02
  556    6.560486e-02    0.999548   6.431794e-02
  557    6.557335e-02    0.999520   6.428705e-02
  558    6.543292e-02    0.997858   6.414938e-02
  559    6.543171e-02    0.999981   6.414818e-02
  560    6.535992e-02    0.998903   6.407780e-02
  561    6.493325e-02    0.993472   6.365950e-02
  562    6.574487e-02    1.012499   6.445521e-02
  563    6.564995e-02    0.998556   6.436215e-02
  564    6.443701e-02    0.981524   6.317300e-02
  565    6.451822e-02    1.001260   6.325262e-02
  566    6.432508e-02    0.997006   6.306327e-02
  567    6.421403e-02    0.998274   6.295439e-02
  568    6.475478e-02    1.008421   6.348453e-02
  569    6.435433e-02    0.993816   6.309194e-02
  570    5.654619e-02    0.878670   5.543697e-02
  571    5.628869e-02    0.995446   5.518451e-02
  572    6.194972e-02    1.100571   6.073450e-02
  573    6.197890e-02    1.000471   6.076311e-02
  574    6.169467e-02    0.995414   6.048445e-02
  575    6.182247e-02    1.002072   6.060975e-02
  576    6.170086e-02    0.998033   6.049052e-02
  577    6.151905e-02    0.997053   6.031228e-02
  578    6.151575e-02    0.999946   6.030904e-02
  579    8.382323e-02    1.362630   8.217893e-02
  580    6.246765e-02    0.745231   6.124227e-02
  581    6.365622e-02    1.019027   6.240752e-02
  582    5.408016e-02    0.849566   5.301931e-02
  583    5.420792e-02    1.002362   5.314456e-02
  584    5.380274e-02    0.992525   5.274733e-02
  585    6.647914e-02    1.235609   6.517507e-02
  586    5.705539e-02    0.858245   5.593618e-02
  587    5.756218e-02    1.008882   5.643302e-02
  588    5.752822e-02    0.999410   5.639973e-02
  589    5.750750e-02    0.999640   5.637942e-02
  590    5.773151e-02    1.003895   5.659904e-02
  591    5.775939e-02    1.000483   5.662637e-02
  592    5.751158e-02    0.995710   5.638342e-02
  593    5.748328e-02    0.999508   5.635568e-02
  594    5.746973e-02    0.999764   5.634239e-02
  595    5.732927e-02    0.997556   5.620468e-02
  596    5.667845e-02    0.988648   5.556663e-02
  597    5.637361e-02    0.994622   5.526778e-02
  598    5.442293e-02    0.965397   5.335536e-02
  599    5.239381e-02    0.962716   5.136604e-02
  600    5.496760e-02    1.049124   5.388934e-02
  601    5.423176e-02    0.986613   5.316794e-02
  602    5.389588e-02    0.993807   5.283865e-02
  603    5.396341e-02    1.001253   5.290485e-02
  604    5.391914e-02    0.999180   5.286145e-02
  605    5.381695e-02    0.998105   5.276126e-02
  606    5.386158e-02    1.000829   5.280502e-02
  607    5.369623e-02    0.996930   5.264291e-02
  608    5.353232e-02    0.996947   5.248222e-02
  609    5.555361e-02    1.037758   5.446386e-02
  610    5.373904e-02    0.967336   5.268488e-02
  611    5.397638e-02    1.004417   5.291757e-02
  612    5.458348e-02    1.011247   5.351276e-02
  613    5.374289e-02    0.984600   5.268866e-02
  614    5.334681e-02    0.992630   5.230035e-02
  615    1.174005e-01    2.200703   1.150975e-01
  616    1.155315e-01    0.984080   1.132652e-01
  617    1.777002e-01    1.538111   1.742144e-01
  618    8.111132e-02    0.456450   7.952022e-02
  619    5.388343e-02    0.664315   5.282644e-02
  620    5.124684e-02    0.951069   5.024157e-02
  621    5.122376e-02    0.999550   5.021895e-02
  622    5.131497e-02    1.001781   5.030837e-02
  623    5.123184e-02    0.998380   5.022687e-02
  624    5.107856e-02    0.997008   5.007659e-02
  625    5.107452e-02    0.999921   5.007263e-02
  626    5.107963e-02    1.000100   5.007764e-02
  627    5.107821e-02    0.999972   5.007625e-02
  628    5.096429e-02    0.997770   4.996457e-02
  629    5.095889e-02    0.999894   4.995927e-02
  630    5.095858e-02    0.999994   4.995896e-02
  631    5.065470e-02    0.994037   4.966104e-02
  632    5.065605e-02    1.000027   4.966237e-02
  633    5.055132e-02    0.997933   4.955970e-02
  634    5.053453e-02    0.999668   4.954323e-02
  635    5.048100e-02    0.998941   4.949076e-02
  636    5.048057e-02    0.999991   4.949033e-02
  637    5.047106e-02    0.999811   4.948100e-02
  638    5.054738e-02    1.001512   4.955583e-02
  639    5.038218e-02    0.996732   4.939387e-02
  640    5.038059e-02    0.999969   4.939232e-02
  641    5.039253e-02    1.000237   4.940402e-02
  642    5.037325e-02    0.999617   4.938512e-02
  643    5.037170e-02    0.999969   4.938360e-02
  644    5.282311e-02    1.048666   5.178692e-02
  645    5.039881e-02    0.954105   4.941018e-02
  646    5.039284e-02    0.999881   4.940432e-02
  647    5.088907e-02    1.009847   4.989082e-02
  648    5.042071e-02    0.990796   4.943165e-02
  649    5.058412e-02    1.003241   4.959185e-02
  650    5.012378e-02    0.990899   4.914054e-02
  651    5.009522e-02    0.999430   4.911254e-02
  652    5.009154e-02    0.999927   4.910894e-02
  653    5.014003e-02    1.000968   4.915647e-02
  654    5.032406e-02    1.003670   4.933689e-02
  655    5.074969e-02    1.008458   4.975417e-02
  656    5.245755e-02    1.033653   5.142853e-02
  657    5.154772e-02    0.982656   5.053655e-02
  658    5.157323e-02    1.000495   5.056156e-02
  659    5.126064e-02    0.993939   5.025510e-02
  660    5.042501e-02    0.983698   4.943586e-02
  661    5.062209e-02    1.003908   4.962907e-02
  662    5.072276e-02    1.001989   4.972777e-02
  663    5.072949e-02    1.000133   4.973437e-02
  664    5.071081e-02    0.999632   4.971606e-02
  665    5.097833e-02    1.005275   4.997833e-02
  666    5.095598e-02    0.999562   4.995642e-02
  667    5.196589e-02    1.019819   5.094652e-02
  668    5.319285e-02    1.023611   5.214941e-02
  669    5.193762e-02    0.976402   5.091880e-02
  670    5.191537e-02    0.999571   5.089698e-02
  671    5.199589e-02    1.001551   5.097593e-02
  672    5.202247e-02    1.000511   5.100198e-02
  673    5.202606e-02    1.000069   5.100551e-02
  674    5.200347e-02    0.999566   5.098336e-02
  675    5.200635e-02    1.000055   5.098618e-02
  676    5.199427e-02    0.999768   5.097434e-02
  677    5.165679e-02    0.993509   5.064347e-02
  678    5.195356e-02    1.005745   5.093443e-02
  679    5.187074e-02    0.998406   5.085324e-02
  680    5.178670e-02    0.998380   5.077084e-02
  681    5.339827e-02    1.031119   5.235079e-02
  682    5.277127e-02    0.988258   5.173609e-02
  683    5.265465e-02    0.997790   5.162176e-02
  684    5.264976e-02    0.999907   5.161698e-02
  685    5.265331e-02    1.000067   5.162045e-02
  686    5.271606e-02    1.001192   5.168197e-02
  687    5.281781e-02    1.001930   5.178172e-02
  688    5.296367e-02    1.002762   5.192472e-02
  689    5.306655e-02    1.001942   5.202558e-02
  690    5.329541e-02    1.004313   5.224996e-02
  691    5.364383e-02    1.006537   5.259154e-02
  692    5.354827e-02    0.998219   5.249786e-02
  693    5.355814e-02    1.000184   5.250754e-02
  694    5.354839e-02    0.999818   5.249797e-02
  695    5.351900e-02    0.999451   5.246915e-02
  696    5.353832e-02    1.000361   5.248810e-02
  697    5.412035e-02    1.010871   5.305871e-02
  698    5.347510e-02    0.988077   5.242612e-02
  699    5.348623e-02    1.000208   5.243703e-02
  700    5.348708e-02    1.000016   5.243787e-02
  701    5.346964e-02    0.999674   5.242077e-02
  702    5.325875e-02    0.996056   5.221401e-02
  703    5.365059e-02    1.007357   5.259817e-02
  704    5.364525e-02    0.999901   5.259294e-02
  705    5.357082e-02    0.998613   5.251996e-02
  706    5.191104e-02    0.969017   5.089274e-02
  707    5.436707e-02    1.047312   5.330059e-02
  708    5.462631e-02    1.004768   5.355475e-02
  709    5.462425e-02    0.999962   5.355273e-02
  710    5.461704e-02    0.999868   5.354566e-02
  711    5.456081e-02    0.998971   5.349053e-02
  712    5.453956e-02    0.999611   5.346970e-02
  713    5.454041e-02    1.000016   5.347054e-02
  714    5.453822e-02    0.999960   5.346839e-02
  715    5.453701e-02    0.999978   5.346720e-02
  716    5.453170e-02    0.999903   5.346199e-02
  717    5.452120e-02    0.999807   5.345170e-02
  718    5.451820e-02    0.999945   5.344876e-02
  719    5.452088e-02    1.000049   5.345139e-02
  720    5.448897e-02    0.999415   5.342011e-02
  721    5.453826e-02    1.000905   5.346842e-02
  722    5.457491e-02    1.000672   5.350436e-02
  723    5.407332e-02    0.990809   5.301261e-02
  724    5.443366e-02    1.006664   5.336588e-02
  725    5.443014e-02    0.999935   5.336242e-02
  726    5.435506e-02    0.998621   5.328882e-02
  727    5.449057e-02    1.002493   5.342167e-02
  728    5.448443e-02    0.999887   5.341565e-02
  729    5.420764e-02    0.994920   5.314429e-02
  730    5.483835e-02    1.011635   5.376263e-02
  731    5.485504e-02    1.000304   5.377899e-02
  732    5.476064e-02    0.998279   5.368644e-02
  733    5.477157e-02    1.000200   5.369716e-02
  734    5.487191e-02    1.001832   5.379553e-02
  735    5.477692e-02    0.998269   5.370240e-02
  736    5.480114e-02    1.000442   5.372615e-02
  737    5.480811e-02    1.000127   5.373299e-02
  738    5.481277e-02    1.000085   5.373755e-02
  739    5.481282e-02    1.000001   5.373760e-02
  740    5.481330e-02    1.000009   5.373807e-02
  741    5.481591e-02    1.000047   5.374063e-02
  742    5.481482e-02    0.999980   5.373956e-02
  743    5.481781e-02    1.000055   5.374249e-02
  744    5.481850e-02    1.000013   5.374317e-02
  745    5.481419e-02    0.999921   5.373895e-02
  746    5.479753e-02    0.999696   5.372261e-02
  747    5.479020e-02    0.999866   5.371542e-02
  748    6.916185e-02    1.262303   6.780515e-02
  749    5.476757e-02    0.791875   5.369324e-02
  750    5.476707e-02    0.999991   5.369275e-02
  751    5.474870e-02    0.999665   5.367474e-02
  752    5.470445e-02    0.999192   5.363136e-02
  753    5.471950e-02    1.000275   5.364611e-02
  754    5.471785e-02    0.999970   5.364449e-02
  755    5.472487e-02    1.000128   5.365137e-02
  756    5.470516e-02    0.999640   5.363205e-02
  757    5.469259e-02    0.999770   5.361973e-02
  758    5.460466e-02    0.998392   5.353352e-02
  759    5.469829e-02    1.001715   5.362531e-02
  760    5.463550e-02    0.998852   5.356376e-02
  761    5.460183e-02    0.999384   5.353075e-02
  762    5.455737e-02    0.999186   5.348716e-02
  763    5.455737e-02    1.000000   5.348716e-02
  764    5.456253e-02    1.000094   5.349222e-02
  765    5.453146e-02    0.999431   5.346176e-02
  766    5.455967e-02    1.000517   5.348942e-02
  767    5.455609e-02    0.999934   5.348590e-02
  768    5.481448e-02    1.004736   5.373923e-02
  769    5.377533e-02    0.981042   5.272046e-02
  770    5.384773e-02    1.001346   5.279144e-02
  771    5.377524e-02    0.998654   5.272037e-02
  772    5.445332e-02    1.012609   5.338515e-02
  773    5.424854e-02    0.996239   5.318438e-02
  774    5.426659e-02    1.000333   5.320208e-02
  775    5.428359e-02    1.000313   5.321875e-02
  776    5.428131e-02    0.999958   5.321652e-02
  777    5.428219e-02    1.000016   5.321737e-02
  778    5.428148e-02    0.999987   5.321668e-02
  779    5.441185e-02    1.002402   5.334450e-02
  780    5.411167e-02    0.994483   5.305020e-02
  781    5.410312e-02    0.999842   5.304182e-02
  782    5.405322e-02    0.999078   5.299290e-02
  783    5.406938e-02    1.000299   5.300874e-02
  784    5.400474e-02    0.998804   5.294537e-02
  785    5.392833e-02    0.998585   5.287046e-02
  786    5.431570e-02    1.007183   5.325023e-02
  787    5.538342e-02    1.019658   5.429701e-02
  788    5.557956e-02    1.003541   5.448930e-02
  789    5.553671e-02    0.999229   5.444729e-02
  790    5.488815e-02    0.988322   5.381145e-02
  791    5.359684e-02    0.976474   5.254548e-02
  792    5.359854e-02    1.000032   5.254714e-02
  793    5.355247e-02    0.999141   5.250197e-02
  794    5.386285e-02    1.005796   5.280626e-02
  795    5.384991e-02    0.999760   5.279358e-02
  796    5.396481e-02    1.002134   5.290622e-02
  797    5.141434e-02    0.952738   5.040578e-02
  798    5.346778e-02    1.039939   5.241895e-02
  799    5.343152e-02    0.999322   5.238340e-02
  800    5.343122e-02    0.999994   5.238310e-02
  801    5.344808e-02    1.000316   5.239963e-02
  802    5.338888e-02    0.998892   5.234159e-02
  803    5.331873e-02    0.998686   5.227282e-02
  804    5.332111e-02    1.000045   5.227516e-02
  805    5.285752e-02    0.991306   5.182065e-02
  806    5.277660e-02    0.998469   5.174132e-02
  807    5.272998e-02    0.999117   5.169562e-02
  808    5.251583e-02    0.995939   5.148567e-02
  809    5.041368e-02    0.959971   4.942476e-02
  810    5.254645e-02    1.042305   5.151569e-02
  811    5.256914e-02    1.000432   5.153794e-02
  812    5.256384e-02    0.999899   5.153274e-02
  813    5.257134e-02    1.000143   5.154009e-02
  814    5.262068e-02    1.000939   5.158846e-02
  815    5.258136e-02    0.999253   5.154991e-02
  816    5.255877e-02    0.999570   5.152776e-02
  817    5.255806e-02    0.999987   5.152707e-02
  818    5.256706e-02    1.000171   5.153589e-02
  819    5.256667e-02    0.999993   5.153551e-02
  820    5.271775e-02    1.002874   5.168363e-02
  821    4.666056e-02    0.885101   4.574525e-02
  822    4.543620e-02    0.973760   4.454492e-02
  823    4.387955e-02    0.965740   4.301880e-02
  824    4.341194e-02    0.989343   4.256036e-02
  825    4.341791e-02    1.000138   4.256622e-02
  826    4.341265e-02    0.999879   4.256106e-02
  827    4.302474e-02    0.991064   4.218075e-02
  828    4.298661e-02    0.999114   4.214337e-02
  829    4.297845e-02    0.999810   4.213538e-02
  830    4.298176e-02    1.000077   4.213862e-02
  831    4.300082e-02    1.000443   4.215730e-02
  832    4.300042e-02    0.999991   4.215692e-02
  833    4.299746e-02    0.999931   4.215401e-02
  834    4.300092e-02    1.000081   4.215741e-02
  835    4.973650e-02    1.156638   4.876085e-02
  836    4.096300e-02    0.823600   4.015946e-02
  837    4.307380e-02    1.051530   4.222886e-02
  838    4.212838e-02    0.978051   4.130198e-02
  839    4.208989e-02    0.999086   4.126424e-02
  840    4.217941e-02    1.002127   4.135201e-02
  841    4.191147e-02    0.993648   4.108932e-02
  842    4.198225e-02    1.001689   4.115872e-02
  843    4.198764e-02    1.000128   4.116400e-02
  844    4.198661e-02    0.999976   4.116299e-02
  845    4.195348e-02    0.999211   4.113051e-02
  846    4.203521e-02    1.001948   4.121064e-02
  847    4.202791e-02    0.999826   4.120348e-02
  848    4.202146e-02    0.999847   4.119716e-02
  849    4.202215e-02    1.000016   4.119783e-02
  850    4.200920e-02    0.999692   4.118513e-02
  851    4.205126e-02    1.001001   4.122637e-02
  852    4.203096e-02    0.999517   4.120647e-02
  853    4.204746e-02    1.000393   4.122265e-02
  854    4.203716e-02    0.999755   4.121255e-02
  855    4.197590e-02    0.998543   4.115249e-02
  856    4.239961e-02    1.010094   4.156789e-02
  857    4.177536e-02    0.985277   4.095589e-02
  858    4.195343e-02    1.004263   4.113046e-02
  859    4.197606e-02    1.000539   4.115264e-02
  860    4.194870e-02    0.999348   4.112583e-02
  861    4.160362e-02    0.991774   4.078751e-02
  862    4.127934e-02    0.992206   4.046960e-02
  863    4.119247e-02    0.997896   4.038443e-02
  864    4.125245e-02    1.001456   4.044323e-02
  865    4.127570e-02    1.000564   4.046603e-02
  866    4.124768e-02    0.999321   4.043856e-02
  867    4.109140e-02    0.996211   4.028534e-02
  868    4.102495e-02    0.998383   4.022019e-02
  869    4.093151e-02    0.997722   4.012859e-02
  870    4.081493e-02    0.997152   4.001429e-02
  871    4.081726e-02    1.000057   4.001658e-02
  872    4.061723e-02    0.995099   3.982047e-02
  873    4.045224e-02    0.995938   3.965872e-02
  874    4.044012e-02    0.999700   3.964684e-02
  875    4.044830e-02    1.000202   3.965485e-02
  876    4.049842e-02    1.001239   3.970399e-02
  877    4.048499e-02    0.999669   3.969083e-02
  878    4.041506e-02    0.998273   3.962227e-02
  879    3.832624e-02    0.948316   3.757443e-02
  880    4.564494e-02    1.190958   4.474956e-02
  881    4.504558e-02    0.986869   4.416196e-02
  882    4.212220e-02    0.935102   4.129593e-02
  883    3.774983e-02    0.896198   3.700932e-02
  884    3.887630e-02    1.029840   3.811369e-02
  885    3.912531e-02    1.006405   3.835782e-02
  886    3.852264e-02    0.984596   3.776697e-02
  887    3.786733e-02    0.982989   3.712451e-02
  888    3.787542e-02    1.000214   3.713245e-02
  889    3.789570e-02    1.000535   3.715233e-02
  890    3.789204e-02    0.999903   3.714874e-02
  891    3.789362e-02    1.000042   3.715029e-02
  892    3.793482e-02    1.001087   3.719068e-02
  893    3.799412e-02    1.001563   3.724882e-02
  894    3.769414e-02    0.992104   3.695472e-02
  895    3.832663e-02    1.016780   3.757481e-02
  896    3.816121e-02    0.995684   3.741263e-02
  897    3.821657e-02    1.001451   3.746690e-02
  898    3.807891e-02    0.996398   3.733195e-02
  899    3.813884e-02    1.001574   3.739070e-02
  900    3.650606e-02    0.957189   3.578995e-02
  901    3.658343e-02    1.002119   3.586580e-02
  902    3.656370e-02    0.999461   3.584646e-02
  903    3.650716e-02    0.998454   3.579103e-02
  904    3.658024e-02    1.002002   3.586267e-02
  905    3.654430e-02    0.999017   3.582744e-02
  906    3.654649e-02    1.000060   3.582958e-02
  907    3.654903e-02    1.000070   3.583208e-02
  908    3.650036e-02    0.998668   3.578436e-02
  909    3.650511e-02    1.000130   3.578902e-02
  910    3.577700e-02    0.980054   3.507519e-02
  911    3.663630e-02    1.024018   3.591763e-02
  912    4.083808e-02    1.114689   4.003699e-02
  913    4.052571e-02    0.992351   3.973075e-02
  914    3.417988e-02    0.843412   3.350940e-02
  915    3.967430e-02    1.160750   3.889604e-02
  916    3.563058e-02    0.898077   3.493165e-02
  917    3.544311e-02    0.994738   3.474785e-02
  918    3.556272e-02    1.003375   3.486511e-02
  919    3.554893e-02    0.999612   3.485159e-02
  920    3.553432e-02    0.999589   3.483727e-02
  921    3.548859e-02    0.998713   3.479244e-02
  922    3.736884e-02    1.052982   3.663580e-02
  923    3.566941e-02    0.954523   3.496971e-02
  924    3.570610e-02    1.001029   3.500568e-02
  925    3.557112e-02    0.996220   3.487335e-02
  926    3.596080e-02    1.010955   3.525539e-02
  927    3.620399e-02    1.006763   3.549380e-02
  928    3.527033e-02    0.974211   3.457846e-02
  929    3.486920e-02    0.988627   3.418519e-02
  930    3.483018e-02    0.998881   3.414694e-02
  931    3.483656e-02    1.000183   3.415320e-02
  932    3.472082e-02    0.996678   3.403972e-02
  933    3.472001e-02    0.999977   3.403893e-02
  934    3.474650e-02    1.000763   3.406490e-02
  935    3.472631e-02    0.999419   3.404511e-02
  936    3.469804e-02    0.999186   3.401739e-02
  937    3.439648e-02    0.991309   3.372175e-02
  938    3.474960e-02    1.010266   3.406794e-02
  939    3.506986e-02    1.009216   3.438192e-02
  940    3.443394e-02    0.981867   3.375847e-02
  941    3.410461e-02    0.990436   3.343561e-02
  942    3.416125e-02    1.001661   3.349113e-02
  943    3.419461e-02    1.000977   3.352384e-02
  944    3.413960e-02    0.998391   3.346991e-02
  945    3.415927e-02    1.000576   3.348919e-02
  946    3.417164e-02    1.000362   3.350132e-02
  947    3.413836e-02    0.999026   3.346870e-02
  948    3.406935e-02    0.997978   3.340104e-02
  949    3.405390e-02    0.999546   3.338589e-02
  950    3.397999e-02    0.997830   3.331343e-02
  951    3.398371e-02    1.000110   3.331708e-02
  952    3.399246e-02    1.000257   3.332565e-02
  953    3.398200e-02    0.999692   3.331541e-02
  954    3.365610e-02    0.990410   3.299590e-02
  955    3.366997e-02    1.000412   3.300949e-02
  956    3.098655e-02    0.920302   3.037871e-02
  957    3.314935e-02    1.069798   3.249908e-02
  958    3.308052e-02    0.997924   3.243160e-02
  959    3.311177e-02    1.000945   3.246225e-02
  960    3.309916e-02    0.999619   3.244988e-02
  961    3.299926e-02    0.996982   3.235194e-02
  962    3.308794e-02    1.002687   3.243888e-02
  963    3.338306e-02    1.008919   3.272821e-02
  964    3.335281e-02    0.999094   3.269855e-02
  965    3.336062e-02    1.000234   3.270621e-02
  966    3.334961e-02    0.999670   3.269541e-02
  967    3.333090e-02    0.999439   3.267708e-02
  968    3.329975e-02    0.999065   3.264654e-02
  969    3.311769e-02    0.994532   3.246804e-02
  970    3.365127e-02    1.016112   3.299116e-02
  971    3.395346e-02    1.008980   3.328742e-02
  972    3.456976e-02    1.018151   3.389163e-02
  973    3.150388e-02    0.911313   3.088589e-02
  974    3.668032e-02    1.164311   3.596079e-02
  975    3.299391e-02    0.899499   3.234669e-02
  976    3.289523e-02    0.997009   3.224995e-02
  977    3.246420e-02    0.986897   3.182738e-02
  978    3.256988e-02    1.003255   3.193098e-02
  979    3.259168e-02    1.000669   3.195236e-02
  980    3.257147e-02    0.999380   3.193254e-02
  981    3.248715e-02    0.997411   3.184988e-02
  982    3.259181e-02    1.003222   3.195249e-02
  983    3.203905e-02    0.983040   3.141056e-02
  984    3.199513e-02    0.998629   3.136751e-02
  985    3.203359e-02    1.001202   3.140521e-02
  986    3.214681e-02    1.003535   3.151621e-02
  987    3.211649e-02    0.999057   3.148648e-02
  988    3.209426e-02    0.999308   3.146470e-02
  989    3.209283e-02    0.999955   3.146329e-02
  990    3.207311e-02    0.999386   3.144396e-02
  991    3.236648e-02    1.009147   3.173157e-02
  992    3.234592e-02    0.999365   3.171142e-02
  993    3.243418e-02    1.002729   3.179795e-02
  994    3.290666e-02    1.014567   3.226116e-02
  995    5.394922e-02    1.639462   5.289094e-02
  996    3.380722e-02    0.626649   3.314405e-02
  997    2.726924e-02    0.806610   2.673432e-02
  998    2.726272e-02    0.999761   2.672792e-02
  999    2.700558e-02    0.990568   2.647583e-02
 1000    2.694289e-02    0.997679   2.641438e-02
 1001    2.303607e-02    0.854996   2.258419e-02
 1002    2.925049e-02    1.269769   2.867670e-02
 1003    2.983037e-02    1.019825   2.924522e-02
 1004    2.996516e-02    1.004518   2.937735e-02
 1005    3.002985e-02    1.002159   2.944078e-02
 1006    3.016932e-02    1.004644   2.957751e-02
 1007    3.004475e-02    0.995871   2.945539e-02
 1008    3.001023e-02    0.998851   2.942154e-02
 1009    3.000992e-02    0.999990   2.942124e-02
 1010    3.000995e-02    1.000001   2.942127e-02
 1011    3.001035e-02    1.000013   2.942166e-02
 1012    3.001513e-02    1.000159   2.942635e-02
 1013    3.020787e-02    1.006421   2.961531e-02
 1014    3.029192e-02    1.002782   2.969770e-02
 1015    3.029010e-02    0.999940   2.969592e-02
 1016    3.019072e-02    0.996719   2.959849e-02
 1017    2.971781e-02    0.984336   2.913486e-02
 1018    5.068764e-01    17.056318   4.969334e-01
 1019    4.885575e-02    0.096386   4.789739e-02
 1020    4.856457e-02    0.994040   4.761192e-02
 1021    3.564358e-02    0.733942   3.494439e-02
 1022    2.782383e-02    0.780613   2.727803e-02
 1023    2.727757e-02    0.980367   2.674249e-02
 1024    2.762861e-02    1.012869   2.708664e-02
 1025    2.788372e-02    1.009234   2.733674e-02
 1026    2.780734e-02    0.997261   2.726187e-02
 1027    2.782934e-02    1.000791   2.728343e-02
 1028    2.785304e-02    1.000852   2.730667e-02
 1029    2.806033e-02    1.007442   2.750989e-02
 1030    2.787236e-02    0.993301   2.732561e-02
 1031    2.788747e-02    1.000542   2.734042e-02
 1032    2.762342e-02    0.990532   2.708155e-02
 1033    2.067844e-02    0.748584   2.027281e-02
 1034    2.685164e-02    1.298533   2.632491e-02
 1035    2.691699e-02    1.002434   2.638898e-02
 1036    2.692442e-02    1.000276   2.639626e-02
 1037    2.688439e-02    0.998513   2.635702e-02
 1038    2.674238e-02    0.994718   2.621779e-02
 1039    2.602132e-02    0.973037   2.551088e-02
 1040    2.592570e-02    0.996325   2.541713e-02
 1041    2.598122e-02    1.002141   2.547156e-02
 1042    2.682913e-02    1.032636   2.630285e-02
 1043    2.573858e-02    0.959352   2.523369e-02
 1044    2.576148e-02    1.000889   2.525613e-02
 1045    2.579353e-02    1.001244   2.528756e-02
 1046    2.563877e-02    0.994000   2.513583e-02
 1047    2.512945e-02    0.980135   2.463651e-02
 1048    2.508171e-02    0.998100   2.458970e-02
 1049    2.505760e-02    0.999039   2.456606e-02
 1050    2.518918e-02    1.005251   2.469507e-02
 1051    2.520584e-02    1.000661   2.471140e-02
 1052    2.520573e-02    0.999995   2.471129e-02
 1053    2.527585e-02    1.002782   2.478003e-02
 1054    2.553408e-02    1.010217   2.503320e-02
 1055    2.217922e-02    0.868612   2.174415e-02
 1056    2.699059e-02    1.216931   2.646114e-02
 1057    2.693977e-02    0.998117   2.641132e-02
 1058    2.688675e-02    0.998032   2.635933e-02
 1059    2.246747e-02    0.835634   2.202674e-02
 1060    2.234971e-02    0.994759   2.191129e-02
 1061    2.285003e-02    1.022386   2.240180e-02
 1062    2.285256e-02    1.000111   2.240428e-02
 1063    2.284658e-02    0.999738   2.239842e-02
 1064    2.378147e-02    1.040920   2.331497e-02
 1065    2.494908e-02    1.049097   2.445967e-02
 1066    2.322287e-02    0.930810   2.276732e-02
 1067    2.310617e-02    0.994975   2.265292e-02
 1068    2.300430e-02    0.995591   2.255304e-02
 1069    2.300514e-02    1.000036   2.255386e-02
 1070    2.315594e-02    1.006555   2.270171e-02
 1071    2.306864e-02    0.996230   2.261612e-02
 1072    2.310884e-02    1.001742   2.265553e-02
 1073    2.308925e-02    0.999152   2.263633e-02
 1074    2.303019e-02    0.997442   2.257842e-02
 1075    2.309663e-02    1.002885   2.264356e-02
 1076    2.304784e-02    0.997888   2.259573e-02
 1077    2.304770e-02    0.999994   2.259559e-02
 1078    2.300723e-02    0.998244   2.255591e-02
 1079    2.295378e-02    0.997677   2.250351e-02
 1080    2.290889e-02    0.998045   2.245951e-02
 1081    2.293325e-02    1.001063   2.248338e-02
 1082    4.285687e-02    1.868766   4.201618e-02
 1083    2.000635e-02    0.466818   1.961390e-02
 1084    2.666265e-02    1.332709   2.613963e-02
 1085    2.954075e-02    1.107945   2.896127e-02
 1086    2.253097e-02    0.762708   2.208899e-02
 1087    2.150397e-02    0.954419   2.108215e-02
 1088    2.100458e-02    0.976777   2.059255e-02
 1089    2.102477e-02    1.000961   2.061234e-02
 1090    2.102001e-02    0.999774   2.060768e-02
 1091    2.101283e-02    0.999659   2.060064e-02
 1092    2.101385e-02    1.000048   2.060164e-02
 1093    2.102305e-02    1.000438   2.061066e-02
 1094    2.117683e-02    1.007314   2.076142e-02
 1095    2.115923e-02    0.999169   2.074416e-02
 1096    2.138192e-02    1.010525   2.096249e-02
 1097    2.123690e-02    0.993217   2.082031e-02
 1098    2.173234e-02    1.023330   2.130604e-02
 1099    2.164583e-02    0.996019   2.122122e-02
 1100    2.160112e-02    0.997934   2.117739e-02
 1101    2.162452e-02    1.001083   2.120033e-02
 1102    2.155808e-02    0.996928   2.113519e-02
 1103    2.167062e-02    1.005220   2.124552e-02
 1104    2.132125e-02    0.983878   2.090301e-02
 1105    2.134610e-02    1.001166   2.092737e-02
 1106    2.130372e-02    0.998015   2.088582e-02
 1107    2.123666e-02    0.996852   2.082008e-02
 1108    2.140775e-02    1.008056   2.098781e-02
 1109    2.164169e-02    1.010928   2.121716e-02
 1110    2.164133e-02    0.999983   2.121681e-02
 1111    2.113221e-02    0.976475   2.071767e-02
 1112    2.095409e-02    0.991571   2.054305e-02
 1113    2.091565e-02    0.998165   2.050536e-02
 1114    2.091422e-02    0.999932   2.050397e-02
 1115    2.094079e-02    1.001270   2.053001e-02
 1116    2.094240e-02    1.000077   2.053158e-02
 1117    2.093722e-02    0.999753   2.052651e-02
 1118    2.094137e-02    1.000198   2.053058e-02
 1119    2.095403e-02    1.000604   2.054299e-02
 1120    2.085756e-02    0.995396   2.044842e-02
 1121    2.085511e-02    0.999882   2.044601e-02
 1122    2.085548e-02    1.000018   2.044638e-02
 1123    2.077553e-02    0.996166   2.036799e-02
 1124    2.066519e-02    0.994689   2.025982e-02
 1125    2.057560e-02    0.995665   2.017198e-02
 1126    2.047068e-02    0.994901   2.006912e-02
 1127    2.047209e-02    1.000069   2.007051e-02
 1128    2.044194e-02    0.998527   2.004094e-02
 1129    2.041109e-02    0.998491   2.001071e-02
 1130    2.046454e-02    1.002619   2.006311e-02
 1131    2.071654e-02    1.012314   2.031016e-02
 1132    2.034602e-02    0.982115   1.994691e-02
 1133    2.034464e-02    0.999932   1.994555e-02
 1134    2.031433e-02    0.998511   1.991584e-02
 1135    2.075838e-02    1.021859   2.035118e-02
 1136    2.012311e-02    0.969397   1.972837e-02
 1137    1.992796e-02    0.990302   1.953705e-02
 1138    2.002758e-02    1.004999   1.963471e-02
 1139    2.002462e-02    0.999852   1.963182e-02
 1140    2.002514e-02    1.000026   1.963232e-02
 1141    1.987638e-02    0.992572   1.948648e-02
 1142    1.993152e-02    1.002774   1.954054e-02
 1143    1.999312e-02    1.003091   1.960093e-02
 1144    1.992422e-02    0.996554   1.953338e-02
 1145    1.990371e-02    0.998971   1.951328e-02
 1146    1.990973e-02    1.000302   1.951918e-02
 1147    2.022894e-02    1.016033   1.983213e-02
 1148    2.000794e-02    0.989075   1.961546e-02
 1149    2.005271e-02    1.002238   1.965936e-02
 1150    2.112996e-02    1.053721   2.071547e-02
 1151    2.223366e-02    1.052234   2.179752e-02
 1152    2.136362e-02    0.960868   2.094454e-02
 1153    2.032497e-02    0.951382   1.992627e-02
 1154    1.945699e-02    0.957295   1.907532e-02
 1155    1.947455e-02    1.000902   1.909253e-02
 1156    1.942904e-02    0.997663   1.904792e-02
 1157    1.945343e-02    1.001255   1.907182e-02
 1158    1.943064e-02    0.998829   1.904949e-02
 1159    1.943027e-02    0.999981   1.904912e-02
 1160    1.943018e-02    0.999996   1.904904e-02
 1161    1.936366e-02    0.996576   1.898382e-02
 1162    1.934601e-02    0.999088   1.896651e-02
 1163    1.937575e-02    1.001537   1.899567e-02
 1164    1.937443e-02    0.999932   1.899438e-02
 1165    1.937303e-02    0.999928   1.899301e-02
 1166    1.937047e-02    0.999867   1.899049e-02
 1167    1.963381e-02    1.013595   1.924867e-02
 1168    1.911300e-02    0.973474   1.873807e-02
 1169    1.910379e-02    0.999518   1.872905e-02
 1170    1.910369e-02    0.999995   1.872895e-02
 1171    1.910554e-02    1.000097   1.873076e-02
 1172    1.913645e-02    1.001618   1.876107e-02
 1173    1.907372e-02    0.996722   1.869956e-02
 1174    1.871756e-02    0.981327   1.835039e-02
 1175    2.046431e-02    1.093322   2.006288e-02
 1176    2.059581e-02    1.006426   2.019179e-02
 1177    2.054485e-02    0.997526   2.014184e-02
 1178    2.054121e-02    0.999823   2.013827e-02
 1179    2.106292e-02    1.025398   2.064974e-02
 1180    2.022470e-02    0.960204   1.982797e-02
 1181    2.113564e-01    10.450406   2.072103e-01
 1182    4.062770e-02    0.192224   3.983074e-02
 1183    2.566069e-02    0.631606   2.515732e-02
 1184    2.188096e-02    0.852703   2.145174e-02
 1185    1.876329e-02    0.857517   1.839522e-02
 1186    1.919433e-02    1.022973   1.881781e-02
 1187    1.904126e-02    0.992025   1.866774e-02
 1188    1.884735e-02    0.989816   1.847764e-02
 1189    1.884898e-02    1.000086   1.847923e-02
 1190    1.882846e-02    0.998911   1.845911e-02
 1191    1.882852e-02    1.000003   1.845917e-02
 1192    1.882546e-02    0.999838   1.845617e-02
 1193    1.882544e-02    0.999999   1.845616e-02
 1194    1.879083e-02    0.998162   1.842223e-02
 1195    1.884623e-02    1.002948   1.847654e-02
 1196    1.887301e-02    1.001421   1.850279e-02
 1197    1.872637e-02    0.992230   1.835903e-02
 1198    1.874881e-02    1.001199   1.838103e-02
 1199    1.875844e-02    1.000513   1.839047e-02
 1200    1.875870e-02    1.000014   1.839073e-02
 1201    1.875647e-02    0.999881   1.838854e-02
 1202    1.874241e-02    0.999250   1.837475e-02
 1203    1.874188e-02    0.999972   1.837423e-02
 1204    1.872415e-02    0.999054   1.835685e-02
 1205    1.872360e-02    0.999971   1.835632e-02
 1206    1.873008e-02    1.000346   1.836267e-02
 1207    1.872985e-02    0.999987   1.836244e-02
 1208    1.865025e-02    0.995750   1.828440e-02
 1209    1.882803e-02    1.009532   1.845869e-02
 1210    1.909291e-02    1.014069   1.871838e-02
 1211    1.909161e-02    0.999932   1.871711e-02
 1212    1.885634e-02    0.987677   1.848645e-02
 1213    1.850652e-02    0.981448   1.814349e-02
 1214    1.856893e-02    1.003373   1.820468e-02
 1215    1.920181e-02    1.034083   1.882514e-02
 1216    1.859878e-02    0.968595   1.823394e-02
 1217    1.860345e-02    1.000251   1.823852e-02
 1218    1.858325e-02    0.998914   1.821871e-02
 1219    1.856947e-02    0.999259   1.820521e-02
 1220    1.856939e-02    0.999996   1.820513e-02
 1221    1.856184e-02    0.999594   1.819773e-02
 1222    1.846668e-02    0.994873   1.810443e-02
 1223    1.850293e-02    1.001963   1.813997e-02
 1224    1.849936e-02    0.999807   1.813647e-02
 1225    1.849177e-02    0.999589   1.812903e-02
 1226    1.849345e-02    1.000091   1.813067e-02
 1227    1.849626e-02    1.000152   1.813343e-02
 1228    1.849608e-02    0.999990   1.813326e-02
 1229    1.848935e-02    0.999636   1.812665e-02
 1230    1.857179e-02    1.004459   1.820749e-02
 1231    1.855940e-02    0.999332   1.819533e-02
 1232    1.855337e-02    0.999676   1.818943e-02
 1233    1.854573e-02    0.999588   1.818193e-02
 1234    1.854441e-02    0.999929   1.818064e-02
 1235    1.854480e-02    1.000021   1.818102e-02
 1236    1.854495e-02    1.000008   1.818116e-02
 1237    1.854579e-02    1.000046   1.818199e-02
 1238    1.854165e-02    0.999777   1.817794e-02
 1239    1.853477e-02    0.999629   1.817119e-02
 1240    1.853435e-02    0.999977   1.817078e-02
 1241    1.855580e-02    1.001157   1.819180e-02
 1242    1.849539e-02    0.996745   1.813258e-02
 1243    1.847771e-02    0.999044   1.811525e-02
 1244    1.842549e-02    0.997174   1.806405e-02
 1245    1.867330e-02    1.013449   1.830700e-02
 1246    2.058241e-02    1.102237   2.017866e-02
 1247    2.041441e-02    0.991838   2.001396e-02
 1248    2.058685e-02    1.008447   2.018302e-02
 1249    1.939893e-02    0.942297   1.901839e-02
 1250    1.916506e-02    0.987945   1.878912e-02
 1251    1.915849e-02    0.999657   1.878267e-02
 1252    1.915746e-02    0.999946   1.878167e-02
 1253    1.913498e-02    0.998826   1.875962e-02
 1254    1.916104e-02    1.001362   1.878518e-02
 1255    1.912366e-02    0.998049   1.874852e-02
 1256    1.912359e-02    0.999996   1.874846e-02
 1257    1.905174e-02    0.996243   1.867802e-02
 1258    1.992064e-02    1.045607   1.952987e-02
 1259    1.932859e-02    0.970280   1.894943e-02
 1260    2.001229e-02    1.035373   1.961973e-02
 1261    1.843262e-02    0.921065   1.807104e-02
 1262    1.837182e-02    0.996702   1.801144e-02
 1263    1.827787e-02    0.994886   1.791933e-02
 1264    1.830934e-02    1.001722   1.795018e-02
 1265    1.831134e-02    1.000109   1.795214e-02
 1266    1.830389e-02    0.999593   1.794484e-02
 1267    1.827906e-02    0.998644   1.792050e-02
 1268    1.826632e-02    0.999303   1.790800e-02
 1269    1.825697e-02    0.999489   1.789884e-02
 1270    1.825848e-02    1.000083   1.790032e-02
 1271    1.826111e-02    1.000144   1.790289e-02
 1272    1.826217e-02    1.000058   1.790393e-02
 1273    1.826297e-02    1.000044   1.790472e-02
 1274    1.826305e-02    1.000004   1.790480e-02
 1275    1.825941e-02    0.999801   1.790123e-02
 1276    1.825661e-02    0.999847   1.789849e-02
 1277    1.825593e-02    0.999963   1.789782e-02
 1278    1.822400e-02    0.998251   1.786651e-02
 1279    1.820906e-02    0.999181   1.785187e-02
 1280    1.821763e-02    1.000470   1.786027e-02
 1281    1.821742e-02    0.999989   1.786007e-02
 1282    1.797416e-02    0.986647   1.762158e-02
 1283    1.813870e-02    1.009154   1.778289e-02
 1284    1.812397e-02    0.999188   1.776844e-02
 1285    1.812390e-02    0.999996   1.776837e-02
 1286    1.811481e-02    0.999499   1.775947e-02
 1287    1.811496e-02    1.000008   1.775961e-02
 1288    1.810947e-02    0.999697   1.775423e-02
 1289    1.810734e-02    0.999882   1.775214e-02
 1290    1.814042e-02    1.001827   1.778458e-02
 1291    1.812539e-02    0.999171   1.776984e-02
 1292    1.812585e-02    1.000025   1.777029e-02
 1293    1.812578e-02    0.999996   1.777022e-02
 1294    1.812512e-02    0.999964   1.776957e-02
 1295    1.812709e-02    1.000109   1.777151e-02
 1296    1.813068e-02    1.000198   1.777503e-02
 1297    1.804452e-02    0.995248   1.769055e-02
 1298    1.803682e-02    0.999573   1.768301e-02
 1299    1.804372e-02    1.000382   1.768977e-02
 1300    1.876961e-02    1.040230   1.840142e-02
 1301    1.871869e-02    0.997287   1.835150e-02
 1302    2.101337e-02    1.122587   2.060117e-02
 1303    2.740203e-02    1.304028   2.686450e-02
 1304    1.933164e-02    0.705482   1.895242e-02
 1305    1.793250e-02    0.927624   1.758073e-02
 1306    1.792078e-02    0.999347   1.756925e-02
 1307    1.791737e-02    0.999809   1.756590e-02
 1308    1.791704e-02    0.999981   1.756557e-02
 1309    1.794112e-02    1.001344   1.758919e-02
 1310    1.794287e-02    1.000097   1.759090e-02
 1311    1.791749e-02    0.998585   1.756602e-02
 1312    1.791719e-02    0.999983   1.756572e-02
 1313    1.791711e-02    0.999995   1.756564e-02
 1314    1.792677e-02    1.000540   1.757512e-02
 1315    1.792351e-02    0.999818   1.757192e-02
 1316    1.792332e-02    0.999990   1.757174e-02
 1317    1.793167e-02    1.000466   1.757992e-02
 1318    1.792970e-02    0.999890   1.757799e-02
 1319    1.794706e-02    1.000968   1.759500e-02
 1320    1.794900e-02    1.000108   1.759691e-02
 1321    1.794858e-02    0.999976   1.759649e-02
 1322    1.794934e-02    1.000042   1.759724e-02
 1323    1.795056e-02    1.000068   1.759844e-02
 1324    1.794611e-02    0.999752   1.759407e-02
 1325    1.795107e-02    1.000277   1.759894e-02
 1326    1.793892e-02    0.999323   1.758702e-02
 1327    1.852040e-02    1.032415   1.815710e-02
 1328    1.804097e-02    0.974113   1.768707e-02
 1329    1.794529e-02    0.994697   1.759327e-02
 1330    1.796528e-02    1.001114   1.761287e-02
 1331    1.793608e-02    0.998374   1.758424e-02
 1332    1.794573e-02    1.000538   1.759370e-02
 1333    1.793564e-02    0.999438   1.758381e-02
 1334    1.793510e-02    0.999970   1.758328e-02
 1335    1.793505e-02    0.999997   1.758323e-02
 1336    1.793463e-02    0.999977   1.758282e-02
 1337    1.793300e-02    0.999909   1.758122e-02
 1338    1.793148e-02    0.999915   1.757973e-02
 1339    1.792977e-02    0.999905   1.757806e-02
 1340    1.792921e-02    0.999968   1.757750e-02
 1341    1.792891e-02    0.999983   1.757721e-02
 1342    1.792874e-02    0.999991   1.757704e-02
 1343    1.793040e-02    1.000093   1.757868e-02
 1344    1.792924e-02    0.999935   1.757753e-02
 1345    1.792920e-02    0.999998   1.757750e-02
 1346    1.792930e-02    1.000005   1.757759e-02
 1347    1.792917e-02    0.999993   1.757747e-02
 1348    1.792961e-02    1.000024   1.757790e-02
 1349    1.792887e-02    0.999958   1.757717e-02
 1350    1.792853e-02    0.999981   1.757684e-02
 1351    1.792852e-02    1.000000   1.757683e-02
 1352    1.793407e-02    1.000309   1.758227e-02
 1353    1.792511e-02    0.999500   1.757348e-02
 1354    1.792530e-02    1.000011   1.757367e-02
 1355    1.792479e-02    0.999972   1.757317e-02
 1356    1.792642e-02    1.000091   1.757477e-02
 1357    1.791175e-02    0.999182   1.756039e-02
 1358    1.790704e-02    0.999737   1.755577e-02
 1359    1.790421e-02    0.999842   1.755300e-02
 1360    1.767725e-02    0.987324   1.733049e-02
 1361    1.786614e-02    1.010686   1.751568e-02
 1362    1.786596e-02    0.999990   1.751550e-02
 1363    1.786466e-02    0.999927   1.751422e-02
 1364    1.775936e-02    0.994106   1.741099e-02
 1365    1.775103e-02    0.999531   1.740282e-02
 1366    1.777202e-02    1.001183   1.742340e-02
 1367    1.773585e-02    0.997965   1.738794e-02
 1368    1.773528e-02    0.999968   1.738738e-02
 1369    1.772127e-02    0.999210   1.737365e-02
 1370    1.771201e-02    0.999478   1.736457e-02
 1371    1.771315e-02    1.000064   1.736568e-02
 1372    1.771228e-02    0.999951   1.736483e-02
 1373    1.772493e-02    1.000714   1.737723e-02
 1374    1.773966e-02    1.000831   1.739168e-02
 1375    1.774697e-02    1.000412   1.739884e-02
 1376    1.774425e-02    0.999847   1.739618e-02
 1377    1.771529e-02    0.998368   1.736778e-02
 1378    1.755971e-02    0.991218   1.721525e-02
 1379    1.752665e-02    0.998117   1.718284e-02
 1380    1.752178e-02    0.999722   1.717807e-02
 1381    1.753057e-02    1.000502   1.718669e-02
 1382    1.756482e-02    1.001954   1.722027e-02
 1383    1.756181e-02    0.999829   1.721732e-02
 1384    1.756601e-02    1.000239   1.722143e-02
 1385    1.757041e-02    1.000251   1.722575e-02
 1386    1.757781e-02    1.000421   1.723300e-02
 1387    1.757521e-02    0.999852   1.723045e-02
 1388    1.757373e-02    0.999916   1.722900e-02
 1389    1.757420e-02    1.000027   1.722946e-02
 1390    1.756866e-02    0.999685   1.722403e-02
 1391    1.757942e-02    1.000613   1.723458e-02
 1392    1.758543e-02    1.000341   1.724047e-02
 1393    1.758463e-02    0.999955   1.723969e-02
 1394    1.757325e-02    0.999353   1.722853e-02
 1395    1.758488e-02    1.000662   1.723993e-02
 1396    1.758455e-02    0.999981   1.723961e-02
 1397    1.758409e-02    0.999974   1.723915e-02
 1398    1.758306e-02    0.999942   1.723815e-02
 1399    1.758300e-02    0.999996   1.723809e-02
 1400    1.759291e-02    1.000563   1.724780e-02
 1401    1.762050e-02    1.001568   1.727485e-02
 1402    1.763659e-02    1.000913   1.729063e-02
 1403    1.763682e-02    1.000013   1.729085e-02
 1404    1.763690e-02    1.000005   1.729093e-02
 1405    1.763472e-02    0.999876   1.728879e-02
 1406    1.764113e-02    1.000364   1.729508e-02
 1407    1.761820e-02    0.998700   1.727259e-02
 1408    1.761057e-02    0.999567   1.726512e-02
 1409    1.760528e-02    0.999699   1.725993e-02
 1410    1.759212e-02    0.999253   1.724703e-02
 1411    1.756472e-02    0.998442   1.722016e-02
 1412    1.758134e-02    1.000947   1.723647e-02
 1413    1.757330e-02    0.999542   1.722857e-02
 1414    1.755412e-02    0.998909   1.720978e-02
 1415    1.753107e-02    0.998687   1.718718e-02
 1416    1.753021e-02    0.999951   1.718634e-02
 1417    1.752826e-02    0.999888   1.718442e-02
 1418    1.753045e-02    1.000125   1.718657e-02
 1419    1.753009e-02    0.999979   1.718621e-02
 1420    1.752982e-02    0.999985   1.718595e-02
 1421    1.752898e-02    0.999952   1.718513e-02
 1422    1.753343e-02    1.000254   1.718949e-02
 1423    1.753321e-02    0.999988   1.718928e-02
 1424    1.750550e-02    0.998419   1.716211e-02
 1425    1.753622e-02    1.001755   1.719223e-02
 1426    1.753619e-02    0.999998   1.719219e-02
 1427    1.753551e-02    0.999961   1.719153e-02
 1428    1.753107e-02    0.999747   1.718718e-02
 1429    1.747918e-02    0.997040   1.713630e-02
 1430    1.743833e-02    0.997663   1.709625e-02
 1431    1.742532e-02    0.999254   1.708350e-02
 1432    1.742374e-02    0.999909   1.708195e-02
 1433    1.742303e-02    0.999959   1.708125e-02
 1434    1.742261e-02    0.999976   1.708084e-02
 1435    1.742257e-02    0.999998   1.708080e-02
 1436    1.742208e-02    0.999972   1.708033e-02
 1437    1.743649e-02    1.000827   1.709446e-02
 1438    1.743018e-02    0.999638   1.708827e-02
 1439    1.745177e-02    1.001238   1.710943e-02
 1440    1.748126e-02    1.001690   1.713835e-02
 1441    1.748636e-02    1.000292   1.714334e-02
 1442    1.748078e-02    0.999681   1.713787e-02
 1443    1.745596e-02    0.998580   1.711354e-02
 1444    1.794586e-02    1.028065   1.759383e-02
 1445    1.743422e-02    0.971490   1.709223e-02
 1446    1.743575e-02    1.000087   1.709372e-02
 1447    1.743465e-02    0.999937   1.709265e-02
 1448    1.743383e-02    0.999953   1.709185e-02
 1449    1.743350e-02    0.999981   1.709152e-02
 1450    1.743293e-02    0.999967   1.709096e-02
 1451    1.743266e-02    0.999984   1.709069e-02
 1452    1.743260e-02    0.999997   1.709064e-02
 1453    1.743494e-02    1.000135   1.709294e-02
 1454    1.743176e-02    0.999817   1.708982e-02
 1455    1.743081e-02    0.999946   1.708889e-02
 1456    1.741874e-02    0.999307   1.707705e-02
 1457    1.750159e-02    1.004756   1.715827e-02
 1458    1.746732e-02    0.998042   1.712467e-02
 1459    1.746940e-02    1.000119   1.712671e-02
 1460    1.746733e-02    0.999882   1.712469e-02
 1461    1.746757e-02    1.000014   1.712493e-02
 1462    1.746326e-02    0.999753   1.712069e-02
 1463    1.746188e-02    0.999921   1.711935e-02
 1464    1.746378e-02    1.000109   1.712121e-02
 1465    1.743530e-02    0.998369   1.709328e-02
 1466    1.748240e-02    1.002702   1.713947e-02
 1467    1.749495e-02    1.000717   1.715176e-02
 1468    1.743202e-02    0.996403   1.709007e-02
 1469    1.752720e-02    1.005460   1.718338e-02
 1470    1.759615e-02    1.003934   1.725098e-02
 1471    1.754928e-02    0.997336   1.720503e-02
 1472    1.755052e-02    1.000071   1.720625e-02
 1473    1.754839e-02    0.999879   1.720416e-02
 1474    1.755356e-02    1.000294   1.720923e-02
 1475    1.754506e-02    0.999516   1.720089e-02
 1476    1.754530e-02    1.000014   1.720113e-02
 1477    1.753978e-02    0.999685   1.719571e-02
 1478    1.747086e-02    0.996071   1.712815e-02
 1479    1.747082e-02    0.999997   1.712810e-02
 1480    1.740391e-02    0.996171   1.706251e-02
 1481    1.744529e-02    1.002377   1.710308e-02
 1482    1.744509e-02    0.999989   1.710289e-02
 1483    1.765366e-02    1.011955   1.730736e-02
 1484    1.748854e-02    0.990647   1.714548e-02
 1485    1.743083e-02    0.996700   1.708890e-02
 1486    1.742939e-02    0.999917   1.708749e-02
 1487    1.742191e-02    0.999571   1.708016e-02
 1488    1.741221e-02    0.999443   1.707065e-02
 1489    1.743540e-02    1.001332   1.709338e-02
 1490    1.740200e-02    0.998084   1.706064e-02
 1491    1.740351e-02    1.000087   1.706212e-02
 1492    1.740227e-02    0.999929   1.706090e-02
 1493    1.740758e-02    1.000305   1.706611e-02
 1494    1.740698e-02    0.999966   1.706552e-02
 1495    1.741209e-02    1.000294   1.707053e-02
 1496    1.719541e-02    0.987555   1.685810e-02
 1497    1.779876e-02    1.035088   1.744961e-02
 1498    1.754856e-02    0.985943   1.720432e-02
 1499    3.091515e-02    1.761692   3.030871e-02
 1500    1.754739e-02    0.567598   1.720317e-02
 1501    1.758939e-02    1.002394   1.724435e-02
 1502    1.722640e-02    0.979363   1.688848e-02
 1503    1.707847e-02    0.991412   1.674345e-02
 1504    1.702083e-02    0.996625   1.668695e-02
 1505    1.702228e-02    1.000085   1.668837e-02
 1506    1.709990e-02    1.004560   1.676447e-02
 1507    1.699727e-02    0.993998   1.666385e-02
 1508    1.699977e-02    1.000147   1.666630e-02
 1509    1.793889e-02    1.055243   1.758699e-02
 1510    1.702116e-02    0.948842   1.668727e-02
 1511    1.697443e-02    0.997254   1.664145e-02
 1512    1.714928e-02    1.010301   1.681288e-02
 1513    1.390790e-02    0.810990   1.363508e-02
 1514    1.657357e-02    1.191666   1.624846e-02
 1515    1.657330e-02    0.999984   1.624820e-02
 1516    1.670961e-02    1.008224   1.638183e-02
 1517    1.673586e-02    1.001571   1.640757e-02
 1518    1.674477e-02    1.000532   1.641630e-02
 1519    1.674434e-02    0.999974   1.641588e-02
 1520    1.674533e-02    1.000059   1.641685e-02
 1521    1.674406e-02    0.999924   1.641561e-02
 1522    1.674269e-02    0.999918   1.641426e-02
 1523    1.675395e-02    1.000672   1.642530e-02
 1524    1.670309e-02    0.996964   1.637543e-02
 1525    1.650014e-02    0.987850   1.617647e-02
 1526    1.982476e-02    1.201491   1.943588e-02
 1527    1.661259e-02    0.837972   1.628672e-02
 1528    1.669825e-02    1.005156   1.637069e-02
 1529    1.670357e-02    1.000319   1.637591e-02
 1530    1.670219e-02    0.999917   1.637455e-02
 1531    1.669794e-02    0.999746   1.637039e-02
 1532    1.669850e-02    1.000033   1.637094e-02
 1533    1.669735e-02    0.999931   1.636981e-02
 1534    1.669438e-02    0.999822   1.636690e-02
 1535    1.669095e-02    0.999795   1.636354e-02
 1536    1.663604e-02    0.996710   1.630971e-02
 1537    1.621727e-02    0.974828   1.589915e-02
 1538    1.642292e-02    1.012681   1.610076e-02
 1539    1.658420e-02    1.009820   1.625888e-02
 1540    1.654815e-02    0.997826   1.622354e-02
 1541    1.654337e-02    0.999711   1.621885e-02
 1542    1.664895e-02    1.006382   1.632237e-02
 1543    1.614997e-02    0.970029   1.583317e-02
 1544    1.664888e-02    1.030892   1.632229e-02
 1545    1.662059e-02    0.998301   1.629456e-02
 1546    1.661632e-02    0.999743   1.629037e-02
 1547    1.660617e-02    0.999389   1.628042e-02
 1548    1.660611e-02    0.999997   1.628036e-02
 1549    1.660260e-02    0.999788   1.627692e-02
 1550    1.663965e-02    1.002232   1.631325e-02
 1551    1.665319e-02    1.000814   1.632652e-02
 1552    1.663884e-02    0.999138   1.631245e-02
 1553    1.663204e-02    0.999591   1.630578e-02
 1554    1.663552e-02    1.000209   1.630919e-02
 1555    1.663607e-02    1.000033   1.630973e-02
 1556    1.663559e-02    0.999971   1.630926e-02
 1557    1.682307e-02    1.011270   1.649307e-02
 1558    1.664013e-02    0.989126   1.631372e-02
 1559    1.663705e-02    0.999815   1.631070e-02
 1560    1.663700e-02    0.999997   1.631065e-02
 1561    1.662794e-02    0.999455   1.630176e-02
 1562    1.662531e-02    0.999842   1.629919e-02
 1563    1.662069e-02    0.999722   1.629465e-02
 1564    1.662084e-02    1.000009   1.629480e-02
 1565    1.662537e-02    1.000273   1.629924e-02
 1566    1.662407e-02    0.999922   1.629797e-02
 1567    1.662955e-02    1.000330   1.630335e-02
 1568    1.661781e-02    0.999294   1.629183e-02
 1569    1.661772e-02    0.999995   1.629174e-02
 1570    1.660437e-02    0.999197   1.627866e-02
 1571    1.660155e-02    0.999830   1.627589e-02
 1572    1.661199e-02    1.000629   1.628613e-02
 1573    1.660487e-02    0.999571   1.627915e-02
 1574    1.660397e-02    0.999946   1.627826e-02
 1575    1.660501e-02    1.000063   1.627928e-02
 1576    1.660353e-02    0.999911   1.627783e-02
 1577    1.660182e-02    0.999897   1.627616e-02
 1578    1.667686e-02    1.004520   1.634973e-02
 1579    1.660057e-02    0.995425   1.627493e-02
 1580    1.659954e-02    0.999938   1.627392e-02
 1581    1.659771e-02    0.999889   1.627212e-02
 1582    1.654560e-02    0.996861   1.622104e-02
 1583    1.663416e-02    1.005353   1.630786e-02
 1584    1.661506e-02    0.998851   1.628913e-02
 1585    1.661699e-02    1.000116   1.629103e-02
 1586    1.661283e-02    0.999750   1.628695e-02
 1587    1.661099e-02    0.999889   1.628515e-02
 1588    1.661039e-02    0.999964   1.628456e-02
 1589    1.660964e-02    0.999954   1.628382e-02
 1590    1.661068e-02    1.000063   1.628484e-02
 1591    1.660945e-02    0.999926   1.628364e-02
 1592    1.660945e-02    1.000000   1.628364e-02
 1593    1.660935e-02    0.999994   1.628353e-02
 1594    1.660935e-02    1.000000   1.628353e-02
 1595    1.660669e-02    0.999840   1.628093e-02
 1596    1.663577e-02    1.001751   1.630944e-02
 1597    1.660781e-02    0.998319   1.628203e-02
 1598    1.660674e-02    0.999936   1.628098e-02
 1599    1.660753e-02    1.000048   1.628176e-02
 1600    1.660708e-02    0.999973   1.628132e-02
 1601    1.663532e-02    1.001700   1.630900e-02
 1602    1.663231e-02    0.999819   1.630605e-02
 1603    1.669912e-02    1.004017   1.637155e-02
 1604    1.687632e-02    1.010612   1.654527e-02
 1605    1.682011e-02    0.996669   1.649017e-02
 1606    1.681776e-02    0.999860   1.648786e-02
 1607    1.682062e-02    1.000170   1.649066e-02
 1608    1.679714e-02    0.998604   1.646765e-02
 1609    1.678407e-02    0.999222   1.645483e-02
 1610    1.678680e-02    1.000162   1.645750e-02
 1611    1.678180e-02    0.999702   1.645260e-02
 1612    1.680170e-02    1.001186   1.647211e-02
 1613    1.648249e-02    0.981002   1.615917e-02
 1614    1.648719e-02    1.000285   1.616377e-02
 1615    1.621938e-02    0.983757   1.590122e-02
 1616    1.605348e-02    0.989772   1.573858e-02
 1617    1.638678e-02    1.020761   1.606533e-02
 1618    1.644240e-02    1.003395   1.611987e-02
 1619    1.645012e-02    1.000469   1.612743e-02
 1620    1.644767e-02    0.999851   1.612503e-02
 1621    1.644736e-02    0.999981   1.612473e-02
 1622    1.641583e-02    0.998083   1.609381e-02
 1623    1.589986e-02    0.968569   1.558796e-02
 1624    1.630582e-02    1.025532   1.598596e-02
 1625    1.634957e-02    1.002683   1.602885e-02
 1626    1.635119e-02    1.000099   1.603044e-02
 1627    1.635233e-02    1.000070   1.603156e-02
 1628    1.635962e-02    1.000446   1.603871e-02
 1629    1.634587e-02    0.999159   1.602523e-02
 1630    1.626051e-02    0.994777   1.594154e-02
 1631    1.573578e-02    0.967730   1.542710e-02
 1632    1.582553e-02    1.005704   1.551509e-02
 1633    1.582856e-02    1.000192   1.551807e-02
 1634    1.576604e-02    0.996050   1.545677e-02
 1635    1.859046e-02    1.179146   1.822579e-02
 1636    1.439161e-02    0.774139   1.410930e-02
 1637    1.441560e-02    1.001667   1.413282e-02
 1638    1.440483e-02    0.999253   1.412227e-02
 1639    1.458386e-02    1.012428   1.429778e-02
 1640    1.492767e-02    1.023575   1.463485e-02
 1641    1.472983e-02    0.986746   1.444088e-02
 1642    1.509711e-02    1.024934   1.480096e-02
 1643    1.537731e-02    1.018560   1.507567e-02
 1644    1.525548e-02    0.992077   1.495622e-02
 1645    1.525006e-02    0.999645   1.495091e-02
 1646    1.525041e-02    1.000022   1.495125e-02
 1647    1.525481e-02    1.000289   1.495557e-02
 1648    1.525472e-02    0.999994   1.495548e-02
 1649    1.528574e-02    1.002034   1.498589e-02
 1650    1.547380e-02    1.012303   1.517026e-02
 1651    1.552879e-02    1.003554   1.522417e-02
 1652    1.551884e-02    0.999359   1.521442e-02
 1653    1.539704e-02    0.992152   1.509501e-02
 1654    1.471837e-02    0.955922   1.442965e-02
 1655    1.473594e-02    1.001193   1.444688e-02
 1656    1.469240e-02    0.997046   1.440419e-02
 1657    1.456563e-02    0.991371   1.427990e-02
 1658    1.457431e-02    1.000596   1.428842e-02
 1659    1.456977e-02    0.999688   1.428397e-02
 1660    1.454519e-02    0.998313   1.425987e-02
 1661    1.455225e-02    1.000486   1.426679e-02
 1662    1.459597e-02    1.003004   1.430965e-02
 1663    1.491892e-02    1.022126   1.462626e-02
 1664    1.480186e-02    0.992154   1.451150e-02
 1665    1.440389e-02    0.973113   1.412134e-02
 1666    1.441658e-02    1.000881   1.413378e-02
 1667    1.441458e-02    0.999862   1.413182e-02
 1668    1.441849e-02    1.000271   1.413565e-02
 1669    1.441747e-02    0.999929   1.413465e-02
 1670    1.443011e-02    1.000877   1.414704e-02
 1671    1.441966e-02    0.999276   1.413680e-02
 1672    1.437258e-02    0.996735   1.409065e-02
 1673    1.435152e-02    0.998534   1.407000e-02
 1674    1.445942e-02    1.007519   1.417578e-02
 1675    1.446189e-02    1.000170   1.417820e-02
 1676    1.445383e-02    0.999443   1.417030e-02
 1677    1.445457e-02    1.000051   1.417103e-02
 1678    1.445446e-02    0.999993   1.417092e-02
 1679    1.444783e-02    0.999541   1.416442e-02
 1680    1.444375e-02    0.999718   1.416042e-02
 1681    1.441144e-02    0.997763   1.412875e-02
 1682    1.441801e-02    1.000456   1.413519e-02
 1683    1.480337e-02    1.026728   1.451299e-02
 1684    1.470727e-02    0.993508   1.441877e-02
 1685    1.069287e-02    0.727046   1.048311e-02
 1686    1.026960e-02    0.960416   1.006815e-02
 1687    1.359287e-02    1.323603   1.332622e-02
 1688    1.405963e-02    1.034339   1.378383e-02
 1689    1.403067e-02    0.997940   1.375544e-02
 1690    1.408387e-02    1.003792   1.380760e-02
 1691    1.409637e-02    1.000888   1.381986e-02
 1692    1.409616e-02    0.999985   1.381964e-02
 1693    1.409936e-02    1.000227   1.382278e-02
 1694    1.409256e-02    0.999518   1.381612e-02
 1695    1.412271e-02    1.002139   1.384567e-02
 1696    1.405467e-02    0.995182   1.377897e-02
 1697    1.397411e-02    0.994268   1.369999e-02
 1698    1.398625e-02    1.000868   1.371189e-02
 1699    1.390715e-02    0.994345   1.363435e-02
 1700    1.391364e-02    1.000466   1.364071e-02
 1701    1.493991e-02    1.073760   1.464685e-02
 1702    3.029876e-02    2.028041   2.970442e-02
 1703    1.305444e-02    0.430857   1.279836e-02
 1704    1.210747e-02    0.927460   1.186997e-02
 1705    1.252680e-02    1.034634   1.228108e-02
 1706    1.232852e-02    0.984171   1.208668e-02
 1707    1.229982e-02    0.997672   1.205854e-02
 1708    1.233533e-02    1.002887   1.209335e-02
 1709    1.240294e-02    1.005481   1.215964e-02
 1710    1.240488e-02    1.000156   1.216154e-02
 1711    1.239653e-02    0.999327   1.215336e-02
 1712    1.239644e-02    0.999993   1.215327e-02
 1713    1.239772e-02    1.000103   1.215452e-02
 1714    1.239768e-02    0.999997   1.215449e-02
 1715    1.239257e-02    0.999587   1.214947e-02
 1716    1.235143e-02    0.996680   1.210914e-02
 1717    1.234034e-02    0.999103   1.209827e-02
 1718    1.235951e-02    1.001553   1.211707e-02
 1719    1.095389e-02    0.886272   1.073902e-02
 1720    1.117684e-02    1.020353   1.095759e-02
 1721    1.247934e-02    1.116536   1.223454e-02
 1722    1.260280e-02    1.009894   1.235558e-02
 1723    1.259572e-02    0.999438   1.234864e-02
 1724    1.259504e-02    0.999945   1.234797e-02
 1725    1.259028e-02    0.999622   1.234331e-02
 1726    1.259464e-02    1.000346   1.234758e-02
 1727    1.280575e-02    1.016763   1.255455e-02
 1728    1.226900e-02    0.958085   1.202833e-02
 1729    1.226825e-02    0.999939   1.202759e-02
 1730    1.226791e-02    0.999973   1.202726e-02
 1731    1.148730e-02    0.936370   1.126196e-02
 1732    1.140261e-02    0.992628   1.117894e-02
 1733    1.145080e-02    1.004226   1.122618e-02
 1734    1.147603e-02    1.002204   1.125092e-02
 1735    1.151487e-02    1.003384   1.128899e-02
 1736    1.137405e-02    0.987771   1.115093e-02
 1737    1.152372e-02    1.013159   1.129767e-02
 1738    1.150606e-02    0.998467   1.128035e-02
 1739    1.151688e-02    1.000941   1.129096e-02
 1740    1.148599e-02    0.997318   1.126068e-02
 1741    1.157404e-02    1.007666   1.134700e-02
 1742    1.155612e-02    0.998451   1.132943e-02
 1743    1.192983e-02    1.032339   1.169581e-02
 1744    1.311166e-02    1.099065   1.285446e-02
 1745    1.310220e-02    0.999279   1.284519e-02
 1746    1.020530e-02    0.778900   1.000511e-02
 1747    8.991802e-03    0.881091   8.815416e-03
 1748    9.612151e-03    1.068991   9.423597e-03
 1749    1.050705e-02    1.093100   1.030094e-02
 1750    8.696516e-03    0.827684   8.525924e-03
 1751    1.443702e-02    1.660092   1.415382e-02
 1752    9.600665e-03    0.665003   9.412336e-03
 1753    1.033472e-02    1.076459   1.013199e-02
 1754    1.018311e-02    0.985330   9.983356e-03
 1755    1.014547e-02    0.996303   9.946449e-03
 1756    1.014648e-02    1.000100   9.947440e-03
 1757    1.014539e-02    0.999893   9.946377e-03
 1758    1.014774e-02    1.000231   9.948679e-03
 1759    1.014773e-02    0.999999   9.948667e-03
 1760    1.014601e-02    0.999831   9.946986e-03
 1761    1.014913e-02    1.000308   9.950045e-03
 1762    1.030272e-02    1.015133   1.010062e-02
 1763    9.848201e-03    0.955884   9.655016e-03
 1764    1.026838e-02    1.042666   1.006695e-02
 1765    1.026279e-02    0.999456   1.006147e-02
 1766    9.874789e-03    0.962193   9.681083e-03
 1767    9.954786e-03    1.008101   9.759511e-03
 1768    9.952247e-03    0.999745   9.757022e-03
 1769    9.959660e-03    1.000745   9.764289e-03
 1770    9.945406e-03    0.998569   9.750314e-03
 1771    9.899424e-03    0.995377   9.705235e-03
 1772    9.918967e-03    1.001974   9.724394e-03
 1773    9.919965e-03    1.000101   9.725373e-03
 1774    9.908164e-03    0.998810   9.713803e-03
 1775    9.907040e-03    0.999887   9.712702e-03
 1776    9.923032e-03    1.001614   9.728379e-03
 1777    9.899355e-03    0.997614   9.705167e-03
 1778    9.934533e-03    1.003554   9.739655e-03
 1779    9.932936e-03    0.999839   9.738089e-03
 1780    9.932721e-03    0.999978   9.737878e-03
 1781    9.935350e-03    1.000265   9.740456e-03
 1782    9.942696e-03    1.000739   9.747658e-03
 1783    1.014928e-02    1.020778   9.950191e-03
 1784    1.055772e-02    1.040243   1.035062e-02
 1785    1.053540e-02    0.997885   1.032873e-02
 1786    1.078183e-02    1.023391   1.057033e-02
 1787    1.078161e-02    0.999979   1.057011e-02
 1788    1.077396e-02    0.999291   1.056261e-02
 1789    1.027252e-02    0.953458   1.007101e-02
 1790    1.034981e-02    1.007524   1.014679e-02
 1791    1.023636e-02    0.989039   1.003557e-02
 1792    1.024291e-02    1.000639   1.004198e-02
 1793    1.024271e-02    0.999980   1.004178e-02
 1794    1.021926e-02    0.997711   1.001879e-02
 1795    1.019338e-02    0.997468   9.993427e-03
 1796    1.021526e-02    1.002146   1.001487e-02
 1797    1.018330e-02    0.996871   9.983542e-03
 1798    1.017395e-02    0.999082   9.974376e-03
 1799    1.017843e-02    1.000440   9.978769e-03
 1800    1.019244e-02    1.001376   9.992500e-03
 1801    1.051186e-02    1.031339   1.030566e-02
 1802    9.655826e-03    0.918565   9.466415e-03
 1803    1.019945e-02    1.056300   9.999373e-03
 1804    1.017990e-02    0.998083   9.980205e-03
 1805    1.020506e-02    1.002472   1.000487e-02
 1806    1.018036e-02    0.997580   9.980661e-03
 1807    1.014126e-02    0.996159   9.942330e-03
 1808    1.024544e-02    1.010272   1.004446e-02
 1809    1.025207e-02    1.000648   1.005097e-02
 1810    1.021563e-02    0.996445   1.001524e-02
 1811    1.024716e-02    1.003086   1.004615e-02
 1812    1.025316e-02    1.000586   1.005203e-02
 1813    1.025325e-02    1.000008   1.005212e-02
 1814    1.025077e-02    0.999759   1.004969e-02
 1815    1.020662e-02    0.995693   1.000641e-02
 1816    1.022835e-02    1.002129   1.002771e-02
 1817    1.026463e-02    1.003547   1.006328e-02
 1818    1.577060e-02    1.536402   1.546124e-02
 1819    1.030717e-02    0.653568   1.010498e-02
 1820    1.048140e-02    1.016904   1.027579e-02
 1821    8.615501e-03    0.821980   8.446498e-03
 1822    9.501423e-03    1.102829   9.315041e-03
 1823    9.643039e-03    1.014905   9.453879e-03
 1824    9.645734e-03    1.000280   9.456521e-03
 1825    1.094358e-02    1.134552   1.072891e-02
 1826    1.115315e-02    1.019150   1.093437e-02
 1827    1.010192e-02    0.905746   9.903758e-03
 1828    1.010892e-02    1.000693   9.910617e-03
 1829    1.011205e-02    1.000310   9.913690e-03
 1830    1.010675e-02    0.999476   9.908491e-03
 1831    9.268209e-03    0.917032   9.086402e-03
 1832    1.014882e-02    1.095014   9.949740e-03
 1833    1.009381e-02    0.994579   9.895803e-03
 1834    1.006364e-02    0.997012   9.866232e-03
 1835    1.001227e-02    0.994895   9.815866e-03
 1836    1.002661e-02    1.001433   9.829929e-03
 1837    1.002578e-02    0.999917   9.829113e-03
 1838    1.008823e-02    1.006229   9.890338e-03
 1839    1.040726e-02    1.031624   1.020311e-02
 1840    6.461346e-03    0.620850   6.334599e-03
 1841    1.299495e-02    2.011183   1.274003e-02
 1842    1.106839e-02    0.851746   1.085127e-02
 1843    1.149257e-02    1.038323   1.126713e-02
 1844    1.154112e-02    1.004225   1.131473e-02
 1845    1.062223e-02    0.920381   1.041386e-02
 1846    1.074191e-02    1.011267   1.053119e-02
 1847    1.170696e-02    1.089840   1.147732e-02
 1848    1.169686e-02    0.999137   1.146741e-02
 1849    1.173922e-02    1.003621   1.150894e-02
 1850    1.177126e-02    1.002730   1.154036e-02
 1851    1.177118e-02    0.999993   1.154027e-02
 1852    1.170869e-02    0.994692   1.147901e-02
 1853    1.168306e-02    0.997810   1.145388e-02
 1854    1.155388e-02    0.988944   1.132724e-02
 1855    1.143287e-02    0.989526   1.120860e-02
 1856    1.206649e-02    1.055421   1.182979e-02
 1857    1.073222e-02    0.889423   1.052169e-02
 1858    1.073216e-02    0.999995   1.052164e-02
 1859    1.741604e-02    1.622789   1.707440e-02
 1860    1.991687e-02    1.143594   1.952617e-02
 1861    1.810042e-02    0.908798   1.774536e-02
 1862    1.635108e-02    0.903354   1.603034e-02
 1863    1.488504e-02    0.910340   1.459305e-02
 1864    1.487783e-02    0.999516   1.458598e-02
 1865    1.501148e-02    1.008983   1.471701e-02
 1866    1.478597e-02    0.984978   1.449593e-02
 1867    1.370350e-02    0.926791   1.343469e-02
 1868    1.693268e-02    1.235646   1.660052e-02
 1869    1.644928e-02    0.971452   1.612661e-02
 1870    1.646177e-02    1.000759   1.613885e-02
 1871    1.644930e-02    0.999243   1.612663e-02
 1872    2.275707e-02    1.383467   2.231066e-02
 1873    1.726641e-02    0.758727   1.692771e-02
 1874    1.580439e-02    0.915326   1.549437e-02
 1875    1.480152e-02    0.936545   1.451117e-02
 1876    1.620455e-02    1.094789   1.588667e-02
 1877    1.620097e-02    0.999779   1.588317e-02
 1878    1.665925e-02    1.028288   1.633246e-02
 1879    1.681103e-02    1.009111   1.648126e-02
 1880    1.690169e-02    1.005393   1.657015e-02
 1881    1.689914e-02    0.999849   1.656764e-02
 1882    1.633176e-02    0.966426   1.601139e-02
 1883    1.532523e-02    0.938370   1.502461e-02
 1884    1.602347e-02    1.045561   1.570915e-02
 1885    1.547994e-02    0.966079   1.517629e-02
 1886    1.424252e-02    0.920063   1.396314e-02
 1887    2.421218e-02    1.699993   2.373723e-02
 1888    2.417130e-02    0.998311   2.369715e-02
 1889    2.731975e-02    1.130256   2.678384e-02
 1890    1.937876e-03    0.070933   1.899863e-03
 1891    3.367757e-03    1.737860   3.301695e-03
 1892    2.665567e-02    7.914962   2.613279e-02
 1893    2.624662e-02    0.984654   2.573176e-02
 1894    6.327568e-01    24.108121   6.203445e-01
 1895    4.497826e-02    0.071083   4.409596e-02
 1896    7.686641e-02    1.708968   7.535858e-02
 1897    4.800237e-02    0.624491   4.706075e-02
 1898    4.544540e-02    0.946732   4.455393e-02
 1899    7.158485e-02    1.575184   7.018063e-02
 1900    8.129083e-02    1.135587   7.969622e-02
 1901    8.774440e-02    1.079389   8.602319e-02
 1902    8.993209e-02    1.024933   8.816797e-02
 1903    9.033469e-02    1.004477   8.856266e-02
 1904    8.824643e-02    0.976883   8.651537e-02
 1905    8.229906e-02    0.932605   8.068466e-02
 1906    1.360369e-01    1.652958   1.333683e-01
 1907    1.147012e-01    0.843163   1.124512e-01
 1908    1.090294e-01    0.950551   1.068906e-01
 1909    1.627013e-01    1.492270   1.595097e-01
 1910    1.603441e-01    0.985512   1.571988e-01
 1911    1.587129e-01    0.989827   1.555995e-01
 1912    1.960077e-01    1.234983   1.921627e-01
 1913    7.221664e-02    0.368438   7.080002e-02
 1914    4.963669e-02    0.687330   4.866300e-02
 1915    3.136221e-03    0.063184   3.074700e-03
 1916    9.674283e-03    3.084695   9.484510e-03
 1917    3.724617e-03    0.385002   3.651554e-03
 1918    2.417601e-02    6.490870   2.370177e-02
 1919    4.422817e-02    1.829424   4.336058e-02
 1920    4.389452e-02    0.992456   4.303348e-02
 1921    5.360332e-02    1.221185   5.255182e-02
 1922    5.244712e-02    0.978431   5.141831e-02
 1923    5.431612e-02    1.035636   5.325064e-02
 1924    5.426191e-02    0.999002   5.319750e-02
 1925    2.446192e-02    0.450812   2.398207e-02
 1926    3.100117e-02    1.267324   3.039304e-02
 1927    2.265513e-02    0.730783   2.221073e-02
 1928    1.069916e-02    0.472262   1.048928e-02
 1929    6.980789e-03    0.652461   6.843852e-03
 1930    3.218520e-03    0.461054   3.155385e-03
 1931    3.000439e-02    9.322417   2.941581e-02
 1932    2.477962e-02    0.825867   2.429354e-02
 1933    1.975688e-02    0.797303   1.936932e-02
 1934    2.275496e-02    1.151749   2.230859e-02
 1935    2.314851e-02    1.017295   2.269442e-02
 1936    1.463946e-02    0.632415   1.435229e-02
 1937    2.069714e-02    1.413792   2.029114e-02
 1938    9.703043e-02    4.688108   9.512705e-02
 1939    2.335901e-02    0.240739   2.290079e-02
 1940    2.801387e-02    1.199275   2.746434e-02
 1941    2.754640e-02    0.983313   2.700604e-02
 1942    2.745618e-02    0.996725   2.691759e-02
 1943    2.750296e-02    1.001704   2.696345e-02
 1944    2.773662e-02    1.008496   2.719253e-02
 1945    4.048248e-02    1.459532   3.968837e-02
 1946    2.799061e-02    0.691425   2.744154e-02
 1947    2.788411e-02    0.996195   2.733713e-02
 1948    2.788511e-02    1.000036   2.733811e-02
 1949    2.797946e-02    1.003383   2.743060e-02
 1950    2.749779e-02    0.982785   2.695839e-02
 1951    2.754750e-02    1.001808   2.700713e-02
 1952    2.753909e-02    0.999695   2.699888e-02
 1953    2.801384e-02    1.017239   2.746431e-02
 1954    2.887632e-02    1.030788   2.830987e-02
 1955    2.923344e-02    1.012367   2.865999e-02
 1956    2.948286e-02    1.008532   2.890451e-02
 1957    2.964878e-02    1.005628   2.906718e-02
 1958    4.311610e-02    1.454228   4.227032e-02
 1959    2.736574e-02    0.634699   2.682892e-02
 1960    2.658945e-02    0.971633   2.606786e-02
 1961    2.592921e-02    0.975169   2.542057e-02
 1962    2.570535e-02    0.991367   2.520111e-02
 1963    2.573510e-02    1.001157   2.523027e-02
 1964    2.948097e-02    1.145555   2.890266e-02
 1965    1.777554e-02    0.602950   1.742685e-02
 1966    1.859682e-02    1.046202   1.823202e-02
 1967    1.880770e-02    1.011340   1.843877e-02
 1968    1.883392e-02    1.001394   1.846447e-02
 1969    1.879008e-02    0.997672   1.842149e-02
 1970    1.369158e-02    0.728660   1.342301e-02
 1971    3.547778e-03    0.259121   3.478184e-03
 1972    3.722015e-03    1.049111   3.649003e-03
 1973    5.381848e-03    1.445950   5.276277e-03
 1974    6.949583e-03    1.291301   6.813259e-03
 1975    3.628424e-03    0.522107   3.557248e-03
 1976    5.693272e-03    1.569076   5.581591e-03
 1977    6.057536e-03    1.063981   5.938710e-03
 1978    3.608733e-03    0.595743   3.537944e-03
 1979    2.114320e-03    0.585890   2.072845e-03
 1980    1.560365e-03    0.737999   1.529757e-03
 1981    2.035503e-03    1.304504   1.995574e-03
 1982    1.737688e-03    0.853690   1.703601e-03
 1983    1.735901e-03    0.998972   1.701850e-03
 1984    1.655536e-03    0.953704   1.623061e-03
 1985    4.067529e-03    2.456925   3.987739e-03
 1986    1.891961e-03    0.465138   1.854848e-03
 1987    3.341901e-03    1.766369   3.276346e-03
 1988    3.337303e-03    0.998624   3.271837e-03
 1989    5.720698e-03    1.714168   5.608480e-03
 1990    5.904491e-03    1.032128   5.788667e-03
 1991    5.675456e-03    0.961210   5.564125e-03
 1992    1.019191e-02    1.795788   9.991987e-03
 1993    6.292240e-03    0.617376   6.168810e-03
 1994    6.384719e-03    1.014697   6.259475e-03
 1995    6.238681e-03    0.977127   6.116302e-03
 1996    5.934768e-03    0.951286   5.818350e-03
 1997    5.476238e-03    0.922738   5.368815e-03
 1998    5.347276e-03    0.976451   5.242382e-03
 1999    5.398234e-03    1.009530   5.292341e-03
 2000    1.725081e-03    0.319564   1.691241e-03
 2001    6.421532e-03    3.722453   6.295566e-03
 2002    4.217712e-03    0.656808   4.134976e-03
 2003    4.168363e-03    0.988300   4.086595e-03
 2004    5.469941e-03    1.312252   5.362642e-03
 2005    4.413556e-03    0.806874   4.326979e-03
 2006    3.654561e-03    0.828031   3.582872e-03
 2007    7.334700e-02    20.069991   7.190821e-02
 2008    5.393165e-03    0.073529   5.287372e-03
 2009    1.291322e-03    0.239437   1.265991e-03
 2010    1.403866e-03    1.087154   1.376328e-03
 2011    1.573365e-03    1.120737   1.542502e-03
 2012    1.947615e-03    1.237866   1.909411e-03
 2013    1.341925e-03    0.689009   1.315602e-03
 2014    8.581548e-03    6.394953   8.413210e-03
 2015    6.142670e-03    0.715800   6.022174e-03
 2016    8.591613e-02    13.986773   8.423078e-02
 2017    4.449752e-03    0.051792   4.362465e-03
 2018    3.660202e-03    0.822563   3.588403e-03
 2019    3.614529e-03    0.987522   3.543626e-03
 2020    3.588530e-03    0.992807   3.518137e-03
 2021    3.567975e-03    0.994272   3.497985e-03
 2022    3.543121e-03    0.993034   3.473618e-03
 2023    3.542573e-03    0.999845   3.473081e-03
 2024    3.543016e-03    1.000125   3.473516e-03
 2025    3.429472e-03    0.967953   3.362199e-03
 2026    3.499692e-03    1.020475   3.431041e-03
 2027    3.482420e-03    0.995065   3.414108e-03
 2028    3.478428e-03    0.998854   3.410194e-03
 2029    3.478902e-03    1.000136   3.410659e-03
 2030    3.478333e-03    0.999836   3.410101e-03
 2031    3.477464e-03    0.999750   3.409249e-03
 2032    3.478847e-03    1.000398   3.410605e-03
 2033    3.485017e-03    1.001774   3.416654e-03
 2034    3.484622e-03    0.999887   3.416267e-03
 2035    3.484337e-03    0.999918   3.415988e-03
 2036    3.483878e-03    0.999868   3.415537e-03
 2037    3.482594e-03    0.999631   3.414279e-03
 2038    3.486031e-03    1.000987   3.417648e-03
 2039    3.493364e-03    1.002104   3.424837e-03
 2040    3.499889e-03    1.001868   3.431235e-03
 2041    3.508198e-03    1.002374   3.439380e-03
 2042    3.485644e-03    0.993571   3.417269e-03
 2043    3.474799e-03    0.996889   3.406637e-03
 2044    3.533692e-03    1.016949   3.464374e-03
 2045    3.532866e-03    0.999766   3.463565e-03
 2046    3.212960e-03    0.909448   3.149934e-03
 2047    3.229515e-03    1.005153   3.166164e-03
 2048    3.229490e-03    0.999992   3.166139e-03
 2049    4.458295e-03    1.380495   4.370840e-03
 2050    3.462667e-03    0.776680   3.394743e-03
 2051    1.339114e-03    0.386729   1.312846e-03
 2052    2.153101e-03    1.607854   2.110865e-03
 2053    2.313686e-03    1.074583   2.268300e-03
 2054    2.436706e-03    1.053171   2.388907e-03
 2055    2.406161e-03    0.987465   2.358962e-03
 2056    2.390360e-03    0.993433   2.343470e-03
 2057    2.390865e-03    1.000211   2.343965e-03
 2058    2.314254e-03    0.967957   2.268857e-03
 2059    2.349376e-03    1.015176   2.303290e-03
 2060    2.325422e-03    0.989804   2.279806e-03
 2061    2.265487e-03    0.974226   2.221047e-03
 2062    2.255566e-03    0.995621   2.211321e-03
 2063    2.232471e-03    0.989761   2.188679e-03
 2064    2.031405e-03    0.909935   1.991556e-03
 2065    2.498881e-03    1.230125   2.449863e-03
 2066    2.472187e-03    0.989318   2.423692e-03
 2067    2.418748e-03    0.978384   2.371301e-03
 2068    2.082421e-03    0.860950   2.041571e-03
 2069    1.947051e-03    0.934994   1.908857e-03
 2070    1.906792e-03    0.979323   1.869388e-03
 2071    1.861314e-03    0.976150   1.824802e-03
 2072    1.887932e-03    1.014300   1.850898e-03
 2073    1.883135e-03    0.997459   1.846195e-03
 2074    1.877610e-03    0.997066   1.840779e-03
 2075    1.910863e-03    1.017710   1.873379e-03
 2076    1.807007e-03    0.945650   1.771560e-03
 2077    1.813057e-03    1.003348   1.777491e-03
 2078    1.812340e-03    0.999605   1.776789e-03
 2079    1.984946e-03    1.095239   1.946009e-03
 2080    2.017193e-03    1.016246   1.977623e-03
 2081    2.274839e-03    1.127725   2.230215e-03
 2082    2.313200e-03    1.016863   2.267824e-03
 2083    2.178059e-03    0.941578   2.135333e-03
 2084    1.952689e-03    0.896527   1.914385e-03
 2085    1.855280e-03    0.950115   1.818886e-03
 2086    1.537690e-03    0.828818   1.507526e-03
 2087    1.707351e-03    1.110335   1.673859e-03
 2088    1.662412e-03    0.973679   1.629802e-03
 2089    1.667893e-03    1.003297   1.635175e-03
 2090    1.667781e-03    0.999933   1.635066e-03
 2091    1.649908e-03    0.989283   1.617543e-03
 2092    1.647697e-03    0.998660   1.615375e-03
 2093    1.645679e-03    0.998775   1.613397e-03
 2094    1.640032e-03    0.996569   1.607861e-03
 2095    1.641139e-03    1.000675   1.608947e-03
 2096    1.639993e-03    0.999301   1.607822e-03
 2097    1.636102e-03    0.997627   1.604008e-03
 2098    1.639771e-03    1.002243   1.607605e-03
 2099    1.632449e-03    0.995535   1.600427e-03
 2100    1.632928e-03    1.000293   1.600896e-03
 2101    1.627761e-03    0.996836   1.595831e-03
 2102    1.626995e-03    0.999529   1.595080e-03
 2103    1.627082e-03    1.000053   1.595165e-03
 2104    1.628411e-03    1.000817   1.596468e-03
 2105    1.625077e-03    0.997952   1.593199e-03
 2106    1.622999e-03    0.998722   1.591162e-03
 2107    1.618656e-03    0.997324   1.586904e-03
 2108    1.614929e-03    0.997698   1.583250e-03
 2109    1.612121e-03    0.998261   1.580498e-03
 2110    1.611220e-03    0.999441   1.579614e-03
 2111    1.610628e-03    0.999633   1.579034e-03
 2112    1.610440e-03    0.999883   1.578849e-03
 2113    1.610493e-03    1.000033   1.578901e-03
 2114    1.610506e-03    1.000008   1.578914e-03
 2115    1.610361e-03    0.999910   1.578771e-03
 2116    1.610467e-03    1.000066   1.578875e-03
 2117    1.610428e-03    0.999976   1.578837e-03
 2118    1.610432e-03    1.000003   1.578842e-03
 2119    1.608357e-03    0.998711   1.576807e-03
 2120    1.612237e-03    1.002412   1.580611e-03
 2121    1.612635e-03    1.000247   1.581001e-03
 2122    1.612061e-03    0.999645   1.580439e-03
 2123    1.612009e-03    0.999968   1.580388e-03
 2124    1.613020e-03    1.000627   1.581378e-03
 2125    1.613013e-03    0.999996   1.581372e-03
 2126    1.613076e-03    1.000039   1.581434e-03
 2127    1.613071e-03    0.999997   1.581428e-03
 2128    1.613101e-03    1.000018   1.581458e-03
 2129    1.613112e-03    1.000007   1.581469e-03
 2130    1.613033e-03    0.999951   1.581391e-03
 2131    1.612922e-03    0.999931   1.581283e-03
 2132    1.612976e-03    1.000033   1.581335e-03
 2133    1.612838e-03    0.999914   1.581200e-03
 2134    1.612800e-03    0.999977   1.581163e-03
 2135    1.612748e-03    0.999967   1.581112e-03
 2136    1.612710e-03    0.999976   1.581074e-03
 2137    1.612613e-03    0.999940   1.580980e-03
 2138    1.613152e-03    1.000334   1.581508e-03
 2139    1.614193e-03    1.000645   1.582529e-03
 2140    1.614398e-03    1.000127   1.582730e-03
 2141    1.614086e-03    0.999807   1.582424e-03
 2142    1.614128e-03    1.000026   1.582465e-03
 2143    1.614084e-03    0.999973   1.582422e-03
 2144    1.614121e-03    1.000023   1.582458e-03
 2145    1.615483e-03    1.000843   1.583793e-03
 2146    1.614960e-03    0.999677   1.583281e-03
 2147    1.639973e-03    1.015488   1.607803e-03
 2148    1.476738e-03    0.900465   1.447770e-03
 2149    1.620694e-03    1.097482   1.588902e-03
 2150    1.638912e-03    1.011241   1.606763e-03
 2151    1.627562e-03    0.993074   1.595635e-03
 2152    1.627233e-03    0.999798   1.595313e-03
 2153    1.628566e-03    1.000819   1.596620e-03
 2154    1.628503e-03    0.999961   1.596558e-03
 2155    1.635304e-03    1.004176   1.603225e-03
 2156    1.635252e-03    0.999968   1.603174e-03
 2157    1.669091e-03    1.020693   1.636349e-03
 2158    1.590397e-03    0.952853   1.559200e-03
 2159    1.614707e-03    1.015285   1.583032e-03
 2160    1.610138e-03    0.997171   1.578554e-03
 2161    1.601253e-03    0.994481   1.569842e-03
 2162    1.591945e-03    0.994187   1.560717e-03
 2163    1.591973e-03    1.000018   1.560745e-03
 2164    1.603253e-03    1.007086   1.571804e-03
 2165    1.404011e-03    0.875726   1.376469e-03
 2166    1.249629e-03    0.890042   1.225116e-03
 2167    1.254773e-03    1.004116   1.230159e-03
 2168    2.575146e-03    2.052280   2.524631e-03
 2169    4.341889e-03    1.686075   4.256717e-03
 2170    5.357805e-03    1.233980   5.252705e-03
 2171    4.416767e-03    0.824361   4.330127e-03
 2172    1.424844e-03    0.322599   1.396894e-03
 2173    1.351863e-03    0.948779   1.325344e-03
 2174    2.492706e-03    1.843905   2.443808e-03
 2175    2.508592e-03    1.006373   2.459383e-03
 2176    3.534503e-03    1.408959   3.465169e-03
 2177    1.760279e-03    0.498027   1.725749e-03
 2178    1.285067e-03    0.730036   1.259858e-03
 2179    1.202896e-03    0.936058   1.179300e-03
 2180    1.206490e-03    1.002987   1.182823e-03
 2181    1.206494e-03    1.000004   1.182827e-03
 2182    1.205188e-03    0.998917   1.181547e-03
 2183    1.205416e-03    1.000189   1.181770e-03
 2184    1.204809e-03    0.999497   1.181176e-03
 2185    1.206683e-03    1.001555   1.183012e-03
 2186    1.205728e-03    0.999209   1.182076e-03
 2187    1.205843e-03    1.000096   1.182189e-03
 2188    1.202719e-03    0.997409   1.179127e-03
 2189    1.202355e-03    0.999697   1.178769e-03
 2190    1.202703e-03    1.000289   1.179110e-03
 2191    1.204077e-03    1.001142   1.180457e-03
 2192    1.201962e-03    0.998244   1.178384e-03
 2193    1.201893e-03    0.999943   1.178317e-03
 2194    1.201904e-03    1.000008   1.178327e-03
 2195    1.201868e-03    0.999970   1.178291e-03
 2196    1.202422e-03    1.000462   1.178835e-03
 2197    1.201946e-03    0.999604   1.178368e-03
 2198    1.201870e-03    0.999937   1.178293e-03
 2199    1.201843e-03    0.999978   1.178268e-03
 2200    1.201847e-03    1.000003   1.178271e-03
 2201    1.201728e-03    0.999901   1.178154e-03
 2202    1.201615e-03    0.999906   1.178044e-03
 2203    1.201607e-03    0.999994   1.178036e-03
 2204    1.201625e-03    1.000015   1.178054e-03
 2205    1.201609e-03    0.999986   1.178038e-03
 2206    1.201611e-03    1.000001   1.178040e-03
 2207    1.201613e-03    1.000002   1.178042e-03
 2208    1.201595e-03    0.999985   1.178024e-03
 2209    1.201563e-03    0.999974   1.177993e-03
 2210    1.201463e-03    0.999917   1.177895e-03
 2211    1.201813e-03    1.000291   1.178238e-03
 2212    1.201835e-03    1.000018   1.178259e-03
 2213    1.201670e-03    0.999863   1.178098e-03
 2214    1.201686e-03    1.000014   1.178114e-03
 2215    1.201613e-03    0.999939   1.178042e-03
 2216    1.202009e-03    1.000329   1.178430e-03
 2217    1.204166e-03    1.001795   1.180545e-03
 2218    1.203017e-03    0.999045   1.179418e-03
 2219    1.203211e-03    1.000161   1.179609e-03
 2220    1.202674e-03    0.999554   1.179083e-03
 2221    1.202779e-03    1.000087   1.179185e-03
 2222    1.205923e-03    1.002614   1.182267e-03
 2223    1.205944e-03    1.000018   1.182288e-03
 2224    1.205822e-03    0.999899   1.182168e-03
 2225    1.205487e-03    0.999722   1.181840e-03
 2226    1.209595e-03    1.003408   1.185868e-03
 2227    1.215076e-03    1.004531   1.191241e-03
 2228    1.232170e-03    1.014068   1.208000e-03
 2229    1.210827e-03    0.982678   1.187075e-03
 2230    1.208474e-03    0.998057   1.184768e-03
 2231    1.209543e-03    1.000885   1.185817e-03
 2232    1.208776e-03    0.999365   1.185064e-03
 2233    1.208508e-03    0.999779   1.184802e-03
 2234    1.208395e-03    0.999907   1.184691e-03
 2235    1.208540e-03    1.000120   1.184833e-03
 2236    1.208873e-03    1.000275   1.185159e-03
 2237    1.206856e-03    0.998332   1.183182e-03
 2238    1.206680e-03    0.999854   1.183010e-03
 2239    1.206796e-03    1.000095   1.183123e-03
 2240    1.206971e-03    1.000145   1.183294e-03
 2241    1.206931e-03    0.999967   1.183256e-03
 2242    1.210169e-03    1.002683   1.186430e-03
 2243    1.209601e-03    0.999530   1.185873e-03
 2244    1.210433e-03    1.000688   1.186689e-03
 2245    1.209288e-03    0.999054   1.185566e-03
 2246    1.212505e-03    1.002660   1.188720e-03
 2247    1.201084e-03    0.990581   1.177524e-03
 2248    1.201432e-03    1.000289   1.177865e-03
 2249    1.201232e-03    0.999833   1.177668e-03
 2250    1.203751e-03    1.002097   1.180138e-03
 2251    1.365606e-03    1.134459   1.338818e-03
 2252    1.396603e-03    1.022699   1.369207e-03
 2253    1.417830e-03    1.015199   1.390017e-03
 2254    1.356793e-03    0.956950   1.330178e-03
 2255    1.440086e-03    1.061389   1.411836e-03
 2256    1.380507e-03    0.958628   1.353426e-03
 2257    1.201685e-03    0.870466   1.178112e-03
 2258    1.215998e-03    1.011911   1.192145e-03
 2259    1.202290e-03    0.988727   1.178706e-03
 2260    1.202404e-03    1.000095   1.178818e-03
 2261    1.200955e-03    0.998795   1.177397e-03
 2262    1.201709e-03    1.000627   1.178136e-03
 2263    1.200209e-03    0.998752   1.176665e-03
 2264    1.199881e-03    0.999727   1.176344e-03
 2265    1.199345e-03    0.999553   1.175818e-03
 2266    1.199399e-03    1.000045   1.175871e-03
 2267    1.199073e-03    0.999728   1.175552e-03
 2268    1.199514e-03    1.000368   1.175984e-03
 2269    1.199503e-03    0.999990   1.175973e-03
 2270    1.199712e-03    1.000174   1.176178e-03
 2271    1.198166e-03    0.998712   1.174663e-03
 2272    1.197679e-03    0.999593   1.174185e-03
 2273    1.197675e-03    0.999997   1.174181e-03
 2274    1.197777e-03    1.000085   1.174281e-03
 2275    1.198223e-03    1.000373   1.174719e-03
 2276    1.198239e-03    1.000013   1.174734e-03
 2277    1.198026e-03    0.999822   1.174525e-03
 2278    1.198395e-03    1.000308   1.174887e-03
 2279    1.198362e-03    0.999972   1.174855e-03
 2280    1.198404e-03    1.000035   1.174896e-03
 2281    1.197858e-03    0.999544   1.174360e-03
 2282    1.199209e-03    1.001128   1.175685e-03
 2283    1.198795e-03    0.999655   1.175279e-03
 2284    1.198703e-03    0.999924   1.175189e-03
 2285    1.198722e-03    1.000016   1.175208e-03
 2286    1.198663e-03    0.999950   1.175149e-03
 2287    1.198741e-03    1.000065   1.175226e-03
 2288    1.198805e-03    1.000054   1.175289e-03
 2289    1.198791e-03    0.999988   1.175275e-03
 2290    1.198766e-03    0.999979   1.175250e-03
 2291    1.198742e-03    0.999981   1.175228e-03
 2292    1.198730e-03    0.999989   1.175215e-03
 2293    1.198727e-03    0.999998   1.175213e-03
 2294    1.198726e-03    0.999999   1.175212e-03
 2295    1.198741e-03    1.000012   1.175226e-03
 2296    1.198732e-03    0.999993   1.175218e-03
 2297    1.198759e-03    1.000022   1.175244e-03
 2298    1.198738e-03    0.999982   1.175223e-03
 2299    1.198468e-03    0.999775   1.174959e-03
 2300    1.198466e-03    0.999998   1.174957e-03
 2301    1.198105e-03    0.999699   1.174603e-03
 2302    1.198104e-03    0.999999   1.174602e-03
 2303    1.198351e-03    1.000207   1.174844e-03
 2304    1.197756e-03    0.999503   1.174261e-03
 2305    1.197628e-03    0.999893   1.174135e-03
 2306    1.197594e-03    0.999972   1.174102e-03
 2307    1.197642e-03    1.000040   1.174149e-03
 2308    1.197201e-03    0.999632   1.173717e-03
 2309    1.199452e-03    1.001880   1.175923e-03
 2310    1.196256e-03    0.997335   1.172790e-03
 2311    1.196217e-03    0.999968   1.172752e-03
 2312    1.196380e-03    1.000136   1.172912e-03
 2313    1.195886e-03    0.999587   1.172428e-03
 2314    1.196693e-03    1.000674   1.173218e-03
 2315    1.196737e-03    1.000037   1.173262e-03
 2316    1.196698e-03    0.999968   1.173224e-03
 2317    1.196991e-03    1.000245   1.173511e-03
 2318    1.196476e-03    0.999569   1.173005e-03
 2319    1.197417e-03    1.000787   1.173928e-03
 2320    1.196589e-03    0.999308   1.173116e-03
 2321    1.196590e-03    1.000001   1.173117e-03
 2322    1.196535e-03    0.999954   1.173063e-03
 2323    1.196908e-03    1.000312   1.173429e-03
 2324    1.196880e-03    0.999977   1.173402e-03
 2325    1.195946e-03    0.999220   1.172486e-03
 2326    1.195578e-03    0.999693   1.172126e-03
 2327    1.197055e-03    1.001235   1.173573e-03
 2328    1.194984e-03    0.998270   1.171543e-03
 2329    1.195026e-03    1.000036   1.171584e-03
 2330    1.198927e-03    1.003264   1.175409e-03
 2331    1.258775e-03    1.049918   1.234083e-03
 2332    1.195209e-03    0.949502   1.171764e-03
 2333    1.195241e-03    1.000027   1.171795e-03
 2334    1.195230e-03    0.999991   1.171784e-03
 2335    1.195324e-03    1.000078   1.171876e-03
 2336    1.194923e-03    0.999664   1.171483e-03
 2337    1.195020e-03    1.000082   1.171578e-03
 2338    1.196112e-03    1.000914   1.172649e-03
 2339    1.196106e-03    0.999994   1.172643e-03
 2340    1.201635e-03    1.004623   1.178063e-03
 2341    1.192060e-03    0.992032   1.168676e-03
 2342    1.192315e-03    1.000214   1.168927e-03
 2343    1.192320e-03    1.000004   1.168931e-03
 2344    1.192308e-03    0.999990   1.168920e-03
 2345    1.192298e-03    0.999992   1.168910e-03
 2346    1.192340e-03    1.000035   1.168951e-03
 2347    1.192401e-03    1.000051   1.169010e-03
 2348    1.192396e-03    0.999996   1.169005e-03
 2349    1.192552e-03    1.000131   1.169159e-03
 2350    1.192663e-03    1.000093   1.169268e-03
 2351    1.192577e-03    0.999927   1.169183e-03
 2352    1.192574e-03    0.999997   1.169180e-03
 2353    1.192527e-03    0.999961   1.169134e-03
 2354    1.192563e-03    1.000030   1.169169e-03
 2355    1.192535e-03    0.999977   1.169142e-03
 2356    1.192504e-03    0.999974   1.169111e-03
 2357    1.192412e-03    0.999923   1.169021e-03
 2358    1.192395e-03    0.999986   1.169005e-03
 2359    1.192394e-03    0.999999   1.169003e-03
 2360    1.193151e-03    1.000635   1.169746e-03
 2361    1.246443e-03    1.044665   1.221992e-03
 2362    1.193261e-03    0.957333   1.169854e-03
 2363    1.192909e-03    0.999704   1.169508e-03
 2364    1.192877e-03    0.999974   1.169477e-03
 2365    1.192935e-03    1.000048   1.169534e-03
 2366    1.192891e-03    0.999963   1.169491e-03
 2367    1.192812e-03    0.999934   1.169413e-03
 2368    1.192850e-03    1.000032   1.169451e-03
 2369    1.192876e-03    1.000021   1.169476e-03
 2370    1.192811e-03    0.999946   1.169413e-03
 2371    1.192861e-03    1.000042   1.169462e-03
 2372    1.191524e-03    0.998879   1.168151e-03
 2373    1.190586e-03    0.999212   1.167231e-03
 2374    1.190584e-03    0.999999   1.167229e-03
 2375    1.190668e-03    1.000070   1.167311e-03
 2376    1.190530e-03    0.999885   1.167177e-03
 2377    1.190505e-03    0.999979   1.167152e-03
 2378    1.190508e-03    1.000002   1.167154e-03
 2379    1.190509e-03    1.000001   1.167155e-03
 2380    1.189827e-03    0.999427   1.166487e-03
 2381    1.189857e-03    1.000025   1.166516e-03
 2382    1.196838e-03    1.005867   1.173360e-03
 2383    1.591633e-03    1.329866   1.560411e-03
 2384    1.189126e-03    0.747111   1.165800e-03
 2385    1.189125e-03    1.000000   1.165799e-03
 2386    1.189106e-03    0.999984   1.165780e-03
 2387    1.189103e-03    0.999998   1.165778e-03
 2388    1.189111e-03    1.000006   1.165785e-03
 2389    1.189141e-03    1.000025   1.165814e-03
 2390    1.189117e-03    0.999980   1.165791e-03
 2391    1.189108e-03    0.999993   1.165782e-03
 2392    1.189120e-03    1.000010   1.165794e-03
 2393    1.189110e-03    0.999991   1.165784e-03
 2394    1.189107e-03    0.999997   1.165781e-03
 2395    1.189103e-03    0.999997   1.165777e-03
 2396    1.189292e-03    1.000159   1.165963e-03
 2397    1.189138e-03    0.999870   1.165812e-03
 2398    1.189309e-03    1.000143   1.165979e-03
 2399    1.189408e-03    1.000084   1.166076e-03
 2400    1.189407e-03    1.000000   1.166076e-03
 2401    1.189403e-03    0.999996   1.166072e-03
 2402    1.189402e-03    0.999999   1.166070e-03
 2403    1.189414e-03    1.000010   1.166083e-03
 2404    1.188922e-03    0.999586   1.165600e-03
 2405    1.219413e-03    1.025646   1.195492e-03
 2406    1.219442e-03    1.000024   1.195521e-03
 2407    1.191054e-03    0.976721   1.167690e-03
 2408    1.190037e-03    0.999146   1.166693e-03
 2409    1.190128e-03    1.000077   1.166782e-03
 2410    1.188919e-03    0.998984   1.165597e-03
 2411    1.189280e-03    1.000303   1.165951e-03
 2412    1.189057e-03    0.999813   1.165732e-03
 2413    1.185440e-03    0.996958   1.162186e-03
 2414    1.184850e-03    0.999502   1.161607e-03
 2415    1.183474e-03    0.998839   1.160259e-03
 2416    1.185653e-03    1.001841   1.162395e-03
 2417    1.187287e-03    1.001378   1.163996e-03
 2418    1.177588e-03    0.991831   1.154488e-03
 2419    1.170461e-03    0.993948   1.147501e-03
 2420    1.211374e-03    1.034955   1.187612e-03
 2421    1.172635e-03    0.968020   1.149632e-03
 2422    1.172739e-03    1.000089   1.149734e-03
 2423    1.168012e-03    0.995969   1.145100e-03
 2424    1.169174e-03    1.000995   1.146240e-03
 2425    1.169511e-03    1.000288   1.146570e-03
 2426    1.220787e-03    1.043844   1.196840e-03
 2427    1.159179e-03    0.949534   1.136440e-03
 2428    1.169231e-03    1.008671   1.146295e-03
 2429    1.155535e-03    0.988287   1.132868e-03
 2430    1.155606e-03    1.000062   1.132938e-03
 2431    1.317188e-03    1.139824   1.291350e-03
 2432    1.157595e-03    0.878838   1.134887e-03
 2433    1.806417e-03    1.560492   1.770982e-03
 2434    1.820878e-03    1.008006   1.785160e-03
 2435    1.776900e-03    0.975848   1.742044e-03
 2436    1.776321e-03    0.999674   1.741477e-03
 2437    1.847605e-03    1.040130   1.811362e-03
 2438    1.572770e-03    0.851248   1.541918e-03
 2439    1.582238e-03    1.006019   1.551200e-03
 2440    1.398046e-03    0.883588   1.370621e-03
 2441    1.335102e-03    0.954978   1.308913e-03
 2442    1.751887e-03    1.312175   1.717522e-03
 2443    1.943909e-03    1.109609   1.905777e-03
 2444    1.205886e-03    0.620341   1.182231e-03
 2445    2.730743e-03    2.264511   2.677177e-03
 2446    2.646688e-03    0.969219   2.594770e-03
 2447    2.875559e-03    1.086474   2.819152e-03
 2448    2.914170e-03    1.013427   2.857005e-03
 2449    1.772422e-02    6.082083   1.737654e-02
 2450    2.738006e-03    0.154478   2.684297e-03
 2451    2.549808e-03    0.931265   2.499791e-03
 2452    2.418017e-03    0.948313   2.370584e-03
 2453    2.768955e-03    1.145135   2.714638e-03
 2454    4.704838e-03    1.699138   4.612546e-03
 2455    3.010641e-03    0.639903   2.951583e-03
 2456    1.157692e-03    0.384533   1.134983e-03
 2457    1.154782e-03    0.997487   1.132130e-03
 2458    1.159566e-03    1.004142   1.136819e-03
 2459    1.158416e-03    0.999009   1.135692e-03
 2460    1.164567e-03    1.005310   1.141723e-03
 2461    1.196394e-03    1.027329   1.172925e-03
 2462    9.083495e-03    7.592397   8.905311e-03
 2463    1.154952e-03    0.127148   1.132297e-03
 2464    1.154989e-03    1.000031   1.132332e-03
 2465    1.184342e-03    1.025415   1.161110e-03
 2466    1.183549e-03    0.999331   1.160333e-03
 2467    1.182789e-03    0.999358   1.159587e-03
 2468    1.182802e-03    1.000010   1.159599e-03
 2469    1.174923e-03    0.993339   1.151875e-03
 2470    1.167433e-03    0.993625   1.144533e-03
 2471    1.173253e-03    1.004985   1.150239e-03
 2472    1.172701e-03    0.999529   1.149697e-03
 2473    1.167394e-03    0.995474   1.144494e-03
 2474    1.160492e-03    0.994088   1.137728e-03
 2475    1.164915e-03    1.003811   1.142064e-03
 2476    1.164923e-03    1.000007   1.142072e-03
 2477    1.164776e-03    0.999874   1.141928e-03
 2478    1.164765e-03    0.999990   1.141917e-03
 2479    1.164764e-03    0.999999   1.141916e-03
 2480    1.164783e-03    1.000016   1.141935e-03
 2481    1.165298e-03    1.000442   1.142439e-03
 2482    1.166249e-03    1.000816   1.143371e-03
 2483    1.166245e-03    0.999997   1.143367e-03
 2484    1.167088e-03    1.000723   1.144194e-03
 2485    1.163366e-03    0.996811   1.140545e-03
 2486    1.163366e-03    1.000000   1.140545e-03
 2487    1.162875e-03    0.999578   1.140064e-03
 2488    1.162991e-03    1.000099   1.140177e-03
 2489    1.163018e-03    1.000024   1.140204e-03
 2490    1.163008e-03    0.999991   1.140194e-03
 2491    1.163378e-03    1.000319   1.140557e-03
 2492    1.162873e-03    0.999566   1.140062e-03
 2493    1.163006e-03    1.000114   1.140192e-03
 2494    1.164968e-03    1.001688   1.142116e-03
 2495    1.164952e-03    0.999986   1.142100e-03
 2496    1.163980e-03    0.999166   1.141148e-03
 2497    1.163465e-03    0.999558   1.140643e-03
 2498    1.163462e-03    0.999997   1.140640e-03
 2499    1.163488e-03    1.000022   1.140665e-03
 2500    1.163486e-03    0.999999   1.140663e-03
 2501    1.163415e-03    0.999938   1.140593e-03
 2502    1.163741e-03    1.000280   1.140913e-03
 2503    1.163369e-03    0.999681   1.140549e-03
 2504    1.163364e-03    0.999995   1.140543e-03
 2505    1.163315e-03    0.999957   1.140495e-03
 2506    1.163230e-03    0.999927   1.140412e-03
 2507    1.163217e-03    0.999989   1.140399e-03
 2508    1.163132e-03    0.999927   1.140316e-03
 2509    1.163114e-03    0.999984   1.140298e-03
 2510    1.208893e-03    1.039359   1.185179e-03
 2511    1.162888e-03    0.961945   1.140077e-03
 2512    1.162894e-03    1.000005   1.140082e-03
 2513    1.163032e-03    1.000119   1.140218e-03
 2514    1.145474e-03    0.984903   1.123004e-03
 2515    1.173909e-03    1.024824   1.150881e-03
 2516    1.173779e-03    0.999890   1.150754e-03
 2517    2.232285e-03    1.901793   2.188496e-03
 2518    1.165512e-03    0.522116   1.142649e-03
 2519    1.165626e-03    1.000098   1.142761e-03
 2520    1.166982e-03    1.001164   1.144090e-03
 2521    1.162328e-03    0.996012   1.139528e-03
 2522    1.161082e-03    0.998927   1.138305e-03
 2523    1.161079e-03    0.999997   1.138303e-03
 2524    1.161522e-03    1.000382   1.138737e-03
 2525    1.160384e-03    0.999020   1.137621e-03
 2526    1.159549e-03    0.999281   1.136803e-03
 2527    1.159731e-03    1.000157   1.136981e-03
 2528    1.159832e-03    1.000087   1.137081e-03
 2529    1.159884e-03    1.000045   1.137132e-03
 2530    1.159836e-03    0.999958   1.137084e-03
 2531    1.159848e-03    1.000010   1.137096e-03
 2532    1.159830e-03    0.999984   1.137078e-03
 2533    1.159834e-03    1.000004   1.137083e-03
 2534    1.159829e-03    0.999995   1.137077e-03
 2535    1.159743e-03    0.999926   1.136994e-03
 2536    1.159742e-03    0.999999   1.136992e-03
 2537    1.159730e-03    0.999990   1.136981e-03
 2538    1.148103e-03    0.989974   1.125581e-03
 2539    1.137207e-03    0.990510   1.114899e-03
 2540    1.136544e-03    0.999418   1.114250e-03
 2541    1.139903e-03    1.002955   1.117542e-03
 2542    1.136515e-03    0.997027   1.114220e-03
 2543    1.136457e-03    0.999950   1.114164e-03
 2544    1.136746e-03    1.000254   1.114447e-03
 2545    1.136702e-03    0.999961   1.114404e-03
 2546    1.136725e-03    1.000021   1.114427e-03
 2547    1.136878e-03    1.000134   1.114576e-03
 2548    1.137213e-03    1.000295   1.114905e-03
 2549    1.137100e-03    0.999901   1.114794e-03
 2550    1.137083e-03    0.999985   1.114778e-03
 2551    1.137063e-03    0.999983   1.114759e-03
 2552    1.136420e-03    0.999434   1.114127e-03
 2553    1.136208e-03    0.999814   1.113920e-03
 2554    1.136170e-03    0.999967   1.113883e-03
 2555    1.136523e-03    1.000310   1.114228e-03
 2556    1.136446e-03    0.999933   1.114154e-03
 2557    1.135982e-03    0.999592   1.113699e-03
 2558    1.135984e-03    1.000001   1.113700e-03
 2559    1.135706e-03    0.999755   1.113427e-03
 2560    1.135687e-03    0.999983   1.113409e-03
 2561    1.135682e-03    0.999996   1.113404e-03
 2562    1.135680e-03    0.999998   1.113403e-03
 2563    1.135679e-03    0.999999   1.113401e-03
 2564    1.135693e-03    1.000013   1.113415e-03
 2565    1.135700e-03    1.000006   1.113422e-03
 2566    1.135697e-03    0.999998   1.113419e-03
 2567    1.135749e-03    1.000045   1.113469e-03
 2568    3.351632e-02    29.510337   3.285886e-02
 2569    1.135604e-03    0.033882   1.113328e-03
 2570    1.136008e-03    1.000356   1.113724e-03
 2571    1.136004e-03    0.999996   1.113720e-03
 2572    1.136432e-03    1.000377   1.114140e-03
 2573    1.136472e-03    1.000035   1.114179e-03
 2574    1.135284e-03    0.998954   1.113014e-03
 2575    1.135026e-03    0.999773   1.112761e-03
 2576    1.136157e-03    1.000996   1.113869e-03
 2577    1.138567e-03    1.002121   1.116232e-03
 2578    1.137812e-03    0.999337   1.115492e-03
 2579    1.137817e-03    1.000005   1.115498e-03
 2580    1.137506e-03    0.999727   1.115193e-03
 2581    1.137593e-03    1.000076   1.115278e-03
 2582    1.137332e-03    0.999771   1.115022e-03
 2583    1.137169e-03    0.999856   1.114862e-03
 2584    1.137135e-03    0.999970   1.114829e-03
 2585    1.137132e-03    0.999997   1.114826e-03
 2586    1.137069e-03    0.999944   1.114764e-03
 2587    1.137034e-03    0.999970   1.114730e-03
 2588    1.137969e-03    1.000822   1.115646e-03
 2589    1.138549e-03    1.000510   1.116215e-03
 2590    1.137565e-03    0.999136   1.115250e-03
 2591    1.137524e-03    0.999964   1.115210e-03
 2592    1.137056e-03    0.999589   1.114751e-03
 2593    1.136927e-03    0.999887   1.114625e-03
 2594    1.137314e-03    1.000340   1.115004e-03
 2595    1.136656e-03    0.999421   1.114359e-03
 2596    1.136032e-03    0.999451   1.113748e-03
 2597    1.135911e-03    0.999893   1.113629e-03
 2598    1.135945e-03    1.000030   1.113662e-03
 2599    1.135643e-03    0.999734   1.113366e-03
 2600    1.131087e-03    0.995988   1.108899e-03
 2601    1.135203e-03    1.003639   1.112935e-03
 2602    1.135342e-03    1.000123   1.113071e-03
 2603    1.134777e-03    0.999502   1.112517e-03
 2604    1.099704e-03    0.969092   1.078132e-03
 2605    1.133238e-03    1.030494   1.111008e-03
 2606    1.133484e-03    1.000217   1.111249e-03
 2607    1.133524e-03    1.000035   1.111289e-03
 2608    1.133560e-03    1.000032   1.111324e-03
 2609    1.131968e-03    0.998596   1.109763e-03
 2610    1.129199e-03    0.997554   1.107048e-03
 2611    1.130745e-03    1.001369   1.108564e-03
 2612    1.132346e-03    1.001415   1.110133e-03
 2613    1.132390e-03    1.000040   1.110177e-03
 2614    1.131777e-03    0.999459   1.109576e-03
 2615    1.131809e-03    1.000028   1.109607e-03
 2616    1.131836e-03    1.000024   1.109634e-03
 2617    1.131725e-03    0.999901   1.109524e-03
 2618    1.131056e-03    0.999409   1.108869e-03
 2619    1.129985e-03    0.999053   1.107819e-03
 2620    1.126320e-03    0.996757   1.104226e-03
 2621    1.128206e-03    1.001674   1.106075e-03
 2622    1.128186e-03    0.999983   1.106056e-03
 2623    1.127647e-03    0.999522   1.105527e-03
 2624    1.126967e-03    0.999398   1.104861e-03
 2625    1.127518e-03    1.000489   1.105401e-03
 2626    1.041398e-03    0.923620   1.020970e-03
 2627    1.120485e-03    1.075943   1.098505e-03
 2628    1.095790e-03    0.977961   1.074295e-03
 2629    1.124330e-03    1.026045   1.102275e-03
 2630    1.124450e-03    1.000106   1.102392e-03
 2631    1.124096e-03    0.999685   1.102045e-03
 2632    1.124099e-03    1.000003   1.102048e-03
 2633    1.124128e-03    1.000026   1.102077e-03
 2634    1.124119e-03    0.999992   1.102068e-03
 2635    1.124135e-03    1.000014   1.102083e-03
 2636    1.123972e-03    0.999856   1.101924e-03
 2637    1.124333e-03    1.000321   1.102278e-03
 2638    1.124143e-03    0.999831   1.102092e-03
 2639    1.124135e-03    0.999993   1.102084e-03
 2640    1.124129e-03    0.999995   1.102078e-03
 2641    1.124123e-03    0.999995   1.102072e-03
 2642    1.124108e-03    0.999986   1.102057e-03
 2643    1.124280e-03    1.000153   1.102225e-03
 2644    1.124046e-03    0.999793   1.101997e-03
 2645    1.124188e-03    1.000126   1.102135e-03
 2646    1.123359e-03    0.999263   1.101323e-03
 2647    1.123584e-03    1.000200   1.101544e-03
 2648    1.123638e-03    1.000048   1.101597e-03
 2649    1.123528e-03    0.999902   1.101488e-03
 2650    1.123909e-03    1.000339   1.101862e-03
 2651    1.123498e-03    0.999634   1.101459e-03
 2652    1.123184e-03    0.999721   1.101151e-03
 2653    1.122278e-03    0.999193   1.100263e-03
 2654    1.122275e-03    0.999998   1.100260e-03
 2655    1.127737e-03    1.004867   1.105615e-03
 2656    1.185857e-03    1.051537   1.162595e-03
 2657    1.160544e-03    0.978654   1.137779e-03
 2658    1.823066e-03    1.570872   1.787305e-03
 2659    1.481702e-03    0.812753   1.452637e-03
 2660    1.124112e-03    0.758662   1.102061e-03
 2661    1.124078e-03    0.999970   1.102028e-03
 2662    1.125965e-03    1.001678   1.103878e-03
 2663    1.125798e-03    0.999852   1.103714e-03
 2664    1.125818e-03    1.000018   1.103734e-03
 2665    1.125858e-03    1.000035   1.103773e-03
 2666    1.125853e-03    0.999996   1.103768e-03
 2667    1.125845e-03    0.999993   1.103760e-03
 2668    1.125815e-03    0.999974   1.103731e-03
 2669    1.125793e-03    0.999980   1.103709e-03
 2670    1.125956e-03    1.000145   1.103869e-03
 2671    1.125060e-03    0.999204   1.102991e-03
 2672    1.124960e-03    0.999911   1.102893e-03
 2673    1.124531e-03    0.999618   1.102472e-03
 2674    1.124490e-03    0.999964   1.102432e-03
 2675    1.124538e-03    1.000043   1.102479e-03
 2676    1.124808e-03    1.000240   1.102743e-03
 2677    1.122948e-03    0.998347   1.100920e-03
 2678    1.053580e-03    0.938227   1.032912e-03
 2679    1.079500e-03    1.024602   1.058324e-03
 2680    1.078029e-03    0.998638   1.056882e-03
 2681    1.077174e-03    0.999207   1.056044e-03
 2682    1.079444e-03    1.002107   1.058270e-03
 2683    1.120163e-03    1.037722   1.098190e-03
 2684    1.097848e-03    0.980079   1.076312e-03
 2685    1.091362e-03    0.994092   1.069954e-03
 2686    1.090116e-03    0.998859   1.068732e-03
 2687    1.097285e-03    1.006576   1.075760e-03
 2688    1.090106e-03    0.993458   1.068723e-03
 2689    1.086939e-03    0.997094   1.065617e-03
 2690    1.087559e-03    1.000571   1.066226e-03
 2691    1.087457e-03    0.999905   1.066125e-03
 2692    1.087477e-03    1.000019   1.066145e-03
 2693    1.088216e-03    1.000679   1.066869e-03
 2694    8.780923e-04    0.806910   8.608674e-04
 2695    1.078705e-03    1.228465   1.057545e-03
 2696    1.077562e-03    0.998940   1.056424e-03
 2697    1.076558e-03    0.999068   1.055440e-03
 2698    1.076557e-03    0.999999   1.055439e-03
 2699    1.076529e-03    0.999974   1.055412e-03
 2700    1.076538e-03    1.000008   1.055420e-03
 2701    1.074863e-03    0.998444   1.053778e-03
 2702    1.077378e-03    1.002341   1.056244e-03
 2703    1.080843e-03    1.003216   1.059641e-03
 2704    1.076082e-03    0.995595   1.054974e-03
 2705    1.074072e-03    0.998132   1.053003e-03
 2706    1.073689e-03    0.999644   1.052628e-03
 2707    1.074254e-03    1.000526   1.053182e-03
 2708    1.074284e-03    1.000028   1.053211e-03
 2709    1.073903e-03    0.999645   1.052837e-03
 2710    1.082640e-03    1.008135   1.061403e-03
 2711    1.086768e-03    1.003813   1.065450e-03
 2712    1.087960e-03    1.001097   1.066619e-03
 2713    1.088276e-03    1.000290   1.066928e-03
 2714    1.088617e-03    1.000313   1.067262e-03
 2715    1.087124e-03    0.998629   1.065799e-03
 2716    1.086823e-03    0.999723   1.065504e-03
 2717    1.086866e-03    1.000039   1.065545e-03
 2718    1.086893e-03    1.000025   1.065573e-03
 2719    1.082584e-03    0.996035   1.061347e-03
 2720    1.059535e-03    0.978710   1.038751e-03
 2721    6.711305e-04    0.633420   6.579654e-04
 2722    1.149260e-03    1.712424   1.126716e-03
 2723    1.185497e-03    1.031530   1.162242e-03
 2724    1.156966e-03    0.975933   1.134271e-03
 2725    1.159615e-03    1.002290   1.136868e-03
 2726    1.125634e-03    0.970697   1.103553e-03
 2727    1.129331e-03    1.003284   1.107178e-03
 2728    1.110579e-03    0.983395   1.088793e-03
 2729    9.353904e-04    0.842255   9.170415e-04
 2730    1.114157e-03    1.191115   1.092302e-03
 2731    1.115052e-03    1.000803   1.093179e-03
 2732    1.114990e-03    0.999944   1.093118e-03
 2733    1.111298e-03    0.996688   1.089498e-03
 2734    1.114437e-03    1.002825   1.092576e-03
 2735    1.115131e-03    1.000622   1.093256e-03
 2736    1.115385e-03    1.000228   1.093506e-03
 2737    1.367108e-03    1.225682   1.340291e-03
 2738    1.117331e-03    0.817295   1.095413e-03
 2739    1.111700e-03    0.994961   1.089893e-03
 2740    1.108394e-03    0.997026   1.086651e-03
 2741    1.108656e-03    1.000237   1.086908e-03
 2742    1.108770e-03    1.000103   1.087020e-03
 2743    1.108439e-03    0.999701   1.086696e-03
 2744    1.107451e-03    0.999108   1.085727e-03
 2745    1.107902e-03    1.000408   1.086169e-03
 2746    1.106511e-03    0.998745   1.084806e-03
 2747    1.106078e-03    0.999608   1.084381e-03
 2748    1.101641e-03    0.995989   1.080031e-03
 2749    1.104204e-03    1.002327   1.082544e-03
 2750    1.104203e-03    0.999999   1.082543e-03
 2751    1.104813e-03    1.000552   1.083141e-03
 2752    1.059232e-03    0.958743   1.038454e-03
 2753    1.100105e-03    1.038587   1.078525e-03
 2754    1.093328e-03    0.993840   1.071881e-03
 2755    1.089568e-03    0.996561   1.068195e-03
 2756    1.082691e-03    0.993688   1.061453e-03
 2757    1.080460e-03    0.997940   1.059266e-03
 2758    1.078944e-03    0.998596   1.057779e-03
 2759    1.078927e-03    0.999984   1.057762e-03
 2760    1.074579e-03    0.995970   1.053500e-03
 2761    1.082965e-03    1.007804   1.061721e-03
 2762    1.082677e-03    0.999734   1.061439e-03
 2763    1.088286e-03    1.005181   1.066938e-03
 2764    1.571127e-03    1.443671   1.540307e-03
 2765    1.090804e-03    0.694281   1.069407e-03
 2766    1.092272e-03    1.001346   1.070846e-03
 2767    1.093145e-03    1.000799   1.071701e-03
 2768    1.093845e-03    1.000641   1.072388e-03
 2769    1.094648e-03    1.000734   1.073176e-03
 2770    1.094979e-03    1.000302   1.073499e-03
 2771    1.095373e-03    1.000360   1.073886e-03
 2772    1.095999e-03    1.000571   1.074499e-03
 2773    1.096590e-03    1.000540   1.075079e-03
 2774    1.096645e-03    1.000050   1.075133e-03
 2775    1.096588e-03    0.999948   1.075077e-03
 2776    1.096624e-03    1.000033   1.075112e-03
 2777    1.096673e-03    1.000045   1.075160e-03
 2778    1.097284e-03    1.000557   1.075759e-03
 2779    1.097624e-03    1.000310   1.076092e-03
 2780    1.097581e-03    0.999961   1.076050e-03
 2781    1.097638e-03    1.000052   1.076106e-03
 2782    1.097614e-03    0.999978   1.076083e-03
 2783    1.097428e-03    0.999830   1.075901e-03
 2784    1.097409e-03    0.999982   1.075882e-03
 2785    1.097433e-03    1.000022   1.075905e-03
 2786    1.097215e-03    0.999801   1.075692e-03
 2787    1.096984e-03    0.999789   1.075465e-03
 2788    1.096982e-03    0.999999   1.075464e-03
 2789    1.096974e-03    0.999992   1.075456e-03
 2790    1.096978e-03    1.000004   1.075460e-03
 2791    1.097002e-03    1.000022   1.075483e-03
 2792    1.096979e-03    0.999979   1.075461e-03
 2793    1.096809e-03    0.999845   1.075294e-03
 2794    1.096673e-03    0.999876   1.075160e-03
 2795    1.096674e-03    1.000001   1.075161e-03
 2796    1.096516e-03    0.999856   1.075006e-03
 2797    1.097433e-03    1.000837   1.075906e-03
 2798    1.096698e-03    0.999330   1.075185e-03
 2799    1.096375e-03    0.999705   1.074868e-03
 2800    1.096375e-03    1.000000   1.074869e-03
 2801    1.096360e-03    0.999986   1.074853e-03
 2802    1.096176e-03    0.999833   1.074673e-03
 2803    1.096204e-03    1.000025   1.074700e-03
 2804    1.095944e-03    0.999764   1.074446e-03
 2805    1.095943e-03    0.999999   1.074445e-03
 2806    1.095941e-03    0.999998   1.074443e-03
 2807    1.094049e-03    0.998274   1.072588e-03
 2808    1.121043e-03    1.024673   1.099052e-03
 2809    1.090622e-03    0.972864   1.069228e-03
 2810    1.092383e-03    1.001614   1.070954e-03
 2811    1.092496e-03    1.000104   1.071066e-03
 2812    1.091736e-03    0.999304   1.070321e-03
 2813    1.091660e-03    0.999930   1.070246e-03
 2814    1.091596e-03    0.999941   1.070183e-03
 2815    1.091486e-03    0.999900   1.070076e-03
 2816    1.091491e-03    1.000005   1.070080e-03
 2817    1.091891e-03    1.000366   1.070473e-03
 2818    1.091914e-03    1.000021   1.070495e-03
 2819    1.091832e-03    0.999925   1.070415e-03
 2820    1.092132e-03    1.000274   1.070708e-03
 2821    1.092019e-03    0.999896   1.070597e-03
 2822    1.096054e-03    1.003696   1.074554e-03
 2823    1.093193e-03    0.997390   1.071749e-03
 2824    1.104020e-03    1.009904   1.082363e-03
 2825    1.092435e-03    0.989507   1.071006e-03
 2826    1.092302e-03    0.999878   1.070875e-03
 2827    1.088572e-03    0.996585   1.067218e-03
 2828    1.093055e-03    1.004118   1.071613e-03
 2829    1.094253e-03    1.001096   1.072787e-03
 2830    1.094432e-03    1.000164   1.072963e-03
 2831    1.094353e-03    0.999928   1.072886e-03
 2832    1.093640e-03    0.999348   1.072187e-03
 2833    1.096535e-03    1.002647   1.075025e-03
 2834    1.085105e-03    0.989576   1.063819e-03
 2835    1.094170e-03    1.008354   1.072707e-03
 2836    1.090498e-03    0.996644   1.069106e-03
 2837    1.090650e-03    1.000140   1.069255e-03
 2838    1.082985e-03    0.992972   1.061741e-03
 2839    1.073506e-03    0.991247   1.052447e-03
 2840    1.076927e-03    1.003187   1.055802e-03
 2841    1.076292e-03    0.999411   1.055179e-03
 2842    1.083028e-03    1.006258   1.061783e-03
 2843    1.082013e-03    0.999063   1.060788e-03
 2844    1.081965e-03    0.999956   1.060741e-03
 2845    1.082412e-03    1.000413   1.061179e-03
 2846    1.075873e-03    0.993959   1.054768e-03
 2847    1.082643e-03    1.006293   1.061406e-03
 2848    1.083078e-03    1.000402   1.061832e-03
 2849    1.084100e-03    1.000943   1.062834e-03
 2850    1.082937e-03    0.998928   1.061694e-03
 2851    1.082948e-03    1.000010   1.061705e-03
 2852    1.083512e-03    1.000521   1.062258e-03
 2853    1.083341e-03    0.999842   1.062090e-03
 2854    1.096523e-03    1.012167   1.075013e-03
 2855    1.080009e-03    0.984940   1.058824e-03
 2856    1.082666e-03    1.002460   1.061428e-03
 2857    1.082333e-03    0.999692   1.061101e-03
 2858    1.082589e-03    1.000237   1.061353e-03
 2859    1.082386e-03    0.999812   1.061153e-03
 2860    1.082299e-03    0.999920   1.061069e-03
 2861    1.082267e-03    0.999971   1.061037e-03
 2862    1.083253e-03    1.000910   1.062003e-03
 2863    1.082302e-03    0.999122   1.061071e-03
 2864    1.082276e-03    0.999976   1.061045e-03
 2865    1.082331e-03    1.000051   1.061100e-03
 2866    1.082375e-03    1.000041   1.061143e-03
 2867    1.083515e-03    1.001053   1.062260e-03
 2868    1.082510e-03    0.999073   1.061275e-03
 2869    1.082736e-03    1.000209   1.061496e-03
 2870    1.082735e-03    1.000000   1.061496e-03
 2871    1.082603e-03    0.999878   1.061366e-03
 2872    1.082647e-03    1.000041   1.061410e-03
 2873    1.083359e-03    1.000658   1.062107e-03
 2874    1.082633e-03    0.999330   1.061396e-03
 2875    1.082608e-03    0.999977   1.061371e-03
 2876    1.082601e-03    0.999993   1.061364e-03
 2877    1.082603e-03    1.000002   1.061367e-03
 2878    1.082605e-03    1.000002   1.061369e-03
 2879    1.082601e-03    0.999996   1.061364e-03
 2880    1.082600e-03    0.999999   1.061363e-03
 2881    1.082596e-03    0.999996   1.061359e-03
 2882    1.082588e-03    0.999993   1.061352e-03
 2883    1.082589e-03    1.000000   1.061352e-03
 2884    1.082572e-03    0.999985   1.061336e-03
 2885    1.058806e-03    0.978046   1.038036e-03
 2886    1.061300e-03    1.002355   1.040481e-03
 2887    1.037513e-03    0.977587   1.017161e-03
 2888    1.177265e-03    1.134699   1.154172e-03
 2889    1.036195e-03    0.880171   1.015868e-03
 2890    1.035761e-03    0.999581   1.015443e-03
 2891    1.036039e-03    1.000269   1.015716e-03
 2892    1.035887e-03    0.999853   1.015566e-03
 2893    1.035968e-03    1.000078   1.015646e-03
 2894    1.036011e-03    1.000042   1.015688e-03
 2895    1.036032e-03    1.000021   1.015709e-03
 2896    1.035968e-03    0.999938   1.015646e-03
 2897    1.035988e-03    1.000019   1.015665e-03
 2898    1.035908e-03    0.999924   1.015588e-03
 2899    1.035898e-03    0.999990   1.015578e-03
 2900    1.035824e-03    0.999928   1.015505e-03
 2901    1.034877e-03    0.999086   1.014577e-03
 2902    1.035023e-03    1.000141   1.014720e-03
 2903    1.033390e-03    0.998422   1.013118e-03
 2904    1.031075e-03    0.997760   1.010849e-03
 2905    1.030475e-03    0.999418   1.010261e-03
 2906    1.027116e-03    0.996740   1.006968e-03
 2907    1.032288e-03    1.005035   1.012038e-03
 2908    1.032766e-03    1.000463   1.012507e-03
 2909    1.033437e-03    1.000650   1.013165e-03
 2910    1.033300e-03    0.999868   1.013031e-03
 2911    1.033410e-03    1.000106   1.013138e-03
 2912    1.033383e-03    0.999974   1.013112e-03
 2913    1.033375e-03    0.999993   1.013104e-03
 2914    1.033388e-03    1.000012   1.013117e-03
 2915    1.033400e-03    1.000012   1.013129e-03
 2916    1.033363e-03    0.999964   1.013092e-03
 2917    1.031971e-03    0.998653   1.011728e-03
 2918    1.032486e-03    1.000499   1.012232e-03
 2919    1.032508e-03    1.000021   1.012254e-03
 2920    1.032473e-03    0.999966   1.012219e-03
 2921    1.032880e-03    1.000395   1.012619e-03
 2922    1.033699e-03    1.000792   1.013421e-03
 2923    1.028305e-03    0.994782   1.008133e-03
 2924    1.039325e-03    1.010716   1.018937e-03
 2925    1.048085e-03    1.008429   1.027525e-03
 2926    1.063631e-03    1.014833   1.042767e-03
 2927    1.064079e-03    1.000421   1.043206e-03
 2928    1.063739e-03    0.999680   1.042872e-03
 2929    1.061797e-03    0.998175   1.040969e-03
 2930    1.075294e-03    1.012711   1.054201e-03
 2931    1.075918e-03    1.000580   1.054812e-03
 2932    1.075349e-03    0.999472   1.054255e-03
 2933    1.077189e-03    1.001711   1.056058e-03
 2934    1.075775e-03    0.998687   1.054672e-03
 2935    1.076158e-03    1.000356   1.055048e-03
 2936    1.077666e-03    1.001402   1.056526e-03
 2937    1.077486e-03    0.999833   1.056350e-03
 2938    1.077083e-03    0.999626   1.055954e-03
 2939    1.079980e-03    1.002690   1.058795e-03
 2940    1.074724e-03    0.995133   1.053642e-03
 2941    1.066345e-03    0.992204   1.045428e-03
 2942    1.065442e-03    0.999153   1.044542e-03
 2943    1.065324e-03    0.999889   1.044426e-03
 2944    1.065412e-03    1.000082   1.044512e-03
 2945    1.062463e-03    0.997233   1.041622e-03
 2946    1.074364e-03    1.011201   1.053289e-03
 2947    1.073820e-03    0.999494   1.052756e-03
 2948    1.069997e-03    0.996440   1.049008e-03
 2949    1.137242e-03    1.062846   1.114934e-03
 2950    1.038945e-03    0.913565   1.018565e-03
 2951    1.042508e-03    1.003429   1.022058e-03
 2952    1.041292e-03    0.998833   1.020866e-03
 2953    1.044959e-03    1.003521   1.024460e-03
 2954    1.022006e-03    0.978035   1.001958e-03
 2955    1.012269e-03    0.990473   9.924124e-04
 2956    1.000747e-03    0.988617   9.811159e-04
 2957    9.780179e-04    0.977288   9.588329e-04
 2958    9.626881e-04    0.984326   9.438038e-04
 2959    9.696041e-04    1.007184   9.505841e-04
 2960    9.688039e-04    0.999175   9.497997e-04
 2961    9.710624e-04    1.002331   9.520138e-04
 2962    9.704125e-04    0.999331   9.513767e-04
 2963    9.778826e-04    1.007698   9.587002e-04
 2964    9.432488e-04    0.964583   9.247458e-04
 2965    9.454274e-04    1.002310   9.268817e-04
 2966    1.138276e-03    1.203981   1.115948e-03
 2967    8.407219e-04    0.738592   8.242301e-04
 2968    8.612480e-04    1.024415   8.443536e-04
 2969    9.029290e-04    1.048396   8.852170e-04
 2970    9.038901e-04    1.001064   8.861592e-04
 2971    9.188388e-04    1.016538   9.008147e-04
 2972    9.010229e-04    0.980610   8.833482e-04
 2973    9.009844e-04    0.999957   8.833105e-04
 2974    9.009975e-04    1.000014   8.833233e-04
 2975    9.011392e-04    1.000157   8.834622e-04
 2976    9.011213e-04    0.999980   8.834447e-04
 2977    9.009077e-04    0.999763   8.832353e-04
 2978    8.918360e-04    0.989931   8.743415e-04
 2979    9.068491e-04    1.016834   8.890601e-04
 2980    1.022741e-03    1.127797   1.002679e-03
 2981    1.000788e-03    0.978535   9.811566e-04
 2982    1.041670e-03    1.040850   1.021237e-03
 2983    1.049878e-03    1.007879   1.029283e-03
 2984    1.049254e-03    0.999406   1.028672e-03
 2985    1.050029e-03    1.000739   1.029432e-03
 2986    1.050021e-03    0.999992   1.029423e-03
 2987    1.051300e-03    1.001218   1.030678e-03
 2988    1.038248e-03    0.987585   1.017882e-03
 2989    1.038097e-03    0.999855   1.017734e-03
 2990    1.038150e-03    1.000051   1.017786e-03
 2991    1.037625e-03    0.999494   1.017271e-03
 2992    1.037455e-03    0.999836   1.017104e-03
 2993    1.037852e-03    1.000383   1.017493e-03
 2994    1.037697e-03    0.999851   1.017342e-03
 2995    1.037166e-03    0.999488   1.016821e-03
 2996    1.040415e-03    1.003133   1.020006e-03
 2997    1.047872e-03    1.007167   1.027317e-03
 2998    1.052801e-03    1.004704   1.032149e-03
 2999    1.059996e-03    1.006834   1.039203e-03
 3000    1.036134e-03    0.977488   1.015809e-03
 3001    1.131954e-03    1.092479   1.109750e-03
 3002    1.134635e-03    1.002368   1.112377e-03
 3003    1.132051e-03    0.997723   1.109844e-03
 3004    1.113499e-03    0.983612   1.091656e-03
 3005    1.286604e-03    1.155461   1.261366e-03
 3006    1.281454e-03    0.995997   1.256316e-03
 3007    1.281479e-03    1.000019   1.256341e-03
 3008    1.290251e-03    1.006846   1.264941e-03
 3009    1.264804e-03    0.980278   1.239994e-03
 3010    1.251430e-03    0.989426   1.226881e-03
 3011    1.164687e-03    0.930685   1.141841e-03
 3012    1.208304e-03    1.037449   1.184602e-03
 3013    1.205947e-03    0.998049   1.182291e-03
 3014    1.325938e-03    1.099499   1.299928e-03
 3015    1.235869e-03    0.932071   1.211626e-03
 3016    1.237554e-03    1.001363   1.213277e-03
 3017    1.236550e-03    0.999189   1.212294e-03
 3018    1.237484e-03    1.000755   1.213209e-03
 3019    1.236148e-03    0.998920   1.211899e-03
 3020    1.236656e-03    1.000411   1.212398e-03
 3021    1.239111e-03    1.001985   1.214804e-03
 3022    1.237726e-03    0.998882   1.213446e-03
 3023    1.238419e-03    1.000560   1.214126e-03
 3024    1.232791e-03    0.995455   1.208608e-03
 3025    8.713341e-04    0.706798   8.542418e-04
 3026    1.267546e-03    1.454718   1.242681e-03
 3027    1.265614e-03    0.998476   1.240788e-03
 3028    1.271267e-03    1.004467   1.246330e-03
 3029    1.270416e-03    0.999330   1.245495e-03
 3030    1.271887e-03    1.001158   1.246937e-03
 3031    1.275852e-03    1.003118   1.250825e-03
 3032    1.268817e-03    0.994486   1.243927e-03
 3033    1.267029e-03    0.998591   1.242174e-03
 3034    1.264440e-03    0.997957   1.239637e-03
 3035    1.265790e-03    1.001068   1.240960e-03
 3036    1.368683e-03    1.081287   1.341835e-03
 3037    1.409815e-03    1.030052   1.382159e-03
 3038    1.486996e-03    1.054746   1.457827e-03
 3039    1.494808e-03    1.005254   1.465486e-03
 3040    1.494679e-03    0.999914   1.465359e-03
 3041    1.431568e-03    0.957776   1.403486e-03
 3042    1.544958e-03    1.079207   1.514652e-03
 3043    1.530905e-03    0.990904   1.500874e-03
 3044    3.213875e-04    0.209933   3.150831e-04
 3045    1.421547e-03    4.423156   1.393662e-03
 3046    1.410699e-03    0.992369   1.383026e-03
 3047    1.461122e-03    1.035744   1.432461e-03
 3048    1.207335e-03    0.826306   1.183651e-03
 3049    1.212117e-03    1.003961   1.188340e-03
 3050    7.645486e-04    0.630755   7.495511e-04
 3051    6.745527e-04    0.882289   6.613206e-04
 3052    7.434543e-04    1.102144   7.288705e-04
 3053    6.011369e-04    0.808573   5.893448e-04
 3054    9.731094e-04    1.618782   9.540207e-04
 3055    5.800510e-04    0.596080   5.686726e-04
 3056    5.752285e-04    0.991686   5.639447e-04
 3057    5.922042e-04    1.029511   5.805874e-04
 3058    5.912065e-04    0.998315   5.796093e-04
 3059    5.847611e-04    0.989098   5.732903e-04
 3060    6.298274e-04    1.077068   6.174725e-04
 3061    6.264087e-04    0.994572   6.141210e-04
 3062    6.492229e-04    1.036421   6.364876e-04
 3063    3.106844e-04    0.478548   3.045900e-04
 3064    7.100242e-04    2.285355   6.960962e-04
 3065    1.076649e-03    1.516356   1.055529e-03
 3066    8.484938e-02    78.808750   8.318496e-02
 3067    5.106534e-02    0.601835   5.006363e-02
 3068    6.628971e-02    1.298135   6.498936e-02
 3069    8.975169e-02    1.353931   8.799110e-02
 3070    6.491190e-02    0.723239   6.363857e-02
 3071    5.397681e-02    0.831540   5.291799e-02
 3072    8.526903e-02    1.579734   8.359637e-02
 3073    1.068926e-01    1.253592   1.047957e-01
 3074    2.646888e-02    0.247621   2.594966e-02
 3075    9.633445e-03    0.363954   9.444473e-03
 3076    1.185654e-02    1.230769   1.162396e-02
 3077    8.888123e-03    0.749639   8.713771e-03
 3078    1.002935e-02    1.128399   9.832614e-03
 3079    8.204184e-02    8.180173   8.043248e-02
 3080    2.070630e-02    0.252387   2.030012e-02
 3081    1.989800e-03    0.096096   1.950767e-03
 3082    1.148514e-03    0.577201   1.125985e-03
 3083    1.409511e-03    1.227247   1.381862e-03
 3084    1.593908e-03    1.130823   1.562641e-03
 3085    1.706789e-03    1.070820   1.673308e-03
 3086    1.991840e-03    1.167010   1.952767e-03
 3087    1.629199e-03    0.817937   1.597241e-03
 3088    1.892840e-03    1.161823   1.855710e-03
 3089    9.024781e-04    0.476785   8.847749e-04
 3090    1.411871e-03    1.564438   1.384175e-03
 3091    1.309798e-03    0.927704   1.284105e-03
 3092    1.297038e-03    0.990258   1.271595e-03
 3093    1.375816e-03    1.060737   1.348828e-03
 3094    1.416107e-03    1.029285   1.388328e-03
 3095    1.504262e-03    1.062251   1.474754e-03
 3096    1.504282e-03    1.000014   1.474774e-03
 3097    1.472299e-03    0.978738   1.443418e-03
 3098    1.477401e-03    1.003465   1.448420e-03
 3099    1.472695e-03    0.996815   1.443806e-03
 3100    1.408443e-03    0.956371   1.380814e-03
 3101    1.425524e-03    1.012128   1.397560e-03
 3102    1.534055e-03    1.076134   1.503963e-03
 3103    1.591292e-03    1.037311   1.560077e-03
 3104    1.587219e-03    0.997440   1.556084e-03
 3105    1.610250e-03    1.014511   1.578663e-03
 3106    1.602107e-03    0.994943   1.570680e-03
 3107    1.568188e-03    0.978829   1.537427e-03
 3108    1.461288e-03    0.931832   1.432623e-03
 3109    1.382454e-03    0.946052   1.355335e-03
 3110    1.404363e-03    1.015848   1.376815e-03
 3111    9.183129e-04    0.653900   9.002990e-04
 3112    1.075197e-03    1.170839   1.054106e-03
 3113    6.367843e-04    0.592249   6.242930e-04
 3114    1.038050e-03    1.630143   1.017687e-03
 3115    1.032414e-03    0.994571   1.012162e-03
 3116    1.080939e-03    1.047001   1.059735e-03
 3117    1.103336e-03    1.020720   1.081693e-03
 3118    1.097331e-03    0.994558   1.075806e-03
 3119    1.082280e-03    0.986284   1.061050e-03
 3120    1.209438e-03    1.117491   1.185713e-03
 3121    1.208971e-03    0.999614   1.185256e-03
 3122    9.442425e-04    0.781030   9.257200e-04
 3123    8.814105e-04    0.933458   8.641206e-04
 3124    1.157958e-03    1.313756   1.135243e-03
 3125    5.189793e-04    0.448185   5.087988e-04
 3126    4.117716e-04    0.793426   4.036942e-04
 3127    5.078740e-04    1.233388   4.979114e-04
 3128    3.746230e-04    0.737630   3.672744e-04
 3129    6.924618e-05    0.184842   6.788783e-05
 3130    5.733751e-05    0.828024   5.621276e-05
 3131    5.347363e-05    0.932612   5.242468e-05
 3132    4.924741e-05    0.920966   4.828137e-05
 3133    4.957108e-05    1.006572   4.859869e-05
 3134    4.326215e-05    0.872730   4.241351e-05
 3135    4.871422e-05    1.126024   4.775863e-05
 3136    5.939517e-05    1.219257   5.823006e-05
 3137    5.355190e-05    0.901620   5.250141e-05
 3138    5.430037e-05    1.013977   5.323520e-05
 3139    4.752665e-05    0.875255   4.659436e-05
 3140    5.291568e-05    1.113390   5.187768e-05
 3141    2.161155e-04    4.084148   2.118761e-04
 3142    2.302622e-04    1.065459   2.257453e-04
 3143    2.806632e-04    1.218885   2.751577e-04
 3144    2.539005e-04    0.904645   2.489200e-04
 3145    2.576671e-04    1.014835   2.526126e-04
 3146    2.652172e-04    1.029302   2.600146e-04
 3147    2.592057e-04    0.977334   2.541211e-04
 3148    2.650514e-04    1.022552   2.598521e-04
 3149    2.650235e-04    0.999895   2.598248e-04
 3150    2.611758e-04    0.985481   2.560525e-04
 3151    2.587443e-04    0.990690   2.536687e-04
 3152    2.495994e-04    0.964657   2.447032e-04
 3153    2.498952e-04    1.001185   2.449932e-04
 3154    2.212249e-04    0.885271   2.168853e-04
 3155    2.776870e-04    1.255225   2.722399e-04
 3156    3.217333e-04    1.158618   3.154221e-04
 3157    3.719481e-04    1.156076   3.646519e-04
 3158    4.749668e-04    1.276970   4.656497e-04
 3159    3.300810e-04    0.694956   3.236060e-04
 3160    5.769477e-04    1.747898   5.656302e-04
 3161    5.940136e-04    1.029580   5.823613e-04
 3162    6.052069e-04    1.018843   5.933350e-04
 3163    6.051900e-04    0.999972   5.933185e-04
 3164    6.059828e-04    1.001310   5.940957e-04
 3165    6.031285e-04    0.995290   5.912974e-04
 3166    6.012451e-04    0.996877   5.894509e-04
 3167    6.021663e-04    1.001532   5.903541e-04
 3168    6.074642e-04    1.008798   5.955481e-04
 3169    6.127385e-04    1.008682   6.007189e-04
 3170    6.127065e-04    0.999948   6.006875e-04
 3171    6.164742e-04    1.006149   6.043813e-04
 3172    5.657923e-04    0.917787   5.546936e-04
 3173    6.232048e-04    1.101473   6.109799e-04
 3174    6.206892e-04    0.995964   6.085137e-04
 3175    6.209877e-04    1.000481   6.088063e-04
 3176    6.201224e-04    0.998607   6.079580e-04
 3177    6.202827e-04    1.000258   6.081151e-04
 3178    6.219823e-04    1.002740   6.097814e-04
 3179    6.012664e-04    0.966694   5.894718e-04
 3180    6.296345e-04    1.047181   6.172835e-04
 3181    6.082947e-04    0.966108   5.963622e-04
 3182    6.192902e-04    1.018076   6.071421e-04
 3183    6.242230e-04    1.007965   6.119781e-04
 3184    6.248952e-04    1.001077   6.126371e-04
 3185    6.234075e-04    0.997619   6.111786e-04
 3186    6.233907e-04    0.999973   6.111621e-04
 3187    6.220458e-04    0.997843   6.098436e-04
 3188    5.873088e-04    0.944157   5.757880e-04
 3189    6.218665e-04    1.058841   6.096679e-04
 3190    6.185030e-04    0.994591   6.063703e-04
 3191    6.184967e-04    0.999990   6.063641e-04
 3192    6.186408e-04    1.000233   6.065054e-04
 3193    6.185848e-04    0.999909   6.064505e-04
 3194    6.183758e-04    0.999662   6.062456e-04
 3195    6.203535e-04    1.003198   6.081845e-04
 3196    6.201580e-04    0.999685   6.079929e-04
 3197    6.202945e-04    1.000220   6.081267e-04
 3198    5.972027e-04    0.962773   5.854879e-04
 3199    6.002446e-04    1.005094   5.884701e-04
 3200    4.884657e-04    0.813778   4.788838e-04
 3201    6.686513e-04    1.368881   6.555349e-04
 3202    6.674216e-04    0.998161   6.543293e-04
 3203    6.692047e-04    1.002672   6.560775e-04
 3204    6.747832e-04    1.008336   6.615465e-04
 3205    6.788332e-04    1.006002   6.655171e-04
 3206    5.865485e-04    0.864054   5.750426e-04
 3207    7.016905e-04    1.196304   6.879260e-04
 3208    6.967288e-04    0.992929   6.830616e-04
 3209    6.990814e-04    1.003377   6.853680e-04
 3210    6.990688e-04    0.999982   6.853557e-04
 3211    3.302416e-04    0.472402   3.237636e-04
 3212    6.191427e-04    1.874817   6.069975e-04
 3213    5.487734e-04    0.886344   5.380085e-04
 3214    6.219052e-04    1.133264   6.097058e-04
 3215    8.221251e-04    1.321946   8.059981e-04
 3216    8.021499e-04    0.975703   7.864147e-04
 3217    8.020450e-04    0.999869   7.863120e-04
 3218    8.064908e-04    1.005543   7.906705e-04
 3219    8.167271e-04    1.012692   8.007060e-04
 3220    8.293747e-04    1.015486   8.131055e-04
 3221    8.244037e-04    0.994006   8.082320e-04
 3222    9.392723e-04    1.139335   9.208473e-04
 3223    8.426926e-04    0.897176   8.261622e-04
 3224    6.131189e-04    0.727571   6.010918e-04
 3225    6.655295e-04    1.085482   6.524743e-04
 3226    2.763757e-04    0.415272   2.709542e-04
 3227    1.047577e-03    3.790409   1.027027e-03
 3228    1.080840e-03    1.031753   1.059638e-03
 3229    9.055585e-04    0.837828   8.877949e-04
 3230    9.200828e-04    1.016039   9.020342e-04
 3231    9.190784e-04    0.998908   9.010495e-04
 3232    9.221263e-04    1.003316   9.040377e-04
 3233    9.398976e-04    1.019272   9.214603e-04
 3234    9.414861e-04    1.001690   9.230177e-04
 3235    9.414684e-04    0.999981   9.230004e-04
 3236    9.699511e-04    1.030253   9.509243e-04
 3237    9.677126e-04    0.997692   9.487297e-04
 3238    9.623764e-04    0.994486   9.434982e-04
 3239    8.794741e-04    0.913857   8.622222e-04
 3240    8.538653e-04    0.970882   8.371156e-04
 3241    7.974190e-04    0.933893   7.817766e-04
 3242    8.252663e-04    1.034922   8.090777e-04
 3243    8.252505e-04    0.999981   8.090622e-04
 3244    8.140395e-04    0.986415   7.980712e-04
 3245    8.095424e-04    0.994475   7.936622e-04
 3246    8.096173e-04    1.000093   7.937357e-04
 3247    8.227576e-04    1.016230   8.066182e-04
 3248    1.499618e-03    1.822673   1.470201e-03
 3249    8.146026e-04    0.543207   7.986231e-04
 3250    8.129660e-04    0.997991   7.970187e-04
 3251    8.122655e-04    0.999138   7.963319e-04
 3252    8.414875e-04    1.035976   8.249807e-04
 3253    8.377597e-04    0.995570   8.213260e-04
 3254    8.354993e-04    0.997302   8.191100e-04
 3255    8.510670e-04    1.018633   8.343723e-04
 3256    6.081888e-04    0.714619   5.962584e-04
 3257    6.192893e-04    1.018252   6.071412e-04
 3258    5.807617e-04    0.937787   5.693693e-04
 3259    6.256714e-04    1.077329   6.133981e-04
 3260    6.359149e-04    1.016372   6.234406e-04
 3261    6.167274e-04    0.969827   6.046296e-04
 3262    6.620555e-04    1.073498   6.490685e-04
 3263    5.980684e-04    0.903351   5.863366e-04
 3264    5.755802e-04    0.962399   5.642895e-04
 3265    5.593556e-04    0.971812   5.483832e-04
 3266    5.830734e-04    1.042402   5.716357e-04
 3267    8.586663e-04    1.472655   8.418225e-04
 3268    8.961832e-04    1.043692   8.786035e-04
 3269    8.746771e-04    0.976003   8.575192e-04
 3270    1.039997e-03    1.189007   1.019597e-03
 3271    3.755780e-04    0.361134   3.682105e-04
 3272    3.808130e-04    1.013939   3.733429e-04
 3273    3.472500e-04    0.911865   3.404383e-04
 3274    3.337368e-04    0.961085   3.271901e-04
 3275    3.317782e-04    0.994132   3.252700e-04
 3276    3.422874e-04    1.031675   3.355730e-04
 3277    2.991627e-04    0.874010   2.932942e-04
 3278    3.024204e-04    1.010889   2.964881e-04
 3279    2.835659e-04    0.937655   2.780034e-04
 3280    4.160213e-04    1.467106   4.078605e-04
 3281    4.153226e-04    0.998321   4.071755e-04
 3282    7.543284e-04    1.816247   7.395313e-04
 3283    8.014934e-04    1.062526   7.857711e-04
 3284    6.039327e-04    0.753509   5.920858e-04
 3285    3.024432e-04    0.500790   2.965104e-04
 3286    2.821372e-04    0.932860   2.766027e-04
 3287    2.756268e-04    0.976925   2.702200e-04
 3288    2.773337e-04    1.006193   2.718935e-04
 3289    2.821984e-04    1.017541   2.766627e-04
 3290    2.821941e-04    0.999985   2.766585e-04
 3291    2.826979e-04    1.001785   2.771524e-04
 3292    2.830844e-04    1.001367   2.775314e-04
 3293    2.830766e-04    0.999972   2.775237e-04
 3294    2.831251e-04    1.000172   2.775713e-04
 3295    2.817330e-04    0.995083   2.762065e-04
 3296    2.808968e-04    0.997032   2.753866e-04
 3297    2.819803e-04    1.003857   2.764489e-04
 3298    2.836770e-04    1.006017   2.781124e-04
 3299    2.836059e-04    0.999749   2.780426e-04
 3300    2.846180e-04    1.003569   2.790348e-04
 3301    2.845920e-04    0.999909   2.790094e-04
 3302    2.873365e-04    1.009644   2.817001e-04
 3303    2.901543e-04    1.009807   2.844626e-04
 3304    2.756874e-04    0.950141   2.702794e-04
 3305    2.757657e-04    1.000284   2.703563e-04
 3306    2.276437e-04    0.825497   2.231782e-04
 3307    2.507414e-04    1.101464   2.458228e-04
 3308    2.652749e-04    1.057962   2.600712e-04
 3309    2.698761e-04    1.017345   2.645821e-04
 3310    2.704748e-04    1.002218   2.651691e-04
 3311    2.703100e-04    0.999391   2.650075e-04
 3312    2.703285e-04    1.000069   2.650257e-04
 3313    2.705912e-04    1.000972   2.652832e-04
 3314    2.659098e-04    0.982699   2.606936e-04
 3315    2.684225e-04    1.009450   2.631570e-04
 3316    2.684047e-04    0.999934   2.631396e-04
 3317    2.684179e-04    1.000049   2.631525e-04
 3318    2.684552e-04    1.000139   2.631891e-04
 3319    2.684073e-04    0.999822   2.631422e-04
 3320    2.683172e-04    0.999664   2.630539e-04
 3321    3.287593e-04    1.225263   3.223103e-04
 3322    2.634883e-04    0.801463   2.583196e-04
 3323    2.695613e-04    1.023049   2.642736e-04
 3324    2.697082e-04    1.000545   2.644176e-04
 3325    2.693434e-04    0.998647   2.640599e-04
 3326    2.693432e-04    0.999999   2.640597e-04
 3327    2.680317e-04    0.995131   2.627739e-04
 3328    2.763806e-04    1.031149   2.709590e-04
 3329    2.864873e-04    1.036568   2.808675e-04
 3330    2.871163e-04    1.002195   2.814841e-04
 3331    2.867826e-04    0.998838   2.811570e-04
 3332    2.735064e-04    0.953706   2.681413e-04
 3333    3.031646e-04    1.108437   2.972176e-04
 3334    3.026825e-04    0.998410   2.967450e-04
 3335    2.874374e-04    0.949633   2.817989e-04
 3336    2.778208e-04    0.966544   2.723710e-04
 3337    2.794900e-04    1.006008   2.740074e-04
 3338    2.810535e-04    1.005594   2.755403e-04
 3339    2.800457e-04    0.996414   2.745522e-04
 3340    2.797906e-04    0.999089   2.743022e-04
 3341    2.813965e-04    1.005740   2.758766e-04
 3342    2.873689e-04    1.021224   2.817318e-04
 3343    2.877230e-04    1.001232   2.820790e-04
 3344    2.876220e-04    0.999649   2.819799e-04
 3345    2.622044e-04    0.911628   2.570609e-04
 3346    2.576639e-04    0.982683   2.526095e-04
 3347    2.602357e-04    1.009981   2.551308e-04
 3348    2.588941e-04    0.994845   2.538155e-04
 3349    2.713677e-04    1.048181   2.660445e-04
 3350    4.833524e-04    1.781171   4.738709e-04
 3351    2.489823e-04    0.515115   2.440982e-04
 3352    2.491835e-04    1.000808   2.442955e-04
 3353    2.472385e-04    0.992194   2.423886e-04
 3354    2.463088e-04    0.996240   2.414772e-04
 3355    2.433068e-04    0.987812   2.385340e-04
 3356    2.435037e-04    1.000809   2.387271e-04
 3357    2.580096e-04    1.059572   2.529484e-04
 3358    1.289895e-04    0.499941   1.264592e-04
 3359    1.765703e-04    1.368873   1.731066e-04
 3360    2.666659e-04    1.510254   2.614349e-04
 3361    2.561123e-04    0.960424   2.510884e-04
 3362    2.511815e-04    0.980748   2.462543e-04
 3363    2.615818e-04    1.041405   2.564506e-04
 3364    1.338414e-04    0.511662   1.312159e-04
 3365    1.320618e-04    0.986704   1.294713e-04
 3366    1.750402e-04    1.325441   1.716065e-04
 3367    1.579405e-04    0.902310   1.548423e-04
 3368    1.455357e-04    0.921459   1.426808e-04
 3369    1.547538e-04    1.063339   1.517181e-04
 3370    1.642570e-04    1.061409   1.610349e-04
 3371    1.738750e-04    1.058555   1.704642e-04
 3372    1.744561e-04    1.003342   1.710340e-04
 3373    1.774269e-04    1.017029   1.739465e-04
 3374    1.731262e-04    0.975761   1.697301e-04
 3375    1.308627e-04    0.755880   1.282957e-04
 3376    2.866206e-04    2.190239   2.809982e-04
 3377    5.798281e-04    2.022981   5.684541e-04
 3378    1.062568e-04    0.183256   1.041724e-04
 3379    8.885032e-05    0.836185   8.710742e-05
 3380    8.483787e-05    0.954840   8.317367e-05
 3381    8.421772e-05    0.992690   8.256568e-05
 3382    8.421726e-05    0.999995   8.256524e-05
 3383    8.576549e-05    1.018384   8.408309e-05
 3384    1.119123e-04    1.304864   1.097170e-04
 3385    8.921021e-05    0.797144   8.746024e-05
 3386    9.012487e-05    1.010253   8.835696e-05
 3387    8.982595e-05    0.996683   8.806390e-05
 3388    9.015537e-05    1.003667   8.838686e-05
 3389    8.640960e-05    0.958452   8.471457e-05
 3390    7.614423e-05    0.881201   7.465057e-05
 3391    8.130635e-05    1.067794   7.971142e-05
 3392    6.157878e-05    0.757367   6.037083e-05
 3393    6.251692e-05    1.015235   6.129057e-05
 3394    5.804861e-05    0.928527   5.690992e-05
 3395    5.313105e-05    0.915285   5.208881e-05
 3396    5.580460e-05    1.050320   5.470992e-05
 3397    5.664109e-05    1.014990   5.553001e-05
 3398    6.459690e-05    1.140460   6.332975e-05
 3399    6.504049e-05    1.006867   6.376464e-05
 3400    6.496758e-05    0.998879   6.369317e-05
 3401    7.234712e-05    1.113588   7.092794e-05
 3402    7.246214e-05    1.001590   7.104071e-05
 3403    7.121576e-05    0.982800   6.981878e-05
 3404    7.086420e-05    0.995063   6.947411e-05
 3405    7.051191e-05    0.995029   6.912873e-05
 3406    7.041943e-05    0.998688   6.903807e-05
 3407    7.041771e-05    0.999976   6.903638e-05
 3408    7.042524e-05    1.000107   6.904376e-05
 3409    7.042597e-05    1.000010   6.904448e-05
 3410    7.041362e-05    0.999825   6.903237e-05
 3411    7.042640e-05    1.000182   6.904490e-05
 3412    7.045928e-05    1.000467   6.907713e-05
 3413    7.047124e-05    1.000170   6.908886e-05
 3414    7.042999e-05    0.999415   6.904842e-05
 3415    7.042153e-05    0.999880   6.904013e-05
 3416    7.042377e-05    1.000032   6.904232e-05
 3417    7.041466e-05    0.999871   6.903339e-05
 3418    7.049809e-05    1.001185   6.911518e-05
 3419    7.135959e-05    1.012220   6.995979e-05
 3420    7.195788e-05    1.008384   7.054634e-05
 3421    7.145988e-05    0.993079   7.005811e-05
 3422    6.944132e-05    0.971752   6.807914e-05
 3423    6.973864e-05    1.004282   6.837063e-05
 3424    6.767123e-05    0.970355   6.634378e-05
 3425    6.717189e-05    0.992621   6.585423e-05
 3426    6.819680e-05    1.015258   6.685904e-05
 3427    6.791875e-05    0.995923   6.658644e-05
 3428    7.951004e-05    1.170664   7.795036e-05
 3429    5.528904e-05    0.695372   5.420448e-05
 3430    2.738474e-05    0.495301   2.684756e-05
 3431    3.655682e-05    1.334934   3.583971e-05
 3432    3.513550e-05    0.961120   3.444627e-05
 3433    3.636411e-05    1.034968   3.565078e-05
 3434    4.452651e-05    1.224463   4.365307e-05
 3435    4.368862e-05    0.981182   4.283161e-05
 3436    2.085266e-05    0.477302   2.044361e-05
 3437    2.037096e-05    0.976900   1.997136e-05
 3438    3.977001e-05    1.952289   3.898987e-05
 3439    4.205183e-02    1057.375456   4.122694e-02
 3440    7.164243e-04    0.017037   7.023708e-04
 3441    6.743076e-04    0.941213   6.610802e-04
 3442    7.143709e-04    1.059414   7.003576e-04
 3443    4.635428e-04    0.648883   4.544499e-04
 3444    6.124637e-04    1.321267   6.004495e-04
 3445    1.153016e-04    0.188259   1.130398e-04
 3446    1.636197e-04    1.419059   1.604101e-04
 3447    1.839552e-04    1.124285   1.803467e-04
 3448    2.469969e-04    1.342702   2.421518e-04
 3449    1.324747e-04    0.536341   1.298760e-04
 3450    3.915632e-05    0.295576   3.838823e-05
 3451    6.339055e-05    1.618910   6.214707e-05
 3452    6.392942e-05    1.008501   6.267536e-05
 3453    8.968953e-06    0.140295   8.793016e-06
 3454    1.731634e-05    1.930698   1.697666e-05
 3455    1.729836e-05    0.998962   1.695904e-05
 3456    1.774903e-05    1.026053   1.740087e-05
 3457    1.695105e-05    0.955041   1.661853e-05
 3458    1.996246e-06    0.117765   1.957087e-06
 3459    7.517215e-07    0.376568   7.369756e-07
 3460    3.653319e-06    4.859936   3.581654e-06
 3461    2.833450e-06    0.775583   2.777869e-06
 3462    4.306271e-06    1.519798   4.221798e-06
 3463    6.183772e-06    1.435992   6.062469e-06
 3464    4.516960e-06    0.730454   4.428354e-06
 3465    1.358781e-05    3.008176   1.332127e-05
 3466    6.484532e-05    4.772315   6.357330e-05
 3467    3.502841e-05    0.540184   3.434128e-05
 3468    3.508944e-04    10.017424   3.440112e-04
 3469    1.463309e-04    0.417023   1.434604e-04
 3470    1.287533e-04    0.879878   1.262276e-04
 3471    6.517439e-05    0.506196   6.389591e-05
 3472    6.955352e-05    1.067191   6.818914e-05
 3473    9.190439e-05    1.321348   9.010158e-05
 3474    4.938883e-05    0.537394   4.842001e-05
 3475    4.152780e-05    0.840834   4.071318e-05
 3476    4.155276e-05    1.000601   4.073766e-05
 3477    4.159378e-05    1.000987   4.077786e-05
 3478    4.152913e-05    0.998446   4.071448e-05
 3479    3.914135e-05    0.942503   3.837354e-05
 3480    3.977785e-05    1.016262   3.899756e-05
 3481    5.355238e-06    0.134629   5.250188e-06
 3482    4.354628e-05    8.131530   4.269206e-05
 3483    4.295853e-05    0.986503   4.211584e-05
 3484    4.291663e-05    0.999025   4.207476e-05
 3485    4.350814e-05    1.013783   4.265467e-05
 3486    4.470799e-05    1.027578   4.383098e-05
 3487    4.456662e-05    0.996838   4.369239e-05
 3488    4.180155e-05    0.937957   4.098157e-05
 3489    4.111791e-05    0.983646   4.031133e-05
 3490    4.333407e-05    1.053898   4.248402e-05
 3491    3.419027e-05    0.788993   3.351959e-05
 3492    1.605094e-05    0.469459   1.573608e-05
 3493    6.948078e-06    0.432877   6.811783e-06
 3494    1.639476e-05    2.359611   1.607316e-05
 3495    1.172322e-05    0.715059   1.149325e-05
 3496    1.032994e-05    0.881152   1.012730e-05
 3497    1.026608e-05    0.993818   1.006469e-05
 3498    1.002195e-05    0.976220   9.825359e-06
 3499    1.040519e-05    1.038239   1.020107e-05
 3500    1.124824e-05    1.081023   1.102759e-05
 3501    1.122624e-05    0.998044   1.100602e-05
 3502    1.112590e-05    0.991062   1.090765e-05
 3503    1.100943e-05    0.989531   1.079346e-05
 3504    1.071661e-05    0.973403   1.050639e-05
 3505    1.088281e-05    1.015508   1.066933e-05
 3506    1.416863e-05    1.301928   1.389069e-05
 3507    1.737871e-04    12.265626   1.703781e-04
 3508    2.853148e-05    0.164175   2.797180e-05
 3509    4.324018e-05    1.515525   4.239197e-05
 3510    6.358094e-05    1.470413   6.233372e-05
 3511    2.046986e-04    3.219497   2.006832e-04
 3512    1.165866e-04    0.569553   1.142996e-04
 3513    8.468214e-05    0.726345   8.302099e-05
 3514    8.143792e-05    0.961689   7.984042e-05
 3515    8.143997e-05    1.000025   7.984242e-05
 3516    8.292926e-05    1.018287   8.130250e-05
 3517    6.794740e-05    0.819342   6.661453e-05
 3518    6.794815e-05    1.000011   6.661526e-05
 3519    2.890168e-05    0.425349   2.833474e-05
 3520    6.274265e-05    2.170900   6.151188e-05
 3521    5.941097e-05    0.946899   5.824555e-05
 3522    5.910024e-05    0.994770   5.794091e-05
 3523    6.022013e-05    1.018949   5.903884e-05
 3524    5.549438e-05    0.921525   5.440579e-05
 3525    5.575198e-05    1.004642   5.465834e-05
 3526    5.558361e-05    0.996980   5.449327e-05
 3527    5.480242e-05    0.985946   5.372740e-05
 3528    5.808022e-05    1.059811   5.694091e-05
 3529    5.506342e-05    0.948058   5.398328e-05
 3530    5.052735e-05    0.917621   4.953619e-05
 3531    5.039268e-05    0.997335   4.940416e-05
 3532    5.039766e-05    1.000099   4.940905e-05
 3533    5.039030e-05    0.999854   4.940183e-05
 3534    5.036366e-05    0.999471   4.937571e-05
 3535    5.036478e-05    1.000022   4.937681e-05
 3536    5.058446e-05    1.004362   4.959219e-05
 3537    5.305519e-05    1.048844   5.201445e-05
 3538    5.096051e-05    0.960519   4.996086e-05
 3539    5.829498e-05    1.143924   5.715145e-05
 3540    4.088367e-05    0.701324   4.008169e-05
 3541    4.215428e-05    1.031079   4.132737e-05
 3542    3.531457e-05    0.837746   3.462184e-05
 3543    6.484247e-05    1.836139   6.357050e-05
 3544    6.252620e-05    0.964279   6.129968e-05
 3545    5.751596e-05    0.919870   5.638771e-05
 3546    6.029057e-05    1.048241   5.910790e-05
 3547    6.094260e-05    1.010815   5.974714e-05
 3548    6.465031e-05    1.060839   6.338211e-05
 3549    8.119608e-05    1.255927   7.960331e-05
 3550    8.547767e-05    1.052732   8.380092e-05
 3551    8.155107e-05    0.954063   7.995135e-05
 3552    3.279484e-05    0.402139   3.215153e-05
 3553    3.621558e-04    11.043074   3.550517e-04
 3554    2.912671e-04    0.804259   2.855535e-04
 3555    2.830617e-04    0.971829   2.775091e-04
 3556    3.189354e-04    1.126735   3.126791e-04
 3557    9.885785e-05    0.309962   9.691863e-05
 3558    4.943967e-05    0.500109   4.846985e-05
 3559    3.463113e-05    0.700473   3.395180e-05
 3560    6.668269e-05    1.925513   6.537463e-05
 3561    2.644096e-05    0.396519   2.592229e-05
 3562    5.836620e-05    2.207416   5.722128e-05
 3563    4.663133e-05    0.798944   4.571660e-05
 3564    4.658265e-05    0.998956   4.566887e-05
 3565    4.726230e-05    1.014590   4.633519e-05
 3566    4.724162e-05    0.999563   4.631492e-05
 3567    4.723560e-05    0.999872   4.630901e-05
 3568    4.723522e-05    0.999992   4.630864e-05
 3569    4.723507e-05    0.999997   4.630850e-05
 3570    4.726088e-05    1.000546   4.633380e-05
 3571    4.725667e-05    0.999911   4.632967e-05
 3572    4.730989e-05    1.001126   4.638185e-05
 3573    4.736323e-05    1.001127   4.643414e-05
 3574    4.651545e-05    0.982100   4.560299e-05
 3575    4.645640e-05    0.998730   4.554510e-05
 3576    4.679098e-05    1.007202   4.587312e-05
 3577    4.752572e-05    1.015703   4.659345e-05
 3578    5.827940e-05    1.226271   5.713618e-05
 3579    5.265187e-05    0.903439   5.161904e-05
 3580    3.296663e-05    0.626125   3.231995e-05
 3581    5.695936e-05    1.727788   5.584203e-05
 3582    4.997539e-05    0.877387   4.899506e-05
 3583    1.140280e-04    2.281683   1.117912e-04
 3584    5.577084e-04    4.890979   5.467683e-04
 3585    3.984706e-04    0.714478   3.906541e-04
 3586    8.152777e-04    2.046017   7.992850e-04
 3587    6.132727e-05    0.075223   6.012426e-05
 3588    6.111176e-05    0.996486   5.991298e-05
 3589    8.329392e-05    1.362977   8.166000e-05
 3590    9.643524e-05    1.157771   9.454354e-05
 3591    1.882873e-04    1.952474   1.845938e-04
 3592    3.577678e-04    1.900116   3.507497e-04
 3593    3.286004e-03    9.184739   3.221545e-03
 3594    5.351637e-03    1.628616   5.246658e-03
 3595    1.378563e-03    0.257596   1.351521e-03
 3596    8.016832e-04    0.581535   7.859572e-04
 3597    2.286762e-04    0.285245   2.241905e-04
 3598    1.476130e-04    0.645511   1.447173e-04
 3599    1.478327e-04    1.001489   1.449328e-04
 3600    4.048584e-05    0.273862   3.969166e-05
 3601    1.356853e-04    3.351425   1.330236e-04
 3602    1.211711e-04    0.893030   1.187941e-04
 3603    1.667888e-04    1.376474   1.635171e-04
 3604    3.617925e-05    0.216917   3.546955e-05
 3605    5.229412e-05    1.445418   5.126831e-05
 3606    4.558432e-05    0.871691   4.469012e-05
 3607    4.489747e-05    0.984932   4.401675e-05
 3608    4.528475e-05    1.008626   4.439644e-05
 3609    4.520048e-05    0.998139   4.431382e-05
 3610    4.517278e-05    0.999387   4.428666e-05
 3611    4.772873e-05    1.056582   4.679247e-05
 3612    4.805929e-05    1.006926   4.711655e-05
 3613    4.766958e-05    0.991891   4.673448e-05
 3614    5.005669e-05    1.050076   4.907476e-05
 3615    4.210522e-05    0.841151   4.127927e-05
 3616    3.251891e-05    0.772325   3.188101e-05
 3617    1.078599e-05    0.331684   1.057441e-05
 3618    1.637282e-05    1.517971   1.605164e-05
 3619    1.557355e-05    0.951183   1.526805e-05
 3620    1.557407e-05    1.000034   1.526857e-05
 3621    1.614723e-05    1.036802   1.583048e-05
 3622    1.601855e-05    0.992031   1.570433e-05
 3623    2.837499e-06    0.177138   2.781838e-06
 3624    7.208594e-06    2.540474   7.067189e-06
 3625    6.298551e-06    0.873756   6.174997e-06
 3626    7.163916e-06    1.137391   7.023387e-06
 3627    7.082787e-06    0.988675   6.943849e-06
 3628    7.161445e-06    1.011106   7.020965e-06
 3629    7.203611e-06    1.005888   7.062304e-06
 3630    4.114032e-06    0.571107   4.033330e-06
 3631    2.242945e-05    5.451940   2.198947e-05
 3632    2.242920e-05    0.999988   2.198922e-05
 3633    1.043560e-05    0.465268   1.023089e-05
 3634    4.986228e-07    0.047781   4.888417e-07
 3635    1.966475e-06    3.943814   1.927901e-06
 3636    2.071513e-06    1.053414   2.030878e-06
 3637    2.189025e-06    1.056727   2.146084e-06
 3638    2.235784e-06    1.021361   2.191926e-06
 3639    2.259944e-06    1.010806   2.215612e-06
 3640    2.224887e-06    0.984488   2.181243e-06
 3641    2.224898e-06    1.000005   2.181254e-06
 3642    2.225059e-06    1.000072   2.181412e-06
 3643    2.224547e-06    0.999770   2.180910e-06
 3644    2.202304e-06    0.990001   2.159103e-06
 3645    1.670857e-06    0.758686   1.638081e-06
 3646    1.577869e-06    0.944347   1.546917e-06
 3647    1.753451e-06    1.111278   1.719055e-06
 3648    1.650096e-06    0.941056   1.617728e-06
 3649    2.350967e-06    1.424746   2.304850e-06
 3650    2.653340e-06    1.128616   2.601292e-06
 3651    1.902252e-06    0.716927   1.864937e-06
 3652    1.954997e-06    1.027728   1.916648e-06
 3653    1.936664e-06    0.990622   1.898674e-06
 3654    1.918395e-06    0.990567   1.880764e-06
 3655    1.931405e-06    1.006781   1.893518e-06
 3656    1.948296e-06    1.008746   1.910078e-06
 3657    1.988986e-06    1.020885   1.949970e-06
 3658    2.074465e-06    1.042976   2.033772e-06
 3659    2.112142e-06    1.018162   2.070710e-06
 3660    2.035738e-06    0.963826   1.995805e-06
 3661    2.047004e-06    1.005534   2.006849e-06
 3662    1.937662e-06    0.946585   1.899652e-06
 3663    2.119632e-06    1.093912   2.078053e-06
 3664    2.264164e-06    1.068187   2.219749e-06
 3665    2.227659e-06    0.983877   2.183961e-06
 3666    2.212288e-06    0.993100   2.168891e-06
 3667    2.208319e-06    0.998206   2.165000e-06
 3668    2.139500e-06    0.968836   2.097531e-06
 3669    2.181945e-06    1.019838   2.139143e-06
 3670    2.556737e-06    1.171770   2.506583e-06
 3671    1.606805e-06    0.628459   1.575285e-06
 3672    4.747057e-06    2.954345   4.653937e-06
 3673    1.939253e-05    4.085170   1.901212e-05
 3674    1.243420e-05    0.641185   1.219029e-05
 3675    2.022366e-05    1.626454   1.982695e-05
 3676    2.009952e-05    0.993862   1.970525e-05
 3677    2.012867e-05    1.001450   1.973382e-05
 3678    2.272738e-05    1.129105   2.228156e-05
 3679    2.272463e-05    0.999879   2.227886e-05
 3680    2.405812e-05    1.058680   2.358619e-05
 3681    1.253860e-06    0.052118   1.229264e-06
 3682    2.256462e-06    1.799612   2.212198e-06
 3683    1.738395e-06    0.770408   1.704294e-06
 3684    1.986357e-06    1.142638   1.947392e-06
 3685    1.268276e-06    0.638494   1.243397e-06
 3686    1.291315e-06    1.018166   1.265984e-06
 3687    1.164411e-06    0.901725   1.141570e-06
 3688    9.996043e-08    0.085846   9.799958e-08
 3689    1.347437e-06    13.479700   1.321005e-06
 3690    1.674793e-06    1.242948   1.641940e-06
 3691    7.314464e-07    0.436738   7.170982e-07
 3692    1.346004e-07    0.184020   1.319601e-07
 3693    4.401549e-07    3.270086   4.315208e-07
 3694    2.837982e-07    0.644769   2.782312e-07
 3695    1.045855e-06    3.685204   1.025339e-06
 3696    3.118622e-07    0.298189   3.057447e-07
 3697    3.296084e-07    1.056904   3.231427e-07
 3698    1.193811e-06    3.621906   1.170393e-06
 3699    3.008017e-07    0.251968   2.949012e-07
 3700    3.006170e-07    0.999386   2.947200e-07
 3701    3.144663e-07    1.046070   3.082977e-07
 3702    2.909319e-07    0.925161   2.852249e-07
 3703    1.604703e-07    0.551574   1.573225e-07
 3704    3.525495e-07    2.196976   3.456338e-07
 3705    3.481060e-07    0.987396   3.412774e-07
 3706    3.666626e-07    1.053307   3.594700e-07
 3707    4.095674e-07    1.117015   4.015332e-07
 3708    3.894130e-07    0.950791   3.817742e-07
 3709    4.613249e-07    1.184668   4.522755e-07
 3710    4.612626e-07    0.999865   4.522144e-07
 3711    4.612048e-07    0.999875   4.521577e-07
 3712    4.667188e-07    1.011956   4.575635e-07
 3713    4.669154e-07    1.000421   4.577563e-07
 3714    4.302048e-07    0.921376   4.217658e-07
 3715    4.491617e-07    1.044065   4.403509e-07
 3716    4.426098e-07    0.985413   4.339274e-07
 3717    4.403907e-07    0.994986   4.317519e-07
 3718    4.397099e-07    0.998454   4.310845e-07
 3719    4.393258e-07    0.999126   4.307079e-07
 3720    4.394878e-07    1.000369   4.308668e-07
 3721    4.426017e-07    1.007085   4.339195e-07
 3722    4.421723e-07    0.999030   4.334985e-07
 3723    4.425672e-07    1.000893   4.338857e-07
 3724    4.596834e-07    1.038675   4.506661e-07
 3725    4.520369e-07    0.983366   4.431696e-07
 3726    5.026598e-07    1.111988   4.927995e-07
 3727    5.924501e-07    1.178630   5.808285e-07
 3728    7.052729e-07    1.190434   6.914381e-07
 3729    7.040417e-07    0.998254   6.902310e-07
 3730    7.042091e-07    1.000238   6.903952e-07
 3731    8.705174e-07    1.236163   8.534411e-07
 3732    3.907636e-07    0.448887   3.830983e-07
 3733    4.973061e-07    1.272652   4.875509e-07
 3734    5.302778e-07    1.066301   5.198758e-07
 3735    4.786586e-07    0.902656   4.692691e-07
 3736    4.612616e-07    0.963655   4.522134e-07
 3737    4.612296e-07    0.999930   4.521820e-07
 3738    4.612303e-07    1.000002   4.521827e-07
 3739    4.612342e-07    1.000008   4.521865e-07
 3740    4.610654e-07    0.999634   4.520210e-07
 3741    4.603430e-07    0.998433   4.513128e-07
 3742    4.831188e-07    1.049476   4.736419e-07
 3743    4.618099e-07    0.955893   4.527510e-07
 3744    4.617116e-07    0.999787   4.526545e-07
 3745    4.634543e-07    1.003775   4.543631e-07
 3746    4.573394e-07    0.986806   4.483681e-07
 3747    4.545470e-07    0.993894   4.456305e-07
 3748    4.572311e-07    1.005905   4.482620e-07
 3749    4.174984e-07    0.913101   4.093087e-07
 3750    2.652866e-07    0.635419   2.600826e-07
 3751    2.585354e-07    0.974551   2.534639e-07
 3752    3.082519e-07    1.192301   3.022052e-07
 3753    4.214940e-07    1.367369   4.132259e-07
 3754    4.126721e-07    0.979070   4.045770e-07
 3755    4.244162e-07    1.028459   4.160908e-07
 3756    4.243028e-07    0.999733   4.159796e-07
 3757    4.243772e-07    1.000175   4.160525e-07
 3758    4.243868e-07    1.000023   4.160620e-07
 3759    4.239632e-07    0.999002   4.156466e-07
 3760    4.269599e-07    1.007068   4.185846e-07
 3761    4.262344e-07    0.998301   4.178733e-07
 3762    4.260758e-07    0.999628   4.177178e-07
 3763    4.280489e-07    1.004631   4.196522e-07
 3764    4.073957e-07    0.951750   3.994041e-07
 3765    3.979545e-07    0.976825   3.901481e-07
 3766    4.027670e-07    1.012093   3.948662e-07
 3767    4.370703e-07    1.085169   4.284966e-07
 3768    4.972848e-07    1.137768   4.875300e-07
 3769    5.286713e-07    1.063116   5.183007e-07
 3770    5.355760e-07    1.013060   5.250700e-07
 3771    5.347519e-07    0.998461   5.242621e-07
 3772    5.235027e-07    0.978964   5.132336e-07
 3773    1.184707e-06    2.263038   1.161467e-06
 3774    1.398090e-06    1.180115   1.370665e-06
 3775    1.221294e-06    0.873545   1.197337e-06
 3776    1.110151e-06    0.908996   1.088374e-06
 3777    1.115131e-06    1.004485   1.093256e-06
 3778    1.081865e-06    0.970169   1.060643e-06
 3779    1.086440e-06    1.004228   1.065128e-06
 3780    1.077764e-06    0.992015   1.056622e-06
 3781    1.067864e-06    0.990815   1.046917e-06
 3782    1.104960e-06    1.034738   1.083285e-06
 3783    1.133189e-06    1.025547   1.110960e-06
 3784    1.302003e-06    1.148973   1.276463e-06
 3785    1.301533e-06    0.999639   1.276002e-06
 3786    1.344723e-06    1.033184   1.318345e-06
 3787    1.093988e-06    0.813541   1.072528e-06
 3788    2.201361e-06    2.012236   2.158179e-06
 3789    2.205640e-05    10.019439   2.162374e-05
 3790    9.573454e-05    4.340442   9.385659e-05
 3791    3.330048e-04    3.478419   3.264725e-04
 3792    1.510961e-04    0.453735   1.481321e-04
 3793    2.148714e-05    0.142208   2.106564e-05
 3794    3.011137e-06    0.140137   2.952070e-06
 3795    1.077890e-06    0.357968   1.056746e-06
 3796    3.006346e-07    0.278910   2.947373e-07
 3797    1.040799e-07    0.346201   1.020383e-07
 3798    6.329138e-08    0.608103   6.204984e-08
 3799    3.225364e-07    5.096056   3.162094e-07
 3800    3.672639e-07    1.138674   3.600596e-07
 3801    2.760850e-07    0.751735   2.706693e-07
 3802    3.760559e-07    1.362102   3.686791e-07
 3803    2.946671e-07    0.783573   2.888869e-07
 3804    4.280845e-08    0.145277   4.196871e-08
 3805    2.381617e-06    55.634268   2.334899e-06
 3806    1.037860e-05    4.357795   1.017501e-05
 3807    1.435840e-06    0.138346   1.407674e-06
 3808    2.278945e-06    1.587186   2.234241e-06
 3809    2.576516e-06    1.130574   2.525974e-06
 3810    2.532707e-06    0.982997   2.483025e-06
 3811    2.585649e-06    1.020903   2.534928e-06
 3812    2.553696e-06    0.987642   2.503602e-06
 3813    2.476547e-06    0.969790   2.427967e-06
 3814    7.304488e-06    2.949464   7.161202e-06
 3815    1.310064e-06    0.179351   1.284366e-06
 3816    1.268190e-06    0.968036   1.243312e-06
 3817    1.140190e-06    0.899069   1.117824e-06
 3818    1.598837e-06    1.402254   1.567474e-06
 3819    1.545434e-06    0.966599   1.515119e-06
 3820    1.545812e-06    1.000245   1.515489e-06
 3821    1.906170e-06    1.233119   1.868779e-06
 3822    1.619432e-06    0.849573   1.587664e-06
 3823    1.651399e-06    1.019740   1.619005e-06
 3824    1.782228e-06    1.079223   1.747267e-06
 3825    2.511089e-06    1.408961   2.461831e-06
 3826    3.236286e-06    1.288798   3.172802e-06
 3827    6.622883e-06    2.046446   6.492967e-06
 3828    6.485631e-06    0.979276   6.358407e-06
 3829    1.728606e-05    2.665286   1.694697e-05
 3830    3.259974e-06    0.188590   3.196025e-06
 3831    3.298155e-07    0.101171   3.233458e-07
 3832    8.594539e-07    2.605863   8.425947e-07
 3833    3.754297e-07    0.436824   3.680652e-07
 3834    1.688344e-07    0.449710   1.655225e-07
 3835    1.677067e-07    0.993320   1.644169e-07
 3836    2.327226e-07    1.387677   2.281575e-07
 3837    2.744109e-07    1.179133   2.690280e-07
 3838    2.742647e-07    0.999467   2.688847e-07
 3839    2.798693e-07    1.020435   2.743793e-07
 3840    2.462190e-07    0.879764   2.413891e-07
 3841    3.255403e-08    0.132216   3.191544e-08
 3842    2.088726e-07    6.416183   2.047753e-07
 3843    1.944046e-07    0.930733   1.905911e-07
 3844    2.930462e-08    0.150740   2.872978e-08
 3845    4.772533e-08    1.628594   4.678914e-08
 3846    2.384891e-07    4.997117   2.338108e-07
 3847    2.311190e-07    0.969097   2.265853e-07
 3848    2.583588e-07    1.117860   2.532908e-07
 3849    2.323206e-07    0.899217   2.277633e-07
 3850    1.118434e-06    4.814182   1.096494e-06
 3851    7.961271e-07    0.711823   7.805101e-07
 3852    4.901661e-07    0.615688   4.805509e-07
 3853    5.786352e-07    1.180488   5.672845e-07
 3854    5.701388e-07    0.985316   5.589548e-07
 3855    6.113491e-07    1.072281   5.993568e-07
 3856    6.061549e-07    0.991504   5.942644e-07
 3857    6.085622e-07    1.003971   5.966245e-07
 3858    6.335887e-07    1.041124   6.211600e-07
 3859    6.209142e-07    0.979996   6.087342e-07
 3860    6.168207e-07    0.993407   6.047210e-07
 3861    6.108003e-07    0.990240   5.988187e-07
 3862    6.119932e-07    1.001953   5.999882e-07
 3863    5.918277e-07    0.967050   5.802183e-07
 3864    5.938706e-07    1.003452   5.822211e-07
 3865    6.356802e-07    1.070402   6.232106e-07
 3866    4.449392e-07    0.699942   4.362112e-07
 3867    4.675606e-07    1.050841   4.583888e-07
 3868    4.732268e-07    1.012119   4.639439e-07
 3869    4.641534e-07    0.980827   4.550485e-07
 3870    4.827441e-07    1.040053   4.732744e-07
 3871    4.797477e-07    0.993793   4.703369e-07
 3872    4.786342e-07    0.997679   4.692452e-07
 3873    4.839013e-07    1.011005   4.744090e-07
 3874    5.945372e-07    1.228633   5.828747e-07
 3875    5.250260e-07    0.883084   5.147270e-07
 3876    4.891686e-07    0.931703   4.795729e-07
 3877    3.431550e-07    0.701507   3.364236e-07
 3878    3.669226e-07    1.069262   3.597250e-07
 3879    3.696330e-07    1.007387   3.623822e-07
 3880    1.128806e-06    3.053856   1.106663e-06
 3881    4.292295e-07    0.380251   4.208097e-07
 3882    1.397900e-06    3.256766   1.370479e-06
 3883    1.422725e-06    1.017759   1.394816e-06
 3884    1.229061e-06    0.863878   1.204952e-06
 3885    1.122807e-06    0.913548   1.100782e-06
 3886    1.816770e-06    1.618061   1.781132e-06
 3887    1.646114e-06    0.906067   1.613824e-06
 3888    1.087336e-06    0.660547   1.066006e-06
 3889    5.610675e-08    0.051600   5.500615e-08
 3890    5.258621e-08    0.937253   5.155467e-08
 3891    2.565495e-07    4.878645   2.515170e-07
 3892    2.268710e-07    0.884317   2.224206e-07
 3893    2.268867e-07    1.000069   2.224361e-07
 3894    1.888825e-07    0.832497   1.851773e-07
 3895    1.994080e-07    1.055725   1.954963e-07
 3896    1.992972e-07    0.999444   1.953877e-07
 3897    1.963510e-07    0.985217   1.924994e-07
 3898    2.137304e-07    1.088512   2.095378e-07
 3899    2.207667e-07    1.032922   2.164361e-07
 3900    3.477769e-07    1.575314   3.409549e-07
 3901    2.944947e-07    0.846792   2.887178e-07
 3902    3.349617e-07    1.137412   3.283911e-07
 3903    3.115040e-07    0.929969   3.053935e-07
 3904    3.049743e-07    0.979038   2.989919e-07
 3905    3.125928e-07    1.024981   3.064609e-07
 3906    3.078241e-07    0.984745   3.017857e-07
 3907    2.827721e-07    0.918616   2.772251e-07
 3908    2.775125e-07    0.981400   2.720687e-07
 3909    2.890744e-07    1.041663   2.834038e-07
 3910    2.528684e-07    0.874752   2.479081e-07
 3911    2.521657e-07    0.997221   2.472192e-07
 3912    2.480360e-07    0.983623   2.431705e-07
 3913    2.508278e-07    1.011256   2.459075e-07
 3914    2.514636e-07    1.002535   2.465309e-07
 3915    2.507483e-07    0.997155   2.458295e-07
 3916    2.506922e-07    0.999776   2.457746e-07
 3917    2.542744e-07    1.014289   2.492865e-07
 3918    2.612975e-07    1.027620   2.561718e-07
 3919    2.226475e-07    0.852084   2.182800e-07
 3920    8.235094e-08    0.369871   8.073553e-08
 3921    4.570298e-07    5.549782   4.480646e-07
 3922    2.162896e-07    0.473250   2.120468e-07
 3923    2.143742e-07    0.991145   2.101690e-07
 3924    9.373493e-08    0.437249   9.189620e-08
 3925    8.849248e-07    9.440716   8.675660e-07
 3926    2.443861e-06    2.761659   2.395921e-06
 3927    7.767196e-04    317.824834   7.614833e-04
 3928    1.092616e-05    0.014067   1.071183e-05
 3929    4.635619e-06    0.424268   4.544686e-06
 3930    1.541371e-05    3.325059   1.511135e-05
 3931    2.107863e-06    0.136752   2.066514e-06
 3932    6.340535e-07    0.300804   6.216158e-07
 3933    8.577383e-07    1.352785   8.409127e-07
 3934    9.197657e-09    0.010723   9.017233e-09


Final L2 norm of residual: 9.222363e-09

SolveHypre: Required iterations 3934 (method 704) to norm 9.04146e-09
SolveHypre: Solution time (method 704): 120.661
HypreSolver: Finished solving linear system with HYPRE
BackScaleLinearSystem: Scaling back to original scale
ComputeNorm: Computing norm of solution
ComputeNorm: Using consistent norm in parallel
ComputeChange: NS (ITER=1) (NRM,RELC): ( 0.23389156E-01  2.0000000     ) :: linelast
SolveSystem: System solved
SolveSystem: Linear system time (CPU,REAL) for displacement:   122.31  124.35 (s)
SolveSystem: Finished solving the system
DefaultFinish: Finished solver: linelast
StressSolver: All done
StressSolver: ------------------------------------------
SolverActivate: Solver time (CPU,REAL) for linelast:   123.02  125.18 (s)
ComputeNorm: Computing norm of solution
ComputeNorm: Using consistent norm in parallel
ComputeChange: SS (ITER=1) (NRM,RELC): ( 0.23389156E-01  2.0000000     ) :: linelast
SetActiveElementsTable: Creating active element table for: savescalars
SetActiveElementsTable: No active elements found
SingleSolver: Attempting to call solver: 2
SingleSolver: Solver Equation string is: savescalars
SaveScalars: -----------------------------------------
SaveScalars: Saving scalar values of various kinds
SolverOutputDirectory: Creating directory: results_cpu
SaveScalars: Treating variable: displacement
SaveScalars: Treating operator: dofs
OperToParOperMap: dofs -> sum
SaveScalars: Treating variable: displacement
SaveScalars: Treating operator: elements
OperToParOperMap: elements -> sum
SaveScalars: Treating variable: displacement
SaveScalars: Treating operator: partitions
OperToParOperMap: partitions -> none
SaveScalars: Treating variable: displacement
SaveScalars: Treating operator: norm
OperToParOperMap: norm -> none
SaveScalars: Treating variable: displacement
SaveScalars: Treating operator: cpu time
OperToParOperMap: cpu time -> none
SaveScalars: Performed 5 reduction operations
SaveScalars: Adding information on simulation timing
SaveScalars: Found 4 result scalars in simulation section
SaveScalars: Found 12 values to save in total
SaveScalars: Saving names of values to file: results_cpu/f192.dat.names
SaveScalars: Parallel data is reduced into one file
SaveScalars: Data is appended to existing file
SaveScalars: Saving values to file: results_cpu/f192.dat
SaveScalars: -----------------------------------------
SolveEquations: Solvers after timestep
WARNING:: CompareToReferenceSolution: Solver 1 FAILED:  Norm = 2.33891561E-02  RefNorm = 2.33900606E-02
CompareToReferenceSolution: Relative Error to reference norm: 3.867119E-05
ReloadInputFile: Reloading input file
LoadInputFile: Loading input file:
WARNING:: CompareToReferenceSolution: FAILED 1 tests out of 1!
MAIN: Reporting unused list entries for sif improvement!
MAIN: If you do not want these lines undefine > DEVEL_LISTUSAGE < !
   Unused keywords:
       Boundary Condition 2  force 2
       Solver 1              linear system abort not converged
MAIN: *** Elmer Solver: ALL DONE ***
FreeModel: Freeing meshes
ReleaseMesh: Releasing mesh variables
ReleaseMesh: Releasing mesh nodes
ReleaseMesh: Releasing mesh finished
ReleaseMesh: Releasing mesh variables
ReleaseMesh: Releasing mesh nodes
ReleaseMesh: Releasing mesh finished
ReleaseMesh: Releasing mesh variables
ReleaseMesh: Releasing mesh nodes
ReleaseMesh: Releasing mesh finished
FreeModel: Freeing constants list
FreeModel: Freeing simulation list
FreeModel: Freeing boundary lists
FreeModel: Freeing solvers
Loading user function library: [StressSolve]...[StressSolver_Finalize]
Loading user function library: [StressSolve]...[StressSolver_Finalize]
Loading user function library: [SaveData]...[SaveScalars_Finalize]
Loading user function library: [SaveData]...[SaveScalars_Finalize]
FreeModel: Freeing initial conditions lists
FreeModel: Freeing body lists
FreeModel: Freeing equations lists
FreeModel: Freeing body forces lists
ParallelFinalize: Final synchronization of the MPI system!
MAIN: The end
SOLVER TOTAL TIME(CPU,REAL):       123.58      143.75
ELMER SOLVER FINISHED AT: 2026/07/28 14:00:48

Ending linsys/hypre_BiCGStab_Parasails.sif with mesh level 3
Elapsed time: 153 s
-----------------------------------


Solver linsys/hypre_BoomerAMG.sif not recommended for given problem. Ignoring it


Solver linsys/hypre_FlexGmres_BoomerAMG.sif not recommended for given problem. Ignoring it


Solver linsys/hypre_GMRes_BoomerAMG.sif not recommended for given problem. Ignoring it


Solver linsys/hypre_GMRes_ILU1.sif not recommended for given problem. Ignoring it


Solver linsys/hypre_GMRes_Parasails.sif not recommended for given problem. Ignoring it


Solver linsys/hypre_LGMRes_ILU0.sif not recommended for given problem. Ignoring it


Solver linsys/trilinos_ml_sgs_dof3.sif not recommended for given problem. Ignoring it


Solver linsys/trilinos_ml_sgs.sif not recommended for given problem. Ignoring it

Plotting scalability...

Plotting timings...

